{"clusters": [[0, 1, 6, 7, 8, 10, 11, 14, 15, 18, 30, 33, 35, 36, 37, 38, 49, 51, 53, 55, 56, 57, 58, 59, 61, 65, 66, 67, 79, 82, 83, 84, 86, 87, 89, 99, 106, 111, 113, 119, 120, 121, 122, 123, 125, 126, 132, 133, 134, 135, 136, 146, 148, 150, 154, 155, 156, 158, 160, 163, 171, 173, 190, 191, 195, 197, 206, 211, 214, 217, 223, 224, 225, 228, 230, 231, 233, 235, 247, 250, 251, 253, 256, 257, 266, 276, 278, 279, 282, 283, 295, 296, 303, 304, 305, 306, 308, 310, 313, 324, 325, 327, 330, 335, 339, 340, 346, 347, 356, 357, 359, 369, 372, 374, 375, 377, 378, 379, 388, 392, 399, 400, 401, 403, 404, 405, 407, 409, 410, 412, 416, 430, 432, 433, 434], [9, 12, 17, 21, 22, 23, 24, 25, 32, 34, 40, 41, 42, 43, 46, 47, 48, 52, 60, 62, 68, 69, 70, 90, 108, 109, 110, 114, 124, 130, 139, 149, 170, 174, 175, 179, 180, 182, 185, 187, 189, 193, 200, 201, 203, 208, 210, 218, 220, 227, 236, 238, 244, 246, 252, 254, 255, 259, 260, 262, 263, 264, 265, 268, 269, 270, 272, 301, 312, 317, 318, 319, 321, 329, 331, 333, 337, 338, 348, 371, 414, 418, 419, 426, 428, 429, 431], [16, 74, 80, 81, 131, 137, 138, 144, 145, 147, 153, 169, 176, 192, 196, 205, 226, 234, 237, 267, 280, 286, 290, 291, 292, 307, 309, 311, 316, 320, 336, 355, 358, 360, 402, 408, 411], [28, 73, 97, 117, 140, 141, 142, 161, 166, 167, 188, 204, 207, 229, 239, 240, 242, 273, 274, 277, 281, 300, 302, 314, 343, 345, 349, 351, 353, 413, 420, 427], [13, 98, 112, 115, 128, 152, 159, 165, 172, 194, 213, 243, 271, 284, 285, 287, 293, 294, 297, 299, 334, 341, 342, 350, 352, 354, 362, 367, 368, 370, 380, 415, 421, 422, 423, 424], [107, 129, 183, 248, 261], [19, 20, 26, 27, 29, 31, 39, 44, 45, 50, 63, 64, 71, 72, 91, 92, 93, 105, 116, 118, 127, 143, 177, 178, 181, 184, 186, 198, 199, 202, 209, 212, 219, 222, 232, 241, 245, 249, 258, 298, 326, 328, 332, 344, 366, 376, 389, 391, 395, 417, 425], [3, 54, 94, 95, 100, 101, 103, 157, 221, 315, 322, 383, 386, 387, 390, 394, 396, 398], [104, 393], [2, 4, 5, 75, 76, 77, 78, 85, 88, 96, 102, 151, 162, 164, 168, 215, 216, 275, 288, 289, 323, 361, 363, 364, 365, 373, 381, 382, 384, 385, 397, 406]], "centers": [[0.0, 0.8888888888888888, 0.1111111111111111, 0.1111111111111111, 0.362962962962963, 0.5259259259259259, 0.007407407407407408, 0.9481481481481482, 0.044444444444444446, 0.0, 0.022222222222222223, 0.9777777777777777, 0.007407407407407408, 0.0, 0.9925925925925926, 0.0, 0.037037037037037035, 0.9629629629629629, 0.02962962962962963, 0.9407407407407408, 0.02962962962962963, 0.05185185185185185, 0.9407407407407408, 0.007407407407407408, 0.014814814814814815, 0.9703703703703703, 0.014814814814814815, 0.007407407407407408, 0.5037037037037037, 0.4888888888888889, 0.044444444444444446, 0.8148148148148148, 0.14074074074074075, 0.06666666666666667, 0.044444444444444446, 0.8888888888888888, 0.05185185185185185, 0.06666666666666667, 0.8814814814814815, 0.037037037037037035, 0.007407407407407408, 0.9555555555555556, 0.05185185185185185, 0.9111111111111111, 0.037037037037037035, 0.1259259259259259, 0.3851851851851852, 0.4888888888888889], [0.022988505747126436, 0.1839080459770115, 0.7931034482758621, 0.1724137931034483, 0.5402298850574713, 0.28735632183908044, 0.022988505747126436, 0.011494252873563218, 0.9655172413793104, 0.0, 1.0, 0.0, 0.034482758620689655, 0.9540229885057471, 0.011494252873563218, 0.022988505747126436, 0.9195402298850575, 0.05747126436781609, 0.011494252873563218, 0.011494252873563218, 0.9770114942528736, 0.0, 0.0, 1.0, 0.022988505747126436, 0.022988505747126436, 0.9540229885057471, 0.022988505747126436, 0.632183908045977, 0.3448275862068966, 0.034482758620689655, 0.9655172413793104, 0.0, 0.034482758620689655, 0.9425287356321839, 0.022988505747126436, 0.022988505747126436, 0.8850574712643678, 0.09195402298850575, 0.022988505747126436, 0.9195402298850575, 0.05747126436781609, 0.06896551724137931, 0.1839080459770115, 0.7471264367816092, 0.3563218390804598, 0.0, 0.6436781609195402], [0.02702702702702703, 0.5135135135135135, 0.4594594594594595, 0.05405405405405406, 0.8918918918918919, 0.05405405405405406, 0.0, 0.16216216216216217, 0.8378378378378378, 0.0, 0.918918918918919, 0.08108108108108109, 0.02702702702702703, 0.972972972972973, 0.0, 0.0, 0.1891891891891892, 0.8108108108108109, 0.05405405405405406, 0.13513513513513514, 0.8108108108108109, 0.0, 0.0, 1.0, 0.08108108108108109, 0.08108108108108109, 0.8378378378378378, 0.0, 0.21621621621621623, 0.7837837837837838, 0.0, 0.6216216216216216, 0.3783783783783784, 0.02702702702702703, 0.6216216216216216, 0.35135135135135137, 0.05405405405405406, 0.6756756756756757, 0.2702702702702703, 0.0, 0.16216216216216217, 0.8378378378378378, 0.05405405405405406, 0.5675675675675675, 0.3783783783783784, 0.1891891891891892, 0.02702702702702703, 0.7837837837837838], [0.0, 0.625, 0.375, 0.0625, 0.75, 0.1875, 0.0, 0.59375, 0.40625, 0.0, 0.09375, 0.90625, 0.0, 0.0625, 0.9375, 0.0, 0.25, 0.75, 0.0, 0.0, 1.0, 0.03125, 0.4375, 0.53125, 0.0, 0.65625, 0.34375, 0.0, 0.3125, 0.6875, 0.03125, 0.84375, 0.125, 0.0625, 0.28125, 0.65625, 0.0625, 0.3125, 0.625, 0.0, 0.0, 1.0, 0.09375, 0.65625, 0.25, 0.0625, 0.0, 0.9375], [0.0, 0.75, 0.25, 0.1111111111111111, 0.1111111111111111, 0.7777777777777778, 0.0, 0.05555555555555555, 0.9444444444444444, 0.05555555555555555, 0.9166666666666666, 0.027777777777777776, 0.08333333333333333, 0.8333333333333334, 0.08333333333333333, 0.08333333333333333, 0.05555555555555555, 0.8611111111111112, 0.027777777777777776, 0.08333333333333333, 0.8888888888888888, 0.027777777777777776, 0.05555555555555555, 0.9166666666666666, 0.1111111111111111, 0.2222222222222222, 0.6666666666666666, 0.0, 0.2777777777777778, 0.7222222222222222, 0.08333333333333333, 0.25, 0.6666666666666666, 0.1111111111111111, 0.8333333333333334, 0.05555555555555555, 0.1111111111111111, 0.5277777777777778, 0.3611111111111111, 0.05555555555555555, 0.8055555555555556, 0.1388888888888889, 0.05555555555555555, 0.16666666666666666, 0.7777777777777778, 0.2222222222222222, 0.0, 0.7777777777777778], [0.6, 0.2, 0.2, 0.8, 0.2, 0.0, 0.6, 0.0, 0.4, 0.6, 0.4, 0.0, 0.6, 0.4, 0.0, 0.8, 0.2, 0.0, 0.6, 0.0, 0.4, 0.6, 0.0, 0.4, 0.6, 0.0, 0.4, 0.6, 0.4, 0.0, 1.0, 0.0, 0.0, 1.0, 0.0, 0.0, 0.8, 0.2, 0.0, 0.8, 0.0, 0.2, 1.0, 0.0, 0.0, 1.0, 0.0, 0.0], [0.0392156862745098, 0.27450980392156865, 0.6862745098039216, 0.0392156862745098, 0.43137254901960786, 0.5294117647058824, 0.0, 0.09803921568627451, 0.9019607843137255, 0.0196078431372549, 0.9411764705882353, 0.0392156862745098, 0.0, 1.0, 0.0, 0.0196078431372549, 0.9607843137254902, 0.0196078431372549, 0.0, 0.09803921568627451, 0.9019607843137255, 0.0, 0.0196078431372549, 0.9803921568627451, 0.058823529411764705, 0.11764705882352941, 0.8235294117647058, 0.0196078431372549, 0.5294117647058824, 0.45098039215686275, 0.0, 0.0, 1.0, 0.0784313725490196, 0.9215686274509803, 0.0, 0.0196078431372549, 0.9411764705882353, 0.0392156862745098, 0.0196078431372549, 0.8627450980392157, 0.11764705882352941, 0.0, 0.17647058823529413, 0.8235294117647058, 0.2549019607843137, 0.0196078431372549, 0.7254901960784313], [0.05555555555555555, 0.3333333333333333, 0.6111111111111112, 0.1111111111111111, 0.2777777777777778, 0.6111111111111112, 0.05555555555555555, 0.16666666666666666, 0.7777777777777778, 0.05555555555555555, 0.8888888888888888, 0.05555555555555555, 0.2222222222222222, 0.1111111111111111, 0.6666666666666666, 0.0, 0.0, 1.0, 0.16666666666666666, 0.7222222222222222, 0.1111111111111111, 0.16666666666666666, 0.4444444444444444, 0.3888888888888889, 0.1111111111111111, 0.7222222222222222, 0.16666666666666666, 0.0, 0.9444444444444444, 0.05555555555555555, 0.0, 0.2222222222222222, 0.7777777777777778, 0.05555555555555555, 0.7777777777777778, 0.16666666666666666, 0.16666666666666666, 0.6111111111111112, 0.2222222222222222, 0.16666666666666666, 0.4444444444444444, 0.3888888888888889, 0.1111111111111111, 0.6666666666666666, 0.2222222222222222, 0.4444444444444444, 0.05555555555555555, 0.5], [1.0, 0.0, 0.0, 1.0, 0.0, 0.0, 1.0, 0.0, 0.0, 1.0, 0.0, 0.0, 0.0, 1.0, 0.0, 0.0, 0.0, 