{"clusters": [[0, 1, 6, 7, 8, 10, 11, 15, 18, 28, 30, 33, 35, 36, 37, 38, 49, 51, 53, 55, 56, 57, 58, 59, 61, 65, 66, 67, 75, 76, 77, 79, 82, 83, 84, 85, 86, 87, 89, 96, 99, 100, 106, 111, 113, 117, 119, 120, 121, 122, 123, 125, 126, 132, 133, 134, 135, 136, 141, 142, 146, 148, 150, 151, 154, 155, 156, 158, 160, 161, 163, 164, 168, 171, 173, 190, 191, 195, 197, 204, 206, 207, 211, 214, 215, 217, 223, 224, 225, 228, 229, 230, 231, 233, 235, 240, 247, 250, 251, 253, 256, 257, 266, 273, 275, 276, 278, 279, 282, 283, 296, 300, 302, 303, 304, 305, 306, 308, 310, 313, 314, 316, 324, 325, 327, 330, 335, 339, 340, 346, 347, 349, 353, 356, 357, 359, 363, 364, 365, 369, 372, 374, 375, 378, 379, 382, 384, 385, 388, 392, 399, 401, 403, 404, 405, 407, 409, 410, 412, 416, 427, 430, 432, 434], [9, 12, 17, 19, 22, 23, 24, 26, 27, 29, 31, 32, 34, 40, 41, 42, 43, 44, 45, 46, 47, 48, 50, 52, 62, 63, 64, 68, 69, 70, 72, 105, 108, 109, 114, 116, 124, 139, 174, 182, 187, 189, 199, 201, 209, 218, 220, 222, 227, 232, 237, 238, 249, 252, 259, 263, 264, 268, 269, 270, 272, 307, 312, 318, 319, 321, 326, 328, 329, 331, 332, 337, 348, 366, 376, 389, 391, 414, 417, 418, 419], [54, 80, 170, 286, 289, 290, 294, 322, 323, 358, 380, 381, 386, 387, 390], [60, 115, 130, 159, 261, 370, 371, 429], [13, 98, 112, 128, 137, 144, 152, 153, 165, 213, 243, 271, 293, 297, 299, 311, 320, 334, 350, 352, 354, 362, 368, 383, 415, 423], [2, 104, 107, 180, 183, 248, 287, 373, 393, 394, 395, 428, 433], [14, 16, 21, 95, 129, 157, 188, 295, 315, 341, 377, 400, 408, 413], [3, 4, 5, 20, 78, 88, 162, 221, 288, 342, 367, 396, 397, 398, 421, 424], [73, 94, 97, 101, 102, 103, 166, 167, 216, 239, 242, 274, 277, 281, 343, 345, 351, 361, 406, 420], [25, 39, 71, 74, 81, 90, 91, 92, 93, 110, 118, 127, 131, 138, 140, 143, 145, 147, 149, 169, 172, 175, 176, 177, 178, 179, 181, 184, 185, 186, 192, 193, 194, 196, 198, 200, 202, 203, 205, 208, 210, 212, 219, 226, 234, 236, 241, 244, 245, 246, 254, 255, 258, 260, 262, 265, 267, 280, 284, 285, 291, 292, 298, 301, 309, 317, 333, 336, 338, 344, 355, 360, 402, 411, 422, 425, 426, 431]], "centers": [[-0.16843038421330445, 0.6000438889920455, -0.548112862580859, -0.04080138346387005, -0.09070121951219458, 0.11626719051976918, -0.04455304861525227, 0.9678787813563076, -0.9441724604945573, -0.16106953848079164, -0.9862088988545517, 1.04596363410957, -0.1555646459031886, -0.9328218302020377, 0.9890182550894961, -0.16106953848079164, -0.6177733945354782, 0.6607488868140915, -0.14780783621451477, 0.9194506968496221, -0.8591560343798594, -0.05531187409891154, 1.0155705067724494, -0.9847649251394008, -0.20297374172796923, 0.8833775112402715, -0.7941134564234802, -0.12788721666732772, 0.025295445206304036, 0.006896715738353035, -0.08298659702229708, 0.28049715972770395, -0.2508201425685224, -0.08739548290889199, -0.9150543422543526, 0.9803625407671479, -0.14213669805445267, -0.8045050366229255, 0.8690126198400863, -0.13873695335212208, -0.7759492871418314, 0.8190830090267118, -0.08836295793321801, 0.7232574681092019, -0.6920306387131373, -0.3032067991083082, 0.62137463971817, -0.18095174214287685], [-0.16843038421330372, -0.9650981517025718, 1.026920121081403, 0.16005727895857808, -0.1678669410150884, 0.06676946806414796, -0.16106953848079175, -0.7289877755986264, 0.7730744919527075, -0.16106953848079145, 0.8475080599483895, -0.8031483641607043, -0.1889822365046143, 1.0446751427339314, -0.9750244334066295, -0.16106953848079145, 1.2350263076007713, -1.1642610344445627, -0.18235722297072815, -0.7981014625562215, 0.8559589495292182, -0.1889822365046143, -0.832230138778357, 0.8930401229267485, 0.05090039648520133, -0.8248233973725282, 0.8022977282070047, -0.029772685361705888, 0.7292242486746638, -0.7215156687259752, -0.11002875199278832, 0.09709378072894184, -0.050156382723655316, -0.1810306174561485, 0.8320858092988208, -0.7542635353934137, -0.24693239916239657, 0.8808695879765812, -0.7639722996561874, -0.20166768818859057, 1.1726221980518499, -1.076795658698822, -0.061062233182130526, -0.529400511825123, 0.5695315657088481, 0.5104301241759236, -0.37238609899925545, -0.1801769232348309], [0.2386097109688469, -0.6875491171063317, 0.6129531588568273, 0.07337090886046856, -0.3518518518518505, 0.30508510792387594, -0.16106953848079159, -0.6683259520911364, 0.7130097625042727, -0.16106953848079136, 0.8724297124919963, -0.8282792473724672, 0.9071147352221485, -0.02301046569898529, -0.3081445143313397, -0.1610695384807914, -0.5930483469552003, 0.6363946853936289, 2.0840825482368945, -0.1724271974683535, -0.5683006140316949, 0.1763834207376399, -0.696642082460535, 0.6246653709591238, 0.3776731708672949, -0.14733252332641403, -0.018412272555536915, 0.40193125238302946, -0.1747685305162822, 0.0735649678757662, -0.2252213082307253, -0.696565076827382, 0.8173699084572816, -0.2770066303670863, 0.262736984101536, -0.12236954052372923, -0.2469323991623966, 0.009221977074590004, 0.10582797191311442, -0.20166768818859018, -0.3910485633681834, 0.46435845367941475, -0.26229004707778764, 0.5300833889767832, -0.4082482904638644, 1.471404163199348, -0.4077006734628857, -0.9985096611564515], [-0.16843038421330372, -0.5871854037032261, 0.646619146748585, 0.4457282713273464, -0.3854166666666652, 0.10400628679223045, -0.1610695384807916, -0.8048150549829883, 0.8481554037632525, -0.1610695384807913, 0.8724297124919962, -0.8282792473724669, 3.9213814074707467, -0.4567577441248576, -0.9750244334066274, 3.023714517843947, -0.2085312276895318, -0.7753091969441039, -0.1823572229707284, -0.8481554037632523, 0.905584718294408, -0.1889822365046142, -0.8322301387783576, 0.8930401229267473, -0.23080027108556916, -0.6981029327927353, 0.7992077056137716, -0.1278872166673276, -0.4748644941001617, 0.5069086067689518, 1.524265639632945, -0.21885321670590038, -0.46249110944513366, 1.1806290657177834, -0.07144602199252303, -0.5488979870607662, -0.2469323991623966, 1.0789713177270348, -0.9616541795583002, 1.7334524080328086, 0.4799767758208877, -1.1516089651249486, 0.24706785684559468, -0.8233577857041559, 0.7144345083117625, 0.9048057651908079, -0.4077006734628857, -0.5010294330565843], [-0.16843038421330372, 0.45505315855979167, -0.4022058606484779, 0.1388403352282715, -0.7339743589743564, 0.6453723436851219, -0.16106953848079156, -0.5685839153624755, 0.6142494861996336, -0.16106953848079136, 0.794789179567688, -0.7499868804435182, -0.1889822365046143, 0.9676785844334799, -0.8980767504364019, -0.1610695384807914, -0.652204826842226, 0.6946638887921843, -0.18235722297072837, -0.4583122078238876, 0.5190763269501504, -0.1889822365046143, -0.7540062601334596, 0.8156243290899331, 0.4712844696292742, -0.7173606394174316, 0.5104094401693533, -0.12788721666732752, -0.5133383355852745, 0.5453710599251516, -0.045786749475477104, -0.2975969299127381, 0.326464312549506, 0.021995563701604885, 0.6226263752797537, -0.647327628569313, -0.08167763972294655, 0.153226696008573, -0.11485343440068765, -0.20166768818859018, 0.6967477878362675, -0.6077737761042493, -0.2622900470777878, -0.3799226430024235, 0.5181612917425971, -0.0194860511891715, -0.4077006734628857, 0.31050993108510866], [3.1192011537963746, -0.6257868319351899, -0.4022058606484778, 1.3663920796245723, -0.7339743589743564, -0.1280077375904374, 3.268697906792009, -0.647327628569313, -0.39934282324271475, 4.738598240480344, -0.8356620118427831, -0.671694513514569, 1.4973207969211748, -0.03327667347237872, -0.5133383355852744, 1.3088307952075493, -0.24886519124886772, -0.17937416218614913, 1.5610579856505211, -0.06846901188452291, -0.48584549054491966, 1.4973207969211741, -0.5193346241987677, -0.03594940311502633, 0.8223268399866955, -0.33220650692350084, -0.028680655326893994, 2.928757797084733, -0.20554760370437242, -0.5315776284484455, 1.9279933968322533, -0.7700592091537638, -0.07812821155030923, 0.9190021459076785, 0.005673133259952121, -0.489840202155638, 0.7445961574743035, -0.6182271554234784, 0.27005599521640905, 0.5922277359022398, 0.1449670299789373, -0.3747015522382354, 