{"clusters": [[0, 1, 2, 3, 4, 5, 6, 7, 8, 10, 11, 14, 15, 18, 28, 30, 33, 35, 36, 37, 38, 49, 51, 53, 55, 56, 57, 58, 59, 61, 65, 66, 67, 73, 75, 76, 77, 78, 79, 82, 83, 84, 85, 86, 87, 88, 89, 94, 96, 97, 99, 100, 103, 106, 107, 111, 113, 117, 119, 120, 121, 122, 123, 125, 126, 132, 133, 134, 135, 136, 141, 142, 146, 148, 150, 151, 154, 155, 156, 158, 160, 161, 162, 163, 164, 166, 168, 171, 173, 188, 190, 191, 195, 197, 204, 206, 207, 211, 214, 215, 217, 223, 224, 225, 228, 229, 230, 231, 233, 235, 239, 240, 242, 247, 250, 251, 253, 256, 257, 266, 273, 274, 275, 276, 277, 278, 279, 281, 282, 283, 289, 295, 296, 300, 302, 303, 304, 305, 306, 308, 310, 313, 314, 315, 316, 322, 323, 324, 325, 327, 330, 335, 339, 340, 343, 345, 346, 347, 349, 351, 353, 356, 357, 359, 361, 363, 364, 365, 369, 372, 373, 374, 375, 377, 378, 379, 382, 384, 385, 388, 390, 392, 394, 397, 399, 400, 401, 403, 404, 405, 406, 407, 409, 410, 412, 413, 416, 420, 427, 430, 432, 433, 434], [9, 12, 13, 16, 17, 19, 20, 21, 22, 23, 24, 25, 26, 27, 29, 31, 32, 34, 39, 40, 41, 42, 43, 44, 45, 46, 47, 48, 50, 52, 54, 60, 62, 63, 64, 68, 69, 70, 71, 72, 74, 80, 81, 90, 91, 92, 93, 95, 98, 101, 102, 104, 105, 108, 109, 110, 112, 114, 115, 116, 118, 124, 127, 128, 129, 130, 131, 137, 138, 139, 140, 143, 144, 145, 147, 149, 152, 153, 157, 159, 165, 167, 169, 170, 172, 174, 175, 176, 177, 178, 179, 180, 181, 182, 183, 184, 185, 186, 187, 189, 192, 193, 194, 196, 198, 199, 200, 201, 202, 203, 205, 208, 209, 210, 212, 213, 216, 218, 219, 220, 221, 222, 226, 227, 232, 234, 236, 237, 238, 241, 243, 244, 245, 246, 248, 249, 252, 254, 255, 258, 259, 260, 261, 262, 263, 264, 265, 267, 268, 269, 270, 271, 272, 280, 284, 285, 286, 287, 288, 290, 291, 292, 293, 294, 297, 298, 299, 301, 307, 309, 311, 312, 317, 318, 319, 320, 321, 326, 328, 329, 331, 332, 333, 334, 336, 337, 338, 341, 342, 344, 348, 350, 352, 354, 355, 358, 360, 362, 366, 367, 368, 370, 371, 376, 380, 381, 383, 386, 387, 389, 391, 393, 395, 396, 398, 402, 408, 411, 414, 415, 417, 418, 419, 421, 422, 423, 424, 425, 426, 428, 429, 431]], "centers": [[0.009852216748768473, 0.7684729064039408, 0.22167487684729065, 0.09359605911330049, 0.39901477832512317, 0.5073891625615764, 0.024630541871921183, 0.7733990147783252, 0.2019704433497537, 0.019704433497536946, 0.1477832512315271, 0.8325123152709359, 0.029556650246305417, 0.009852216748768473, 0.9605911330049262, 0.009852216748768473, 0.059113300492610835, 0.9310344827586207, 0.034482758620689655, 0.7783251231527094, 0.18719211822660098, 0.054187192118226604, 0.8423645320197044, 0.10344827586206896, 0.024630541871921183, 0.8817733990147784, 0.09359605911330049, 0.009852216748768473, 0.49261083743842365, 0.4975369458128079, 0.04926108374384237, 0.7093596059113301, 0.2413793103448276, 0.06896551724137931, 0.18226600985221675, 0.7487684729064039, 0.054187192118226604, 0.10837438423645321, 0.8374384236453202, 0.029556650246305417, 0.024630541871921183, 0.9458128078817734, 0.06403940886699508, 0.8423645320197044, 0.09359605911330049, 0.15270935960591134, 0.30049261083743845, 0.5467980295566502], [0.04310344827586207, 0.3448275862068966, 0.6120689655172413, 0.125, 0.47844827586206895, 0.39655172413793105, 0.02586206896551724, 0.0603448275862069, 0.9137931034482759, 0.03017241379310345, 0.9353448275862069, 0.034482758620689655, 0.03879310344827586, 0.8879310344827587, 0.07327586206896551, 0.03879310344827586, 0.603448275862069, 0.3577586206896552, 0.03017241379310345, 0.10344827586206896, 0.8663793103448276, 0.017241379310344827, 0.03017241379310345, 0.9525862068965517, 0.07327586206896551, 0.11637931034482758, 0.8103448275862069, 0.021551724137931036, 0.4827586206896552, 0.4956896551724138, 0.04741379310344827, 0.5172413793103449, 0.4353448275862069, 0.07327586206896551, 0.8448275862068966, 0.08189655172413793, 0.0603448275862069, 0.771551724137931, 0.16810344827586207, 0.04741379310344827, 0.7112068965517241, 0.2413793103448276, 0.06465517241379311, 0.2672413793103448, 0.6681034482758621, 0.3146551724137931, 0.004310344827586207, 0.6810344827586207]]}