{"clusters": [[0, 1, 2, 3, 4, 5, 6, 7, 8, 10, 11, 14, 15, 18, 28, 30, 33, 35, 36, 37, 38, 49, 51, 53, 55, 56, 57, 58, 59, 61, 65, 66, 67, 73, 75, 76, 77, 78, 79, 82, 83, 84, 85, 86, 87, 88, 89, 94, 96, 97, 99, 100, 101, 103, 106, 111, 113, 117, 119, 120, 121, 122, 123, 125, 126, 132, 133, 134, 135, 136, 141, 142, 146, 148, 150, 151, 154, 155, 156, 158, 160, 161, 162, 163, 164, 166, 167, 168, 171, 173, 188, 190, 191, 195, 197, 204, 206, 207, 211, 214, 215, 217, 223, 224, 225, 228, 229, 230, 231, 233, 235, 239, 240, 242, 247, 250, 251, 253, 256, 257, 266, 273, 274, 275, 276, 277, 278, 279, 281, 282, 283, 288, 289, 295, 296, 300, 302, 303, 304, 305, 306, 308, 310, 313, 314, 315, 316, 322, 323, 324, 325, 327, 330, 335, 339, 340, 343, 345, 346, 347, 349, 351, 353, 356, 357, 359, 361, 363, 364, 365, 369, 372, 373, 374, 375, 377, 378, 379, 382, 384, 385, 388, 390, 392, 394, 397, 399, 400, 401, 403, 404, 405, 406, 407, 409, 410, 412, 413, 416, 420, 427, 430, 432, 433, 434], [9, 12, 13, 16, 17, 19, 20, 21, 22, 23, 24, 25, 26, 27, 29, 31, 32, 34, 39, 40, 41, 42, 43, 44, 45, 46, 47, 48, 50, 52, 54, 60, 62, 63, 64, 68, 69, 70, 71, 72, 74, 80, 81, 90, 91, 92, 93, 95, 98, 102, 104, 105, 107, 108, 109, 110, 112, 114, 115, 116, 118, 124, 127, 128, 129, 130, 131, 137, 138, 139, 140, 143, 144, 145, 147, 149, 152, 153, 157, 159, 165, 169, 170, 172, 174, 175, 176, 177, 178, 179, 180, 181, 182, 183, 184, 185, 186, 187, 189, 192, 193, 194, 196, 198, 199, 200, 201, 202, 203, 205, 208, 209, 210, 212, 213, 216, 218, 219, 220, 221, 222, 226, 227, 232, 234, 236, 237, 238, 241, 243, 244, 245, 246, 248, 249, 252, 254, 255, 258, 259, 260, 261, 262, 263, 264, 265, 267, 268, 269, 270, 271, 272, 280, 284, 285, 286, 287, 290, 291, 292, 293, 294, 297, 298, 299, 301, 307, 309, 311, 312, 317, 318, 319, 320, 321, 326, 328, 329, 331, 332, 333, 334, 336, 337, 338, 341, 342, 344, 348, 350, 352, 354, 355, 358, 360, 362, 366, 367, 368, 370, 371, 376, 380, 381, 383, 386, 387, 389, 391, 393, 395, 396, 398, 402, 408, 411, 414, 415, 417, 418, 419, 421, 422, 423, 424, 425, 426, 428, 429, 431]], "centers": [[-0.10886354101591644, 0.42869120757210966, -0.3953842345841053, -0.07193928137050791, -0.07350948509485053, 0.11871937126527693, -0.03678528262421634, 0.7631451270185302, -0.7439261749705809, -0.06785634658836025, -0.8311172001594099, 0.8597805664126789, -0.05531187409891151, -0.937704538777189, 0.9573007955237206, -0.1299984745166479, -0.6101001039071178, 0.6431130857854824, -0.01652016654090197, 0.7241487640546329, -0.7120943049903369, 0.07835848830679118, 0.8741951553678903, -0.8939429816381635, -0.14175537714124806, 0.8296438127557508, -0.7672528697837713, -0.08912001161486278, 0.010656617714407459, 0.011774880528895519, -0.020403324090588534, 0.19560759573399125, -0.19180884271201282, -0.030512138671433656, -0.6925373650258699, 0.7231970969038418, -0.03734099694650875, -0.6919856699994213, 0.7079139414930283, -0.05063392458106657, -0.7509557336500379, 0.7599622498021634, -0.023761467679520885, 0.6083311172329525, -0.6073937980072145, -0.217430759039732, 0.44346670421907236, -0.12823306363944267], [0.0970305474272288, -0.3820943371838351, 0.35240768734670475, 0.06411979426501872, 0.06551932367149747, -0.10581509177992171, 0.0327868823389754, -0.6801945697339025, 0.6630646342129132, 0.06048065674179909, 0.7407783740551231, -0.7663261570199958, 0.049299713870768924, 0.8357801323883584, -0.8532463612276595, 0.11586820554744647, 0.5437848752215563, -0.5732094895044476, 0.014724496264717184, -0.6454369418747853, 0.6346927501000859, -0.06984126131692271, -0.7791739428279049, 0.7967752662427097, 0.12634718397371986, -0.739465137456214, 0.683855818720322, 0.07943305383063781, -0.00949828970197199, -0.010495002210537249, 0.01818557147204592, -0.17434590054551388, 0.17096005546070764, 0.02719560185932108, 0.6172615644795817, -0.6445887168055932, 0.0332821929305839, 0.6167698363038313, -0.6309667739394376, 0.045130237126602336, 0.6693301104272094, -0.6773576574323652, 0.021178699453486098, -0.5422081697076311, 0.541372733006428, 0.1937969808832394, -0.39526380158656255, 0.11429468715689434]]}