{"clusters": [[0, 1, 5, 6, 7, 8, 10, 11, 14, 15, 18, 28, 30, 33, 35, 36, 37, 38, 49, 51, 53, 55, 56, 57, 58, 59, 61, 65, 66, 67, 73, 75, 76, 77, 78, 79, 82, 83, 84, 85, 86, 87, 88, 89, 94, 96, 97, 99, 100, 106, 111, 113, 117, 119, 120, 121, 122, 123, 125, 126, 132, 133, 134, 135, 136, 141, 142, 146, 148, 150, 151, 154, 155, 156, 158, 160, 161, 162, 163, 164, 166, 167, 168, 171, 173, 188, 190, 191, 195, 197, 204, 206, 207, 211, 214, 215, 217, 223, 224, 225, 228, 229, 230, 231, 233, 235, 239, 240, 242, 247, 250, 251, 253, 256, 257, 266, 273, 274, 275, 276, 277, 278, 279, 281, 282, 283, 296, 300, 302, 303, 304, 305, 306, 308, 310, 313, 314, 316, 324, 325, 327, 330, 335, 339, 340, 343, 345, 346, 347, 349, 351, 353, 356, 357, 359, 361, 363, 364, 365, 369, 372, 374, 375, 378, 379, 382, 384, 385, 388, 392, 397, 399, 401, 403, 404, 405, 406, 407, 409, 410, 412, 416, 420, 427, 430, 432, 433, 434], [9, 12, 13, 17, 19, 20, 21, 22, 23, 24, 25, 26, 27, 29, 31, 32, 34, 39, 40, 41, 42, 43, 44, 45, 46, 47, 48, 50, 52, 60, 62, 63, 64, 68, 69, 70, 71, 72, 74, 80, 81, 90, 91, 92, 93, 98, 105, 108, 109, 110, 112, 114, 116, 118, 124, 127, 128, 130, 131, 137, 138, 139, 140, 143, 144, 145, 147, 149, 152, 153, 165, 169, 170, 172, 174, 175, 176, 177, 178, 179, 181, 182, 184, 185, 186, 187, 189, 192, 193, 194, 196, 198, 199, 200, 201, 202, 203, 205, 208, 209, 210, 212, 213, 218, 219, 220, 222, 226, 227, 232, 234, 236, 237, 238, 241, 243, 244, 245, 246, 249, 252, 254, 255, 258, 259, 260, 262, 263, 264, 265, 267, 268, 269, 270, 271, 272, 280, 284, 285, 291, 292, 293, 297, 298, 299, 301, 307, 309, 311, 312, 317, 318, 319, 320, 321, 326, 328, 329, 331, 332, 333, 334, 336, 337, 338, 344, 348, 350, 352, 354, 355, 358, 360, 362, 366, 367, 368, 371, 376, 380, 383, 389, 391, 402, 408, 411, 414, 415, 417, 418, 419, 421, 422, 423, 424, 425, 426, 428, 429, 431], [2, 3, 4, 16, 54, 95, 101, 102, 103, 104, 107, 115, 129, 157, 159, 180, 183, 216, 221, 248, 261, 286, 287, 288, 289, 290, 294, 295, 315, 322, 323, 341, 342, 370, 373, 377, 381, 386, 387, 390, 393, 394, 395, 396, 398, 400, 413]], "centers": [[-0.16843038421330458, 0.5018676566283437, -0.44931620377033027, -0.06357511198601212, -0.021202718676122733, 0.06122355889187979, -0.05942749413000199, 0.8504783205139393, -0.8231936171257247, -0.16106953848079167, -0.8992611717914193, 0.9582859341445095, -0.15983072129911527, -0.9359384526968151, 0.9936902213103143, -0.12718885703052848, -0.598998321721403, 0.6312665446689999, -0.12207956948116432, 0.7584962356719582, -0.7087045842774582, -0.04322466047711927, 0.952772198384459, -0.9270546045132552, -0.1822518581637987, 0.8306311824571114, -0.7504714974730832, -0.08561446647713976, -0.017271358138927096, 0.03881236835732747, -0.10114421972975605, 0.28209083114185374, -0.24426939697853067, -0.09092547767540093, -0.7753634178076665, 0.839588232517249, -0.10980610941476783, -0.7027588008463526, 0.752421216587622, -0.11932215217916903, -0.7682385100007469, 0.8038835230558623, -0.08889161169961493, 0.6538022039988384, -0.6210585695354548, -0.2861732592365342, 0.4900033231418649, -0.10136630043049896], [-0.04631835565865865, -0.38645797689701367, 0.40422403392793166, -0.03301690898721058, 0.1482638888888884, -0.12723435750916237, -0.09737385735429693, -0.6615014969465407, 0.685980634252479, -0.16106953848079164, 0.8017768275308731, -0.7570331934671235, -0.10677496362510708, 0.974608274680519, -0.9350116382621084, -0.03367817622780176, 0.7038230280226445, -0.682343331521861, -0.12569622869053806, -0.7265243266301727, 0.7648956638450993, -0.16157981221144524, -0.8118919303306836, 0.8628479633303909, -0.002622730353245133, -0.7982430072411572, 0.7992077056137736, -0.04841444630977388, -0.004714151152084085, 0.01689695355896511, -0.15524183031617883, -0.05506629323567825, 0.1265956056441973, -0.10209034683690209, 0.7005167220847537, -0.6615014969465405, -0.09655056807249705, 0.7179309152568341, -0.671432469627008, -0.12426288433973409, 0.7669027699067013, -0.7072179249537502, -0.09929551782230513, -0.5727205311336105, 0.6327848502189888, 0.08421498186809478, -0.39339827080511436, 0.20916647878253636], [0.8708209226347405, -0.36296859716437374, 0.07716254304757932, 0.39479793299601107, -0.5460992907801399, 0.2965285623438058, 0.6520668163255255, -0.5870132950491823, 0.3737079397689619, 1.3296804453307893, 0.18522839980024758, -0.6117258920370767, 1.0936844325373423, -0.4035154431724181, 0.004012043533688549, 0.652066816325525, -0.5989983217214, 0.3785224660978935, 1.0231958468205602, 0.05760793658948434, -0.4200568281884503, 0.8604723108933499, -0.35622951553493876, 0.036524957072629746, 0.7401679873498516, 0.07425402438924317, -0.3989978637832828, 0.5484767863756809, 0.08914565022415076, -0.22715140346745905, 1.0651804121793584, -0.8940386725006993, 0.4383728830451995, 0.7981289185182076, 0.12053144959342578, -0.5434529430624211, 0.8500779188186334, -0.2439899679202703, -0.15252542112916945, 1.0060668399495873, -0.19046200215317813, -0.20609611369686356, 0.7781005651912476, -0.17810017287360538, -0.2084672121517606, 0.7863314119755225, -0.28597809765207216, -0.4846049207568826]]}