{"clusters": [[0, 1, 2, 4, 5, 6, 7, 8, 10, 11, 14, 15, 18, 28, 30, 33, 35, 36, 37, 38, 49, 51, 53, 55, 56, 57, 58, 59, 61, 65, 66, 67, 75, 76, 77, 79, 82, 83, 84, 85, 86, 87, 89, 96, 99, 100, 103, 106, 111, 113, 117, 119, 120, 121, 122, 123, 125, 126, 132, 133, 134, 135, 136, 141, 142, 146, 148, 150, 151, 154, 155, 156, 158, 160, 161, 162, 163, 164, 168, 171, 173, 188, 190, 191, 195, 197, 204, 206, 207, 211, 214, 215, 217, 223, 224, 225, 228, 229, 230, 231, 233, 235, 239, 240, 242, 247, 250, 251, 253, 256, 257, 266, 273, 274, 275, 276, 278, 279, 282, 283, 295, 296, 300, 302, 303, 304, 305, 306, 308, 310, 313, 314, 324, 325, 327, 330, 335, 339, 340, 343, 345, 346, 347, 349, 353, 356, 357, 359, 363, 364, 365, 369, 372, 374, 375, 377, 378, 379, 382, 384, 385, 388, 390, 392, 394, 397, 399, 400, 401, 403, 404, 405, 407, 409, 410, 412, 416, 427, 430, 432, 433, 434], [9, 12, 17, 19, 20, 21, 22, 23, 24, 25, 26, 27, 29, 31, 32, 34, 39, 40, 41, 42, 43, 44, 45, 46, 47, 48, 50, 52, 60, 62, 63, 64, 68, 69, 70, 71, 72, 90, 91, 92, 93, 105, 108, 109, 110, 114, 115, 116, 118, 124, 127, 129, 130, 139, 143, 149, 169, 170, 172, 174, 175, 176, 177, 178, 179, 180, 181, 182, 184, 185, 186, 187, 189, 193, 198, 199, 200, 201, 202, 203, 208, 209, 210, 212, 218, 219, 220, 222, 227, 232, 236, 238, 241, 243, 244, 245, 246, 249, 252, 254, 255, 258, 259, 260, 261, 262, 263, 264, 265, 267, 268, 269, 270, 272, 280, 297, 298, 301, 312, 317, 318, 319, 321, 326, 328, 329, 331, 332, 333, 337, 338, 344, 348, 355, 366, 371, 376, 389, 391, 395, 414, 417, 418, 419, 422, 425, 426, 428, 429, 431], [3, 13, 16, 54, 73, 74, 78, 80, 81, 88, 94, 95, 97, 98, 101, 102, 104, 107, 112, 128, 131, 137, 138, 140, 144, 145, 147, 152, 153, 157, 159, 165, 166, 167, 183, 192, 194, 196, 205, 213, 216, 221, 226, 234, 237, 248, 271, 277, 281, 284, 285, 286, 287, 288, 289, 290, 291, 292, 293, 294, 299, 307, 309, 311, 315, 316, 320, 322, 323, 334, 336, 341, 342, 350, 351, 352, 354, 358, 360, 361, 362, 367, 368, 370, 373, 380, 381, 383, 386, 387, 393, 396, 398, 402, 406, 408, 411, 413, 415, 420, 421, 423, 424]], "centers": [[0.01098901098901099, 0.8131868131868132, 0.17582417582417584, 0.0989010989010989, 0.3901098901098901, 0.510989010989011, 0.02197802197802198, 0.8516483516483516, 0.12637362637362637, 0.01098901098901099, 0.1043956043956044, 0.8846153846153846, 0.016483516483516484, 0.005494505494505495, 0.978021978021978, 0.005494505494505495, 0.06043956043956044, 0.9340659340659341, 0.03296703296703297, 0.8186813186813187, 0.14835164835164835, 0.04395604395604396, 0.8956043956043956, 0.06043956043956044, 0.016483516483516484, 0.9120879120879121, 0.07142857142857142, 0.005494505494505495, 0.5164835164835165, 0.47802197802197804, 0.038461538461538464, 0.7307692307692307, 0.23076923076923078, 0.06593406593406594, 0.11538461538461539, 0.8186813186813187, 0.04395604395604396, 0.09340659340659341, 0.8626373626373627, 0.027472527472527472, 0.016483516483516484, 0.9560439560439561, 0.06043956043956044, 0.8571428571428571, 0.08241758241758242, 0.13186813186813187, 0.32967032967032966, 0.5384615384615384], [0.03333333333333333, 0.24, 0.7266666666666667, 0.12666666666666668, 0.5066666666666667, 0.36666666666666664, 0.013333333333333334, 0.04666666666666667, 0.94, 0.006666666666666667, 0.9666666666666667, 0.02666666666666667, 0.02666666666666667, 0.9666666666666667, 0.006666666666666667, 0.03333333333333333, 0.9133333333333333, 0.05333333333333334, 0.006666666666666667, 0.04666666666666667, 0.9466666666666667, 0.0, 0.006666666666666667, 0.9933333333333333, 0.04666666666666667, 0.05333333333333334, 0.9, 0.02, 0.5666666666666667, 0.41333333333333333, 0.04, 0.6066666666666667, 0.35333333333333333, 0.06666666666666667, 0.92, 0.013333333333333334, 0.04, 0.8866666666666667, 0.07333333333333333, 0.03333333333333333, 0.86, 0.10666666666666667, 0.05333333333333334, 0.18666666666666668, 0.76, 0.31333333333333335, 0.006666666666666667, 0.68], [0.04854368932038835, 0.5048543689320388, 0.44660194174757284, 0.10679611650485436, 0.4368932038834951, 0.4563106796116505, 0.04854368932038835, 0.08737864077669903, 0.8640776699029126, 0.07766990291262135, 0.8058252427184466, 0.11650485436893204, 0.07766990291262135, 0.6019417475728155, 0.32038834951456313, 0.04854368932038835, 0.038834951456310676, 0.912621359223301, 0.06796116504854369, 0.2524271844660194, 0.6796116504854369, 0.06796116504854369, 0.13592233009708737, 0.7961165048543689, 0.11650485436893204, 0.3106796116504854, 0.5728155339805825, 0.02912621359223301, 0.32038834951456313, 0.6504854368932039, 0.07766990291262135, 0.3883495145631068, 0.5339805825242718, 0.08737864077669903, 0.7184466019417476, 0.1941747572815534, 0.10679611650485436, 0.49514563106796117, 0.39805825242718446, 0.06796116504854369, 0.36893203883495146, 0.5631067961165048, 0.08737864077669903, 0.47572815533980584, 0.4368932038834951, 0.32038834951456313, 0.009708737864077669, 0.6699029126213593]]}