{"clusters": [[0, 1, 5, 6, 7, 8, 10, 11, 14, 15, 18, 28, 30, 33, 35, 36, 37, 38, 49, 51, 53, 55, 56, 57, 58, 59, 61, 65, 66, 67, 73, 75, 76, 77, 79, 82, 83, 84, 85, 86, 87, 89, 96, 99, 100, 106, 111, 113, 117, 119, 120, 121, 122, 123, 125, 126, 132, 133, 134, 135, 136, 141, 142, 146, 148, 150, 151, 154, 155, 156, 158, 160, 161, 162, 163, 164, 166, 168, 171, 173, 190, 191, 195, 197, 204, 206, 207, 211, 214, 215, 217, 223, 224, 225, 228, 229, 230, 231, 233, 235, 239, 240, 242, 247, 250, 251, 253, 256, 257, 266, 273, 274, 275, 276, 277, 278, 279, 282, 283, 296, 300, 302, 303, 304, 305, 306, 308, 310, 313, 314, 316, 324, 325, 327, 330, 335, 339, 340, 343, 345, 346, 347, 349, 351, 353, 356, 357, 359, 363, 364, 365, 369, 372, 374, 375, 378, 379, 382, 384, 385, 388, 392, 397, 399, 401, 403, 404, 405, 407, 409, 410, 412, 416, 427, 430, 432, 434], [9, 12, 17, 19, 20, 21, 22, 23, 24, 25, 26, 27, 29, 31, 32, 34, 39, 40, 41, 42, 43, 44, 45, 46, 47, 48, 50, 52, 60, 62, 63, 64, 68, 69, 70, 71, 72, 74, 80, 81, 90, 91, 92, 93, 98, 105, 108, 109, 110, 112, 114, 116, 118, 124, 127, 130, 131, 137, 138, 139, 140, 143, 144, 145, 147, 149, 169, 170, 172, 174, 175, 176, 177, 178, 179, 181, 182, 184, 185, 186, 187, 189, 192, 193, 194, 196, 198, 199, 200, 201, 202, 203, 205, 208, 209, 210, 212, 218, 219, 220, 222, 226, 227, 232, 234, 236, 237, 238, 241, 243, 244, 245, 246, 249, 252, 254, 255, 258, 259, 260, 262, 263, 264, 265, 267, 268, 269, 270, 271, 272, 280, 284, 285, 291, 297, 298, 299, 301, 307, 309, 311, 312, 317, 318, 319, 321, 326, 328, 329, 331, 332, 333, 337, 338, 344, 348, 350, 352, 354, 355, 360, 366, 368, 371, 376, 389, 391, 408, 411, 414, 415, 417, 418, 419, 422, 423, 424, 425, 426, 428, 429, 431], [3, 4, 13, 16, 54, 78, 88, 94, 97, 101, 102, 128, 152, 153, 165, 167, 213, 216, 221, 281, 286, 288, 289, 290, 292, 293, 294, 320, 322, 323, 334, 336, 342, 358, 361, 362, 367, 380, 381, 383, 386, 387, 396, 398, 406, 420, 421], [2, 95, 103, 104, 107, 115, 129, 157, 159, 180, 183, 188, 248, 261, 287, 295, 315, 341, 370, 373, 377, 390, 393, 394, 395, 400, 402, 413, 433]], "centers": [[-0.16843038421330453, 0.57805431970571, -0.5259843298202576, -0.06367102599416906, -0.04692404268675425, 0.08696570873022604, -0.05311075691046138, 0.9186490408548029, -0.8927037039795361, -0.16106953848079167, -0.9523421347685802, 1.0118125403361669, -0.15801904521289784, -0.9346149152720084, 0.9917061753916806, -0.12508327795734828, -0.5906784417517162, 0.6223885286445175, -0.15034536179547975, 0.8239855813054794, -0.7636074531380794, -0.06512947133774846, 0.994761467538058, -0.9605651554937056, -0.20501749812146536, 0.8619889050124836, -0.7718331033556172, -0.1278872166673278, 0.008340870992525532, 0.023846271366508954, -0.09343321422969579, 0.29587263742015113, -0.26190922249734333, -0.07936111225388374, -0.8474302903804204, 0.9070821677283748, -0.12555884703172707, -0.7341631579550754, 0.7910972344042984, -0.11420463299214287, -0.7777849718615686, 0.8112893119537962, -0.10113726391558749, 0.6592252964165206, -0.6204451420044055, -0.30886058706009767, 0.5457928370551546, -0.12159536077702476], [-0.06778860243749735, -0.4162362215330999, 0.4412936161999547, -0.01898774619411003, 0.20657814407814307, -0.1942974588426286, -0.09107428449563261, -0.6473276285693104, 0.6699413713338305, -0.16106953848079167, 0.8058806842711583, -0.7611715042905096, -0.0986445739996613, 1.0006771094193865, -0.9640319072680228, -0.021079030510473086, 0.8459138196473903, -0.826389342780498, -0.15122480853106343, -0.7701867645753815, 0.8172399431300069, -0.15886968233629664, -0.8098804591655292, 0.8598619255681138, -0.030204630881328277, -0.8384090810583812, 0.8514664393608588, -0.040554501988697256, 0.03628797134490736, -0.02607110125267528, -0.14832078304990495, 0.03987612668799455, 0.025909866075357564, -0.1061482337564058, 0.7327965970690032, -0.6923240361160743, -0.08167763972294655, 0.8034520850727301, -0.7637007586123638, -0.11660746417885831, 0.7980952739733299, -0.7409579040276875, -0.10556453817828534, -0.5892460644019982, 0.652748640247167, 0.0964529919804429, -0.39198374746533493, 0.197403399497416], [-0.16843038421330372, -0.36296859716437374, 0.42098539811233754, -0.21636612698001978, -0.28900709219858056, 0.42487674604485604, -0.1610695384807917, -0.7612547029962271, 0.8050238161274083, -0.16106953848079117, 0.7435794663622931, -0.6983472341712328, 0.16083594596137382, -0.190546239362661, 0.13171245356938194, -0.025546812679738632, -0.7328727539608978, 0.730166401501169, 0.29986400494578763, 0.05760793658948434, -0.1634810449982197, -0.07237617568261827, -0.26968394767249904, 0.293479506828865, 0.44887750981922536, 0.07425402438924328, -0.2711892697142638, -0.12788721666732766, -0.2088219731924673, 0.24094483494416527, -0.2252213082307256, -0.8069179685271768, 0.9307705932262518, -0.11160116130781038, 0.5471480531177563, -0.4998925910756598, -0.15551487266397743, -0.15863762691076697, 0.23074609602147145, -0.20166768818859032, 0.02756686873269686, 0.05177102760170498, -0.17559082938870152, 0.03520812888855963, 0.052116803037939995, 0.33737596821233584, -0.40770067346288597, -0.0028192266322859963], [1.7264114381863638, -0.3276240759365743, -0.2414663959132957, 0.8584396336674825, -0.5416666666666646, 3.062684205862501e-17, 1.1567721399984132, -0.3106303720986972, -0.06058252884023231, 2.2549735387310794, -0.450136606977253, -0.2667339949165572, 1.3228756555323, -0.2669214021082291, -0.21616107721750696, 0.9371318602518768, -0.5159038465382635, 0.2042162050143735, 1.3807046882069427, -0.28893206062264637, -0.20329452859670372, 1.511857892036914, -0.5517031257070009, -0.009254301791986861, 0.7133826560826676, -0.11970767520271136, -0.193328861833137, 1.242332961911182, 0.05978923412399128, -0.3724226498710666, 1.8661194110545831, -0.7483368055104983, -0.07254762501100144, 1.33141896531277, -0.31344061261235884, -0.3812281839393102, 1.530980874806859, -0.3043252434614713, -0.40950823914205126, 1.755695167759491, -0.30624285083050495, -0.38541751655391415, 1.5643727807853758, -0.382581924218026, -0.39417076320648964, 0.7330072021798951, -0.2104261540453603, -0.49215642066479104]]}