{"clusters": [[0, 1, 2, 4, 5, 6, 7, 8, 10, 11, 14, 15, 18, 30, 33, 35, 36, 37, 38, 49, 51, 53, 55, 56, 57, 58, 59, 61, 65, 66, 67, 75, 76, 77, 79, 82, 83, 84, 85, 86, 87, 89, 96, 99, 100, 106, 111, 113, 119, 120, 121, 122, 123, 125, 126, 132, 133, 134, 135, 136, 146, 148, 150, 151, 154, 155, 156, 158, 160, 162, 163, 164, 168, 171, 173, 190, 191, 195, 197, 206, 211, 214, 215, 217, 223, 224, 225, 228, 230, 231, 233, 235, 247, 250, 251, 253, 256, 257, 266, 275, 276, 278, 279, 282, 283, 295, 296, 303, 304, 305, 306, 308, 310, 313, 324, 325, 327, 330, 335, 339, 340, 346, 347, 356, 357, 359, 363, 364, 365, 369, 372, 374, 375, 377, 378, 379, 382, 384, 385, 388, 390, 392, 394, 397, 399, 400, 401, 403, 404, 405, 407, 409, 410, 412, 416, 430, 432, 434], [9, 12, 17, 19, 20, 21, 22, 23, 24, 25, 26, 27, 29, 31, 32, 34, 39, 40, 41, 42, 43, 44, 45, 46, 47, 48, 50, 52, 60, 62, 63, 64, 68, 69, 70, 71, 72, 81, 90, 91, 92, 93, 105, 108, 109, 110, 114, 115, 116, 118, 124, 127, 129, 130, 139, 143, 149, 169, 170, 172, 174, 175, 176, 177, 178, 179, 180, 181, 182, 184, 185, 186, 187, 189, 193, 198, 199, 200, 201, 203, 208, 209, 210, 212, 218, 219, 220, 222, 227, 232, 236, 238, 241, 243, 244, 245, 246, 249, 252, 254, 255, 258, 259, 260, 261, 262, 263, 264, 265, 267, 268, 269, 270, 272, 280, 298, 301, 312, 317, 318, 319, 321, 326, 328, 329, 331, 332, 333, 337, 338, 344, 348, 355, 366, 371, 376, 389, 391, 395, 414, 417, 418, 419, 425, 426, 428, 429, 431], [3, 13, 16, 54, 74, 78, 80, 88, 94, 95, 98, 101, 102, 104, 107, 112, 128, 131, 137, 138, 144, 145, 152, 153, 157, 159, 165, 183, 192, 194, 196, 202, 205, 213, 216, 221, 226, 234, 237, 248, 271, 284, 285, 286, 287, 288, 289, 290, 291, 292, 293, 294, 297, 299, 307, 309, 311, 316, 320, 322, 323, 334, 336, 341, 342, 350, 352, 354, 358, 360, 361, 362, 367, 368, 370, 373, 380, 381, 383, 386, 387, 393, 396, 398, 406, 408, 411, 415, 421, 422, 423, 424], [28, 73, 97, 103, 117, 140, 141, 142, 147, 161, 166, 167, 188, 204, 207, 229, 239, 240, 242, 273, 274, 277, 281, 300, 302, 314, 315, 343, 345, 349, 351, 353, 402, 413, 420, 427, 433]], "centers": [[0.012658227848101266, 0.8227848101265823, 0.16455696202531644, 0.10126582278481013, 0.33544303797468356, 0.5632911392405063, 0.02531645569620253, 0.8607594936708861, 0.11392405063291139, 0.012658227848101266, 0.10126582278481013, 0.8860759493670886, 0.0189873417721519, 0.0, 0.9810126582278481, 0.006329113924050633, 0.03164556962025317, 0.9620253164556962, 0.02531645569620253, 0.9430379746835443, 0.03164556962025317, 0.0379746835443038, 0.9493670886075949, 0.012658227848101266, 0.006329113924050633, 0.9620253164556962, 0.03164556962025317, 0.0, 0.5316455696202531, 0.46835443037974683, 0.04430379746835443, 0.7025316455696202, 0.25316455696202533, 0.06962025316455696, 0.10759493670886076, 0.8227848101265823, 0.04430379746835443, 0.06962025316455696, 0.8860759493670886, 0.03164556962025317, 0.0189873417721519, 0.9493670886075949, 0.04430379746835443, 0.8924050632911392, 0.06329113924050633, 0.14556962025316456, 0.37341772151898733, 0.4810126582278481], [0.033783783783783786, 0.23648648648648649, 0.7297297297297297, 0.12837837837837837, 0.5067567567567568, 0.36486486486486486, 0.013513513513513514, 0.0472972972972973, 0.9391891891891891, 0.006756756756756757, 0.9662162162162162, 0.02702702702702703, 0.02702702702702703, 0.9662162162162162, 0.006756756756756757, 0.033783783783783786, 0.9324324324324325, 0.033783783783783786, 0.006756756756756757, 0.0472972972972973, 0.9459459459459459, 0.0, 0.006756756756756757, 0.9932432432432432, 0.05405405405405406, 0.05405405405405406, 0.8918918918918919, 0.02027027027027027, 0.5675675675675675, 0.41216216216216217, 0.04054054054054054, 0.6081081081081081, 0.35135135135135137, 0.06756756756756757, 0.9121621621621622, 0.02027027027027027, 0.033783783783783786, 0.8918918918918919, 0.07432432432432433, 0.033783783783783786, 0.8513513513513513, 0.11486486486486487, 0.05405405405405406, 0.19594594594594594, 0.75, 0.3108108108108108, 0.006756756756756757, 0.6824324324324325], [0.043478260869565216, 0.5217391304347826, 0.43478260869565216, 0.11956521739130435, 0.391304347826087, 0.4891304347826087, 0.05434782608695652, 0.06521739130434782, 0.8804347826086957, 0.08695652173913043, 0.9021739130434783, 0.010869565217391304, 0.08695652173913043, 0.6630434782608695, 0.25, 0.05434782608695652, 0.0, 0.9456521739130435, 0.07608695652173914, 0.2826086956521739, 0.6413043478260869, 0.06521739130434782, 0.13043478260869565, 0.8043478260869565, 0.11956521739130435, 0.2608695652173913, 0.6195652173913043, 0.03260869565217391, 0.34782608695652173, 0.6195652173913043, 0.07608695652173914, 0.33695652173913043, 0.5869565217391305, 0.08695652173913043, 0.7608695652173914, 0.15217391304347827, 0.10869565217391304, 0.5, 0.391304347826087, 0.06521739130434782, 0.44565217391304346, 0.4891304347826087, 0.09782608695652174, 0.43478260869565216, 0.4673913043478261, 0.34782608695652173, 0.010869565217391304, 0.6413043478260869], [0.02702702702702703, 0.6216216216216216, 0.35135135135135137, 0.05405405405405406, 0.7567567567567568, 0.1891891891891892, 0.0, 0.5945945945945946, 0.40540540540540543, 0.0, 0.13513513513513514, 0.8648648648648649, 0.0, 0.10810810810810811, 0.8918918918918919, 0.0, 0.24324324324324326, 0.7567567567567568, 0.05405405405405406, 0.0, 0.9459459459459459, 0.08108108108108109, 0.40540540540540543, 0.5135135135135135, 0.05405405405405406, 0.5945945945945946, 0.35135135135135137, 0.02702702702702703, 0.32432432432432434, 0.6486486486486487, 0.02702702702702703, 0.8648648648648649, 0.10810810810810811, 0.05405405405405406, 0.2972972972972973, 0.6486486486486487, 0.08108108108108109, 0.32432432432432434, 0.5945945945945946, 0.02702702702702703, 0.0, 0.972972972972973, 0.10810810810810811, 0.6216216216216216, 0.2702702702702703, 0.08108108108108109, 0.02702702702702703, 0.8918918918918919]]}