{"clusters": [[0, 1, 5, 6, 7, 8, 10, 11, 14, 15, 18, 28, 30, 33, 35, 36, 37, 38, 49, 51, 53, 55, 56, 57, 58, 59, 61, 65, 66, 67, 73, 75, 76, 77, 79, 82, 83, 84, 85, 86, 87, 89, 96, 99, 100, 106, 111, 113, 117, 119, 120, 121, 122, 123, 125, 126, 132, 133, 134, 135, 136, 141, 142, 146, 148, 150, 151, 154, 155, 156, 158, 160, 161, 162, 163, 164, 166, 168, 171, 173, 190, 191, 195, 197, 204, 206, 207, 211, 214, 215, 217, 223, 224, 225, 228, 229, 230, 231, 233, 235, 239, 240, 242, 247, 250, 251, 253, 256, 257, 266, 273, 274, 275, 276, 277, 278, 279, 282, 283, 296, 300, 302, 303, 304, 305, 306, 308, 310, 313, 314, 316, 324, 325, 327, 330, 335, 339, 340, 343, 345, 346, 347, 349, 351, 353, 356, 357, 359, 363, 364, 365, 369, 372, 374, 375, 378, 379, 382, 384, 385, 388, 392, 399, 401, 403, 404, 405, 407, 409, 410, 412, 416, 427, 430, 432, 433, 434], [9, 12, 17, 19, 20, 21, 22, 23, 24, 25, 26, 27, 29, 31, 32, 34, 39, 40, 41, 42, 43, 44, 45, 46, 47, 48, 50, 52, 60, 62, 63, 64, 68, 69, 70, 72, 80, 90, 91, 92, 93, 98, 105, 108, 109, 114, 116, 124, 130, 139, 170, 174, 178, 179, 182, 185, 187, 189, 193, 199, 201, 203, 208, 209, 218, 220, 222, 227, 232, 236, 237, 238, 244, 245, 246, 249, 252, 254, 255, 259, 260, 262, 263, 264, 265, 267, 268, 269, 270, 272, 297, 307, 312, 317, 318, 319, 321, 326, 328, 329, 331, 332, 333, 337, 338, 348, 355, 366, 371, 376, 389, 391, 408, 414, 417, 418, 419, 426, 428, 429], [3, 4, 13, 16, 54, 78, 88, 94, 97, 101, 102, 103, 167, 216, 221, 281, 286, 288, 289, 290, 294, 322, 323, 342, 358, 361, 367, 380, 381, 383, 386, 387, 396, 397, 398, 406, 420, 421], [2, 95, 104, 107, 115, 129, 157, 159, 180, 183, 188, 248, 261, 287, 295, 315, 341, 370, 373, 377, 390, 393, 394, 395, 400, 413], [71, 74, 81, 110, 112, 118, 127, 128, 131, 137, 138, 140, 143, 144, 145, 147, 149, 152, 153, 165, 169, 172, 175, 176, 177, 181, 184, 186, 192, 194, 196, 198, 200, 202, 205, 210, 212, 213, 219, 226, 234, 241, 243, 258, 271, 280, 284, 285, 291, 292, 293, 298, 299, 301, 309, 311, 320, 334, 336, 344, 350, 352, 354, 360, 362, 368, 402, 411, 415, 422, 423, 424, 425, 431]], "centers": [[-0.16843038421330453, 0.5893948522936314, -0.5373965291055991, -0.06367102599416906, -0.03554613935969843, 0.0756053233555568, -0.05311075691046138, 0.9186490408548029, -0.8927037039795361, -0.16106953848079167, -0.9637469588139589, 1.0233131140093459, -0.15801904521289784, -0.9346149152720084, 0.9917061753916806, -0.16106953848079167, -0.5906784417517162, 0.6340603259354455, -0.1183335006202308, 0.8125325608598032, -0.7636074531380794, -0.03416628004603201, 0.983270954290785, -0.9605651554937056, -0.1792347251573609, 0.8506736423629444, -0.7718331033556172, -0.08298734640882294, -0.0029621784833268067, 0.023846271366508943, -0.09343321422969579, 0.30743951054657925, -0.27379555653869386, -0.07936111225388374, -0.8587585278751343, 0.9186490408548029, -0.12555884703172707, -0.7341631579550754, 0.7910972344042985, -0.11420463299214287, -0.7777849718615686, 0.8112893119537962, -0.10113726391558749, 0.6592252964165206, -0.6204451420044055, -0.30886058706009767, 0.5457928370551546, -0.12159536077702476], [-0.06667036041776607, -0.9217311150469086, 0.9496130377744045, 0.046773954398548846, 0.10127314814814786, -0.1305856711946893, -0.10798980420871271, -0.7195093656755791, 0.7467961728190189, -0.16106953848079156, 0.8387854815581272, -0.7943525550365873, -0.051970115038768944, 0.9779447922068754, -0.9583524354297477, -0.0018303356645543662, 1.154756740616019, -1.136843118030595, -0.13513972773723604, -0.7805825831337632, 0.8218412335031509, -0.1889822365046143, -0.8152816317386292, 0.8762667009287721, -0.040652320475299104, -0.8316230320572975, 0.8492660716241389, 0.004567400595261676, 0.3253914087901832, -0.3264445449487125, -0.14746633277011803, 0.2076752298311366, -0.14690894064727775, -0.11504710857987868, 0.7640114932426236, -0.7195093656755792, -0.10371160764820656, 0.8449636494593129, -0.7948600933908908, -0.07265968177383048, 1.0265024788414836, -0.9832790256661623, -0.09250407910332693, -0.6061388317430179, 0.6634034720037794, 0.2991316155954719, -0.38386333569993464, 0.013605285667416133], [-0.16843038421330372, -0.6135969072303592, 0.673197558242078, -0.2681899800189229, -0.25292397660818616, 0.42149916226324957, -0.16106953848079164, -0.6431832226110586, 0.6881145127986718, -0.16106953848079122, 0.7130623028052585, -0.6675738626235721, 0.24368762075594996, -0.5884623833229967, 0.4991311771808503, 0.17417088850076004, -0.7328727539608978, 0.665389887084776, 0.5631821754528317, 0.11208994202423544, -0.31089958709436105, -0.044758950751092874, -0.029406121107041373, 0.04554090618688361, 0.6098538263493082, 0.2110635325942542, -0.4785979530718824, -0.12788721666732758, -0.08000138412137296, 0.11216237700795277, -0.22522130823072553, -0.70374871382169, 0.8247519474934887, -0.07242618179377132, 0.5617428316593782, -0.5354286676964387, -0.1338633532301413, -0.0822697428496322, 0.14445397081504063, -0.20166768818859018, -0.0998078926795776, 0.17731160954969238, -0.15505680414654932, 0.19238266702910253, -0.11817713671322395, 0.4883405180157466, -0.33242487000093524, -0.18953999803942603], [1.7102162089350845, -0.3169754060794808, -0.24682437807113514, 0.9981265563056823, -0.7339743589743561, 0.10400628679223045, 1.3088307952075517, -0.4110964889488003, -0.00949962730335004, 2.5337477399478336, -0.44745934722124237, -0.3585250457987731, 1.4973207969211748, -0.2642663483737308, -0.2824952866745979, 1.0638474062594925, -0.4908689726048827, 0.13845785635142677, 1.125204183495208, -0.2244062902602688, -0.17663877746951348, 1.4973207969211741, -0.5975585028436649, 0.04146639072178818, 0.47128446962927445, -0.024083200928356235, -0.1827063968972504, 1.0947707888334963, 0.1022431281765295, -0.3777278158236459, 2.107427955587503, -0.927546635567439, 0.002790293269653803, 1.5170065340450611, -0.3028034877499485, -0.48984020215563795, 1.7361247141110037, -0.3867909999938629, -0.42278097809436493, 1.9815447280611929, -0.24916208277629848, -0.5300830348155781, 1.6184160597162387, -0.4570417982548986, -0.34544086116173134, 0.8822620623522719, -0.297682191480035, -0.5604103621401226], [-0.0034141294097291305, 0.5113903781415764, -0.5134925981700883, -0.13652938040657442, 0.30855855855855757, -0.2220674772050328, -0.07499429371525808, -0.5558146645721775, 0.5742115363464014, -0.16106953848079142, 0.7360341816790211, -0.6907386027675559, -0.1889822365046143, 1.044675142733931, -0.9750244334066294, -0.0749942937152579, 0.08906801695097345, -0.0634084256927094, -0.1823572229707282, -0.6563946965714558, 0.7154643744439884, -0.11492163030686006, -0.8047460733085281, 0.8386398353657437, 0.015878151327754147, -0.78606380899743, 0.7789137734474078, -0.12788721666732764, -0.5154180026925782, 0.5474501114471085, -0.16217673353293569, -0.3848534769797744, 0.4686184426386303, -0.11942439295250598, 0.6330478827463034, -0.5834813746178233, -0.07274495002351683, 0.5639737466359078, -0.5288911451779977, -0.2016676881885906, 0.3345750896287536, -0.2508163161292731, -0.09709288904858276, -0.5320766520140642, 0.5903049605355878, -0.3070705846969828, -0.4077006734628865, 0.5630126205214169]]}