{"clusters": [[0, 1, 2, 4, 5, 6, 7, 8, 10, 11, 14, 15, 18, 30, 33, 35, 36, 37, 38, 49, 51, 53, 55, 56, 57, 58, 59, 61, 65, 66, 67, 75, 76, 77, 79, 82, 83, 84, 85, 86, 87, 89, 96, 99, 100, 106, 111, 113, 119, 120, 121, 122, 123, 125, 126, 132, 133, 134, 135, 136, 146, 148, 150, 151, 154, 155, 156, 158, 160, 162, 163, 164, 168, 171, 173, 190, 191, 195, 197, 206, 211, 214, 215, 217, 223, 224, 225, 228, 230, 231, 233, 235, 247, 250, 251, 253, 256, 257, 266, 275, 276, 278, 279, 282, 283, 295, 296, 303, 304, 305, 306, 308, 310, 313, 324, 325, 327, 330, 335, 339, 340, 346, 347, 356, 357, 359, 363, 364, 365, 369, 372, 374, 375, 377, 378, 379, 382, 384, 385, 388, 390, 392, 394, 397, 399, 400, 401, 403, 404, 405, 407, 409, 410, 412, 416, 430, 432, 434], [9, 12, 17, 19, 21, 22, 23, 24, 25, 26, 27, 29, 31, 32, 34, 39, 40, 41, 42, 43, 44, 45, 46, 47, 48, 50, 52, 60, 62, 63, 64, 68, 69, 70, 72, 90, 91, 92, 93, 105, 108, 109, 110, 114, 116, 124, 127, 129, 130, 139, 143, 149, 170, 172, 174, 175, 176, 177, 178, 179, 180, 181, 182, 184, 185, 186, 187, 189, 193, 198, 199, 200, 201, 202, 203, 208, 209, 210, 212, 218, 220, 222, 227, 236, 238, 241, 243, 244, 245, 246, 249, 252, 254, 255, 258, 259, 260, 261, 262, 263, 264, 265, 268, 269, 270, 272, 297, 298, 301, 312, 317, 318, 319, 321, 326, 328, 329, 331, 332, 333, 337, 338, 344, 348, 355, 366, 371, 376, 389, 391, 414, 417, 418, 419, 425, 426, 428, 429, 431], [16, 54, 71, 74, 78, 80, 81, 88, 94, 98, 101, 102, 104, 131, 137, 138, 144, 145, 153, 169, 196, 205, 216, 234, 237, 267, 280, 286, 288, 289, 290, 291, 292, 293, 294, 299, 307, 309, 311, 316, 320, 322, 323, 358, 360, 361, 362, 381, 383, 387, 393, 406, 408, 411], [28, 73, 97, 103, 117, 140, 141, 142, 147, 161, 166, 167, 188, 204, 207, 229, 239, 240, 242, 273, 274, 277, 281, 300, 302, 314, 343, 345, 349, 351, 353, 402, 413, 420, 427, 433], [3, 13, 20, 95, 107, 112, 115, 118, 128, 152, 157, 159, 165, 183, 192, 194, 213, 219, 221, 226, 232, 248, 271, 284, 285, 287, 315, 334, 336, 341, 342, 350, 352, 354, 367, 368, 370, 373, 380, 386, 395, 396, 398, 415, 421, 422, 423, 424]], "centers": [[0.012658227848101266, 0.8227848101265823, 0.16455696202531644, 0.10126582278481013, 0.33544303797468356, 0.5632911392405063, 0.02531645569620253, 0.8607594936708861, 0.11392405063291139, 0.012658227848101266, 0.10126582278481013, 0.8860759493670886, 0.0189873417721519, 0.0, 0.9810126582278481, 0.006329113924050633, 0.03164556962025317, 0.9620253164556962, 0.02531645569620253, 0.9430379746835443, 0.03164556962025317, 0.0379746835443038, 0.9493670886075949, 0.012658227848101266, 0.006329113924050633, 0.9620253164556962, 0.03164556962025317, 0.0, 0.5316455696202531, 0.46835443037974683, 0.04430379746835443, 0.7025316455696202, 0.25316455696202533, 0.06962025316455696, 0.10759493670886076, 0.8227848101265823, 0.04430379746835443, 0.06962025316455696, 0.8860759493670886, 0.03164556962025317, 0.0189873417721519, 0.9493670886075949, 0.04430379746835443, 0.8924050632911392, 0.06329113924050633, 0.14556962025316456, 0.37341772151898733, 0.4810126582278481], [0.03597122302158273, 0.2158273381294964, 0.7482014388489209, 0.12949640287769784, 0.5179856115107914, 0.35251798561151076, 0.014388489208633094, 0.04316546762589928, 0.9424460431654677, 0.0, 0.9784172661870504, 0.02158273381294964, 0.02158273381294964, 0.9712230215827338, 0.007194244604316547, 0.02158273381294964, 0.9280575539568345, 0.050359712230215826, 0.007194244604316547, 0.02877697841726619, 0.9640287769784173, 0.0, 0.007194244604316547, 0.9928057553956835, 0.050359712230215826, 0.03597122302158273, 0.9136690647482014, 0.02158273381294964, 0.5755395683453237, 0.4028776978417266, 0.03597122302158273, 0.6402877697841727, 0.3237410071942446, 0.05755395683453238, 0.9280575539568345, 0.014388489208633094, 0.04316546762589928, 0.8776978417266187, 0.07913669064748201, 0.03597122302158273, 0.8848920863309353, 0.07913669064748201, 0.05755395683453238, 0.17266187050359713, 0.7697841726618705, 0.33093525179856115, 0.007194244604316547, 0.6618705035971223], [0.037037037037037035, 0.3148148148148148, 0.6481481481481481, 0.07407407407407407, 0.5740740740740741, 0.35185185185185186, 0.037037037037037035, 0.07407407407407407, 0.8888888888888888, 0.037037037037037035, 0.9444444444444444, 0.018518518518518517, 0.037037037037037035, 0.7037037037037037, 0.25925925925925924, 0.0, 0.09259259259259259, 0.9074074074074074, 0.05555555555555555, 0.2777777777777778, 0.6666666666666666, 0.018518518518518517, 0.14814814814814814, 0.8333333333333334, 0.1111111111111111, 0.18518518518518517, 0.7037037037037037, 0.0, 0.2222222222222222, 0.7777777777777778, 0.018518518518518517, 0.5, 0.48148148148148145, 0.018518518518518517, 0.7222222222222222, 0.25925925925925924, 0.037037037037037035, 0.5, 0.46296296296296297, 0.0, 0.2037037037037037, 0.7962962962962963, 0.018518518518518517, 0.7222222222222222, 0.25925925925925924, 0.35185185185185186, 0.018518518518518517, 0.6296296296296297], [0.027777777777777776, 0.6111111111111112, 0.3611111111111111, 0.05555555555555555, 0.7777777777777778, 0.16666666666666666, 0.0, 0.6111111111111112, 0.3888888888888889, 0.0, 0.1388888888888889, 0.8611111111111112, 0.0, 0.1111111111111111, 0.8888888888888888, 0.0, 0.25, 0.75, 0.05555555555555555, 0.0, 0.9444444444444444, 0.05555555555555555, 0.4166666666666667, 0.5277777777777778, 0.05555555555555555, 0.5833333333333334, 0.3611111111111111, 0.027777777777777776, 0.3055555555555556, 0.6666666666666666, 0.027777777777777776, 0.8611111111111112, 0.1111111111111111, 0.05555555555555555, 0.2777777777777778, 0.6666666666666666, 0.05555555555555555, 0.3333333333333333, 0.6111111111111112, 0.0, 0.0, 1.0, 0.1111111111111111, 0.6388888888888888, 0.25, 0.05555555555555555, 0.027777777777777776, 0.9166666666666666], [0.041666666666666664, 0.7708333333333334, 0.1875, 0.16666666666666666, 0.16666666666666666, 0.6666666666666666, 0.0625, 0.0625, 0.875, 0.14583333333333334, 0.8125, 0.041666666666666664, 0.14583333333333334, 0.6458333333333334, 0.20833333333333334, 0.14583333333333334, 0.08333333333333333, 0.7708333333333334, 0.08333333333333333, 0.2916666666666667, 0.625, 0.125, 0.08333333333333333, 0.7916666666666666, 0.125, 0.375, 0.5, 0.0625, 0.5208333333333334, 0.4166666666666667, 0.14583333333333334, 0.125, 0.7291666666666666, 0.1875, 0.7916666666666666, 0.020833333333333332, 0.16666666666666666, 0.6041666666666666, 0.22916666666666666, 0.14583333333333334, 0.6875, 0.16666666666666666, 0.16666666666666666, 0.125, 0.7083333333333334, 0.2916666666666667, 0.0, 0.7083333333333334]]}