{"clusters": [[0, 1, 5, 6, 7, 8, 10, 11, 14, 15, 18, 28, 30, 33, 35, 36, 37, 38, 49, 51, 53, 55, 56, 57, 58, 59, 61, 65, 66, 67, 73, 75, 76, 77, 79, 82, 83, 84, 85, 86, 87, 89, 96, 99, 100, 106, 111, 113, 117, 119, 120, 121, 122, 123, 125, 126, 132, 133, 134, 135, 136, 141, 142, 146, 148, 150, 151, 154, 155, 156, 158, 160, 161, 162, 163, 164, 168, 171, 173, 190, 191, 195, 197, 204, 206, 207, 211, 214, 215, 217, 223, 224, 225, 228, 229, 230, 231, 233, 235, 239, 240, 242, 247, 250, 251, 253, 256, 257, 266, 273, 274, 275, 276, 277, 278, 279, 282, 283, 296, 300, 302, 303, 304, 305, 306, 308, 310, 313, 314, 316, 324, 325, 327, 330, 335, 339, 340, 343, 345, 346, 347, 349, 351, 353, 356, 357, 359, 363, 364, 365, 369, 372, 374, 375, 378, 379, 382, 384, 385, 388, 392, 399, 401, 403, 404, 405, 407, 409, 410, 412, 416, 427, 430, 432, 434], [9, 12, 17, 19, 22, 23, 24, 25, 26, 27, 29, 31, 32, 34, 39, 40, 41, 42, 43, 44, 45, 46, 47, 48, 50, 52, 62, 63, 64, 68, 69, 70, 71, 72, 80, 81, 90, 91, 93, 98, 105, 108, 109, 114, 116, 124, 139, 169, 170, 174, 178, 179, 182, 185, 187, 189, 193, 199, 201, 203, 208, 209, 218, 220, 222, 227, 232, 236, 237, 238, 241, 244, 245, 246, 249, 252, 254, 255, 259, 260, 262, 263, 264, 265, 267, 268, 269, 270, 272, 291, 297, 307, 312, 317, 318, 319, 321, 326, 328, 329, 331, 332, 333, 337, 338, 348, 355, 360, 366, 376, 389, 391, 408, 414, 417, 418, 419, 426], [3, 4, 16, 54, 78, 88, 94, 97, 101, 102, 103, 166, 167, 216, 221, 281, 286, 288, 289, 290, 292, 294, 322, 323, 358, 361, 367, 380, 381, 383, 386, 387, 396, 398, 406, 420, 421], [13, 20, 21, 60, 92, 115, 130, 157, 159, 261, 342, 370, 371, 397, 424, 429], [74, 110, 112, 118, 127, 128, 131, 137, 138, 140, 143, 144, 145, 147, 149, 152, 153, 165, 172, 175, 176, 177, 181, 184, 186, 192, 194, 196, 198, 200, 202, 205, 210, 212, 213, 219, 226, 234, 243, 258, 271, 280, 284, 285, 293, 298, 299, 301, 309, 311, 320, 334, 336, 344, 350, 352, 354, 362, 368, 411, 415, 422, 423, 425, 431], [2, 95, 104, 107, 129, 180, 183, 188, 248, 287, 295, 315, 341, 373, 377, 390, 393, 394, 395, 400, 402, 413, 428, 433]], "centers": [[-0.16843038421330453, 0.597106414453418, -0.5451568246196313, -0.060373776433756715, -0.04880952380952348, 0.08677095926666029, -0.05187694226394332, 0.9266467074165046, -0.9010153245315411, -0.16106953848079167, -0.9616615052742323, 1.0212101519662502, -0.15766518016956393, -0.934356395754228, 0.9913186422667942, -0.16106953848079167, -0.5890533638978969, 0.6324596223069753, -0.1499795119534769, 0.8315118518840666, -0.7711991143259357, -0.06371401116441286, 1.0040195382115753, -0.970247440734184, -0.20472283785901843, 0.8597905111262875, -0.7697645090539782, -0.1278872166673278, 0.008147104430082349, 0.024039980573687874, -0.09192706458396974, 0.3017552186101632, -0.2686334914693074, -0.07710230633258999, -0.8562986820191394, 0.9149476414543457, -0.12417172072166228, -0.7434230947415946, 0.7996913703695342, -0.1132050552184692, -0.7775203105041736, 0.810637186280348, -0.09929551782230521, 0.6675758257697669, -0.6298687910013921, -0.30598430897719553, 0.5566899057467893, -0.13196282048594415], [-0.11668799923252186, -0.9188959818999283, 0.9633076769168143, -0.0005596086269018285, 0.18632297551789018, -0.18568354026183534, -0.16106953848079178, -0.7180635065347757, 0.7622577504206818, -0.16106953848079156, 0.8211080042877905, -0.7765266658431601, -0.1889822365046143, 1.0277097993795963, -0.9580698591928514, -0.16106953848079156, 1.1689761718369374, -1.0992015717673524, -0.13433943120785483, -0.7794372810891955, 0.820421852404994, -0.1889822365046143, -0.8149943689074474, 0.8759824056406709, 0.001244685591370562, -0.8635886490422456, 0.8628412217286449, 0.006812394108186926, 0.29656863262675964, -0.29819528556845276, -0.14614845183010772, 0.16285359646622766, -0.10144371293911209, -0.0793611122538837, 0.7441870776268743, -0.7180635065347758, -0.137696202244794, 0.857995553503278, -0.7920330749812737, -0.20166768818859018, 0.9880025220079353, -0.8948344812047654, -0.08962635083257336, -0.5132472842863648, 0.5673959291192692, 0.25409515613950395, -0.38345931302598635, 0.05285708624806023], [-0.16843038421330372, -0.6549987235701894, 0.7148610140967426, -0.26591996968077897, -0.12687687687687638, 0.2942159824573005, -0.16106953848079164, -0.6941482148004059, 0.7385778567965128, -0.16106953848079125, 0.6541968631912383, -0.6082142160046107, 0.2553814006819112, -0.5784955457620564, 0.48490187592035333, -0.16106953848079125, -0.7328727539608978, 0.7741218934265782, 0.5833318889237387, 0.0832537454540406, -0.28945744305108073, -0.04086102410910581, -0.11764443656280768, 0.13143609707268059, 0.5092349961544003, 0.24240182047285, -0.4657807327562838, -0.12788721666732758, -0.10988291676841642, 0.14203506466554186, -0.22522130823072553, -0.6338538673905852, 0.7529267028168786, -0.17195180542403268, 0.5517601245072087, -0.4728145344352407, -0.13080743306981008, -0.059444365737560075, 0.12025340639245789, -0.20166768818859018, -0.19164053659039904, 0.26782187571672217, -0.15215860839165096, 0.17241725272476333, -0.09930363822094006, 0.4533224191541799, -0.3303903888262879, -0.16025779498258394], [-0.16843038421330372, -0.4617307619493445, 0.5203716921544942, 0.04677395439854868, -0.6371527777777755, 0.606703339621344, -0.16106953848079159, -0.6768565210218772, 0.721456365082959, -0.16106953848079136, 0.8724297124919963, -0.8282792473724672, 1.8661995854830662, 0.043719884828071987, -0.7249444637533946, 3.0237145178439477, -0.20853122768953183, -0.7753091969441038, -0.18235722297072834, -0.5947573264026652, 0.6543542639206406, -0.18898223650461426, -0.5780025331824407, 0.6414387929571002, 0.05442165482983596, -0.3225776536111527, 0.29862404551011335, -0.12788721666732755, -0.2247845244469288, 0.2569026612536524, 0.6495221657011097, -0.6027288185892339, 0.3264643125495059, 0.69475050035616, 0.3045098598632933, -0.6768565210218772, 0.5586845531049223, 0.45216506343849283, -0.7114630503071874, 1.7334524080328089, 0.22379285252998443, -0.8991140559367666, 0.24706785684559454, -0.8233577857041556, 0.7144345083117626, 0.46520355983935435, -0.4077006734628857, -0.11505339401358398], [-0.07449805455588433, 0.7021022992443589, -0.681892529287695, -0.10667001365098874, 0.2574786324786317, -0.18987814409248233, -0.06307618290156876, -0.5213376874383729, 0.5362808470117612, -0.16106953848079134, 0.7792610729828253, -0.7343284070577276, -0.1889822365046143, 1.04467514273393, -0.9750244334066291, -0.16106953848079134, 0.07380651722581939, -0.020458152917361253, -0.18235722297072826, -0.6298432140372073, 0.6891400191416228, -0.10466708483332487, -0.800940587320398, 0.8311074878572968, -0.020174848871116285, -0.7943914659162177, 0.803058349153031, -0.12788721666732772, -0.4517801892090942, 0.4838311348752322, -0.1534474847286263, -0.36059190047820816, 0.4397502192974541, -0.15740575273960997, 0.6843216994817327, -0.615830143286578, -0.11472859161083657, 0.5852408528105216, -0.5305556183871526, -0.20166768818859052, 0.46027032018312636, -0.37470155223823565, -0.07421943639838505, -0.6421277708608396, 0.690881722323463, -0.2719755229807754, -0.40770067346288635, 0.5321987329969856], [2.375570210675139, -0.4199125480313839, -0.36336049000414206, 1.1106521328753431, -0.6371527777777755, -0.06355939748414079, 1.6967211610419761, -0.29298091913854396, -0.24990293146595824, 2.7583158464835527, -0.72567125686668, -0.14974540065490896, 0.9527854423774303, -0.2065189296483928, -0.1414245345625178, 0.6351264756003929, -0.3833117364466538, 0.17156535828242425, 1.4702551102014967, -0.25689322325521585, -0.2668240687831736, 1.8661995854830655, -0.5780025331824405, -0.11336519695184076, 0.7199394819657815, -0.030502436469921724, -0.28539022461082125, 1.5277954991150382, 0.025295445206304, -0.4097798601204791, 1.718653078284465, -0.6453816632429376, -0.11184425522529384, 1.1806290657177834, -0.32208327656306734, -0.29298091913854396, 1.7223534841577164, -0.5925120270424097, -0.21108079180496184, 1.5184390640082082, 