{"clusters": [[0, 1, 2, 4, 5, 6, 7, 8, 10, 11, 14, 15, 18, 30, 33, 35, 36, 37, 38, 49, 51, 53, 55, 56, 57, 58, 59, 61, 65, 66, 67, 75, 76, 77, 78, 79, 82, 83, 84, 85, 86, 87, 89, 96, 99, 100, 106, 111, 113, 119, 120, 121, 122, 123, 125, 126, 132, 133, 134, 135, 136, 146, 148, 150, 151, 154, 155, 156, 158, 160, 162, 163, 164, 171, 173, 190, 191, 195, 197, 206, 211, 214, 215, 217, 223, 224, 225, 228, 230, 231, 233, 235, 247, 250, 251, 253, 256, 257, 266, 275, 276, 278, 279, 282, 283, 295, 296, 303, 304, 305, 306, 308, 310, 313, 324, 325, 327, 330, 335, 339, 340, 346, 347, 356, 357, 359, 363, 364, 365, 369, 372, 373, 374, 375, 377, 378, 379, 382, 384, 385, 388, 390, 392, 394, 397, 399, 400, 401, 403, 404, 405, 407, 409, 410, 412, 416, 432, 434], [9, 12, 17, 19, 21, 22, 23, 24, 25, 26, 27, 29, 31, 32, 34, 39, 40, 41, 42, 43, 44, 45, 46, 47, 48, 50, 52, 60, 62, 63, 64, 68, 69, 70, 72, 90, 91, 93, 105, 108, 109, 110, 114, 116, 124, 130, 139, 149, 170, 174, 175, 176, 178, 179, 180, 182, 185, 187, 189, 193, 199, 200, 201, 203, 208, 209, 218, 220, 222, 227, 236, 238, 241, 244, 245, 246, 249, 252, 254, 255, 259, 260, 262, 263, 264, 265, 268, 269, 270, 272, 297, 312, 317, 318, 319, 321, 326, 328, 329, 331, 332, 333, 337, 338, 348, 355, 366, 371, 376, 389, 391, 414, 417, 418, 419, 426, 428, 429, 431], [16, 54, 71, 74, 80, 81, 88, 98, 102, 104, 131, 137, 138, 144, 145, 153, 159, 169, 196, 205, 216, 234, 237, 267, 280, 286, 288, 289, 290, 291, 292, 293, 294, 299, 307, 309, 311, 316, 320, 322, 323, 358, 360, 361, 362, 381, 383, 387, 393, 402, 406, 408, 411], [28, 73, 94, 97, 101, 103, 117, 140, 141, 142, 147, 161, 166, 167, 168, 188, 204, 207, 229, 239, 240, 242, 273, 274, 277, 281, 300, 302, 314, 315, 343, 345, 349, 351, 353, 413, 420, 427, 430, 433], [3, 13, 20, 92, 112, 115, 118, 127, 128, 143, 152, 157, 165, 172, 177, 181, 184, 186, 192, 194, 198, 202, 210, 212, 213, 219, 221, 226, 232, 243, 258, 271, 284, 285, 287, 298, 301, 334, 336, 341, 342, 344, 350, 352, 354, 367, 368, 370, 380, 386, 395, 396, 398, 415, 421, 422, 423, 424, 425], [95, 107, 129, 183, 248, 261]], "centers": [[0.012658227848101266, 0.8164556962025317, 0.17088607594936708, 0.10126582278481013, 0.3227848101265823, 0.5759493670886076, 0.02531645569620253, 0.8607594936708861, 0.11392405063291139, 0.0189873417721519, 0.10759493670886076, 0.8734177215189873, 0.0189873417721519, 0.0, 0.9810126582278481, 0.006329113924050633, 0.03164556962025317, 0.9620253164556962, 0.02531645569620253, 0.9430379746835443, 0.03164556962025317, 0.0379746835443038, 0.9430379746835443, 0.0189873417721519, 0.006329113924050633, 0.9746835443037974, 0.0189873417721519, 0.0, 0.5253164556962026, 0.47468354430379744, 0.05063291139240506, 0.689873417721519, 0.25949367088607594, 0.06962025316455696, 0.11392405063291139, 0.8164556962025317, 0.04430379746835443, 0.06962025316455696, 0.8860759493670886, 0.03164556962025317, 0.0189873417721519, 0.9493670886075949, 0.05063291139240506, 0.8924050632911392, 0.056962025316455694, 0.13924050632911392, 0.37341772151898733, 0.4873417721518987], [0.025210084033613446, 0.12605042016806722, 0.8487394957983193, 0.13445378151260504, 0.5042016806722689, 0.36134453781512604, 0.008403361344537815, 0.03361344537815126, 0.957983193277311, 0.0, 0.9747899159663865, 0.025210084033613446, 0.025210084033613446, 0.9663865546218487, 0.008403361344537815, 0.01680672268907563, 0.9495798319327731, 0.03361344537815126, 0.008403361344537815, 0.03361344537815126, 0.957983193277311, 0.0, 0.008403361344537815, 0.9915966386554622, 0.04201680672268908, 0.025210084033613446, 0.9327731092436975, 0.025210084033613446, 0.6218487394957983, 0.35294117647058826, 0.025210084033613446, 0.7142857142857143, 0.2605042016806723, 0.04201680672268908, 0.9411764705882353, 0.01680672268907563, 0.025210084033613446, 0.8907563025210085, 0.08403361344537816, 0.01680672268907563, 0.907563025210084, 0.07563025210084033, 0.05042016806722689, 0.20168067226890757, 0.7478991596638656, 0.35294117647058826, 0.008403361344537815, 0.6386554621848739], [0.05660377358490566, 0.33962264150943394, 0.6037735849056604, 0.07547169811320754, 0.5660377358490566, 0.3584905660377358, 0.03773584905660377, 0.07547169811320754, 0.8867924528301887, 0.03773584905660377, 0.9245283018867925, 0.03773584905660377, 0.05660377358490566, 0.7358490566037735, 0.20754716981132076, 0.0, 0.09433962264150944, 0.9056603773584906, 0.05660377358490566, 0.24528301886792453, 0.6981132075471698, 0.018867924528301886, 0.09433962264150944, 0.8867924528301887, 0.11320754716981132, 0.1320754716981132, 0.7547169811320755, 0.0, 0.18867924528301888, 0.8113207547169812, 0.018867924528301886, 0.5094339622641509, 0.4716981132075472, 0.018867924528301886, 0.6981132075471698, 0.2830188679245283, 0.03773584905660377, 0.5094339622641509, 0.4528301886792453, 0.018867924528301886, 0.18867924528301888, 0.7924528301886793, 0.018867924528301886, 0.7169811320754716, 0.2641509433962264, 0.37735849056603776, 0.018867924528301886, 0.6037735849056604], [0.0, 0.625, 0.375, 0.05, 0.775, 0.175, 0.0, 0.55, 0.45, 0.0, 0.175, 0.825, 0.0, 0.075, 0.925, 0.0, 0.225, 0.775, 0.05, 0.075, 0.875, 0.075, 0.475, 0.45, 0.05, 0.6, 0.35, 0.025, 0.375, 0.6, 0.025, 0.85, 0.125, 0.05, 0.35, 0.6, 0.075, 0.325, 0.6, 0.025, 0.025, 0.95, 0.1, 0.625, 0.275, 0.1, 0.025, 0.875], [0.01694915254237288, 0.8135593220338984, 0.1694915254237288, 0.1016949152542373, 0.3050847457627119, 0.5932203389830508, 0.01694915254237288, 0.0847457627118644, 0.8983050847457628, 0.05084745762711865, 0.9322033898305084, 0.01694915254237288, 0.05084745762711865, 0.8305084745762712, 0.11864406779661017, 0.06779661016949153, 0.3220338983050847, 0.6101694915254238, 0.01694915254237288, 0.2033898305084746, 0.7796610169491526, 0.01694915254237288, 0.06779661016949153, 0.9152542372881356, 0.06779661016949153, 0.3050847457627119, 0.6271186440677966, 0.0, 0.4576271186440678, 0.5423728813559322, 0.05084745762711865, 0.15254237288135594, 0.7966101694915254, 0.1016949152542373, 0.8813559322033898, 0.01694915254237288, 0.0847457627118644, 0.7288135593220338, 0.1864406779661017, 0.05084745762711865, 0.8135593220338984, 0.13559322033898305, 0.06779661016949153, 0.0847457627118644, 0.847457627118644, 0.1864406779661017, 0.0, 0.8135593220338984], [0.5, 0.16666666666666666, 0.3333333333333333, 0.6666666666666666, 0.3333333333333333, 0.0, 0.5, 0.0, 0.5, 0.5, 0.5, 0.0, 0.5, 0.3333333333333333, 0.16666666666666666, 0.6666666666666666, 0.16666666666666666, 0.16666666666666666, 0.5, 0.16666666666666666, 0.3333333333333333, 0.6666666666666666, 0.0, 0.3333333333333333, 0.6666666666666666, 0.0, 0.3333333333333333, 0.5, 0.5, 0.0, 0.8333333333333334, 0.0, 0.16666666666666666, 1.0, 0.0, 0.0, 0.8333333333333334, 0.16666666666666666, 0.0, 0.8333333333333334, 0.0, 0.16666666666666666, 0.8333333333333334, 0.0, 0.16666666666666666, 0.8333333333333334, 0.0, 0.16666666666666666]]}