{"clusters": [[0, 1, 5, 6, 7, 8, 10, 11, 14, 15, 18, 28, 30, 33, 35, 36, 37, 38, 49, 51, 53, 55, 56, 57, 58, 59, 61, 65, 66, 67, 73, 75, 76, 77, 79, 82, 83, 84, 85, 86, 87, 89, 96, 99, 100, 106, 111, 113, 117, 119, 120, 121, 122, 123, 125, 126, 132, 133, 134, 135, 136, 141, 142, 146, 148, 150, 151, 154, 155, 156, 158, 160, 161, 162, 163, 164, 168, 171, 173, 190, 191, 195, 197, 204, 206, 207, 211, 214, 215, 217, 223, 224, 225, 228, 229, 230, 231, 233, 235, 239, 240, 242, 247, 250, 251, 253, 256, 257, 266, 273, 274, 275, 276, 277, 278, 279, 282, 283, 296, 300, 302, 303, 304, 305, 306, 308, 310, 313, 314, 316, 324, 325, 327, 330, 335, 339, 340, 343, 345, 346, 347, 349, 351, 353, 356, 357, 359, 363, 364, 365, 369, 372, 374, 375, 378, 379, 382, 384, 385, 388, 392, 399, 401, 403, 404, 405, 407, 409, 410, 412, 416, 427, 430, 432, 434], [9, 12, 17, 19, 22, 23, 24, 25, 26, 27, 29, 31, 32, 34, 39, 40, 41, 42, 43, 44, 45, 46, 47, 48, 50, 52, 62, 63, 64, 68, 69, 70, 71, 72, 80, 81, 90, 91, 93, 98, 105, 108, 109, 114, 116, 124, 139, 169, 170, 174, 179, 182, 185, 187, 189, 193, 199, 201, 203, 208, 209, 218, 220, 222, 227, 232, 236, 237, 238, 241, 244, 245, 246, 249, 252, 254, 255, 259, 260, 262, 263, 264, 265, 267, 268, 269, 270, 272, 307, 312, 317, 318, 319, 321, 326, 328, 329, 331, 332, 333, 337, 338, 348, 355, 366, 376, 389, 391, 414, 417, 418, 419, 426], [3, 4, 13, 54, 78, 88, 94, 97, 101, 102, 103, 166, 167, 216, 221, 281, 286, 288, 289, 290, 292, 294, 322, 323, 358, 361, 367, 380, 381, 383, 386, 387, 396, 398, 406, 420, 421], [20, 60, 92, 115, 130, 159, 261, 342, 370, 371, 397, 424, 429], [74, 110, 112, 118, 127, 128, 131, 137, 138, 140, 144, 145, 147, 149, 152, 153, 165, 172, 175, 176, 177, 181, 184, 186, 192, 194, 196, 200, 202, 205, 210, 212, 213, 219, 226, 234, 243, 258, 271, 280, 284, 285, 291, 293, 298, 299, 301, 309, 311, 320, 334, 336, 344, 350, 352, 354, 360, 362, 368, 411, 415, 422, 423, 425, 431], [2, 104, 107, 183, 248, 287, 295, 315, 341, 373, 377, 390, 393, 394, 395, 400, 433], [16, 21, 95, 129, 143, 157, 178, 180, 188, 198, 297, 402, 408, 413, 428]], "centers": [[-0.16843038421330453, 0.597106414453418, -0.5451568246196313, -0.060373776433756715, -0.04880952380952348, 0.08677095926666029, -0.05187694226394332, 0.9266467074165046, -0.9010153245315411, -0.16106953848079167, -0.9616615052742323, 1.0212101519662502, -0.15766518016956393, -0.934356395754228, 0.9913186422667942, -0.16106953848079167, -0.5890533638978969, 0.6324596223069753, -0.1499795119534769, 0.8315118518840666, -0.7711991143259357, -0.06371401116441286, 1.0040195382115753, -0.970247440734184, -0.20472283785901843, 0.8597905111262875, -0.7697645090539782, -0.1278872166673278, 0.008147104430082349, 0.024039980573687874, -0.09192706458396974, 0.3017552186101632, -0.2686334914693074, -0.07710230633258999, -0.8562986820191394, 0.9149476414543457, -0.12417172072166228, -0.7434230947415946, 0.7996913703695342, -0.1132050552184692, -0.7775203105041736, 0.810637186280348, -0.09929551782230521, 0.6675758257697669, -0.6298687910013921, -0.30598430897719553, 0.5566899057467893, -0.13196282048594415], [-0.168430384213304, -0.9113690797398034, 0.9728515072926087, 0.014998831811299374, 0.16261061946902602, -0.1718097952910003, -0.16106953848079178, -0.7142249424441471, 0.7584569692993288, -0.16106953848079156, 0.8188371322433567, -0.7742367286073502, -0.1889822365046143, 1.0269591204701123, -0.9573196567940117, -0.16106953848079156, 1.2345680171812181, -1.1638096178335067, -0.13221475015640027, -0.7763966561921131, 0.8166535840028076, -0.1889822365046143, -0.8142317242228938, 0.8752276393890744, 0.011512161550527186, -0.8598335840036818, 0.854582004297806, 0.012772553877015015, 0.33512903592712323, -0.3382442355925025, -0.14264965287432815, 0.15256624470334243, -0.09245007081047964, -0.13941270035317543, 0.7891491529930617, -0.7323429649519151, -0.20890918017632842, 0.9014686616453241, -0.8022403626903338, -0.2016676881885902, 1.0127486516913522, -0.9192242699429067, -0.08198636427305062, -0.5239238975004092, 0.5744378600332254, 0.2486443613328863, -0.3823866864579821, 0.056871036356602005], [-0.16843038421330372, -0.6549987235701894, 0.7148610140967426, -0.26591996968077897, -0.18130630630630562, 0.3485616097901776, -0.16106953848079164, -0.6941482148004059, 0.7385778567965128, -0.16106953848079125, 0.6541968631912383, -0.6082142160046107, 0.2553814006819112, -0.5784955457620564, 0.48490187592035333, -0.16106953848079125, -0.7328727539608978, 0.7741218934265782, 0.5833318889237387, 0.02846497197067043, -0.23513734480810392, -0.04086102410910581, -0.11764443656280768, 0.13143609707268059, 0.5092349961544003, 0.24240182047285, -0.4657807327562838, -0.12788721666732758, -0.10988291676841642, 0.14203506466554186, -0.22522130823072553, -0.6338538673905852, 0.7529267028168786, -0.06689698048097903, 0.5517601245072087, -0.528147954526532, -0.24693239916239657, -0.00523409509638891, 0.12025340639245789, -0.20166768818859018, -0.19164053659039904, 0.26782187571672217, -0.15215860839165096, 0.11822541389869962, -0.04413495032041783, 0.5166885028084435, -0.3303903888262879, -0.21589398079058392], [-0.16843038421330372, -0.47138111900733526, 0.5300830348155781, 0.1388403352282712, -0.5790598290598269, 0.49069632743001024, -0.1610695384807916, -0.647327628569313, 0.6922181253875066, -0.16106953848079136, 0.8724297124919963, -0.828279247372467, 2.3404723136340695, -0.18726979007328012, -0.6672337015257254, 3.758664684688118, -0.24886519124886772, -0.9739542085300887, -0.18235722297072837, -0.6922181253875064, 0.7509813617567048, -0.18898223650461426, -0.5193346241987677, 0.5833769475794893, -0.2308002710855691, -0.17814485392592846, 0.2793708278138187, -0.12788721666732755, -0.3594429696448235, 0.39152124730035204, 0.8513860443007639, -0.6125717827400886, 0.24554580772954288, 0.6199999518389873, 0.3141497542698527, -0.647327628569313, 0.08357711971650349, 0.6160990068678038, -0.6537266358646229, 1.3861231599930703, 0.3026186750810316, -0.8408459999702633, 0.051160970721216885, -0.7655184192647995, 0.7536891516255957, 0.341213194227406, -0.4077006734628857, -0.0061883573604299795], [-0.16843038421330372, 0.6712211566587882, -0.6197399362567578, -0.10667001365098874, 0.28846153846153755, -0.22081334734350488, -0.06307618290156874, -0.552835172721108, 0.5674683026869102, -0.16106953848079134, 0.7792610729828253, -0.7343284070577276, -0.1889822365046143, 1.04467514273393, -0.9750244334066291, -0.16106953848079134, 0.009272175530881992, 0.043108250790153936, -0.18235722297072826, -0.6298432140372073, 0.6891400191416229, -0.10466708483332487, -0.800940587320398, 0.8311074878572968, -0.0201748488711163, -0.7943914659162177, 0.803058349153031, -0.12788721666732772, -0.4517801892090942, 0.4838311348752322, -0.1534474847286263, -0.29759692991273806, 0.3750154154414837, -0.09760531392587174, 0.6534740373807427, -0.615830143286578, -0.18083049538661658, 0.5852408528105215, -0.49976286401778486, -0.20166768818859052, 0.46027032018312625, -0.3747015522382356, -0.07421943639838502, -0.5804324466588594, 0.6280742930213299, -0.30804544752243307, -0.40770067346288635, 0.5638685618415398], [1.9864877667510228, -0.14440431516011398, -0.5118869071736608, 0.9620220932352028, -0.7704248366013045, 0.16314711653683206, 2.0870133248072626, -0.20265724810717142, -0.46355229080919835, 3.960415710880635, -1.0274797990675444, -0.22957291203344532, 1.4229250748582722, -0.36843816254492884, -0.15123159219597793, 0.9629718931632337, -0.6094982771911646, 0.28802586507499184, 2.1507425415077073, -0.13267847945100653, -0.6313545319921697, 2.390069461676003, -0.47332057793706334, -0.4093667616220139, 0.5745322256167508, 0.11185355171656065, -0.36391315168590493, 1.7420603211574621, 0.08413779100706474, -0.5225276394705162, 1.6957839678548734, -0.7607952428941358, 0.017070029414353177, 1.0948857894774968, -0.24836643698349548, -0.3230888094823348, 1.522265613659951, -0.69083457673473, -0.01975816355411081, 1.6196218141374328, 