{"clusters": [[0, 1, 2, 4, 5, 6, 7, 8, 10, 11, 14, 15, 18, 30, 33, 35, 36, 37, 38, 49, 51, 53, 55, 56, 57, 58, 59, 61, 65, 66, 67, 75, 76, 77, 78, 79, 82, 83, 84, 85, 86, 87, 89, 96, 99, 100, 106, 111, 113, 119, 120, 121, 122, 123, 125, 126, 132, 133, 134, 135, 136, 146, 148, 150, 151, 154, 155, 156, 158, 160, 162, 163, 164, 168, 171, 173, 190, 191, 195, 197, 206, 211, 214, 215, 217, 223, 224, 225, 228, 230, 231, 233, 235, 247, 250, 251, 253, 256, 257, 266, 275, 276, 278, 279, 282, 283, 295, 296, 303, 304, 305, 306, 308, 310, 313, 324, 325, 327, 330, 335, 339, 340, 346, 347, 356, 357, 359, 363, 364, 365, 369, 372, 374, 375, 377, 378, 379, 382, 384, 385, 388, 390, 392, 394, 397, 399, 400, 401, 403, 404, 405, 407, 409, 410, 412, 416, 430, 432, 434], [9, 12, 17, 21, 22, 23, 24, 25, 32, 34, 40, 41, 42, 43, 46, 47, 48, 52, 60, 62, 68, 69, 70, 90, 108, 109, 110, 114, 124, 130, 139, 149, 170, 172, 174, 175, 176, 179, 180, 182, 185, 187, 189, 193, 200, 201, 203, 208, 210, 218, 220, 227, 236, 238, 244, 246, 252, 254, 255, 259, 260, 262, 263, 264, 265, 268, 269, 270, 272, 297, 301, 312, 317, 318, 319, 321, 329, 331, 333, 337, 338, 348, 355, 371, 414, 418, 419, 426, 428, 429, 431], [16, 54, 74, 80, 81, 88, 98, 101, 102, 104, 131, 137, 138, 144, 145, 147, 153, 169, 192, 196, 205, 216, 226, 234, 237, 267, 280, 286, 289, 290, 291, 292, 293, 294, 299, 307, 309, 311, 316, 320, 322, 323, 336, 358, 360, 361, 362, 381, 387, 393, 402, 406, 408, 411], [28, 73, 97, 103, 117, 140, 141, 142, 161, 166, 167, 188, 204, 207, 229, 239, 240, 242, 273, 274, 277, 281, 300, 302, 314, 315, 343, 345, 349, 351, 353, 413, 420, 427, 433], [3, 13, 94, 112, 115, 128, 152, 157, 159, 165, 194, 213, 221, 243, 271, 284, 285, 287, 288, 334, 341, 342, 350, 352, 354, 367, 368, 370, 373, 380, 383, 386, 396, 398, 415, 421, 422, 423, 424], [95, 107, 129, 183, 248, 261], [19, 20, 26, 27, 29, 31, 39, 44, 45, 50, 63, 64, 71, 72, 91, 92, 93, 105, 116, 118, 127, 143, 177, 178, 181, 184, 186, 198, 199, 202, 209, 212, 219, 222, 232, 241, 245, 249, 258, 298, 326, 328, 332, 344, 366, 376, 389, 391, 395, 417, 425]], "centers": [[0.012578616352201259, 0.8176100628930818, 0.16981132075471697, 0.10062893081761007, 0.3333333333333333, 0.5660377358490566, 0.025157232704402517, 0.8553459119496856, 0.11949685534591195, 0.012578616352201259, 0.1069182389937107, 0.8805031446540881, 0.018867924528301886, 0.0, 0.9811320754716981, 0.006289308176100629, 0.031446540880503145, 0.9622641509433962, 0.025157232704402517, 0.9433962264150944, 0.031446540880503145, 0.03773584905660377, 0.949685534591195, 0.012578616352201259, 0.006289308176100629, 0.9622641509433962, 0.031446540880503145, 0.0, 0.5283018867924528, 0.4716981132075472, 0.0440251572327044, 0.6981132075471698, 0.2578616352201258, 0.06918238993710692, 0.11320754716981132, 0.8176100628930818, 0.0440251572327044, 0.06918238993710692, 0.8867924528301887, 0.031446540880503145, 0.018867924528301886, 0.949685534591195, 0.0440251572327044, 0.8930817610062893, 0.06289308176100629, 0.14465408805031446, 0.3710691823899371, 0.48427672955974843], [0.02197802197802198, 0.1978021978021978, 0.7802197802197802, 0.16483516483516483, 0.5384615384615384, 0.2967032967032967, 0.02197802197802198, 0.01098901098901099, 0.967032967032967, 0.0, 0.978021978021978, 0.02197802197802198, 0.03296703296703297, 0.9560439560439561, 0.01098901098901099, 0.02197802197802198, 0.9120879120879121, 0.06593406593406594, 0.01098901098901099, 0.02197802197802198, 0.967032967032967, 0.0, 0.0, 1.0, 0.02197802197802198, 0.02197802197802198, 0.9560439560439561, 0.02197802197802198, 0.6043956043956044, 0.37362637362637363, 0.03296703296703297, 0.967032967032967, 0.0, 0.03296703296703297, 0.945054945054945, 0.02197802197802198, 0.04395604395604396, 0.8681318681318682, 0.08791208791208792, 0.02197802197802198, 0.9010989010989011, 0.07692307692307693, 0.06593406593406594, 0.17582417582417584, 0.7582417582417582, 0.3516483516483517, 0.0, 0.6483516483516484], [0.05555555555555555, 0.3888888888888889, 0.5555555555555556, 0.07407407407407407, 0.6481481481481481, 0.2777777777777778, 0.037037037037037035, 0.1111111111111111, 0.8518518518518519, 0.037037037037037035, 0.9444444444444444, 0.018518518518518517, 0.037037037037037035, 0.7777777777777778, 0.18518518518518517, 0.0, 0.09259259259259259, 0.9074074074074074, 0.05555555555555555, 0.2037037037037037, 0.7407407407407407, 0.018518518518518517, 0.1111111111111111, 0.8703703703703703, 0.1111111111111111, 0.14814814814814814, 0.7407407407407407, 0.0, 0.25925925925925924, 0.7407407407407407, 0.018518518518518517, 0.5185185185185185, 0.46296296296296297, 0.018518518518518517, 0.6851851851851852, 0.2962962962962963, 0.037037037037037035, 0.5185185185185185, 0.4444444444444444, 0.0, 0.16666666666666666, 0.8333333333333334, 0.037037037037037035, 0.6666666666666666, 0.2962962962962963, 0.35185185185185186, 0.018518518518518517, 0.6296296296296297], [0.0, 0.6285714285714286, 0.37142857142857144, 0.05714285714285714, 0.7428571428571429, 0.2, 0.0, 0.6, 0.4, 0.0, 0.11428571428571428, 0.8857142857142857, 0.0, 0.05714285714285714, 0.9428571428571428, 0.0, 0.22857142857142856, 0.7714285714285715, 0.05714285714285714, 0.0, 0.9428571428571428, 0.08571428571428572, 0.42857142857142855, 0.4857142857142857, 0.05714285714285714, 0.6285714285714286, 0.3142857142857143, 0.02857142857142857, 0.34285714285714286, 0.6285714285714286, 0.02857142857142857, 0.8571428571428571, 0.11428571428571428, 0.05714285714285714, 0.3142857142857143, 0.6285714285714286, 0.08571428571428572, 0.3142857142857143, 0.6, 0.02857142857142857, 0.0, 0.9714285714285714, 0.11428571428571428, 0.6285714285714286, 0.2571428571428571, 0.08571428571428572, 0.02857142857142857, 0.8857142857142857], [0.0, 0.7692307692307693, 0.23076923076923078, 0.1282051282051282, 0.1282051282051282, 0.7435897435897436, 0.0, 0.05128205128205128, 0.9487179487179487, 0.07692307692307693, 0.8974358974358975, 0.02564102564102564, 0.10256410256410256, 0.6153846153846154, 0.28205128205128205, 0.07692307692307693, 0.02564102564102564, 0.8974358974358975, 0.02564102564102564, 0.3333333333333333, 0.6410256410256411, 0.02564102564102564, 0.1282051282051282, 0.8461538461538461, 0.10256410256410256, 0.38461538461538464, 0.5128205128205128, 0.0, 0.4358974358974359, 0.5641025641025641, 0.10256410256410256, 0.1794871794871795, 0.717948717948718, 0.10256410256410256, 0.8717948717948718, 0.02564102564102564, 0.07692307692307693, 0.5897435897435898, 0.3333333333333333, 0.07692307692307693, 0.8205128205128205, 0.10256410256410256, 0.10256410256410256, 0.20512820512820512, 0.6923076923076923, 0.23076923076923078, 0.0, 0.7692307692307693], [0.5, 0.16666666666666666, 0.3333333333333333, 0.6666666666666666, 0.3333333333333333, 0.0, 0.5, 0.0, 0.5, 0.5, 0.5, 0.0, 0.5, 0.3333333333333333, 0.16666666666666666, 0.6666666666666666, 0.16666666666666666, 0.16666666666666666, 0.5, 0.16666666666666666, 0.3333333333333333, 0.6666666666666666, 0.0, 0.3333333333333333, 0.6666666666666666, 0.0, 0.3333333333333333, 0.5, 0.5, 0.0, 0.8333333333333334, 0.0, 0.16666666666666666, 1.0, 0.0, 0.0, 0.8333333333333334, 0.16666666666666666, 0.0, 0.8333333333333334, 0.0, 0.16666666666666666, 0.8333333333333334, 0.0, 0.16666666666666666, 0.8333333333333334, 0.0, 0.16666666666666666], [0.0392156862745098, 0.27450980392156865, 0.6862745098039216, 0.0392156862745098, 0.43137254901960786, 0.5294117647058824, 0.0, 0.09803921568627451, 0.9019607843137255, 0.0196078431372549, 0.9411764705882353, 0.0392156862745098, 0.0, 1.0, 0.0, 0.0196078431372549, 0.9607843137254902, 0.0196078431372549, 0.0, 0.09803921568627451, 0.9019607843137255, 0.0, 0.0196078431372549, 0.9803921568627451, 0.058823529411764705, 0.11764705882352941, 0.8235294117647058, 0.0196078431372549, 0.5294117647058824, 0.45098039215686275, 0.0, 0.0, 1.0, 0.0784313725490196, 0.9215686274509803, 0.0, 0.0196078431372549, 0.9411764705882353, 0.0392156862745098, 0.0196078431372549, 0.8627450980392157, 0.11764705882352941, 0.0, 0.17647058823529413,