{"clusters": [[0, 1, 6, 7, 8, 10, 11, 14, 15, 18, 30, 33, 35, 36, 37, 38, 49, 51, 53, 55, 56, 57, 58, 59, 61, 65, 66, 67, 79, 82, 83, 84, 86, 87, 89, 99, 106, 111, 113, 119, 120, 121, 122, 123, 125, 126, 132, 133, 134, 135, 136, 146, 148, 150, 154, 155, 156, 158, 160, 163, 171, 173, 190, 191, 195, 197, 206, 211, 214, 215, 217, 223, 224, 225, 228, 230, 231, 233, 235, 247, 250, 251, 253, 256, 257, 266, 276, 278, 279, 282, 283, 295, 296, 303, 304, 305, 306, 308, 310, 313, 324, 325, 327, 330, 335, 339, 340, 346, 347, 356, 357, 359, 369, 372, 374, 375, 377, 378, 379, 388, 392, 399, 400, 401, 403, 404, 405, 407, 409, 410, 412, 416, 432, 434], [9, 12, 17, 21, 22, 23, 24, 25, 32, 34, 40, 41, 42, 43, 46, 47, 48, 52, 60, 62, 68, 69, 70, 90, 108, 109, 110, 114, 124, 130, 139, 149, 170, 174, 175, 179, 180, 182, 185, 187, 189, 193, 200, 201, 203, 208, 210, 218, 220, 227, 236, 238, 244, 246, 252, 254, 255, 259, 260, 262, 263, 264, 265, 268, 269, 270, 272, 301, 312, 317, 318, 319, 321, 329, 331, 333, 337, 338, 348, 355, 371, 414, 418, 419, 426, 428, 429, 431], [16, 74, 80, 81, 98, 104, 131, 137, 138, 144, 145, 147, 153, 169, 176, 192, 196, 205, 226, 234, 237, 267, 280, 286, 290, 291, 292, 307, 309, 311, 316, 320, 336, 358, 360, 361, 393, 402, 408, 411], [28, 73, 77, 117, 140, 141, 142, 161, 166, 167, 188, 204, 207, 229, 239, 240, 242, 273, 274, 277, 281, 300, 302, 314, 315, 343, 345, 349, 351, 353, 413, 420, 427, 430, 433], [13, 112, 115, 128, 152, 157, 159, 165, 172, 194, 213, 243, 271, 284, 285, 287, 293, 294, 297, 299, 334, 341, 342, 350, 352, 354, 362, 367, 368, 370, 380, 415, 421, 422, 423, 424], [107, 129, 183, 248, 261], [19, 20, 26, 27, 29, 31, 39, 44, 45, 50, 63, 64, 71, 72, 91, 92, 93, 105, 116, 118, 127, 143, 177, 178, 181, 184, 186, 198, 199, 202, 209, 212, 219, 222, 232, 241, 245, 249, 258, 298, 326, 328, 332, 344, 366, 376, 389, 391, 395, 417, 425], [2, 3, 4, 5, 54, 75, 76, 78, 85, 88, 94, 95, 96, 97, 100, 101, 102, 103, 151, 162, 164, 168, 216, 221, 275, 288, 289, 322, 323, 363, 364, 365, 373, 381, 382, 383, 384, 385, 386, 387, 390, 394, 396, 397, 398, 406]], "centers": [[0.0, 0.8880597014925373, 0.11194029850746269, 0.11194029850746269, 0.35074626865671643, 0.5373134328358209, 0.007462686567164179, 0.9477611940298507, 0.04477611940298507, 0.0, 0.022388059701492536, 0.9776119402985075, 0.007462686567164179, 0.0, 0.9925373134328358, 0.0, 0.03731343283582089, 0.9626865671641791, 0.022388059701492536, 0.9477611940298507, 0.029850746268656716, 0.04477611940298507, 0.9477611940298507, 0.007462686567164179, 0.007462686567164179, 0.9850746268656716, 0.007462686567164179, 0.0, 0.5074626865671642, 0.4925373134328358, 0.04477611940298507, 0.8059701492537313, 0.14925373134328357, 0.06716417910447761, 0.04477611940298507, 0.8880597014925373, 0.05223880597014925, 0.06716417910447761, 0.8805970149253731, 0.03731343283582089, 0.007462686567164179, 0.9552238805970149, 0.05223880597014925, 0.9029850746268657, 0.04477611940298507, 0.13432835820895522, 0.3880597014925373, 0.47761194029850745], [0.022727272727272728, 0.18181818181818182, 0.7954545454545454, 0.17045454545454544, 0.5454545454545454, 0.2840909090909091, 0.022727272727272728, 0.011363636363636364, 0.9659090909090909, 0.0, 0.9886363636363636, 0.011363636363636364, 0.03409090909090909, 0.9545454545454546, 0.011363636363636364, 0.022727272727272728, 0.9204545454545454, 0.056818181818181816, 0.011363636363636364, 0.022727272727272728, 0.9659090909090909, 0.0, 0.0, 1.0, 0.022727272727272728, 0.022727272727272728, 0.9545454545454546, 0.022727272727272728, 0.625, 0.3522727272727273, 0.03409090909090909, 0.9659090909090909, 0.0, 0.03409090909090909, 0.9431818181818182, 0.022727272727272728, 0.022727272727272728, 0.8863636363636364, 0.09090909090909091, 0.022727272727272728, 0.9090909090909091, 0.06818181818181818, 0.06818181818181818, 0.18181818181818182, 0.75, 0.3522727272727273, 0.0, 0.6477272727272727], [0.075, 0.475, 0.45, 0.1, 0.825, 0.075, 0.05, 0.15, 0.8, 0.05, 0.9, 0.05, 0.025, 0.95, 0.025, 0.0, 0.15, 0.85, 0.05, 0.125, 0.825, 0.0, 0.025, 0.975, 0.075, 0.075, 0.85, 0.0, 0.225, 0.775, 0.025, 0.625, 0.35, 0.025, 0.625, 0.35, 0.05, 0.625, 0.325, 0.0, 0.2, 0.8, 0.05, 0.625, 0.325, 0.25, 0.025, 0.725], [0.0, 0.6857142857142857, 0.3142857142857143, 0.05714285714285714, 0.7142857142857143, 0.22857142857142856, 0.0, 0.5428571428571428, 0.45714285714285713, 0.0, 0.05714285714285714, 0.9428571428571428, 0.0, 0.05714285714285714, 0.9428571428571428, 0.0, 0.22857142857142856, 0.7714285714285715, 0.02857142857142857, 0.05714285714285714, 0.9142857142857143, 0.08571428571428572, 0.4, 0.5142857142857142, 0.02857142857142857, 0.6, 0.37142857142857144, 0.02857142857142857, 0.3142857142857143, 0.6571428571428571, 0.02857142857142857, 0.8571428571428571, 0.11428571428571428, 0.05714285714285714, 0.2571428571428571, 0.6857142857142857, 0.08571428571428572, 0.2571428571428571, 0.6571428571428571, 0.02857142857142857, 0.0, 0.9714285714285714, 0.08571428571428572, 0.6571428571428571, 0.2571428571428571, 0.08571428571428572, 0.0, 0.9142857142857143], [0.0, 0.7777777777777778, 0.2222222222222222, 0.1111111111111111, 0.1111111111111111, 0.7777777777777778, 0.0, 0.05555555555555555, 0.9444444444444444, 0.05555555555555555, 0.9166666666666666, 0.027777777777777776, 0.08333333333333333, 0.8333333333333334, 0.08333333333333333, 0.08333333333333333, 0.05555555555555555, 0.8611111111111112, 0.027777777777777776, 0.1111111111111111, 0.8611111111111112, 0.027777777777777776, 0.05555555555555555, 0.9166666666666666, 0.1111111111111111, 0.2222222222222222, 0.6666666666666666, 0.0, 0.3055555555555556, 0.6944444444444444, 0.08333333333333333, 0.2222222222222222, 0.6944444444444444, 0.1111111111111111, 0.8333333333333334, 0.05555555555555555, 0.1388888888888889, 0.5, 0.3611111111111111, 0.08333333333333333, 0.7777777777777778, 0.1388888888888889, 0.08333333333333333, 0.1388888888888889, 0.7777777777777778, 0.25, 0.0, 0.75], [0.6, 0.2, 0.2, 0.8, 0.2, 0.0, 0.6, 0.0, 0.4, 0.6, 0.4, 0.0, 0.6, 0.4, 0.0, 0.8, 0.2, 0.0, 0.6, 0.0, 0.4, 0.6, 0.0, 0.4, 0.6, 0.0, 0.4, 0.6, 0.4, 0.0, 1.0, 0.0, 0.0, 1.0, 0.0, 0.0, 0.8, 0.2, 0.0, 0.8, 0.0, 0.2, 1.0, 0.0, 0.0, 1.0, 0.0, 0.0], [0.0392156862745098, 0.27450980392156865, 0.6862745098039216, 0.0392156862745098, 0.43137254901960786, 0.5294117647058824, 0.0, 0.09803921568627451, 0.9019607843137255, 0.0196078431372549, 0.9411764705882353, 0.0392156862745098, 0.0, 1.0, 0.0, 0.0196078431372549, 0.9607843137254902, 0.0196078431372549, 0.0, 0.09803921568627451, 0.9019607843137255, 0.0, 0.0196078431372549, 0.9803921568627451, 0.058823529411764705, 0.11764705882352941, 0.8235294117647058, 0.0196078431372549, 0.5294117647058824, 0.45098039215686275, 0.0, 0.0, 1.0, 0.0784313725490196, 0.9215686274509803, 0.0, 0.0196078431372549, 0.9411764705882353, 0.0392156862745098, 0.0196078431372549, 0.8627450980392157, 0.11764705882352941, 0.0, 0.17647058823529413, 0.8235294117647058, 0.2549019607843137, 0.0196078431372549, 0.7254901960784313], [0.043478260869565216, 0.32608695652173914, 0.6304347826086957, 0.043478260869565216, 0.2608695652173913, 0.6956521739130435, 0.06521739130434782, 0.2391304347826087, 0.6956521739130435, 0.06521739130434782, 0.782608695652174, 0.15217391304347827, 0.08695652173913043, 0.021739130434782608, 0.8913043478260869, 0.021739130434782608, 0.0, 0.9782608695652174, 0.06521739130434782, 0.8043478260869565, 0.13043478260869565, 0.043478260869565216, 0.717391304347826, 0.2391304347826087, 0.10869565217391304, 0.7391304347826086, 0.15217391304347827, 0.0, 0.6304347826086957, 0.3695652173913043, 0.043478260869565216, 0.17391304347826086, 0.782608695652174, 0.06521739130434782, 0.717391304347826, 0.21739130434782608, 0.021739130434782608, 0.2826086956521739, 0.6956521739130435, 0.021739130434782608, 0.1956521739130435, 0.782608695652174, 0.043478260869565216, 0.7391304347826086, 0.21739130434782608, 0.32608695652173914, 0.17391304347826086, 0.5]]}