{"clusters": [[0, 1, 6, 7, 8, 10, 11, 14, 15, 18, 28, 30, 33, 35, 36, 37, 38, 49, 51, 53, 55, 56, 57, 58, 59, 61, 65, 66, 67, 73, 75, 76, 77, 79, 82, 83, 84, 85, 86, 87, 89, 96, 99, 100, 106, 111, 113, 117, 119, 120, 121, 122, 123, 125, 126, 132, 133, 134, 135, 136, 141, 142, 146, 148, 150, 151, 154, 155, 156, 158, 160, 161, 163, 164, 168, 171, 173, 190, 191, 195, 197, 204, 206, 207, 211, 214, 215, 217, 223, 224, 225, 228, 229, 230, 231, 233, 235, 239, 240, 247, 250, 251, 253, 256, 257, 266, 273, 274, 275, 276, 277, 278, 279, 282, 283, 296, 300, 302, 303, 304, 305, 306, 308, 310, 313, 314, 316, 324, 325, 327, 330, 335, 339, 340, 343, 345, 346, 347, 349, 353, 356, 357, 359, 363, 364, 365, 369, 372, 374, 375, 378, 379, 382, 384, 385, 388, 392, 399, 401, 403, 404, 405, 407, 409, 410, 412, 416, 427, 430, 432, 434], [9, 12, 17, 19, 22, 23, 24, 25, 26, 27, 29, 31, 32, 34, 40, 41, 42, 43, 44, 45, 46, 47, 48, 50, 52, 60, 62, 63, 64, 68, 69, 70, 72, 90, 105, 108, 109, 114, 116, 124, 139, 174, 179, 182, 185, 187, 189, 193, 199, 200, 201, 203, 208, 218, 220, 222, 227, 232, 236, 237, 238, 244, 246, 249, 252, 254, 255, 259, 260, 262, 263, 264, 265, 267, 268, 269, 270, 272, 312, 317, 318, 319, 321, 326, 328, 329, 331, 332, 333, 337, 338, 348, 355, 366, 376, 389, 391, 414, 418, 419, 426], [13, 54, 80, 81, 102, 103, 144, 170, 196, 216, 281, 286, 290, 294, 307, 323, 358, 361, 380, 381, 387, 390], [115, 130, 159, 166, 167, 234, 242, 261, 291, 351, 354, 370, 371, 429], [39, 71, 74, 91, 92, 93, 98, 110, 112, 118, 127, 128, 131, 137, 138, 140, 145, 147, 149, 152, 153, 165, 169, 172, 175, 176, 177, 181, 184, 186, 192, 194, 202, 205, 209, 210, 212, 213, 219, 226, 241, 243, 245, 258, 271, 280, 284, 285, 292, 293, 298, 299, 301, 309, 311, 320, 334, 336, 344, 350, 352, 360, 362, 368, 411, 415, 417, 422, 423, 424, 425, 431], [2, 104, 107, 183, 248, 287, 295, 315, 322, 341, 373, 377, 393, 394, 395, 400, 433], [16, 21, 95, 129, 143, 157, 178, 180, 188, 198, 297, 402, 408, 413, 428], [3, 4, 5, 20, 78, 88, 94, 97, 101, 162, 221, 288, 289, 342, 367, 383, 386, 396, 397, 398, 406, 420, 421]], "centers": [[-0.1684303842133045, 0.5895938090057002, -0.5375967431281491, -0.053547891378868, -0.052712800519817714, 0.08636779371050664, -0.049322729486941025, 0.9551760086224707, -0.9300767180654271, -0.16106953848079167, -0.9927592305083429, 1.0525689593183096, -0.1569326174482762, -0.9338212149981212, 0.9905163807100119, -0.16106953848079167, -0.585689167639113, 0.6291458849708441, -0.14922213859634814, 0.8589474331922805, -0.7986686564048318, -0.060783760279261946, 1.0112916795779952, -0.9785206473737872, -0.20411283942097044, 0.8669517395078958, -0.7771917152389749, -0.12788721666732777, -0.0039536740513840115, 0.03613717720213076, -0.08880907058053684, 0.30196046538142907, -0.2702505095439051, -0.09515734274636192, -0.8629320890573976, 0.9312305519747773, -0.12130012590433516, -0.7508630807574106, 0.8057778914086257, -0.111135753862443, -0.7769724150625487, 0.8092871717282973, -0.09548278029586119, 0.6965886060482084, -0.6613144822133958, -0.300029908735398, 0.5792487497049104, -0.15342528093598773], [-0.1684303842133038, -0.8703899415238682, 0.9316134006837616, 0.05862408262415671, 0.10808580858085767, -0.14485364035089524, -0.16106953848079175, -0.7034617607563651, 0.7477997295610399, -0.1610695384807915, 0.8324563688081921, -0.7879703059833035, -0.1889822365046143, 1.0248542465377766, -0.9552161189786509, -0.0980045076624797, 1.2606633459223149, -1.2099680836817528, -0.18235722297072832, -0.7678708644014821, 0.8259869505720251, -0.1889822365046143, -0.8322301387783569, 0.8930401229267485, -0.004881913924852289, -0.8493045303509957, 0.8512485811691037, -0.04920130542222495, 0.4907908342638069, -0.47826333694480166, -0.13283915916861755, 0.2777779250045506, -0.2255441015193507, -0.12306490668815626, 0.8119882614442459, -0.7642737372923382, -0.20439156999976588, 0.9200976532737014, -0.8229343455180789, -0.20166768818859032, 1.0861941784597597, -0.9916121909859043, -0.060564144533873945, -0.6173885567006403, 0.6588561519367317, 0.2983578383363277, -0.37937908404155807, 0.011057589040069603], [0.10909695341088989, -0.7240450128892791, 0.6925273120555271, -0.062031768400214314, 0.11805555555555508, -0.07879264150926545, -0.16106953848079153, -0.5256327990678369, 0.571721137551703, -0.1610695384807914, 0.7806727190359958, -0.7357519046382547, 0.3092436597348234, 0.13471581736496827, -0.2475190671426772, -0.1610695384807914, -0.5422031080440375, 0.586312064290738, 1.6204925950353357, -0.5717211375517027, -0.00798057033747377, -0.1889822365046143, -0.3699981286039634, 0.4355831593455708, 1.2212386244837652, -0.584307393646801, 0.048332215458284165, 0.23335264859427945, -0.15658089635968347, 0.09780796865300735, -0.2252213082307254, -0.3119139686776177, 0.4220952727912804, -0.10032351569013241, 0.2019764375389798, -0.1533897911809683, -0.2469323991623966, 0.34959676728218625, -0.23382543991869936, -0.20166768818859018, -0.521469469770825, 0.5929013165388529, -0.0770689911056486, 0.2019764375389798, -0.16701066428067185, 1.3577292494923057, -0.2776788311195167, -0.9922716645658578], [-0.16843038421330372, -0.22874357012070673, 0.28591213362261103, 0.10376742824551975, 0.26190476190476086, -0.32687690134700986, -0.1610695384807916, -0.6585767304560042, 0.7033565024143457, -0.16106953848079136, 0.43986102905656493, -0.39207891733975125, 2.1597969886241635, -0.3852609399887248, -0.40341307419923794, 1.2038379142298103, -0.43324902466297427, 0.03629756467863451, -0.18235722297072837, -0.8481554037632523, 0.905584718294408, -0.18898223650461426, -0.6869572212949765, 0.7492679343726633, -0.23080027108556908, -0.3762241220656644, 0.4774039241185627, -0.12788721666732755, -0.5463159140010853, 0.5783388769161801, 0.7744855191199432, 0.0736234323480679, -0.424921803635865, 1.3888627365870505, -0.6443311752966243, -0.07362343234806781, -0.2469323991623966, 0.9357013167467968, -0.8186878199862357, 0.9041152239379233, -0.06898877408819064, -0.2859121336226111, 0.028771612307002262, -0.7875524636226494, 0.7873359887517383, 0.27680261468873124, -0.4077006734628857, 0.0503649084334162], [-0.16843038421330372, 0.3885729210491876, -0.33530550009434434, -0.1748673327841166, 0.25790895061728314, -0.1473422396223265, -0.07260331469399323, -0.605768446599038, 0.6229126683316193, -0.1610695384807914, 0.760282276045772, -0.71519027291954, -0.1889822365046143, 1.0446751427339307, -0.9750244334066294, -0.07260331469399307, 0.19928995941041971, -0.17275266179994972, -0.1823572229707282, -0.6510680102605726, 0.7101832537814768, -0.11286439124581132, -0.7757351153125978, 0.8091730129368659, -0.04065232047529919, -0.7537363074863027, 0.7713975022746801, -0.12788721666732764, -0.5582244839845732, 0.5902439219407182, -0.16042549534688597, -0.5032055143972584, 0.5894494532143862, -0.22302012310468391, 0.7918600770837952, -0.6910741359064452, -0.12758173956723823, 0.5218102028038861, -0.46127192105607523, -0.12999657351372365, 0.508441656186544, -0.4502342173799996, -0.09250407910332706, -0.5448719472924404, 0.6010322054051339, -0.4302824140247175, -0.40770067346288646, 0.6711940929258619], [1.6273347415903008, -0.14440431516011398, -0.39306577343804583, 0.7742788852687098, -0.7704248366013045, 0.2814287760260353, 2.0870133248072626, -0.3230888094823348, -0.3443061367571574, 3.960415710880635, -1.0274797990675444, -0.22957291203344526, 1.4229250748582722, -0.36843816254492884, -0.15123159219597793, 0.9629718931632337, -0.6094982771911646, 0.28802586507499184, 1.8174425751536452, -0.013432325398965569, -0.6313545319921697, 2.712450923948581, -0.5929570982174946, -0.4093667616220139, 0.5745322256167508, 0.11185355171656071, -0.36391315168590493, 1.7420603211574621, 0.08413779100706469, -0.5225276394705162, 1.6957839678548734, -0.7607952428941358, 0.017070029414353177, 1.0948857894774968, -0.1304194936561805, -0.44352037085749824, 1.522265613659951, -0.8088216363655143, 0.09797883844641288, 1.6196218141374328, 