{"clusters": [[0, 1, 6, 7, 8, 10, 11, 14, 15, 18, 28, 30, 33, 35, 36, 37, 38, 49, 51, 53, 55, 56, 57, 58, 59, 61, 65, 66, 67, 75, 76, 77, 79, 82, 83, 84, 85, 86, 87, 89, 96, 99, 100, 106, 111, 113, 117, 119, 120, 121, 122, 123, 125, 126, 132, 133, 134, 135, 136, 141, 142, 146, 148, 150, 151, 154, 155, 156, 158, 160, 161, 163, 164, 168, 171, 173, 190, 191, 195, 197, 204, 206, 207, 211, 214, 215, 217, 223, 224, 225, 228, 229, 230, 231, 233, 235, 240, 247, 250, 251, 253, 256, 257, 266, 273, 275, 276, 278, 279, 282, 283, 296, 300, 302, 303, 304, 305, 306, 308, 310, 313, 314, 316, 324, 325, 327, 330, 335, 339, 340, 346, 347, 349, 353, 356, 357, 359, 363, 364, 365, 369, 372, 374, 375, 378, 379, 382, 384, 385, 388, 392, 399, 401, 403, 404, 405, 407, 409, 410, 412, 416, 427, 430, 432, 434], [9, 12, 17, 19, 22, 23, 24, 25, 26, 27, 29, 31, 32, 34, 39, 40, 41, 42, 43, 44, 45, 46, 47, 48, 50, 52, 62, 63, 68, 69, 70, 71, 72, 90, 91, 93, 98, 105, 108, 109, 114, 116, 124, 139, 174, 179, 182, 187, 189, 193, 199, 201, 203, 209, 218, 220, 222, 227, 232, 236, 237, 238, 244, 245, 246, 249, 252, 254, 255, 259, 260, 262, 263, 264, 265, 267, 268, 269, 270, 272, 307, 312, 317, 318, 319, 321, 326, 328, 329, 331, 332, 333, 337, 338, 348, 355, 366, 376, 389, 391, 414, 417, 418, 419, 426], [54, 80, 144, 170, 286, 289, 290, 294, 323, 358, 380, 381, 386, 387, 390], [13, 60, 64, 92, 115, 130, 159, 177, 185, 208, 261, 291, 354, 370, 371, 429], [74, 81, 110, 112, 118, 127, 128, 131, 137, 138, 140, 145, 147, 149, 152, 153, 165, 169, 172, 175, 176, 181, 184, 186, 192, 194, 196, 200, 202, 205, 210, 212, 213, 219, 226, 234, 241, 243, 258, 271, 280, 284, 285, 292, 293, 298, 299, 301, 309, 311, 320, 334, 336, 344, 350, 352, 360, 362, 368, 411, 415, 422, 423, 425, 431], [2, 104, 107, 183, 248, 287, 295, 315, 322, 341, 373, 377, 393, 394, 395, 400, 433], [16, 21, 95, 129, 143, 157, 178, 180, 188, 198, 297, 402, 408, 413, 428], [3, 4, 5, 20, 78, 88, 162, 221, 288, 342, 367, 383, 396, 397, 398, 421, 424], [73, 94, 97, 101, 102, 103, 166, 167, 216, 239, 242, 274, 277, 281, 343, 345, 351, 361, 406, 420]], "centers": [[-0.16843038421330447, 0.6019725338911444, -0.5500536955857053, -0.04268852879154509, -0.09553872053872, 0.12228617962237938, -0.04525920915989191, 0.9695432826110865, -0.9455958347650231, -0.16106953848079164, -0.9871786882162819, 1.0469415653742402, -0.15576717675531845, -0.9329697910679513, 0.98924005550604, -0.16106953848079164, -0.6184709664107838, 0.6614359959450763, -0.14801722643727971, 0.9210238999906634, -0.8606415063938949, -0.05612199750743095, 1.0166979019192162, -0.9855831408466192, -0.20314238736043952, 0.8844136982633889, -0.7950754058072713, -0.12788721666732772, 0.03135798992517027, 0.0008359655440427426, -0.08384862557507543, 0.2836748439413724, -0.2536968462505921, -0.08854464137833559, -0.9160176192120516, 0.9819513828739821, -0.11673167960404202, -0.8052462709221581, 0.857917669540702, -0.1078436835233104, -0.7761007632235999, 0.8071394213045804, -0.08941706150379117, 0.7245171379769623, -0.6927849777568622, -0.29055699925981116, 0.6151378196382847, -0.18757010437923874], [-0.1684303842133039, -0.9169518905991418, 0.9784695988244823, 0.04297438947541742, 0.1084656084656081, -0.13537326217401427, -0.16106953848079175, -0.7073228386316648, 0.7516228028639818, -0.16106953848079153, 0.8147538880339369, -0.7701192033681035, -0.1889822365046143, 1.0256093282976304, -0.9559707214330502, -0.16106953848079153, 1.2446438594053961, -1.1737343344679922, -0.18235722297072834, -0.7709293230438354, 0.8290192464852585, -0.1889822365046143, -0.8128604164472395, 0.8738704977862041, -0.013488327530974837, -0.8530816194391021, 0.8588009984832561, -0.0521988639458479, 0.396842828691107, -0.3835887610664952, -0.13635847913288832, 0.18086487033452286, -0.12436735716171664, -0.23998731110143903, 0.873814480959243, -0.7658181684424579, -0.20601217301548513, 0.887944649753384, -0.7900945480718226, -0.2016676881885903, 1.0728595697226946, -0.9784695988244826, -0.06824894082126115, -0.55839840230101, 0.6026522383038002, 0.2656381142353613, -0.38045800173379907, 0.04056234236248282], [0.2386097109688469, -0.5537308325688577, 0.4782892072897972, 0.2861465445558274, -0.3518518518518505, 0.17103256050277896, -0.16106953848079159, -0.5318368491992848, 0.5778641212452928, -0.16106953848079136, 0.8724297124919963, -0.8282792473724672, 0.5417490779798942, 0.11045023535512927, -0.3081445143313397, -0.1610695384807914, -0.5930483469552003, 0.6363946853936289, 2.084082548236895, -0.30757283872733326, -0.4343110383656853, -0.18898223650461426, -0.696642082460535, 0.7588527469429354, 0.3776731708672949, -0.28085262259097676, 0.11507670347210527, 0.40193125238302946, -0.3081445143313397, 0.20690147215059257, -0.2252213082307253, -0.5600759739355302, 0.6771111667693457, -0.2770066303670863, 0.262736984101536, -0.12236954052372923, -0.2469323991623966, 0.14294064465614562, -0.027607297020812386, -0.20166768818859018, -0.3910485633681834, 0.46435845367941475, -0.26229004707778764, 0.5300833889767832, -0.4082482904638644, 1.471404163199348, -0.4077006734628857, -0.9985096611564515], [-0.16843038421330372, -0.46173076194934437, 0.5203716921544941, 0.04677395439854871, -0.13368055555555505, 0.10400628679223045, -0.16106953848079159, -0.8048150549829883, 0.8481554037632525, -0.16106953848079136, 0.8724297124919963, -0.8282792473724672, 1.8661995854830662, 0.2939586993045368, -0.9750244334066274, 1.4313224896815777, 0.1847249170139928, -0.6461899394132137, -0.18235722297072834, -0.8481554037632523, 0.905584718294408, -0.18898223650461426, -0.8322301387783573, 0.8930401229267472, 0.05442165482983596, -0.698102932792735, 0.674061790587857, -0.12788721666732755, -0.4748644941001616, 0.5069086067689517, 0.6495221657011097, -0.21885321670590052, -0.06801339844781387, 2.1523861964410305, -0.4474019038483394, -0.6768565210218772, -0.2469323991623966, 1.0789713177270348, -0.9616541795583001, 1.0884123759590087, 0.6080687374663394, -1.0253615105308576, -0.007611095116096488, -0.6980391584188836, 0.7144345083117625, 0.3186694913888698, -0.4077006734628857, 0.013605285667416187], [-0.16843038421330372, 0.5785777289020753, -0.5265110467103521, -0.1557720834268408, 0.35042735042734924, -0.2517485505945272, -0.06307618290156876, -0.584332658003843, 0.5986557583620592, -0.16106953848079134, 0.7792610729828253, -0.7343284070577276, -0.1889822365046143, 1.04467514273393, -0.9750244334066291, -0.16106953848079134, 0.07380651722581939, -0.020458152917361253, -0.18235722297072826, -0.6298432140372073, 0.6891400191416228, -0.10466708483332487, -0.800940587320398, 0.8311074878572968, 0.05003362520036817, -0.7635791353167033, 0.7414480525248883, -0.12788721666732772, -0.4517801892090942, 0.4838311348752322, -0.1534474847286263, -0.39208938576094327, 0.4721176212254393, -0.2770066303670865, 0.7151693615827228, -0.5843326580038432, -0.18083049538661658, 0.5543826987532396, -0.4689701096484172, -0.20166768818859052, 0.3972096621422884, -0.3125489592072985, -0.07421943639838505, -0.5804324466588594, 0.6280742930213299, -0.3441153720640907, -0.40770067346288635, 0.5955383906860938], [1.6273347415903008, -0.14440431516011398, -0.39306577343804583, 0.7742788852687098, -0.7704248366013045, 0.2814287760260353, 2.0870133248072626, -0.3230888094823348, -0.3443061367571574, 3.960415710880635, -1.0274797990675444, -0.22957291203344526, 1.4229250748582722, -0.36843816254492884, -0.15123159219597793, 0.9629718931632337, -0.6094982771911646, 0.28802586507499184, 1.8174425751536452, -0.013432325398965569, -0.6313545319921697, 2.712450923948581, -0.5929570982174946, -0.4093667616220139, 0.5745322256167508, 0.11185355171656071, -0.36391315168590493, 1.7420603211574621, 0.08413779100706469, -0.5225276394705162, 1.6957839678548734, -0.7607952428941358, 0.017070029414353177, 1.0948857894774968, -0.1304194936561805, -0.44352037085749824, 1.522265613659951, -0.8088216363655143, 0.09797883844641288, 1.6196218141374328, -0.3187142791448695, 