{"clusters": [[10, 15, 18, 30, 35, 38, 53, 55, 59, 61, 67, 75, 84, 113, 151, 154, 155, 156, 158, 191, 215, 217, 224, 247, 250, 251, 295, 304, 324, 330, 363, 365, 372, 375, 385, 399, 401, 403, 434], [13, 16, 74, 104, 112, 115, 127, 128, 131, 137, 138, 144, 145, 152, 153, 157, 159, 165, 167, 177, 181, 184, 192, 194, 196, 198, 202, 205, 210, 213, 226, 234, 271, 284, 285, 286, 292, 293, 299, 301, 311, 334, 336, 341, 344, 350, 352, 354, 362, 367, 368, 370, 386, 402, 411, 415, 421, 422, 423, 424, 425], [17, 22, 25, 32, 39, 42, 43, 68, 73, 81, 90, 91, 93, 98, 110, 124, 139, 140, 147, 149, 169, 172, 175, 176, 179, 182, 185, 189, 193, 200, 203, 208, 227, 236, 237, 241, 243, 244, 245, 246, 254, 255, 259, 260, 262, 265, 267, 269, 274, 280, 291, 309, 312, 317, 321, 333, 337, 338, 355, 360, 408, 418, 426, 428, 429, 431], [2, 3, 4, 5, 54, 76, 77, 78, 85, 88, 94, 95, 97, 100, 101, 102, 162, 164, 216, 221, 288, 289, 290, 294, 320, 322, 323, 342, 358, 361, 364, 373, 381, 382, 383, 384, 387, 394, 396, 397, 398, 406, 413, 420], [49, 79, 83, 86, 87, 99, 103, 119, 126, 134, 135, 168, 195, 256, 275, 276, 279, 282, 303, 305, 306, 308, 310, 316, 339, 347, 356, 357, 407, 409], [28, 36, 82, 89, 96, 111, 120, 121, 122, 125, 132, 133, 141, 142, 161, 166, 171, 173, 197, 204, 206, 207, 223, 235, 239, 240, 242, 257, 266, 273, 277, 278, 283, 296, 300, 302, 335, 340, 343, 345, 346, 351, 353, 359, 378, 379, 405, 410, 412, 427, 430, 433], [107, 183, 248], [9, 12, 24, 40, 41, 47, 52, 60, 62, 70, 80, 108, 109, 114, 129, 130, 170, 174, 178, 180, 187, 218, 220, 222, 238, 261, 263, 264, 268, 272, 281, 297, 307, 318, 319, 329, 331, 332, 348, 366, 371, 389, 393], [19, 20, 21, 23, 26, 27, 29, 31, 34, 44, 45, 46, 48, 50, 63, 64, 69, 71, 72, 92, 105, 116, 118, 143, 186, 199, 201, 209, 212, 219, 232, 249, 252, 258, 270, 287, 298, 326, 328, 376, 380, 391, 395, 414, 417, 419], [0, 1, 6, 7, 8, 11, 14, 33, 37, 51, 56, 57, 58, 65, 66, 106, 117, 123, 136, 146, 148, 150, 160, 163, 188, 190, 211, 214, 225, 228, 229, 230, 231, 233, 253, 313, 314, 315, 325, 327, 349, 369, 374, 377, 388, 390, 392, 400, 404, 416, 432]], "centers": [[-0.16843038421330372, 0.9182702973433554, -0.8683503083805056, -0.352180362530249, -0.8888888888888854, 1.1094003924504579, -0.1610695384807916, 1.242521488394789, -1.1790292151214443, -0.1610695384807913, -1.1462241435400158, 1.2073222927802065, -0.18898223650461426, -0.9572353730777872, 1.0256153238192356, -0.16106953848079136, -0.732872753960898, 0.7741218934265786, -0.18235722297072837, 1.1790292151214439, -1.104258916695732, -0.1889822365046142, 1.2015907059889768, -1.119770516830429, -0.23080027108556914, 1.0543483700546503, -0.9528351047490323, -0.1278872166673276, -0.9750244334066274, 1.0069204977995505, -0.22522130823072536, 0.8048150549829887, -0.7254762501100135, -0.27700663036708634, -1.0739950402747, 1.242521488394789, -0.2469323991623966, -0.9268086959962989, 1.0398748544506025, -0.20166768818859027, -0.8009428406336285, 0.8683503083805055, -0.26229004707778764, 0.931102996289654, -0.8164965809277287, -0.5605349193140373, 2.452779858091232, -1.2729815111425848], [-0.16843038421330372, 0.9182702973433554, -0.8683503083805056, -0.352180362530249, 1.1249999999999956, -0.901387818865997, -0.1610695384807916, -0.8048150549829883, 0.8481554037632525, -0.1610695384807913, 0.8724297124919961, -0.828279247372467, -0.18898223650461426, 1.0446751427339311, -0.9750244334066274, -0.16106953848079136, -0.732872753960898, 0.7741218934265786, -0.18235722297072837, -0.8481554037632522, 0.905584718294408, -0.1889822365046142, -0.8322301387783576, 0.8930401229267474, -0.23080027108556914, -0.9484531189137902, 1.0494995356656007, -0.1278872166673276, -0.9750244334066274, 1.0069204977995505, -0.22522130823072536, -1.2425214883947895, 1.3784048752090254, -0.27700663036708634, 0.931102996289654, -0.8048150549829883, -0.2469323991623966, 1.0789713177270346, -0.9616541795583003, -0.20166768818859027, 1.2485285456935975, -1.1516089651249486, -0.26229004707778764, -1.0739950402747, 1.224744871391593, -0.5605349193140373, -0.40770067346288574, 0.7855573637534168], [-0.16843038421330372, -1.0890039707187533, 1.1516089651249486, -0.352180362530249, 1.1249999999999956, -0.901387818865997, -0.1610695384807916, -0.8048150549829883, 0.8481554037632525, -0.1610695384807913, 0.8724297124919961, -0.828279247372467, -0.18898223650461426, 1.0446751427339311, -0.9750244334066274, -0.16106953848079136, 1.3644933511245667, -1.2917862270676648, -0.18235722297072837, -0.8481554037632522, 0.905584718294408, -0.1889822365046142, -0.8322301387783576, 0.8930401229267474, -0.23080027108556914, -0.9484531189137902, 1.0494995356656007, -0.1278872166673276, -0.9750244334066274, 1.0069204977995505, -0.22522130823072536, 0.8048150549829887, -0.7254762501100135, -0.27700663036708634, 0.931102996289654, -0.8048150549829883, -0.2469323991623966, 1.0789713177270346, -0.9616541795583003, -0.20166768818859027, 1.2485285456935975, -1.1516089651249486, -0.26229004707778764, -1.0739950402747, 1.224744871391593, -0.5605349193140373, -0.40770067346288574, 0.7855573637534168], [-0.16843038421330372, -1.0890039707187533, 1.1516089651249486, -0.352180362530249, -0.8888888888888854, 1.1094003924504579, -0.1610695384807916, -0.8048150549829883, 0.8481554037632525, -0.1610695384807913, 0.8724297124919961, -0.828279247372467, -0.18898223650461426, -0.9572353730777872, 1.0256153238192356, -0.16106953848079136, -0.732872753960898, 0.7741218934265786, -0.18235722297072837, 1.1790292151214439, -1.104258916695732, -0.1889822365046142, 1.2015907059889768, -1.119770516830429, -0.23080027108556914, 1.0543483700546503, -0.9528351047490323, -0.1278872166673276, -0.9750244334066274, 1.0069204977995505, -0.22522130823072536, -1.2425214883947895, 1.3784048752090254, -0.27700663036708634, 0.931102996289654, -0.8048150549829883, -0.2469323991623966, -0.9268086959962989, 1.0398748544506025, -0.20166768818859027, -0.8009428406336285, 0.8683503083805055, -0.26229004707778764, 0.931102996289654, -0.8164965809277287, -0.5605349193140373, -0.40770067346288574, 0.7855573637534168], [-0.16843038421330372, 0.9182702973433554, -0.8683503083805056, -0.352180362530249, 1.1249999999999956, -0.901387818865997, -0.1610695384807916, 1.242521488394789, -1.1790292151214443, -0.1610695384807913, -1.1462241435400158, 1.2073222927802065, -0.18898223650461426, -0.9572353730777872, 1.0256153238192356, -0.16106953848079136, -0.732872753960898, 0.7741218934265786, -0.18235722297072837, 1.1790292151214439, -1.104258916695732, -0.1889822365046142, 1.2015907059889768, -1.119770516830429, -0.23080027108556914, 1.0543483700546503, -0.9528351047490323, -0.1278872166673276, 1.0256153238192354, -0.9931270663228443, -0.22522130823072536, 0.8048150549829887, -0.7254762501100135, -0.27700663036708634, -1.0739950402747, 1.242521488394789, -0.2469323991623966, -0.9268086959962989, 1.0398748544506025, -0.20166768818859027, -0.8009428406336285, 0.8683503083805055, -0.26229004707778764, 0.931102996289654, -0.8164965809277287, -0.5605349193140373, 2.452779858091232, -1.2729815111425848], [-0.16843038421330372, 0.9182702973433554, -0.8683503083805056, -0.352180362530249, 1.1249999999999956, -0.901387818865997, -0.1610695384807916, 1.242521488394789, -1.1790292151214443, -0.1610695384807913, -1.1462241435400158, 1.2073222927802065, -0.18898223650461426, -0.9572353730777872, 1.0256153238192356, -0.16106953848079136, -0.732872753960898, 0.7741218934265786, -0.18235722297072837, 1.1790292151214439, -1.104258916695732, -0.1889822365046142, 1.2015907059889768, -1.119770516830429, -0.23080027108556914, 1.0543483700546503, -0.9528351047490323, -0.1278872166673276, -0.9750244334066274, 1.0069204977995505, -0.22522130823072536, 0.8048150549829887, -0.7254762501100135, -0.27700663036708634, -1.0739950402747, 1.242521488394789, -0.2469323991623966, -0.9268086959962989, 1.0398748544506025, -0.20166768818859027, -0.8009428406336285, 0.8683503083805055, -0.26229004707778764, 0.931102996289654, 