{"clusters": [[59, 60, 61, 64, 68, 70, 75, 77, 83, 86, 90, 91, 92, 96, 101, 105, 107, 112, 118, 119, 129, 130, 131, 132, 133, 134, 135, 136, 137, 138, 139, 140, 141, 142, 143, 144, 145, 146, 147, 148, 149, 150, 151, 152, 153, 154, 155, 156, 157, 159, 160, 161, 162, 163, 164, 165, 166, 167, 168, 169, 170, 171, 172, 173, 174, 175, 176, 177], [0, 1, 2, 3, 4, 5, 6, 7, 8, 9, 10, 11, 12, 13, 14, 15, 16, 17, 18, 19, 20, 21, 22, 23, 24, 25, 26, 27, 28, 29, 30, 31, 32, 33, 34, 35, 36, 37, 38, 39, 40, 41, 42, 43, 44, 45, 46, 47, 48, 49, 50, 51, 52, 53, 54, 55, 56, 57, 58, 62, 63, 65, 66, 67, 69, 71, 72, 73, 74, 76, 78, 79, 80, 81, 82, 84, 85, 87, 88, 89, 93, 94, 95, 97, 98, 99, 100, 102, 103, 104, 106, 108, 109, 110, 111, 113, 114, 115, 116, 117, 120, 121, 122, 123, 124, 125, 126, 127, 128, 158]], "centers": [[-0.05017396459054771, 0.999684075008369, -0.060374731904830746, -0.29876669738433015, 0.43942506438043766, -1.4502900884518528, -1.3345425065858914, 0.30737361332404833, -1.1404295917168459, 0.09599165595259598, -1.217264661875763, -1.2170813427979632, -0.2289436313086592], [0.5921638172216134, -0.4724834837690257, 0.15894572276984725, 0.30180328719399563, 0.018145020611759512, 0.6487642398033956, 0.9545016203437334, -0.8207192355765842, 0.4714878080721272, 0.018129059019466976, 0.3621772757786129, 1.2123202996001665, 0.5512573346498172]]}