{"clusters": [[63, 67, 74, 79, 80, 84, 93, 94, 97, 98, 99, 100, 102, 103, 104, 105, 106, 108, 109, 110, 111, 114, 116, 119, 120, 121, 122, 123, 124, 125, 126, 128, 129], [0, 3, 5, 6, 8, 9, 10, 13, 14, 18, 19, 20, 29, 39, 40, 42, 44, 46, 47, 48, 49, 50, 52, 54, 55, 56, 58, 66], [59, 60, 62, 64, 69, 72, 75, 76, 78, 82, 85, 86, 87, 88, 89, 90, 91, 92, 96, 101, 107, 112, 113, 115, 117, 127], [1, 2, 4, 7, 11, 12, 15, 16, 17, 21, 22, 23, 24, 25, 26, 27, 28, 30, 31, 32, 33, 34, 35, 36, 37, 38, 41, 43, 45, 51, 53, 57, 65, 71, 73, 81, 95], [61, 68, 70, 77, 118, 130, 131, 132, 133, 134, 135, 136, 137, 138, 139, 140, 141, 142, 144, 145, 146, 161, 162, 163, 167, 170], [83, 143, 147, 148, 149, 150, 151, 152, 153, 154, 155, 156, 157, 158, 159, 160, 164, 165, 166, 168, 169, 171, 172, 173, 174, 175, 176, 177]], "centers": [[-1.1495597834613636, -0.15830138281043532, -0.7183360959288647, 0.4519457833385771, -1.035055088809936, 0.4885310849747506, 0.6231926019723403, 0.06563943141676974, -0.42207509833262946, -0.9940847011112066, -0.42754369304857526, 0.9439561646840935, -1.174738271674649], [1.5062598913389207, -0.5712264297845827, -0.24314177746706322, -0.9593936804204882, 1.2819851519177938, 1.44993001394662, 0.9745809547904846, -0.8207192355765842, 0.7693421102070456, 0.5718186372106048, -0.07655659579204746, 0.9863294491445262, 0.7104820215801185], [-1.038385936609259, -0.6520161128882201, -0.20658836835461608, 0.9924587694590705, -0.6839883856693707, -0.8253807846201376, -0.3406154514717122, 0.5491077952313265, -0.054137430989494445, -1.1281813958293727, 1.634505503333527, -0.49673550697061114, -0.8021525042577439], [0.6292217661723143, -0.48146011522498544, 1.0362275414685576, -0.14862420123974868, 0.7202784268928897, 0.08794819790313836, 0.5027165952918337, -0.5789850536693061, -0.08917911359360259, -0.3711839256461765, 0.6254175987210091, 0.3648546103915165, 1.1085437389058719], [-0.05017396459054771, 0.999684075008369, -0.060374731904830746, -0.29876669738433015, 0.43942506438043766, -1.4502900884518528, -1.3345425065858914, 0.30737361332404833, -1.1404295917168459, 0.09599165595259598, -1.217264661875763, -1.2170813427979632, -0.2289436313086592], [0.3945214228178712, 0.8111748144332148, 0.049285495432507445, 0.6020882794831586, -0.5435617044131447, -0.5850310523771705, -1.274304503245638, 0.7102639165028455, -0.5972835113531701, 1.4542614024527307, -1.787618694917621, -1.4006989087931705, -0.30855597477380986]]}