{"clusters": [[74, 79, 94, 102, 103, 104, 105, 106, 108, 109, 110, 111, 114, 116, 119, 120, 121, 122, 123, 124, 125, 126, 128, 129], [1, 2, 4, 7, 11, 12, 15, 17, 21, 22, 23, 24, 25, 26, 27, 28, 30, 32, 33, 34, 35, 36, 37, 41, 43, 45, 51, 57, 73, 95], [61, 68, 70, 77, 118, 130, 131, 132, 133, 134, 135, 136, 141, 144, 145, 146, 163, 167, 170], [83, 112, 137, 138, 139, 140, 142, 157, 161, 162], [3, 5, 6, 10, 13, 14, 16, 18, 31, 48, 49, 50, 52, 53, 58], [60, 64, 72, 82, 86, 87, 88, 89, 90, 91, 92, 96, 107, 113, 115, 117, 127], [0, 8, 9, 19, 20, 29, 39, 40, 42, 44, 46, 47, 54, 55, 56], [143, 147, 148, 149, 150, 151, 152, 153, 154, 155, 156, 158, 159, 160, 164, 165, 166, 168, 169, 171, 172, 173, 174, 175, 176, 177], [38, 59, 62, 63, 65, 66, 67, 69, 71, 75, 76, 78, 80, 81, 84, 85, 93, 97, 98, 99, 100, 101]], "centers": [[-1.1495597834613636, -0.15830138281043532, -0.7183360959288647, 0.4519457833385771, -1.035055088809936, 0.4885310849747506, 0.6231926019723403, 0.06563943141676974, -0.42207509833262946, -0.9940847011112066, -0.42754369304857526, 0.9439561646840935, -1.174738271674649], [0.6292217661723143, -0.48146011522498544, 1.0362275414685576, -0.14862420123974868, 0.7202784268928897, 0.08794819790313836, 0.5027165952918337, -0.5789850536693061, -0.08917911359360259, -0.3711839256461765, 0.6254175987210091, 0.3648546103915165, 1.1085437389058719], [-0.05017396459054771, 0.999684075008369, -0.060374731904830746, -0.29876669738433015, 0.43942506438043766, -1.4502900884518528, -1.3345425065858914, 0.30737361332404833, -1.1404295917168459, 0.09599165595259598, -1.217264661875763, -1.2170813427979632, -0.2289436313086592], [-0.18605311074312186, 0.8381047088010938, 0.7803536776814342, 0.75223077562774, 0.43942506438043766, -1.0336838858973763, -1.4349391788196466, 1.9189348260392372, -1.1053879091127377, 0.2257626508411438, -0.38367030589150924, -0.7086019292727734, -0.563315473862292], [1.4815545920384512, -0.5173666410488243, 0.3051593592196326, -1.2897071719385678, 0.8607051081491157, 1.5620932223266712, 1.366127976502131, -0.1760947504905084, 0.6642170623947216, 0.7318695309064807, 0.40605066293567893, 0.3366057540845615, 2.239039016111011], [-1.038385936609259, -0.6520161128882201, -0.20658836835461608, 0.9924587694590705, -0.6839883856693707, -0.8253807846201376, -0.3406154514717122, 0.5491077952313265, -0.054137430989494445, -1.1281813958293727, 1.634505503333527, -0.49673550697061114, -0.8021525042577439], [1.5062598913389207, -0.5712264297845827, -0.24314177746706322, -0.9593936804204882, 1.2819851519177938, 1.44993001394662, 0.9745809547904846, -0.8207192355765842, 0.7693421102070456, 0.5718186372106048, -0.07655659579204746, 0.9863294491445262, 0.7104820215801185], [0.3945214228178712, 0.8111748144332148, 0.049285495432507445, 0.6020882794831586, -0.5435617044131447, -0.5850310523771705, -1.274304503245638, 0.7102639165028455, -0.5972835113531701, 1.4542614024527307, -1.787618694917621, -1.4006989087931705, -0.30855597477380986], [-0.8778014911562196, -0.8315487420074148, -1.4128508690653443, -1.0494791781072375, -1.035055088809936, 0.40841450756042774, 0.47259759362170717, -0.5789850536693061, 0.31380023635364057, -0.9335249034965509, 1.1957716317628666, 0.18123704439630925, -1.0155135847443477]]}