{"clusters": [[17, 288, 235, 7, 313, 399, 342, 388, 240, 116, 197, 176, 182, 375, 183, 437, 140, 142, 439, 304, 153, 271, 209, 138, 341, 241, 195, 333, 385, 362, 337, 163, 132, 101, 74, 73, 330, 280, 306, 270, 13, 301, 157, 275, 410, 262, 222, 416, 76, 180, 130, 422], [211, 318, 327, 412, 303, 217, 291, 80, 250, 212, 72, 382, 85, 234, 87, 164, 199, 332, 114, 150, 139, 239, 319, 300, 184, 360, 100, 302, 36, 207, 137, 71, 310, 159, 16, 124, 249, 404, 403, 343, 92, 27, 400, 205, 145, 56, 440, 54, 147, 30, 293, 9, 102], [48, 175, 296, 192, 237, 28, 181, 14, 178, 246, 384, 50, 45, 294, 220, 111, 386, 370, 243, 380, 434, 274, 12, 69, 398, 259, 210, 190, 315, 418, 231, 188, 4, 335, 151, 255, 213, 99, 189, 70, 356, 53, 430, 435, 158, 156, 340, 82, 283, 358, 314, 179, 196, 19, 433, 143, 63, 18, 429, 55, 218, 165, 221, 89, 120, 20, 413, 52, 228, 395, 338, 194, 95, 312, 112, 22, 3, 79, 344], [402, 2, 345, 331, 258, 154, 278, 290, 103, 51, 405, 44, 326, 8, 67, 284, 0, 299, 68, 347, 32, 264, 238, 144, 225, 11, 407, 107, 108, 377, 378, 81, 423, 206, 424, 349, 125, 438, 135, 367, 66, 305, 369, 146, 49, 61, 149, 363, 256, 357, 42, 25, 185], [431, 29, 64, 227, 233, 35, 261, 110, 361, 260, 58, 279, 127, 348, 214, 33, 170, 298, 43, 401, 119, 352, 90, 292, 269, 411, 379, 37, 257, 277, 286, 441, 266], [253, 121, 200, 397, 365, 339, 420, 317, 432, 129], [34, 272, 78, 297, 84, 308, 1, 389, 160, 171, 419, 31, 391, 104, 245, 57, 224, 83, 387, 93, 198, 128, 166, 46, 436, 406, 334, 173, 24, 187, 381, 60, 134, 373, 393, 94, 425, 47, 247, 219, 126, 5, 136, 77, 131, 106, 10, 223, 41, 242, 374, 26], [204, 321, 273, 323, 167, 307, 268, 59, 408, 117, 96, 371, 428, 122, 23, 172, 421, 359, 109, 394, 254, 426, 208, 215, 322, 113, 316, 216, 232, 390, 40, 168, 364, 38, 203, 169, 309, 368, 350, 155, 152, 65, 251, 409, 118], [105, 174, 383, 98, 39, 191, 75, 329, 62, 229, 372, 427, 265, 201, 328, 392, 133, 6, 295, 88, 417, 162, 244, 148, 86, 355, 263, 21, 396, 351, 281, 226], [311, 414, 202, 282, 267, 177, 91, 287, 324, 236, 276, 285, 193, 123, 346, 252, 376, 325, 415, 336, 354, 320, 97, 141, 115, 230, 248, 366, 161, 15, 353, 289, 186]], "centers": [[0.6095757221874067, 1.0654884797514645, 0.1754332523735037, 0.2065021909442035, 0.4298585448018306, 0.7986152675897984, -0.33193550983032666, 0.2752165090398432, -0.22800811840719684, 0.8481708171566218], [0.34228160591078494, -0.9385366608874605, 0.36804071267953903, -0.481128816052502, 1.268763360159605, 0.9335784401137629, 0.6355895188230916, -0.054499187536269665, 0.7827582098769513, -0.022657292444369787], [-0.039567131627243825, -0.9385366608874605, -1.4673950855309128, -0.2639821822640686, -0.004057739003915037, -0.19221192581784646, 1.4870115440381004, -0.8303008265388868, -1.3226690274163697, 0.8481708171566219], [0.5713908484336033, -0.9385366608874605, 1.9542197975527673, -1.1084413139048042, 0.16950877451838306, 0.8348248992425689, -0.6028425178532839, 0.4420138614254056, -1.016747038477299, 0.41275676235612696], [0.49502110092599655, 1.0654884797514645, -0.4250488297570772, -0.7706576611037452, -0.29333526154107864, -0.31729974425469076, 1.2548055371612803, -0.8303008265388868, -2.0273924097136424, -0.37098853628476586], [0.6477605959412092, -0.9385366608874605, -0.4816980827882635, -0.6620843442095296, 0.8927025808612927, 0.6504849562830077, 0.28728050850786135, -0.054499187536269665, 0.784567733653932, 1.1965020609970178], [-1.2232982179951344, 0.06347590943200204, -1.342766728862302, -1.1325687174178012, -1.1467039530257117, -0.9954073915702228, 0.28728050850786135, -0.8303008265388868, -1.251657195179274, -2.025561944526653], [0.6477605959412103, -0.9385366608874605, 0.8438944381415074, 1.6179553105690185, 0.372003040294398, 0.7953234828940912, -0.6028425178532839, 0.7213024514663485, -0.0315059836604832, 2.5027442253985024], [-0.8796343542109077, 1.0654884797514645, -0.8782428540065709, -0.444937710421096, -0.6549321647125328, -0.36996829938599507, 0.0937755027771779, -0.44240000703757826, -1.1910909687288038, 0.3692153568760775], [-0.039567131627243825, -0.9385366608874605, 1.4330466696658515, -0.11921775973844594, 2.512656707069407, 2.7374764533609035, -0.5254405155610098, 1.8229407788500651, 0.9698767186974967, -0.022657292444369787]]}