{"clusters": [[17, 288, 235, 7, 313, 399, 342, 388, 240, 116, 197, 176, 182, 375, 183, 437, 140, 142, 439, 304, 153, 271, 209, 138, 341, 241, 195, 333, 385, 362, 337, 163, 132, 101, 74, 73, 330, 280, 306, 270, 13, 301, 157, 275, 410, 262, 222, 416, 76, 180, 130, 422], [211, 318, 327, 412, 303, 217, 291, 80, 250, 212, 72, 382, 85, 234, 87, 164, 199, 332, 114, 150, 139, 239, 319, 300, 184, 360, 100, 302, 36, 207, 137, 71, 310, 159, 16, 124, 249, 404, 403, 343, 92, 27, 400, 205, 145, 56, 440, 54, 147, 30, 293, 9, 102], [48, 175, 296, 192, 237, 28, 181, 14, 178, 246, 384, 50, 45, 294, 220, 111, 386, 370, 243, 380, 434, 274, 12, 69, 398, 259, 210, 190, 315, 418, 231, 188, 4, 335, 151, 255, 213, 99, 189, 70, 356, 53, 430, 435, 158, 156, 340, 82, 283, 358, 314, 179, 196, 19, 433, 143, 63, 18, 429, 55, 218, 165, 221, 89, 120, 20, 413, 52, 228, 395, 338, 194, 95, 312, 112, 22, 3, 79, 344], [402, 2, 345, 331, 258, 154, 278, 290, 103, 51, 405, 44, 326, 8, 67, 284, 0, 299, 68, 347, 32, 264, 238, 144, 225, 11, 407, 107, 108, 377, 378, 81, 423, 206, 424, 349, 125, 438, 135, 367, 66, 305, 369, 146, 49, 61, 149, 363, 256, 357, 42, 25, 185], [431, 29, 64, 227, 233, 35, 261, 110, 361, 260, 58, 279, 127, 348, 214, 33, 170, 298, 43, 401, 119, 352, 90, 292, 269, 411, 379, 37, 257, 277, 286, 441, 266], [253, 121, 200, 397, 365, 339, 420, 317, 432, 129], [34, 272, 78, 297, 84, 308, 1, 389, 160, 171, 419, 31, 391, 104, 245, 57, 224, 83, 387, 93, 198, 128, 166, 46, 436, 406, 334, 173, 24, 187, 381, 60, 134, 373, 393, 94, 425, 47, 247, 219, 126, 5, 136, 77, 131, 106, 10, 223, 41, 242, 374, 26], [204, 321, 273, 323, 167, 307, 268, 59, 408, 117, 96, 371, 428, 122, 23, 172, 421, 359, 109, 394, 254, 426, 208, 215, 322, 113, 316, 216, 232, 390, 40, 168, 364, 38, 203, 169, 309, 368, 350, 155, 152, 65, 251, 409, 118], [105, 174, 383, 98, 39, 191, 75, 329, 62, 229, 372, 427, 265, 201, 328, 392, 133, 6, 295, 88, 417, 162, 244, 148, 86, 355, 263, 21, 396, 351, 281, 226], [311, 414, 202, 282, 267, 177, 91, 287, 324, 236, 276, 285, 193, 123, 346, 252, 376, 325, 415, 336, 354, 320, 97, 141, 115, 230, 248, 366, 161, 15, 353, 289, 186]], "centers": [[0.0289945603058752, 0.0506801187398187, 0.00834450886158393, 0.009822307566878916, 0.02044628591100675, 0.0379862545283677, -0.01578856212137385, 0.01309071437407856, -0.010845240219974874, 0.040343371647880696], [0.0162806757273067, -0.044641636506989, 0.0175059114895716, -0.0228849640236156, 0.0603489187988395, 0.0444057979950531, 0.0302319104297145, -0.00259226199818282, 0.0372320112089689, -0.00107769750046639], [-0.00188201652779104, -0.044641636506989, -0.0697968664947814, -0.0125563519424068, -0.000193006962010205, -0.00914258897095694, 0.0707299262746723, -0.0394933828740919, -0.0629129499162512, 0.0403433716478807], [0.0271782910803654, -0.044641636506989, 0.0929527566612346, -0.0527231767141394, 0.00806271018719657, 0.0397085710682101, -0.0286742944356786, 0.021024455362399, -0.0483617248028919, 0.0196328370737072], [0.0235457526293458, 0.0506801187398187, -0.02021751109626, -0.0366564467985606, -0.0139525355440215, -0.015092409744958, 0.0596850128624111, -0.0394933828740919, -0.096433222891784, -0.0176461251598052], [0.030810829531384948, -0.044641636506989, -0.02291204128096223, -0.03149214075795625, 0.042461531642224846, 0.030940414138103226, 0.013664540311322713, -0.00259226199818282, 0.037318081477791795, 0.0569117993072195], [-0.058186362518594104, 0.0030192411164148523, -0.06386890008843644, -0.053870800267241954, -0.05454314486095485, -0.0473467013092799, 0.013664540311322713, -0.0394933828740919, -0.0595352615056287, -0.09634615654166481], [0.030810829531385, -0.044641636506989, 0.0401399650410705, 0.076958286094736, 0.0176943801946045, 0.0378296802974729, -0.0286742944356786, 0.0343088588777263, -0.00149858682029207, 0.11904340302974], [-0.0418399394890061, 0.0506801187398187, -0.041773752573878, -0.021163528676747444, -0.0311519462715356, -0.0175975974392743, 0.00446044580110505, -0.021042822436137358, -0.05665441989498195, 0.01756178361628985], [-0.00188201652779104, -0.044641636506989, 0.068163078961974, -0.00567061055493425, 0.119514891701488, 0.130208476525385, -0.0249926566315915, 0.0867084505215172, 0.0461323310394148, -0.00107769750046639]]}