{"clusters": [[204, 402, 321, 311, 2, 414, 202, 345, 253, 258, 273, 327, 412, 217, 291, 17, 323, 288, 167, 80, 282, 154, 235, 307, 278, 268, 7, 72, 59, 121, 290, 313, 103, 399, 267, 117, 342, 96, 192, 371, 388, 428, 122, 240, 116, 197, 35, 177, 44, 23, 176, 182, 375, 326, 183, 91, 287, 172, 8, 437, 140, 142, 67, 439, 304, 153, 246, 0, 421, 271, 359, 109, 299, 209, 68, 347, 32, 138, 264, 127, 238, 384, 365, 341, 254, 144, 225, 241, 426, 332, 208, 324, 215, 195, 11, 333, 45, 407, 107, 236, 339, 322, 294, 105, 114, 239, 420, 362, 108, 113, 377, 337, 317, 163, 316, 378, 132, 101, 300, 100, 216, 74, 232, 73, 81, 302, 276, 398, 285, 390, 330, 280, 193, 423, 432, 129, 418, 123, 346, 13, 40, 252, 188, 168, 206, 424, 364, 38, 203, 39, 301, 157, 376, 325, 71, 169, 99, 125, 275, 438, 356, 310, 135, 415, 367, 309, 66, 410, 75, 305, 369, 430, 249, 262, 368, 403, 336, 354, 320, 179, 196, 350, 155, 229, 372, 97, 416, 141, 146, 115, 152, 265, 201, 63, 230, 180, 49, 61, 392, 248, 218, 366, 161, 65, 440, 149, 363, 256, 251, 295, 409, 15, 88, 52, 353, 118, 147, 357, 148, 42, 130, 25, 86, 381, 293, 289, 355, 185, 422, 186, 112, 3, 281, 102, 344], [211, 318, 331, 303, 431, 29, 64, 227, 48, 250, 233, 212, 175, 296, 408, 51, 200, 237, 397, 28, 405, 382, 261, 181, 85, 234, 87, 164, 14, 284, 110, 361, 178, 260, 199, 58, 279, 394, 50, 348, 214, 33, 385, 170, 298, 220, 150, 139, 319, 111, 43, 386, 370, 174, 243, 380, 184, 360, 434, 274, 12, 401, 69, 119, 34, 352, 36, 272, 90, 259, 306, 207, 210, 190, 315, 292, 231, 269, 270, 383, 411, 137, 4, 335, 78, 98, 349, 151, 297, 84, 308, 255, 213, 379, 1, 189, 70, 389, 191, 159, 16, 124, 37, 53, 160, 329, 435, 158, 404, 156, 340, 82, 283, 343, 92, 171, 419, 358, 222, 27, 400, 314, 31, 391, 62, 257, 104, 19, 245, 433, 57, 224, 76, 205, 143, 427, 277, 328, 83, 18, 286, 133, 145, 56, 429, 55, 165, 6, 387, 221, 89, 441, 54, 120, 20, 93, 266, 417, 198, 162, 413, 228, 128, 166, 46, 436, 406, 244, 334, 30, 395, 173, 24, 338, 187, 194, 9, 60, 95, 263, 134, 373, 312, 393, 94, 425, 47, 247, 21, 396, 351, 22, 219, 126, 5, 136, 77, 131, 106, 10, 223, 41, 242, 226, 79, 374, 26]], "centers": [[0.34228160591078494, 1.0654884797514645, -0.946221957643995, 1.3284264655177753, 0.22736427902581519, -0.007871982858284436, 1.3322075394535544, -0.8303008265388868, -0.6465071642257008, 0.7610880061965228], [-0.1923066266424554, -0.9385366608874605, -0.33441002490717847, 1.4731908880433968, 0.25629203127953304, 0.4661450133234456, 0.3259815096539971, -0.054499187536269665, -0.6990157217255352, 1.0223364390768197]]}