{"clusters": [[331, 64, 233, 175, 296, 237, 28, 110, 361, 260, 214, 33, 170, 298, 220, 370, 174, 380, 401, 69, 34, 352, 272, 90, 292, 411, 335, 78, 349, 297, 84, 308, 379, 1, 70, 389, 191, 37, 160, 435, 158, 156, 82, 283, 171, 419, 358, 27, 31, 391, 62, 104, 19, 245, 57, 224, 76, 427, 277, 83, 18, 286, 133, 55, 165, 6, 387, 89, 120, 20, 93, 88, 266, 417, 198, 162, 228, 128, 166, 46, 436, 406, 244, 334, 173, 24, 187, 194, 86, 381, 60, 95, 263, 373, 312, 393, 94, 425, 47, 247, 21, 396, 351, 22, 219, 126, 281, 5, 136, 77, 131, 106, 10, 223, 41, 242, 226, 79, 374, 26], [204, 402, 211, 318, 2, 202, 345, 253, 258, 273, 327, 412, 303, 217, 291, 17, 288, 431, 80, 282, 154, 29, 235, 227, 307, 278, 48, 250, 212, 7, 72, 59, 121, 408, 313, 103, 399, 51, 267, 117, 342, 96, 192, 200, 371, 388, 397, 405, 240, 116, 197, 35, 382, 261, 181, 176, 182, 375, 326, 183, 85, 234, 87, 287, 164, 14, 8, 437, 140, 142, 67, 439, 284, 304, 153, 178, 246, 199, 58, 0, 271, 359, 109, 299, 209, 279, 68, 347, 138, 264, 127, 238, 384, 394, 50, 365, 341, 225, 241, 426, 208, 348, 215, 195, 11, 333, 45, 236, 339, 385, 294, 105, 150, 139, 239, 420, 362, 108, 113, 377, 337, 319, 111, 43, 317, 386, 163, 316, 378, 132, 101, 243, 300, 184, 360, 100, 434, 274, 12, 119, 74, 73, 81, 302, 276, 36, 398, 259, 280, 306, 423, 207, 210, 190, 315, 418, 231, 269, 270, 13, 40, 383, 137, 188, 4, 206, 424, 98, 364, 151, 255, 213, 39, 301, 157, 71, 169, 99, 189, 125, 275, 438, 356, 310, 159, 16, 124, 309, 66, 410, 75, 305, 369, 53, 430, 329, 368, 404, 340, 343, 92, 222, 400, 314, 179, 196, 350, 229, 372, 257, 416, 433, 205, 143, 265, 201, 63, 180, 328, 392, 145, 56, 429, 218, 65, 440, 221, 441, 149, 363, 54, 295, 409, 413, 52, 353, 118, 357, 148, 42, 30, 395, 130, 338, 25, 293, 9, 355, 185, 134, 422, 112, 3, 102, 344], [321, 311, 414, 323, 167, 268, 290, 428, 122, 177, 44, 23, 91, 172, 421, 32, 254, 144, 332, 324, 407, 107, 322, 114, 216, 232, 285, 390, 330, 193, 432, 129, 123, 346, 252, 168, 38, 203, 376, 325, 135, 415, 367, 249, 262, 403, 336, 354, 320, 155, 97, 141, 146, 115, 152, 230, 49, 61, 248, 366, 161, 256, 251, 15, 147, 289, 186]], "centers": [[-0.0382074010379866, -0.044641636506989, -0.00027798772946331565, -0.041820752839165004, -0.04835135699904975, -0.036229930915751496, -0.0194701999254609, -0.021042822436137358, -0.0170582675330177, -0.030072445904309353], [0.0162806757273067, 0.0506801187398187, 0.0142724752679289, 0.00121513083253827, 0.00118294589619092, -0.0213553789807487, -0.0323559322397657, 0.0343088588777263, 0.0749683360277342, 0.0403433716478807], [0.00538306037424807, 0.0506801187398187, 0.0175059114895716, 0.0322009670761646, 0.127770608850695, 0.127390140369279, -0.0213110188275045, 0.0712099797536354, 0.062575181458056, 0.0154907301588724]]}