{"clusters": [[331, 64, 233, 175, 296, 237, 28, 110, 361, 260, 214, 33, 170, 298, 220, 370, 174, 380, 401, 69, 34, 352, 272, 90, 292, 411, 335, 78, 349, 297, 84, 308, 379, 1, 70, 389, 191, 37, 160, 435, 158, 156, 82, 283, 171, 419, 358, 27, 31, 391, 62, 104, 19, 245, 57, 224, 76, 427, 277, 83, 18, 286, 133, 55, 165, 6, 387, 89, 120, 20, 93, 88, 266, 417, 198, 162, 228, 128, 166, 46, 436, 406, 244, 334, 173, 24, 187, 194, 86, 381, 60, 95, 263, 373, 312, 393, 94, 425, 47, 247, 21, 396, 351, 22, 219, 126, 281, 5, 136, 77, 131, 106, 10, 223, 41, 242, 226, 79, 374, 26], [204, 402, 211, 318, 2, 202, 345, 253, 258, 273, 327, 412, 303, 217, 291, 17, 288, 431, 80, 282, 154, 29, 235, 227, 307, 278, 48, 250, 212, 7, 72, 59, 121, 408, 313, 103, 399, 51, 267, 117, 342, 96, 192, 200, 371, 388, 397, 405, 240, 116, 197, 35, 382, 261, 181, 176, 182, 375, 326, 183, 85, 234, 87, 287, 164, 14, 8, 437, 140, 142, 67, 439, 284, 304, 153, 178, 246, 199, 58, 0, 271, 359, 109, 299, 209, 279, 68, 347, 138, 264, 127, 238, 384, 394, 50, 365, 341, 225, 241, 426, 208, 348, 215, 195, 11, 333, 45, 236, 339, 385, 294, 105, 150, 139, 239, 420, 362, 108, 113, 377, 337, 319, 111, 43, 317, 386, 163, 316, 378, 132, 101, 243, 300, 184, 360, 100, 434, 274, 12, 119, 74, 73, 81, 302, 276, 36, 398, 259, 280, 306, 423, 207, 210, 190, 315, 418, 231, 269, 270, 13, 40, 383, 137, 188, 4, 206, 424, 98, 364, 151, 255, 213, 39, 301, 157, 71, 169, 99, 189, 125, 275, 438, 356, 310, 159, 16, 124, 309, 66, 410, 75, 305, 369, 53, 430, 329, 368, 404, 340, 343, 92, 222, 400, 314, 179, 196, 350, 229, 372, 257, 416, 433, 205, 143, 265, 201, 63, 180, 328, 392, 145, 56, 429, 218, 65, 440, 221, 441, 149, 363, 54, 295, 409, 413, 52, 353, 118, 357, 148, 42, 30, 395, 130, 338, 25, 293, 9, 355, 185, 134, 422, 112, 3, 102, 344], [321, 311, 414, 323, 167, 268, 290, 428, 122, 177, 44, 23, 91, 172, 421, 32, 254, 144, 332, 324, 407, 107, 322, 114, 216, 232, 285, 390, 330, 193, 432, 129, 123, 346, 252, 168, 38, 203, 376, 325, 135, 415, 367, 249, 262, 403, 336, 354, 320, 155, 97, 141, 146, 115, 152, 230, 49, 61, 248, 366, 161, 256, 251, 15, 147, 289, 186]], "centers": [[-0.8032646067033031, -0.9385366608874605, -0.005844357326294708, -0.8792309779979619, -1.0165290678839878, -0.7616906781750642, -0.40933751212259967, -0.44240000703757826, -0.35862953743766884, -0.6322369691650639], [0.34228160591078494, 1.0654884797514645, 0.30006160904211493, 0.02554666278717608, 0.024870013249801225, -0.44897113208295025, -0.680244520145558, 0.7213024514663485, 1.576119006227271, 0.8481708171566219], [0.11317236338796798, 1.0654884797514645, 0.36804071267953903, 0.676986564152475, 2.6862232205917094, 2.678224328838183, -0.4480385132687378, 1.4971040904689663, 1.3155678522419954, 0.3256739513960259]]}