{"clusters": [[321, 311, 414, 253, 258, 273, 323, 282, 121, 267, 117, 122, 177, 44, 182, 91, 287, 304, 421, 32, 394, 144, 426, 324, 11, 107, 236, 322, 420, 377, 317, 216, 232, 276, 398, 285, 330, 193, 423, 190, 123, 346, 40, 252, 168, 38, 203, 376, 325, 169, 99, 438, 415, 66, 305, 430, 336, 354, 320, 179, 141, 146, 115, 152, 230, 49, 61, 248, 218, 161, 65, 149, 251, 409, 15, 353, 289, 186, 3, 344], [412, 217, 268, 290, 405, 428, 240, 116, 261, 172, 361, 138, 341, 254, 208, 215, 362, 113, 163, 74, 270, 137, 71, 309, 53, 262, 404, 343, 92, 400, 350, 155, 416, 76, 244, 130, 422], [327, 167, 250, 397, 382, 23, 234, 332, 407, 339, 114, 150, 139, 239, 319, 43, 300, 184, 360, 100, 302, 36, 390, 432, 207, 129, 411, 310, 135, 159, 16, 124, 367, 369, 37, 249, 403, 27, 314, 97, 104, 205, 328, 83, 286, 145, 56, 366, 440, 256, 54, 417, 198, 162, 413, 147, 30, 395, 24, 293, 9, 60, 134, 425, 112, 102, 223], [204, 402, 211, 318, 2, 202, 345, 331, 303, 291, 17, 288, 431, 80, 154, 29, 235, 64, 227, 307, 278, 48, 233, 212, 175, 296, 7, 72, 59, 408, 313, 103, 399, 51, 342, 96, 192, 200, 237, 371, 388, 28, 197, 35, 181, 176, 375, 326, 183, 85, 87, 164, 14, 8, 437, 140, 142, 67, 439, 284, 110, 153, 178, 260, 246, 199, 58, 0, 271, 359, 109, 299, 209, 279, 68, 347, 264, 127, 238, 384, 50, 365, 225, 241, 348, 214, 33, 195, 333, 45, 385, 170, 294, 105, 298, 220, 108, 337, 111, 386, 370, 316, 174, 378, 132, 101, 243, 380, 434, 274, 12, 401, 69, 119, 34, 73, 81, 352, 272, 90, 259, 280, 306, 210, 315, 292, 418, 231, 269, 13, 383, 188, 4, 335, 78, 206, 424, 98, 364, 349, 151, 297, 84, 308, 255, 213, 39, 301, 157, 379, 1, 189, 70, 389, 125, 275, 356, 191, 410, 75, 160, 329, 435, 158, 368, 156, 340, 82, 283, 171, 419, 358, 222, 196, 31, 391, 62, 229, 372, 257, 19, 245, 433, 57, 224, 143, 427, 265, 201, 63, 277, 180, 18, 392, 133, 429, 55, 165, 6, 387, 221, 89, 441, 363, 120, 20, 93, 295, 88, 266, 52, 228, 128, 118, 166, 46, 436, 406, 357, 148, 42, 334, 173, 338, 25, 187, 194, 86, 381, 95, 355, 185, 263, 373, 312, 393, 94, 47, 247, 21, 396, 351, 22, 219, 126, 281, 5, 136, 77, 131, 106, 10, 41, 242, 226, 79, 374, 26]], "centers": [[0.151357237141771, 0.06347590943200204, 0.2320825054046898, 0.2909481039635134, 1.4134021214281844, 2.0363263131754317, -1.1446565338991976, 2.307816803226696, 0.40935103010390633, 0.7175466007164734], [0.34228160591078494, 1.0654884797514645, 1.5236854745157482, 1.6179553105690185, -0.17762425252621314, 0.11721583557856093, -0.1384305040996428, -0.054499187536269665, -0.49709835589105344, 1.2835848719571166], [-0.1923066266424554, -0.9385366608874605, 0.7985750357165582, -0.843039872366557, -0.5247572795708088, -0.08029124616382664, -0.9124505270223783, 0.3334016319650386, -0.10817390554840083, 0.5869223842763249], [0.151357237141771, 0.06347590943200204, -0.3570697261196526, -0.19159997100125675, 0.4009307925481139, -0.27450654321050805, 1.6418155486226476, -0.8303008265388871, 0.2784871248778601, -0.5451541582049649]]}