{"clusters": [[321, 311, 414, 253, 258, 273, 323, 282, 121, 267, 117, 122, 177, 44, 182, 91, 287, 304, 421, 32, 394, 144, 426, 324, 11, 107, 236, 322, 420, 377, 317, 216, 232, 276, 398, 285, 330, 193, 423, 190, 123, 346, 40, 252, 168, 38, 203, 376, 325, 169, 99, 438, 415, 66, 305, 430, 336, 354, 320, 179, 141, 146, 115, 152, 230, 49, 61, 248, 218, 161, 65, 149, 251, 409, 15, 353, 289, 186, 3, 344], [412, 217, 268, 290, 405, 428, 240, 116, 261, 172, 361, 138, 341, 254, 208, 215, 362, 113, 163, 74, 270, 137, 71, 309, 53, 262, 404, 343, 92, 400, 350, 155, 416, 76, 244, 130, 422], [327, 167, 250, 397, 382, 23, 234, 332, 407, 339, 114, 150, 139, 239, 319, 43, 300, 184, 360, 100, 302, 36, 390, 432, 207, 129, 411, 310, 135, 159, 16, 124, 367, 369, 37, 249, 403, 27, 314, 97, 104, 205, 328, 83, 286, 145, 56, 366, 440, 256, 54, 417, 198, 162, 413, 147, 30, 395, 24, 293, 9, 60, 134, 425, 112, 102, 223], [204, 402, 211, 318, 2, 202, 345, 331, 303, 291, 17, 288, 431, 80, 154, 29, 235, 64, 227, 307, 278, 48, 233, 212, 175, 296, 7, 72, 59, 408, 313, 103, 399, 51, 342, 96, 192, 200, 237, 371, 388, 28, 197, 35, 181, 176, 375, 326, 183, 85, 87, 164, 14, 8, 437, 140, 142, 67, 439, 284, 110, 153, 178, 260, 246, 199, 58, 0, 271, 359, 109, 299, 209, 279, 68, 347, 264, 127, 238, 384, 50, 365, 225, 241, 348, 214, 33, 195, 333, 45, 385, 170, 294, 105, 298, 220, 108, 337, 111, 386, 370, 316, 174, 378, 132, 101, 243, 380, 434, 274, 12, 401, 69, 119, 34, 73, 81, 352, 272, 90, 259, 280, 306, 210, 315, 292, 418, 231, 269, 13, 383, 188, 4, 335, 78, 206, 424, 98, 364, 349, 151, 297, 84, 308, 255, 213, 39, 301, 157, 379, 1, 189, 70, 389, 125, 275, 356, 191, 410, 75, 160, 329, 435, 158, 368, 156, 340, 82, 283, 171, 419, 358, 222, 196, 31, 391, 62, 229, 372, 257, 19, 245, 433, 57, 224, 143, 427, 265, 201, 63, 277, 180, 18, 392, 133, 429, 55, 165, 6, 387, 221, 89, 441, 363, 120, 20, 93, 295, 88, 266, 52, 228, 128, 118, 166, 46, 436, 406, 357, 148, 42, 334, 173, 338, 25, 187, 194, 86, 381, 95, 355, 185, 263, 373, 312, 393, 94, 47, 247, 21, 396, 351, 22, 219, 126, 281, 5, 136, 77, 131, 106, 10, 41, 242, 226, 79, 374, 26]], "centers": [[0.00719932959975785, 0.0030192411164148523, 0.011039039046286149, 0.013838990037166468, 0.06722868308984506, 0.0968581653448, -0.05444575906428805, 0.10977165106896015, 0.0194708429102613, 0.03413021127562865], [0.0162806757273067, 0.0506801187398187, 0.0724743272574975, 0.076958286094736, -0.00844872411121698, 0.00557538873315109, -0.00658446761115617, -0.00259226199818282, -0.0236445575721341, 0.0610539062220542], [-0.00914709342983014, -0.044641636506989, 0.0379843408933087, -0.0400993174922969, -0.0249601584096305, -0.00381906512053488, -0.0434008456520269, 0.0158582984397717, -0.00514530798026311, 0.0279170509033766], [0.00719932959975785, 0.0030192411164148523, -0.016984074874617276, -0.0091134812486705, 0.019070333052805605, -0.0130569447433261, 0.07809320188284645, -0.03949338287409191, 0.0132462817050948, -0.025930338989474652]]}