{"clusters": [[204, 402, 311, 2, 414, 202, 345, 258, 273, 327, 291, 17, 288, 282, 154, 235, 307, 278, 268, 7, 72, 59, 290, 313, 103, 399, 51, 267, 342, 96, 371, 388, 405, 428, 122, 240, 116, 197, 44, 176, 182, 375, 326, 183, 91, 287, 172, 8, 437, 140, 142, 67, 284, 304, 153, 0, 421, 271, 359, 109, 209, 32, 138, 264, 238, 384, 341, 144, 225, 241, 426, 195, 11, 333, 407, 107, 362, 113, 377, 337, 163, 316, 378, 132, 216, 232, 73, 81, 330, 280, 193, 423, 123, 346, 40, 252, 168, 206, 424, 364, 38, 203, 157, 376, 438, 367, 309, 66, 410, 305, 262, 336, 354, 320, 155, 146, 115, 152, 230, 180, 49, 248, 366, 161, 65, 149, 409, 15, 118, 130, 289, 422, 186], [321, 323, 23, 254, 322, 390, 251], [211, 80, 233, 212, 296, 192, 200, 261, 181, 85, 87, 164, 14, 361, 178, 260, 246, 58, 127, 348, 214, 33, 111, 386, 370, 380, 434, 12, 34, 276, 36, 272, 90, 210, 292, 418, 269, 411, 188, 4, 335, 151, 297, 84, 308, 1, 99, 189, 124, 435, 404, 156, 340, 82, 283, 343, 92, 358, 400, 314, 391, 104, 19, 245, 433, 57, 143, 63, 145, 429, 55, 387, 441, 54, 120, 198, 52, 228, 128, 46, 436, 406, 30, 395, 24, 338, 187, 293, 60, 134, 312, 94, 247, 22, 126, 102, 5, 131, 106, 10, 79], [318, 253, 412, 303, 217, 167, 250, 121, 408, 117, 397, 382, 177, 234, 199, 394, 50, 365, 332, 208, 324, 215, 236, 339, 114, 150, 139, 239, 420, 108, 319, 317, 300, 184, 360, 100, 274, 302, 398, 285, 259, 432, 207, 129, 190, 231, 137, 78, 325, 71, 169, 310, 135, 159, 16, 415, 369, 53, 430, 249, 368, 403, 27, 179, 350, 97, 416, 141, 205, 328, 18, 61, 56, 218, 440, 221, 256, 353, 147, 9, 3, 344], [331, 431, 29, 64, 227, 48, 175, 237, 28, 35, 439, 110, 299, 279, 68, 347, 45, 385, 170, 294, 105, 298, 220, 43, 174, 101, 243, 401, 69, 119, 74, 352, 306, 315, 270, 13, 383, 98, 349, 255, 213, 39, 301, 379, 70, 389, 125, 275, 356, 191, 75, 37, 160, 329, 158, 171, 419, 222, 196, 31, 62, 229, 372, 257, 224, 76, 427, 265, 201, 277, 83, 286, 392, 133, 165, 6, 89, 363, 20, 93, 295, 88, 266, 417, 162, 413, 166, 244, 357, 148, 42, 334, 173, 25, 194, 86, 381, 95, 355, 185, 263, 373, 393, 425, 47, 21, 396, 351, 112, 219, 281, 136, 77, 223, 41, 242, 226, 374, 26]], "centers": [[0.6477605959412103, 1.0654884797514645, 1.2517690599660518, 1.1836620429921538, -0.46690177506337727, 0.025045864098780124, -0.680244520145558, -0.054499187536269665, -0.5212048682097994, -0.37098853628476586], [0.6477605959412103, 1.0654884797514645, 1.1837899563286278, 1.6179553105690185, 1.0373413421298747, -0.25804761973197643, -0.75764652243783, 1.4971040904689663, 2.523977817307912, 1.8931645486778117], [-0.34504612165766824, -0.9385366608874605, 1.1384705539036784, 1.4731908880433968, -0.6983237930931073, -0.587226089302622, 0.17117750506945095, -0.8303008265388868, -0.5703471110197512, -0.19682291436456792], [0.2277269846493771, -0.9385366608874605, 0.19809295358597784, 0.3874577191012312, 0.4587862970555463, 0.6060458628909698, -0.31258500925725863, 0.2984905582099209, 0.12296970871369728, 1.196502060997018], [-0.49778561667287985, -0.9385366608874605, -1.376756280681014, -1.7116264075202887, -0.8140348021079724, -1.1270787793984802, 1.2548055371612803, -1.6061024655415046, -0.7805787738871552, -0.8934854020453619]]}