{"clusters": [[204, 402, 311, 2, 414, 202, 345, 258, 273, 327, 291, 17, 288, 282, 154, 235, 307, 278, 268, 7, 72, 59, 290, 313, 103, 399, 51, 267, 342, 96, 371, 388, 405, 428, 122, 240, 116, 197, 44, 176, 182, 375, 326, 183, 91, 287, 172, 8, 437, 140, 142, 67, 284, 304, 153, 0, 421, 271, 359, 109, 209, 32, 138, 264, 238, 384, 341, 144, 225, 241, 426, 195, 11, 333, 407, 107, 362, 113, 377, 337, 163, 316, 378, 132, 216, 232, 73, 81, 330, 280, 193, 423, 123, 346, 40, 252, 168, 206, 424, 364, 38, 203, 157, 376, 438, 367, 309, 66, 410, 305, 262, 336, 354, 320, 155, 146, 115, 152, 230, 180, 49, 248, 366, 161, 65, 149, 409, 15, 118, 130, 289, 422, 186], [321, 323, 23, 254, 322, 390, 251], [211, 80, 233, 212, 296, 192, 200, 261, 181, 85, 87, 164, 14, 361, 178, 260, 246, 58, 127, 348, 214, 33, 111, 386, 370, 380, 434, 12, 34, 276, 36, 272, 90, 210, 292, 418, 269, 411, 188, 4, 335, 151, 297, 84, 308, 1, 99, 189, 124, 435, 404, 156, 340, 82, 283, 343, 92, 358, 400, 314, 391, 104, 19, 245, 433, 57, 143, 63, 145, 429, 55, 387, 441, 54, 120, 198, 52, 228, 128, 46, 436, 406, 30, 395, 24, 338, 187, 293, 60, 134, 312, 94, 247, 22, 126, 102, 5, 131, 106, 10, 79], [318, 253, 412, 303, 217, 167, 250, 121, 408, 117, 397, 382, 177, 234, 199, 394, 50, 365, 332, 208, 324, 215, 236, 339, 114, 150, 139, 239, 420, 108, 319, 317, 300, 184, 360, 100, 274, 302, 398, 285, 259, 432, 207, 129, 190, 231, 137, 78, 325, 71, 169, 310, 135, 159, 16, 415, 369, 53, 430, 249, 368, 403, 27, 179, 350, 97, 416, 141, 205, 328, 18, 61, 56, 218, 440, 221, 256, 353, 147, 9, 3, 344], [331, 431, 29, 64, 227, 48, 175, 237, 28, 35, 439, 110, 299, 279, 68, 347, 45, 385, 170, 294, 105, 298, 220, 43, 174, 101, 243, 401, 69, 119, 74, 352, 306, 315, 270, 13, 383, 98, 349, 255, 213, 39, 301, 379, 70, 389, 125, 275, 356, 191, 75, 37, 160, 329, 158, 171, 419, 222, 196, 31, 62, 229, 372, 257, 224, 76, 427, 265, 201, 277, 83, 286, 392, 133, 165, 6, 89, 363, 20, 93, 295, 88, 266, 417, 162, 413, 166, 244, 357, 148, 42, 334, 173, 25, 194, 86, 381, 95, 355, 185, 263, 373, 393, 425, 47, 21, 396, 351, 112, 219, 281, 136, 77, 223, 41, 242, 226, 374, 26]], "centers": [[0.030810829531385, 0.0506801187398187, 0.0595405823709267, 0.0563010619323185, -0.0222082526932283, 0.00119131026809764, -0.0323559322397657, -0.00259226199818282, -0.0247911874324607, -0.0176461251598052], [0.030810829531385, 0.0506801187398187, 0.056307146149284, 0.076958286094736, 0.0493412959332305, -0.0122740735888523, -0.0360375700438527, 0.0712099797536354, 0.120053382001538, 0.0900486546258972], [-0.0164121703318693, -0.044641636506989, 0.0541515220015222, 0.0700725447072635, -0.0332158755588373, -0.0279314966783289, 0.0081420836051921, -0.0394933828740919, -0.0271286455543265, -0.0093619113301358], [0.010831868050777415, -0.044641636506989, 0.0094223209354648, 0.018429484301219573, 0.02182223876920785, 0.028826662021023852, -0.0148681526703521, 0.014197748000355795, 0.005849072568541298, 0.05691179930721952], [-0.0236772472339084, -0.044641636506989, -0.0654856181992578, -0.081413765817132, -0.0387196869916418, -0.0536096705450705, 0.0596850128624111, -0.076394503750001, -0.0371283460104736, -0.0424987666488135]]}