{"clusters": [[211, 327, 412, 303, 217, 291, 250, 121, 405, 382, 234, 0, 32, 225, 332, 407, 114, 150, 139, 108, 300, 302, 36, 207, 252, 137, 310, 135, 159, 16, 249, 404, 403, 97, 205, 145, 440, 256, 147], [402, 321, 311, 414, 202, 345, 253, 258, 273, 17, 323, 167, 80, 282, 307, 72, 59, 408, 313, 267, 117, 96, 371, 122, 177, 44, 23, 182, 91, 287, 172, 142, 304, 421, 394, 254, 144, 426, 324, 195, 236, 339, 322, 239, 113, 377, 317, 316, 216, 232, 276, 285, 390, 193, 423, 432, 129, 123, 346, 40, 168, 38, 203, 376, 325, 169, 415, 309, 410, 368, 336, 354, 320, 155, 141, 115, 152, 230, 49, 248, 366, 161, 65, 251, 409, 15, 353, 118, 289, 186], [220, 34, 349, 84, 308, 171, 391, 245, 57, 133, 6, 387, 166, 406, 334, 173, 187, 86, 381, 263, 425, 47, 396, 351, 126, 5, 136, 131, 106, 10, 41, 242, 226, 374, 26], [200, 237, 35, 261, 164, 361, 178, 260, 58, 348, 214, 33, 43, 370, 401, 352, 90, 315, 292, 269, 70, 82, 31, 433, 277, 286, 55, 165, 89, 441, 93, 266, 436], [318, 2, 331, 288, 431, 154, 29, 64, 227, 278, 48, 233, 212, 175, 296, 51, 192, 388, 397, 28, 181, 326, 85, 87, 14, 8, 67, 439, 284, 110, 153, 246, 199, 271, 299, 209, 279, 68, 347, 264, 127, 238, 384, 50, 365, 241, 11, 333, 45, 107, 385, 170, 294, 105, 298, 420, 319, 111, 386, 174, 378, 132, 101, 243, 380, 184, 360, 100, 434, 274, 12, 69, 119, 73, 81, 398, 272, 259, 280, 306, 210, 190, 418, 231, 13, 383, 411, 188, 4, 335, 78, 206, 424, 98, 364, 151, 297, 255, 213, 39, 301, 157, 379, 1, 99, 189, 389, 125, 275, 438, 356, 191, 124, 66, 75, 305, 369, 37, 53, 430, 160, 329, 435, 158, 156, 340, 283, 343, 92, 419, 358, 222, 27, 400, 314, 179, 196, 62, 229, 372, 257, 104, 19, 224, 146, 76, 143, 427, 265, 201, 63, 180, 328, 83, 18, 61, 392, 56, 429, 218, 221, 149, 363, 54, 120, 20, 295, 88, 417, 198, 162, 413, 52, 228, 128, 46, 244, 357, 148, 42, 30, 395, 24, 338, 25, 194, 293, 9, 60, 95, 355, 185, 134, 373, 312, 393, 94, 247, 21, 112, 22, 3, 219, 281, 102, 77, 223, 79, 344], [204, 235, 268, 7, 290, 103, 399, 342, 428, 240, 116, 197, 176, 375, 183, 437, 140, 359, 109, 138, 341, 208, 215, 362, 337, 163, 74, 330, 270, 71, 367, 262, 350, 416, 130, 422]], "centers": [[0.0199132141783263, 0.0506801187398187, 0.045529025410475, 0.0299057198322448, -0.062110885581061, -0.0558017097775973, -0.0728539480847234, 0.0269286347025444, 0.0456008084141249, 0.0403433716478807], [0.0199132141783263, 0.0506801187398187, 0.012116851120167084, 0.0408081438105053, 0.0149424744782022, 0.03250615644705085, -0.05444575906428805, 0.052759419315680844, 0.028048590751447184, 0.0134196767014551], [-0.0709002470971626, 0.0506801187398187, -0.0751859268641859, -0.0400993174922969, -0.051103262715452, -0.015092409744958, -0.0397192078479398, -0.00259226199818282, -0.096433222891784, -0.0342145528191441], [0.0126481372762872, -0.044641636506989, -0.0256065714656645, -0.0400993174922969, -0.0304639698424351, -0.0451546620767532, 0.0780932018828464, -0.076394503750001, -0.072128454601956, 0.0113486232440377], [-0.00188201652779104, -0.044641636506989, -0.064407806125377, 0.0115437429137471, 0.0273260502020124, 0.0375165318356834, -0.0139477432193303, 0.0343088588777263, 0.0117839003835759, -0.0549250873933176], [0.0380759064334241, 0.0506801187398187, -0.00189470584028465, 0.0172818607309027, 0.00393485161259318, 0.02749578105841835, -0.0397192078479398, 0.042242599866046754, -0.00556485679696155, 0.0838354942536451]]}