{"clusters": [[211, 327, 412, 303, 217, 291, 250, 121, 405, 382, 234, 0, 32, 225, 332, 407, 114, 150, 139, 108, 300, 302, 36, 207, 252, 137, 310, 135, 159, 16, 249, 404, 403, 97, 205, 145, 440, 256, 147], [402, 321, 311, 414, 202, 345, 253, 258, 273, 17, 323, 167, 80, 282, 307, 72, 59, 408, 313, 267, 117, 96, 371, 122, 177, 44, 23, 182, 91, 287, 172, 142, 304, 421, 394, 254, 144, 426, 324, 195, 236, 339, 322, 239, 113, 377, 317, 316, 216, 232, 276, 285, 390, 193, 423, 432, 129, 123, 346, 40, 168, 38, 203, 376, 325, 169, 415, 309, 410, 368, 336, 354, 320, 155, 141, 115, 152, 230, 49, 248, 366, 161, 65, 251, 409, 15, 353, 118, 289, 186], [220, 34, 349, 84, 308, 171, 391, 245, 57, 133, 6, 387, 166, 406, 334, 173, 187, 86, 381, 263, 425, 47, 396, 351, 126, 5, 136, 131, 106, 10, 41, 242, 226, 374, 26], [200, 237, 35, 261, 164, 361, 178, 260, 58, 348, 214, 33, 43, 370, 401, 352, 90, 315, 292, 269, 70, 82, 31, 433, 277, 286, 55, 165, 89, 441, 93, 266, 436], [318, 2, 331, 288, 431, 154, 29, 64, 227, 278, 48, 233, 212, 175, 296, 51, 192, 388, 397, 28, 181, 326, 85, 87, 14, 8, 67, 439, 284, 110, 153, 246, 199, 271, 299, 209, 279, 68, 347, 264, 127, 238, 384, 50, 365, 241, 11, 333, 45, 107, 385, 170, 294, 105, 298, 420, 319, 111, 386, 174, 378, 132, 101, 243, 380, 184, 360, 100, 434, 274, 12, 69, 119, 73, 81, 398, 272, 259, 280, 306, 210, 190, 418, 231, 13, 383, 411, 188, 4, 335, 78, 206, 424, 98, 364, 151, 297, 255, 213, 39, 301, 157, 379, 1, 99, 189, 389, 125, 275, 438, 356, 191, 124, 66, 75, 305, 369, 37, 53, 430, 160, 329, 435, 158, 156, 340, 283, 343, 92, 419, 358, 222, 27, 400, 314, 179, 196, 62, 229, 372, 257, 104, 19, 224, 146, 76, 143, 427, 265, 201, 63, 180, 328, 83, 18, 61, 392, 56, 429, 218, 221, 149, 363, 54, 120, 20, 295, 88, 417, 198, 162, 413, 52, 228, 128, 46, 244, 357, 148, 42, 30, 395, 24, 338, 25, 194, 293, 9, 60, 95, 355, 185, 134, 373, 312, 393, 94, 247, 21, 112, 22, 3, 219, 281, 102, 77, 223, 79, 344], [204, 235, 268, 7, 290, 103, 399, 342, 428, 240, 116, 197, 176, 375, 183, 437, 140, 359, 109, 138, 341, 208, 215, 362, 337, 163, 74, 330, 270, 71, 367, 262, 350, 416, 130, 422]], "centers": [[0.41865135341839177, 1.0654884797514645, 0.9571929442038809, 0.6287317542311952, -1.3058065904211504, -1.1731637651383722, -1.531666545360565, 0.5661421236658233, 0.9587020954318916, 0.8481708171566219], [0.41865135341839177, 1.0654884797514645, 0.25474220661716523, 0.8579420923095036, 0.3141475357869645, 0.6834028032400715, -1.1446565338991976, 1.1092032709676574, 0.5896878512135071, 0.2821325459159776], [-1.4905923342717562, 1.0654884797514645, -1.5806935915932863, -0.843039872366557, -1.0743845723914203, -0.31729974425469076, -0.8350485247301043, -0.054499187536269665, -2.0273924097136424, -0.719319780125164], [0.2659118584031802, -0.9385366608874605, -0.5383473358194506, -0.843039872366557, -0.640468288585676, -0.949322405830333, 1.6418155486226464, -1.6061024655415046, -1.516413918349288, 0.23859114043592694], [-0.039567131627243825, -0.9385366608874605, -1.3540965794685413, 0.24269329657561015, 0.5744973060704124, 0.788739913502679, -0.29323450868418954, 0.7213024514663485, 0.24774231823916137, -1.1547338349256586], [0.8005000909564217, 1.0654884797514645, -0.03983390914500642, 0.36333031522632386, 0.08272551775723397, 0.5780656929774652, -0.8350485247301042, 0.8880998038519112, -0.1169944143001749, 1.762540332237662]]}