{"clusters": [[321, 412, 167, 250, 268, 290, 117, 405, 428, 240, 116, 382, 177, 44, 23, 172, 32, 138, 394, 254, 225, 332, 208, 215, 322, 114, 139, 362, 113, 390, 135, 367, 262, 403, 350, 97, 416, 366, 256, 251, 130], [78, 349, 166, 46, 406, 173, 187, 381, 95, 425, 47, 351, 219, 5, 131, 106, 10, 223, 41, 242, 374, 26], [233, 175, 296, 237, 28, 14, 361, 178, 260, 58, 348, 214, 33, 170, 220, 43, 386, 370, 380, 12, 401, 69, 34, 272, 90, 292, 269, 411, 4, 335, 297, 84, 308, 255, 213, 379, 1, 189, 70, 389, 37, 160, 435, 158, 156, 82, 283, 171, 419, 358, 31, 391, 62, 104, 19, 245, 433, 57, 224, 143, 63, 277, 83, 18, 286, 133, 55, 218, 165, 6, 387, 221, 89, 120, 20, 93, 266, 417, 198, 162, 413, 228, 128, 436, 334, 30, 24, 338, 194, 86, 60, 263, 134, 373, 312, 393, 94, 247, 21, 396, 22, 126, 136, 77, 226, 79], [204, 2, 331, 288, 431, 154, 29, 235, 64, 227, 48, 51, 342, 192, 388, 397, 197, 326, 183, 8, 437, 140, 67, 439, 284, 110, 153, 0, 271, 359, 299, 209, 279, 68, 347, 264, 50, 341, 241, 333, 45, 385, 294, 105, 298, 108, 337, 163, 316, 174, 101, 243, 119, 74, 352, 306, 270, 13, 383, 424, 98, 364, 39, 301, 125, 275, 356, 191, 75, 329, 222, 27, 229, 372, 257, 76, 427, 265, 201, 180, 392, 363, 295, 88, 244, 42, 355, 185, 281], [402, 414, 202, 345, 258, 273, 17, 323, 307, 278, 7, 103, 122, 182, 304, 421, 109, 238, 144, 426, 324, 195, 11, 107, 377, 378, 132, 216, 232, 73, 81, 285, 330, 193, 423, 123, 346, 40, 168, 206, 38, 203, 157, 376, 438, 415, 66, 410, 305, 336, 354, 155, 141, 146, 115, 152, 230, 49, 61, 248, 161, 65, 149, 409, 15, 118, 148, 25, 289, 186], [311, 253, 282, 72, 59, 267, 200, 35, 181, 91, 287, 246, 384, 365, 236, 339, 239, 317, 100, 276, 398, 432, 315, 418, 252, 325, 309, 430, 320, 196, 429, 441, 52, 353, 344], [211, 318, 327, 303, 217, 291, 80, 212, 121, 408, 313, 399, 96, 371, 261, 176, 375, 85, 234, 87, 164, 142, 199, 127, 407, 150, 420, 319, 111, 300, 184, 360, 434, 274, 302, 36, 259, 280, 207, 129, 210, 190, 231, 137, 188, 151, 71, 169, 99, 310, 159, 16, 124, 369, 53, 249, 368, 404, 340, 343, 92, 400, 314, 179, 205, 328, 145, 56, 440, 54, 147, 357, 395, 293, 9, 422, 112, 3, 102]], "centers": [[0.030810829531385, 0.0506801187398187, 0.0325952805239042, 0.0494153205448459, -0.040095639849843, -0.0435889197678055, -0.0691723102806364, 0.0343088588777263, 0.0630166151147464, 0.00306440941436832], [-0.08179786245022125, 0.0030192411164148523, -0.0568631216082106, -0.045263623532901295, -0.082750178454078, -0.0719288555597582, -0.015788562121373834, -0.0394933828740919, -0.0379591664917546, -0.06320930122298705], [-0.0273097856849279, 0.0030192411164148523, 0.028822938265321018, -0.021163528676747444, -0.01808039411862485, -0.015562132437642349, 0.04127682384197575, -0.0394933828740919, -0.07177903917621864, -0.0445698201062308], [0.0235457526293458, 0.0506801187398187, -0.0374625042783544, -0.0469850588797694, -0.0910058956032848, -0.0755300628703378, -0.0323559322397657, -0.0394933828740919, -0.0307512098645563, -0.0135040182449705], [0.00719932959975785, 0.0506801187398187, -0.0024336118772251003, 0.013838990037166468, 0.0954357166829682, 0.1361582972993863, -0.0673314913785928, 0.146672771944869, 0.0155668445407018, 0.0134196767014551], [0.0199132141783263, -0.044641636506989, -0.0342290680567117, 0.055153438482502, 0.0672286830898452, 0.0741549018650587, -0.00658446761115617, 0.0328328140426899, 0.0247253233428045, 0.0693381200517237], [0.00901559882526763, -0.044641636506989, 0.0164280994156907, 0.00465800152627453, 0.0094386630453977, 0.0105857641217836, -0.0286742944356786, 0.0343088588777263, 0.0389683660308856, 0.11904340302974]]}