{"clusters": [[321, 412, 167, 250, 268, 290, 117, 405, 428, 240, 116, 382, 177, 44, 23, 172, 32, 138, 394, 254, 225, 332, 208, 215, 322, 114, 139, 362, 113, 390, 135, 367, 262, 403, 350, 97, 416, 366, 256, 251, 130], [78, 349, 166, 46, 406, 173, 187, 381, 95, 425, 47, 351, 219, 5, 131, 106, 10, 223, 41, 242, 374, 26], [233, 175, 296, 237, 28, 14, 361, 178, 260, 58, 348, 214, 33, 170, 220, 43, 386, 370, 380, 12, 401, 69, 34, 272, 90, 292, 269, 411, 4, 335, 297, 84, 308, 255, 213, 379, 1, 189, 70, 389, 37, 160, 435, 158, 156, 82, 283, 171, 419, 358, 31, 391, 62, 104, 19, 245, 433, 57, 224, 143, 63, 277, 83, 18, 286, 133, 55, 218, 165, 6, 387, 221, 89, 120, 20, 93, 266, 417, 198, 162, 413, 228, 128, 436, 334, 30, 24, 338, 194, 86, 60, 263, 134, 373, 312, 393, 94, 247, 21, 396, 22, 126, 136, 77, 226, 79], [204, 2, 331, 288, 431, 154, 29, 235, 64, 227, 48, 51, 342, 192, 388, 397, 197, 326, 183, 8, 437, 140, 67, 439, 284, 110, 153, 0, 271, 359, 299, 209, 279, 68, 347, 264, 50, 341, 241, 333, 45, 385, 294, 105, 298, 108, 337, 163, 316, 174, 101, 243, 119, 74, 352, 306, 270, 13, 383, 424, 98, 364, 39, 301, 125, 275, 356, 191, 75, 329, 222, 27, 229, 372, 257, 76, 427, 265, 201, 180, 392, 363, 295, 88, 244, 42, 355, 185, 281], [402, 414, 202, 345, 258, 273, 17, 323, 307, 278, 7, 103, 122, 182, 304, 421, 109, 238, 144, 426, 324, 195, 11, 107, 377, 378, 132, 216, 232, 73, 81, 285, 330, 193, 423, 123, 346, 40, 168, 206, 38, 203, 157, 376, 438, 415, 66, 410, 305, 336, 354, 155, 141, 146, 115, 152, 230, 49, 61, 248, 161, 65, 149, 409, 15, 118, 148, 25, 289, 186], [311, 253, 282, 72, 59, 267, 200, 35, 181, 91, 287, 246, 384, 365, 236, 339, 239, 317, 100, 276, 398, 432, 315, 418, 252, 325, 309, 430, 320, 196, 429, 441, 52, 353, 344], [211, 318, 327, 303, 217, 291, 80, 212, 121, 408, 313, 399, 96, 371, 261, 176, 375, 85, 234, 87, 164, 142, 199, 127, 407, 150, 420, 319, 111, 300, 184, 360, 434, 274, 302, 36, 259, 280, 207, 129, 210, 190, 231, 137, 188, 151, 71, 169, 99, 310, 159, 16, 124, 369, 53, 249, 368, 404, 340, 343, 92, 400, 314, 179, 205, 328, 145, 56, 440, 54, 147, 357, 395, 293, 9, 422, 112, 3, 102]], "centers": [[0.6477605959412103, 1.0654884797514645, 0.6852765296541847, 1.0388976204665301, -0.8429625543616902, -0.9164045588732675, -1.454264543068293, 0.7213024514663485, 1.3248484634061641, 0.0644255185157294], [-1.7197015767945736, 0.06347590943200204, -1.1954786709812166, -0.9516131892607737, -1.739722874226897, -1.5122175887961375, -0.33193550983032627, -0.8303008265388868, -0.7980457742328136, -1.3288994568458576], [-0.5741553641804845, 0.06347590943200204, 0.6059675754105226, -0.444937710421096, -0.3801185183022269, -0.32717509834181124, 0.8677955256999128, -0.8303008265388868, -1.5090678797047876, -0.9370268075254102], [0.49502110092599655, 1.0654884797514645, -0.7876040491566723, -0.9878042948921786, -1.9132893877491959, -1.5879286367973855, -0.680244520145558, -0.8303008265388868, -0.6465071642257008, -0.2839057253246669], [0.151357237141771, 1.0654884797514645, -0.051163759751243765, 0.2909481039635134, 2.00642104262937, 2.8625642717977526, -1.4155635419221548, 3.0836184422293087, 0.32727416463544196, 0.2821325459159775], [0.41865135341839177, -0.9385366608874605, -0.719624945519248, 1.1595346416506216, 1.4134021214281876, 1.5590175322979907, -0.1384305040996428, 0.6902703859062431, 0.5198201550224161, 1.4577504938773167], [0.189542110895574, -0.9385366608874605, 0.3453810114670643, 0.09792887404998708, 0.19843652677209944, 0.2225529458411675, -0.6028425178532839, 0.7213024514663485, 0.819262979508824, 2.5027442253985024]]}