{"clusters": [[321, 414, 273, 323, 167, 268, 117, 428, 122, 23, 172, 254, 426, 322, 113, 216, 390, 123, 346, 40, 168, 38, 203, 325, 368, 336, 354, 155, 141, 115, 152, 230, 248, 366, 161, 251], [311, 345, 253, 258, 282, 307, 278, 72, 121, 103, 267, 200, 177, 181, 182, 91, 287, 246, 421, 394, 365, 144, 324, 195, 407, 107, 339, 420, 300, 184, 360, 100, 274, 232, 398, 285, 259, 193, 432, 129, 190, 315, 418, 231, 252, 206, 39, 157, 376, 169, 99, 438, 135, 415, 309, 66, 369, 430, 403, 314, 320, 179, 196, 97, 63, 328, 49, 392, 56, 429, 218, 440, 149, 256, 409, 417, 52, 353, 118, 147, 148, 338, 293, 9, 289, 186, 112, 3, 344], [318, 202, 327, 412, 303, 217, 291, 80, 250, 212, 7, 408, 261, 375, 234, 87, 164, 142, 199, 208, 236, 114, 139, 239, 317, 74, 302, 276, 36, 207, 210, 137, 188, 71, 310, 159, 16, 53, 249, 340, 343, 92, 400, 416, 15, 422], [402, 331, 17, 288, 431, 154, 64, 227, 48, 59, 192, 371, 388, 35, 176, 183, 67, 439, 284, 304, 153, 299, 209, 279, 68, 347, 127, 238, 384, 11, 45, 385, 170, 294, 105, 377, 337, 378, 132, 101, 243, 73, 81, 280, 306, 423, 13, 383, 98, 301, 356, 410, 75, 305, 329, 222, 229, 372, 257, 265, 180, 65, 363, 357, 25, 185], [204, 2, 29, 235, 290, 313, 399, 51, 342, 96, 405, 240, 116, 197, 382, 44, 326, 8, 437, 140, 0, 271, 359, 109, 32, 138, 264, 341, 225, 241, 332, 215, 333, 150, 362, 108, 163, 316, 174, 330, 270, 424, 364, 125, 275, 367, 262, 350, 146, 76, 61, 295, 130], [211, 233, 175, 296, 237, 397, 28, 85, 14, 361, 178, 260, 58, 50, 348, 319, 111, 43, 386, 370, 380, 434, 12, 69, 119, 34, 272, 90, 269, 411, 4, 335, 78, 151, 297, 84, 255, 213, 1, 189, 70, 124, 37, 160, 435, 158, 404, 156, 82, 283, 171, 358, 27, 104, 19, 245, 433, 224, 205, 143, 83, 18, 145, 55, 165, 387, 221, 89, 441, 54, 120, 20, 93, 198, 162, 413, 228, 128, 46, 30, 395, 24, 194, 95, 134, 373, 312, 393, 94, 247, 22, 219, 102, 77, 131, 223, 79, 374], [110, 298, 220, 349, 389, 191, 62, 427, 201, 133, 6, 88, 266, 166, 406, 244, 42, 334, 173, 86, 381, 355, 263, 47, 21, 396, 351, 281, 106, 242, 226], [214, 33, 401, 352, 292, 308, 379, 419, 31, 391, 57, 277, 286, 436, 187, 60, 425, 126, 5, 136, 10, 41, 26]], "centers": [[0.11317236338796798, 1.0654884797514645, 0.5493183223793365, 0.3271392095949183, 2.9465729908751532, 3.4287512394592623, -0.8737495258762413, 2.6957176227280053, 0.8214210084387187, 0.9352536281167207], [0.11317236338796798, -0.9385366608874605, 1.2517690599660518, -1.1808235251676162, 0.5166418015629788, 1.1113348136819123, -0.9124505270223783, 1.0704131890175266, -0.08871746980310638, -0.6322369691650628], [0.49502110092599655, -0.9385366608874605, 0.8552242887477448, 0.42364882473263665, 0.5166418015629789, -0.10662552372947803, 0.36468251080013525, -0.054499187536269665, 1.2695451501308967, 0.4562981678361754], [0.49502110092599655, 1.0654884797514645, -0.5383473358194506, -0.4449377104210956, -0.32226301379479544, 0.02833764879448647, 0.28728050850786113, -0.44240000703757826, -1.7925108664530045, -0.5451541582049649], [0.7241303434488149, 1.0654884797514645, 0.5946377248042859, -0.6982754498409354, -0.9586735633765553, -0.20537906460067198, -1.0672545316069244, -0.054499187536269665, -1.250341860408433, -0.45807134724486487], [-0.34504612165766824, -0.9385366608874605, -0.9235622564315203, -0.6258932385781235, -0.11976874801878101, -0.20208727990496506, 1.2548055371612814, -0.8303008265388868, -1.4563084322836295, -1.1547338349256586], [-1.2614830917489377, 1.0654884797514645, 1.1384705539036784, -0.4087466047896902, -1.0454568201377046, -1.028325238527286, 0.4807855142385454, -0.8303008265388868, -0.924740132347849, -0.10974010340446896], [-0.7268948591956962, -0.9385366608874605, -1.2407980734061659, 0.02554666278717608, -1.1322400768988539, -1.6405971919286877, 1.4096095417458263, -1.6061024655415046, -0.44977638466976977, 0.3256739513960259]]}