{"clusters": [[321, 414, 273, 323, 167, 268, 117, 428, 122, 23, 172, 254, 426, 322, 113, 216, 390, 123, 346, 40, 168, 38, 203, 325, 368, 336, 354, 155, 141, 115, 152, 230, 248, 366, 161, 251], [311, 345, 253, 258, 282, 307, 278, 72, 121, 103, 267, 200, 177, 181, 182, 91, 287, 246, 421, 394, 365, 144, 324, 195, 407, 107, 339, 420, 300, 184, 360, 100, 274, 232, 398, 285, 259, 193, 432, 129, 190, 315, 418, 231, 252, 206, 39, 157, 376, 169, 99, 438, 135, 415, 309, 66, 369, 430, 403, 314, 320, 179, 196, 97, 63, 328, 49, 392, 56, 429, 218, 440, 149, 256, 409, 417, 52, 353, 118, 147, 148, 338, 293, 9, 289, 186, 112, 3, 344], [318, 202, 327, 412, 303, 217, 291, 80, 250, 212, 7, 408, 261, 375, 234, 87, 164, 142, 199, 208, 236, 114, 139, 239, 317, 74, 302, 276, 36, 207, 210, 137, 188, 71, 310, 159, 16, 53, 249, 340, 343, 92, 400, 416, 15, 422], [402, 331, 17, 288, 431, 154, 64, 227, 48, 59, 192, 371, 388, 35, 176, 183, 67, 439, 284, 304, 153, 299, 209, 279, 68, 347, 127, 238, 384, 11, 45, 385, 170, 294, 105, 377, 337, 378, 132, 101, 243, 73, 81, 280, 306, 423, 13, 383, 98, 301, 356, 410, 75, 305, 329, 222, 229, 372, 257, 265, 180, 65, 363, 357, 25, 185], [204, 2, 29, 235, 290, 313, 399, 51, 342, 96, 405, 240, 116, 197, 382, 44, 326, 8, 437, 140, 0, 271, 359, 109, 32, 138, 264, 341, 225, 241, 332, 215, 333, 150, 362, 108, 163, 316, 174, 330, 270, 424, 364, 125, 275, 367, 262, 350, 146, 76, 61, 295, 130], [211, 233, 175, 296, 237, 397, 28, 85, 14, 361, 178, 260, 58, 50, 348, 319, 111, 43, 386, 370, 380, 434, 12, 69, 119, 34, 272, 90, 269, 411, 4, 335, 78, 151, 297, 84, 255, 213, 1, 189, 70, 124, 37, 160, 435, 158, 404, 156, 82, 283, 171, 358, 27, 104, 19, 245, 433, 224, 205, 143, 83, 18, 145, 55, 165, 387, 221, 89, 441, 54, 120, 20, 93, 198, 162, 413, 228, 128, 46, 30, 395, 24, 194, 95, 134, 373, 312, 393, 94, 247, 22, 219, 102, 77, 131, 223, 79, 374], [110, 298, 220, 349, 389, 191, 62, 427, 201, 133, 6, 88, 266, 166, 406, 244, 42, 334, 173, 86, 381, 355, 263, 47, 21, 396, 351, 281, 106, 242, 226], [214, 33, 401, 352, 292, 308, 379, 419, 31, 391, 57, 277, 286, 436, 187, 60, 425, 126, 5, 136, 10, 41, 26]], "centers": [[0.00538306037424807, 0.0506801187398187, 0.026128408080618802, 0.015560425384034569, 0.14015418457450501, 0.16308906501328602, -0.04156002674998335, 0.1282222115069147, 0.0390710129993789, 0.0444854785627154], [0.00538306037424807, -0.044641636506989, 0.0595405823709267, -0.0561660474078757, 0.0245741444856101, 0.0528608064633705, -0.0434008456520269, 0.0509143632718854, -0.00421985970694603, -0.0300724459043093], [0.0235457526293458, -0.044641636506989, 0.04067887107801095, 0.0201509196480877, 0.024574144485610103, -0.005071658967692998, 0.0173461781154098, -0.00259226199818282, 0.06038610475563874, 0.0217038905311245], [0.0235457526293458, 0.0506801187398187, -0.0256065714656645, -0.021163528676747426, -0.01532848840222265, 0.0013478844989924, 0.013664540311322703, -0.021042822436137358, -0.0852610471916597, -0.025930338989474652], [0.0344433679824045, 0.0506801187398187, 0.0282840322283806, -0.0332135761048244, -0.0455994512826475, -0.00976888589453599, -0.050764121260201, -0.00259226199818282, -0.0594726974107223, -0.0217882320746399], [-0.0164121703318693, -0.044641636506989, -0.043929376721639796, -0.029770705411088103, -0.00569681839481475, -0.009612311663641201, 0.05968501286241115, -0.0394933828740919, -0.06926952817655455, -0.0549250873933176], [-0.0600026317441039, 0.0506801187398187, 0.0541515220015222, -0.0194420933298793, -0.0497273098572509, -0.0489124436182275, 0.0228686348215404, -0.0394933828740919, -0.0439854025655911, -0.0052198044153011], [-0.034574862586967, -0.044641636506989, -0.0590187457559724, 0.00121513083253827, -0.0538551684318543, -0.078035250564654, 0.0670482884705852, -0.076394503750001, -0.02139368094036, 0.0154907301588724]]}