{"clusters": [[29, 268, 428, 116, 23, 138, 254, 215, 362, 163, 390, 367, 262, 350, 130], [204, 402, 258, 307, 278, 326, 183, 172, 359, 109, 365, 144, 241, 426, 195, 333, 113, 316, 132, 232, 330, 129, 40, 206, 424, 364, 157, 275, 438, 135, 66, 75, 368, 265, 49, 61, 392, 65, 118], [331, 431, 64, 227, 48, 233, 175, 296, 192, 397, 28, 35, 67, 439, 110, 153, 361, 260, 58, 299, 279, 68, 347, 264, 50, 348, 214, 33, 45, 385, 170, 294, 105, 298, 220, 43, 386, 174, 243, 401, 69, 119, 34, 352, 272, 90, 306, 292, 383, 411, 98, 349, 151, 297, 308, 39, 379, 389, 356, 191, 329, 156, 222, 27, 62, 229, 372, 257, 57, 427, 201, 277, 133, 6, 363, 295, 88, 266, 166, 244, 42, 334, 173, 86, 355, 263, 21, 396, 351, 242], [211, 2, 154, 235, 290, 313, 399, 51, 342, 96, 388, 405, 240, 197, 382, 44, 176, 85, 8, 437, 140, 284, 0, 271, 209, 32, 127, 238, 341, 225, 150, 139, 108, 377, 337, 378, 380, 184, 280, 270, 13, 125, 104, 146, 76, 205, 180, 256, 357, 185], [321, 414, 323, 122, 177, 421, 324, 322, 216, 193, 432, 123, 346, 168, 38, 203, 376, 325, 336, 354, 155, 141, 115, 152, 230, 248, 366, 161, 251, 15, 289, 186], [78, 84, 37, 160, 283, 171, 419, 358, 31, 391, 245, 224, 328, 83, 18, 286, 56, 55, 165, 387, 221, 89, 149, 120, 20, 93, 417, 198, 162, 128, 46, 436, 406, 395, 24, 25, 187, 194, 381, 9, 60, 95, 373, 312, 393, 94, 425, 47, 247, 22, 219, 126, 281, 5, 136, 77, 131, 106, 10, 223, 41, 226, 374, 26], [237, 181, 14, 178, 11, 107, 420, 111, 370, 12, 73, 81, 398, 285, 423, 315, 231, 252, 4, 335, 255, 213, 1, 99, 189, 70, 415, 305, 369, 430, 435, 158, 82, 314, 179, 196, 19, 433, 143, 63, 429, 218, 441, 413, 52, 228, 148, 338, 134, 112, 3, 79, 344], [311, 318, 202, 345, 253, 273, 303, 291, 17, 288, 80, 282, 212, 7, 72, 59, 121, 408, 103, 267, 117, 200, 371, 182, 91, 87, 287, 164, 142, 304, 246, 199, 384, 236, 339, 239, 317, 100, 276, 210, 418, 269, 188, 169, 309, 410, 249, 320, 409, 353, 422], [327, 412, 217, 167, 250, 261, 375, 234, 394, 332, 208, 407, 114, 319, 101, 300, 360, 434, 274, 74, 302, 36, 259, 207, 190, 137, 301, 71, 310, 159, 16, 124, 53, 404, 340, 403, 343, 92, 400, 97, 416, 145, 440, 54, 147, 30, 293, 102]], "centers": [[0.0271782910803654, 0.0506801187398187, 0.0940305687351156, 0.0976155102571536, -0.0345918284170385, -0.0320024266815928, -0.0434008456520269, -0.00259226199818282, 0.0366457977933988, 0.106617082285236], [0.0126481372762872, 0.0506801187398187, 0.000260918307477141, -0.0114087283893043, 0.0397096259258226, 0.0572448849284239, -0.0397192078479398, 0.0560805201945126, 0.024052583226893, 0.0320591578182113], [0.0126481372762872, -0.044641636506989, -0.00943939035745097, -0.0481326824500863, -0.0531671920027537, -0.0558017097775973, 0.02839109152767095, -0.057021415290148744, -0.04512336095492635, -0.04042771319139615], [0.0362596372079143, 0.0506801187398187, 0.0536126159645819, 0.04769388519797779, -0.05247921557365315, -0.0147792612831685, -0.08942131820311525, 0.07120997975363515, -0.0058145995368004836, 0.007206516329203051], [-0.00188201652779104, 0.0030192411164148523, 0.0493013676690582, 0.023593790341823975, 0.0796122588136553, 0.09341353226511495, -0.03235593223976565, 0.0789592151375763, 0.0357627329774321, 0.013419676701455106], [-0.0563700932930843, -0.044641636506989, -0.0773415510119477, -0.067642283042187, -0.0311519462715356, -0.0420231774588578, 0.06336665066649814, -0.05794394331204644, -0.05866708409467035, -0.0922040496268301], [-0.00551455497881059, -0.044641636506989, 0.00888341489852436, -0.0504279295735057, 0.0259500973438113, 0.0472241341511589, -0.0434008456520269, 0.0712099797536354, 0.0148227108412663, 0.00306440941436832], [0.0453409833354632, -0.044641636506989, -0.00620595413580824, 0.0115437429137471, 0.0631008245152418, 0.0162224364339952, 0.0965013909032818, -0.0394933828740919, 0.0428956878925287, -0.0383566597339788], [0.00901559882526763, -0.044641636506989, 0.01642809941569065, 0.0287580963824284, -0.0029449126784124504, -0.00945573743274645, -0.010266105415243199, -0.002592261998182799, 0.0347535861596178, 0.015490730158872451]]}