{"clusters": [[29, 268, 428, 116, 23, 138, 254, 215, 362, 163, 390, 367, 262, 350, 130], [204, 402, 258, 307, 278, 326, 183, 172, 359, 109, 365, 144, 241, 426, 195, 333, 113, 316, 132, 232, 330, 129, 40, 206, 424, 364, 157, 275, 438, 135, 66, 75, 368, 265, 49, 61, 392, 65, 118], [331, 431, 64, 227, 48, 233, 175, 296, 192, 397, 28, 35, 67, 439, 110, 153, 361, 260, 58, 299, 279, 68, 347, 264, 50, 348, 214, 33, 45, 385, 170, 294, 105, 298, 220, 43, 386, 174, 243, 401, 69, 119, 34, 352, 272, 90, 306, 292, 383, 411, 98, 349, 151, 297, 308, 39, 379, 389, 356, 191, 329, 156, 222, 27, 62, 229, 372, 257, 57, 427, 201, 277, 133, 6, 363, 295, 88, 266, 166, 244, 42, 334, 173, 86, 355, 263, 21, 396, 351, 242], [211, 2, 154, 235, 290, 313, 399, 51, 342, 96, 388, 405, 240, 197, 382, 44, 176, 85, 8, 437, 140, 284, 0, 271, 209, 32, 127, 238, 341, 225, 150, 139, 108, 377, 337, 378, 380, 184, 280, 270, 13, 125, 104, 146, 76, 205, 180, 256, 357, 185], [321, 414, 323, 122, 177, 421, 324, 322, 216, 193, 432, 123, 346, 168, 38, 203, 376, 325, 336, 354, 155, 141, 115, 152, 230, 248, 366, 161, 251, 15, 289, 186], [78, 84, 37, 160, 283, 171, 419, 358, 31, 391, 245, 224, 328, 83, 18, 286, 56, 55, 165, 387, 221, 89, 149, 120, 20, 93, 417, 198, 162, 128, 46, 436, 406, 395, 24, 25, 187, 194, 381, 9, 60, 95, 373, 312, 393, 94, 425, 47, 247, 22, 219, 126, 281, 5, 136, 77, 131, 106, 10, 223, 41, 226, 374, 26], [237, 181, 14, 178, 11, 107, 420, 111, 370, 12, 73, 81, 398, 285, 423, 315, 231, 252, 4, 335, 255, 213, 1, 99, 189, 70, 415, 305, 369, 430, 435, 158, 82, 314, 179, 196, 19, 433, 143, 63, 429, 218, 441, 413, 52, 228, 148, 338, 134, 112, 3, 79, 344], [311, 318, 202, 345, 253, 273, 303, 291, 17, 288, 80, 282, 212, 7, 72, 59, 121, 408, 103, 267, 117, 200, 371, 182, 91, 87, 287, 164, 142, 304, 246, 199, 384, 236, 339, 239, 317, 100, 276, 210, 418, 269, 188, 169, 309, 410, 249, 320, 409, 353, 422], [327, 412, 217, 167, 250, 261, 375, 234, 394, 332, 208, 407, 114, 319, 101, 300, 360, 434, 274, 74, 302, 36, 259, 207, 190, 137, 301, 71, 310, 159, 16, 124, 53, 404, 340, 403, 343, 92, 400, 97, 416, 145, 440, 54, 147, 30, 293, 102]], "centers": [[0.5713908484336033, 1.0654884797514645, 1.976879498765244, 2.0522485781458855, -0.7272515453468251, -0.6728124913909894, -0.9124505270223783, -0.054499187536269665, 0.7704337785911398, 2.2414957925182075], [0.2659118584031802, 1.0654884797514645, 0.005485493279942759, -0.23985477875107267, 0.8348470763538604, 1.2035047851616922, -0.8350485247301043, 1.1790254184778917, 0.5056766040364721, 0.6740051952364239], [0.2659118584031802, -0.9385366608874605, -0.19845181763232966, -1.0119316987670866, -1.1177762007719951, -1.1731637651383724, 0.5968885176769543, -1.198806605065131, -0.9486643374290918, -0.8499439965653123], [0.7623152172026183, 1.0654884797514645, 1.1271407032974443, 1.002706514835125, -1.103312324645137, -0.3107161748632785, -1.8799755556757964, 1.497104090468961, -0.12224495472542582, 0.151508329475829], [-0.039567131627243825, 0.06347590943200204, 1.0365018984475434, 0.496031035995448, 1.6737518917116336, 1.9639070498698854, -0.680244520145557, 1.6600224346595156, 0.7518684040087188, 0.2821325459159776], [-1.185113344241331, -0.9385366608874605, -1.6260129940182357, -1.4220975624690455, -0.6549321647125327, -0.8834867119162022, 1.3322075394535533, -1.2182016460401957, -1.233404810363338, -1.9384791335665539], [-0.11593687913484962, -0.9385366608874605, 0.18676310297974066, -1.0601865061549904, 0.5455695538166967, 0.9928305646364793, -0.9124505270223783, 1.4971040904689663, 0.31162964951080846, 0.0644255185157294], [0.9532395859716333, -0.9385366608874605, -0.13047271399490495, 0.24269329657561015, 1.3266188646670383, 0.3410571948866004, 2.028825560084015, -0.8303008265388868, 0.9018301933178325, -0.8064025910852629], [0.189542110895574, -0.9385366608874605, 0.34538101146706324, 0.6046043528896652, -0.06191324351134747, -0.19879549520925893, -0.21583250639191537, -0.054499187536269145, 0.7306523071349337, 0.32567395139602695]]}