{"clusters": [[0, 1, 2, 3, 4, 5, 6, 7, 8, 9, 10, 11, 12, 13, 14, 15, 16, 17, 18, 19, 20, 21, 22, 23, 24, 25, 26, 27, 28, 29, 30, 31, 32, 33, 34, 35, 36, 37, 38, 39, 40, 41, 42, 43, 44, 45, 46, 47, 48, 49, 50, 51, 52, 53, 54, 55, 56, 57, 58, 59, 60, 61, 62, 63, 64, 65, 66, 67, 68, 69, 70, 71, 72, 73, 74, 75, 76, 77, 78, 79, 80, 81, 82, 83, 84, 85, 86, 87, 88, 89, 90, 91, 92, 93, 94, 95, 96, 97, 98, 99, 100, 101, 102, 103, 104, 105, 106, 107, 108, 109, 110, 111, 112, 113, 114, 115, 116, 117, 118, 119, 120, 121, 122, 123, 124, 125, 126, 127, 128, 129, 130, 131, 132, 133, 134, 135, 136, 137, 138, 139, 140, 141, 142, 143, 144, 145, 146, 147, 148, 149, 150, 151, 152, 153, 154, 155, 156, 157, 158, 159, 160, 161, 162, 163, 164, 165, 166, 167, 168, 169, 170, 171, 172, 173, 174, 175, 176, 177, 178, 179, 180, 181, 182, 183, 184, 185, 186, 187, 188, 189, 190, 191, 192, 193, 194, 195, 196, 197, 198, 199, 200, 201, 202, 203, 204, 205, 206, 207, 208, 209, 210, 211, 212, 213, 214, 215, 216, 217, 218, 219, 220, 221, 222, 223, 224, 225, 226, 227, 228, 229, 230, 231, 232, 233, 234, 235, 236, 237, 238, 239, 240, 241, 242, 243, 244, 245, 246, 247, 248, 249, 250, 251, 252, 253, 254, 255, 256, 257, 258, 259, 260, 261, 262, 263, 264, 265, 266, 267, 268, 269, 270, 271, 272, 273, 274, 275, 276, 277, 278, 279, 280, 281, 282, 283, 284, 285, 286, 287, 288, 289, 290, 291, 292, 293, 294, 295, 296, 297, 298, 299, 300, 301, 302, 303, 304, 305, 306, 307, 308, 309, 310, 311, 312, 313, 314, 315, 316, 317, 318, 319, 320, 321, 322, 323, 324, 325, 326, 327, 328, 329, 330, 331, 332, 333, 334, 335, 336, 337, 338, 339, 340, 341, 342, 343, 344, 345, 346, 347, 348, 349, 350, 351, 352, 353, 354, 355, 356, 357, 358, 359, 360, 361, 362, 363, 364, 365, 366, 367, 368, 369, 370, 371, 372, 373, 374, 375, 376, 377, 378, 379, 380, 381, 382, 383, 384, 385, 386, 387, 388, 389, 390, 391, 392, 393, 394, 395, 396, 397, 398, 399, 400, 401, 402, 403, 404, 405, 406, 407, 408, 409, 410, 411, 412, 413, 414, 415, 416, 417, 418, 419, 420, 421, 422, 423, 424, 425, 426, 427, 428, 429, 430, 431, 432, 433, 434]], "centers": [[-2.2587296018235942e-17, -2.3991026279256257e-16, -6.176413148489376e-17, 5.007488676585188e-16, -2.9554902586573133e-16, -3.430206310566001e-16, -6.214696701062658e-17, 2.1438789441037505e-17, 4.798205255851251e-17, -2.1362222335890944e-16, 2.5216099961601254e-16, 1.7253121026358754e-16, -1.1867901297717191e-17, -8.167157882300002e-17, -3.675221047035001e-17, 4.9513394661443765e-17, -7.911934198478127e-17, 4.083578941150001e-18, 1.6398121685555473e-16, -2.2459684176325006e-17, 1.9396999970462505e-17, -5.691488149227813e-17, 1.393521313667438e-16, 2.1336699967508755e-16, 1.436271280707602e-16, 2.618594996012438e-16, -1.914177628664063e-16, 4.772682887469064e-17, -1.822297102488188e-16, 8.830739460236877e-17, -6.852755910617346e-17, -7.503576304363127e-17, -5.5128315705525014e-17, -1.4981630240344068e-16, 5.104473676437501e-18, 4.900294729380001e-17, 1.2761184191093753e-19, 1.0566260510225628e-16, -9.596410511702502e-17, 9.953723669053127e-18, 8.167157882300002e-17, 5.921189464667501e-17, 7.044173673483752e-17, -5.206563149966251e-17, 2.6032815749831256e-17, 1.0259992089639377e-16, 2.3480578911612506e-17, 8.830739460236877e-17]]}