{"clusters": [[1, 2, 3, 4, 5, 6, 7, 8, 9, 11, 12, 14, 15, 17, 18, 21, 22, 23, 24, 25, 28, 30, 31, 32, 33, 34, 35, 36, 37, 38, 41, 42, 43, 44, 46, 48, 49, 51, 52, 53, 55, 57, 58, 59, 61, 62, 64, 65, 67, 68, 69, 70, 72, 73, 75, 76, 79, 80, 82, 83, 84, 86, 87, 89, 90, 92, 94, 95, 96, 98, 104, 106, 108, 109, 110, 111, 112, 113, 114, 117, 119, 120, 121, 122, 123, 124, 125, 126, 127, 128, 131, 132, 133, 134, 135, 137, 138, 139, 140, 141, 142, 144, 145, 146, 147, 149, 150, 151, 154, 155, 156, 157, 158, 159, 160, 161, 163, 164, 165, 166, 168, 171, 172, 174, 175, 176, 177, 179, 182, 185, 187, 188, 189, 190, 191, 193, 194, 195, 196, 197, 198, 200, 201, 203, 204, 205, 206, 207, 208, 210, 211, 214, 215, 217, 220, 221, 222, 223, 224, 225, 227, 228, 229, 230, 231, 232, 233, 234, 235, 236, 237, 239, 240, 242, 244, 246, 250, 251, 252, 253, 254, 255, 256, 257, 259, 260, 262, 263, 264, 265, 266, 267, 268, 269, 270, 272, 273, 274, 276, 277, 278, 279, 280, 281, 282, 283, 284, 287, 289, 291, 294, 296, 297, 299, 300, 301, 302, 303, 304, 305, 306, 307, 308, 309, 310, 311, 312, 313, 315, 316, 317, 318, 319, 320, 321, 322, 324, 327, 329, 330, 331, 332, 333, 335, 336, 337, 338, 339, 341, 343, 345, 346, 347, 348, 349, 351, 352, 354, 355, 356, 357, 358, 360, 361, 363, 365, 366, 367, 368, 369, 370, 371, 372, 373, 374, 375, 376, 378, 379, 381, 382, 385, 386, 387, 388, 391, 393, 394, 395, 398, 399, 400, 401, 403, 404, 405, 406, 407, 408, 409, 412, 414, 416, 418, 419, 420, 425, 426, 427, 428, 429, 430, 431, 432, 434], [13, 16, 45, 47, 81, 102, 199, 216, 238, 243, 249, 323, 325, 334, 415], [54, 247, 290, 295, 377, 380], [115, 130, 261], [0, 10, 40, 99, 218, 271, 275, 359, 413], [107, 170, 180, 183, 248, 389, 433], [129, 143, 178, 390, 402], [20, 60, 342, 397, 424], [103, 286], [19, 26, 27, 29, 39, 50, 56, 63, 66, 71, 74, 77, 78, 85, 88, 91, 93, 97, 100, 101, 105, 116, 118, 136, 148, 152, 153, 162, 167, 169, 173, 181, 184, 186, 192, 202, 209, 212, 213, 219, 226, 241, 245, 258, 285, 288, 292, 293, 298, 314, 326, 328, 340, 344, 350, 353, 362, 364, 383, 384, 392, 396, 410, 411, 417, 421, 422, 423]], "centers": [[-0.09089893751194211, 0.08987139306375486, -0.060366598978323985, 0.042974389475417867, 0.03174603174603161, -0.05877180650481631, 0.0006972707293539882, 0.11161177871944535, -0.11073509850284219, 0.0006972707293538171, -0.15291827787347106, 0.15397927359009295, -0.049795319459945996, -0.08656318048665877, 0.1046859117628856, -0.16106953848079042, -0.013775803645881358, 0.06581053782855219, -0.18235722297072912, 0.12360611195607853, -0.057864135304040165, -0.03239695482936251, 0.10397310722565394, -0.09100063428787125, -0.21631280818193027, 0.1260657751676909, -0.03112550836769336, -0.12788721666732752, 0.034822301193093534, -0.002627320281277261, -0.16597942216549919, 0.3693498219470834, -0.3047000250462074, -0.04255094168465237, -0.0873594984731926, 0.11161177871944535, -0.015051117663231786, -0.08629135691223544, 0.09311985106226367, -0.02146602843464003, -0.07224190327283654, 0.0796043063450426, -0.01650464581952065, 0.0845060475180379, -0.07776157913597415, 0.0200191042612157, 0.10991008938976382, -0.09667358263058402], [-0.16843038421330372, -0.5537308325688578, 0.6129531588568272, -0.35218036253024904, -0.2175925925925917, 0.4391376553449729, -0.16106953848079159, -0.5318368491992848, 0.577864121245293, -0.16106953848079136, 0.8724297124919963, -0.8282792473724672, -0.1889822365046143, 0.5108323385174729, -0.44152049814639727, -0.1610695384807914, 0.24589809507898563, -0.18996856280406843, -0.18235722297072834, -0.30757283872733326, 0.36962641563037063, -0.18898223650461426, -0.4254659698248907, 0.49047799497531197, 4.332750543560912, -0.94845311891379, -0.9528351047490325, -0.12788721666732755, -0.041392546701224754, 0.0735649678757662, -0.2252213082307253, -0.28709776815182647, 0.39659368339347395, -0.01787139550755391, 0.26273698410153595, -0.258858643415581, 0.03950918386598345, 0.4103779798192568, -0.4279131038225929, -0.20166768818859018, 0.5653714169178554, -0.4782892072897971, -0.26229004707778764, -0.2719558256489584, 0.40824829046386424, 0.6898891314634306, -0.4077006734628857, -0.31233003619111754], [-0.16843038421330372, -0.08536683668769895, 0.1416293283722215, -0.35218036253024904, -0.5532407407407386, 0.7742690238977153, -0.1610695384807916, 0.21885321670590038, -0.1654369056790959, -0.1610695384807913, -0.13689721552400985, 0.1895215227038697, 0.7244319066010214, -0.2899318678072144, 0.025295445206304112, -0.1610695384807914, -0.732872753960898, 0.7741218934265786, 5.483742205048331, -0.8481554037632523, -1.1042589166957322, 1.6378460497066565, -0.49325999798380193, -0.11336519695184083, -0.23080027108556914, 0.3867478737318368, -0.2853902246108213, -0.1278872166673276, 0.35873540474394777, -0.3264445449487127, 0.5523284463753503, -0.2188532167059004, -0.024182541670333846, 1.0186695439305755, -0.405629028086582, -0.12236954052372921, 0.46917155840855357, -0.5925120270424099, 0.37269850978096813, 1.518439064008209, -0.45936427624575754, -0.14162932837222153, 1.0959976967178984, -0.07144602199252303, -0.4762896722078418, 0.6117376282898388, 0.06904608179613392, -0.586801886177251], [-0.16843038421330372, -0.4199125480313837, 0.47828920728979724, 1.775575994423339, -0.21759259259259175, -0.901387818865997, -0.1610695384807916, -0.8048150549829883, 0.8481554037632525, -0.1610695384807913, 0.8724297124919961, -0.828279247372467, 3.4646743359179286, -0.2899318678072144, -0.9750244334066274, 6.208498574168686, -0.732872753960898, -1.2917862270676648, -0.18235722297072834, -0.848155403763252, 0.905584718294408, -0.1889822365046142, -0.8322301387783576, 0.8930401229267474, -0.23080027108556914, -0.9484531189137902, 1.0494995356656007, -0.1278872166673276, 0.35873540474394777, -0.3264445449487127, 2.8849777101935774, -0.5600759739355301, -0.7254762501100135, 2.3143457182282376, -0.405629028086582, -0.8048150549829883, -0.2469323991623966, 1.0789713177270346, -0.9616541795583003, 1.518439064008209, 0.5653714169178555, -1.1516089651249486, 1.0959976967178984, -1.0739950402747, 0.544331053951819, 1.0024951441577974, -0.4077006734628858, -0.5868018861772509], [-0.16843038421330372, 0.24917887465598584, -0.1950305505453542, 0.0024456969620156497, -0.21759259259259173, 0.21571674297647794, -0.1610695384807916, 0.10511229762935712, -0.05281553796327947, -0.1610695384807913, -0.24904465197023276, 0.302610497156796, -0.1889822365046143, -0.2899318678072144, 0.35873540474394794, -0.1610695384807914, -0.03375071893240982, 0.08548585326183078, -0.1823572229707284, 0.27805827339491235, -0.21099507892233638, -0.1889822365046142, 0.2976703305368281, -0.22518801027168392, -0.23080027108556914, 0.3867478737318367, -0.2853902246108213, -0.1278872166673276, 0.13644209838551863, -0.10421703782400218, 4.440077219405729, -1.2425214883947895, -0.7254762501100134, 0.586777485831355, -0.18284035735720938, -0.12236954052372923, 0.23047023921823684, -0.2582153580885211, 0.15030639489109004, -0.2016676881885902, -0.11778571185788651, 0.19503055054535415, -0.26229004707778764, 0.7083143255602814, -0.5896919751144708, -0.03952489815675907, 0.5457928370551536, -0.3580753445221398], [2.4482559419576644, -0.5154970369867223, -0.29121908737894725, 1.4716108005728266, -0.025793650793650702, -0.901387818865997, 2.568745366940417, -0.5123384059290201, -0.3102358070280028, 2.568745366940412, -0.28108677666915355, -0.5374790273506564, 2.159796988624163, -0.0992737234441936, -0.6892187538029326, 2.568745366940413, 0.16599843393287253, -0.9966564955684871, 3.8648566541857425, -0.8481554037632523, -0.5300178781271205, 2.9427233970004214, -0.8322301387783576, -0.25713738550592485, 1.7250072209057798, -0.9484531189137904, 0.19135611834504365, 7.819389819088031, -0.9750244334066274, -0.9931270663228443, 2.440663564704391, -0.657568190286853, -0.4249218036358651, 1.3888627365870505, -0.21466731031854833, -0.5123384059290201, 1.594477777448618, -0.06718869011487026, -0.6757214604141714, 1.2727095279800946, 