{"clusters": [[0, 1, 2, 3, 4, 5, 6, 7, 8, 9, 10, 11, 12, 14, 15, 17, 18, 19, 20, 21, 22, 23, 24, 25, 26, 27, 28, 29, 30, 31, 32, 33, 34, 35, 36, 37, 38, 39, 40, 41, 42, 43, 44, 46, 48, 49, 50, 51, 52, 53, 54, 55, 56, 57, 58, 59, 60, 61, 62, 63, 64, 65, 66, 67, 68, 69, 70, 71, 72, 73, 74, 75, 76, 77, 78, 79, 80, 82, 83, 84, 85, 86, 87, 88, 89, 90, 91, 92, 93, 94, 95, 96, 97, 98, 99, 100, 101, 103, 104, 105, 106, 107, 108, 109, 110, 111, 112, 113, 114, 115, 116, 117, 118, 119, 120, 121, 122, 123, 124, 125, 126, 127, 128, 129, 130, 131, 132, 133, 134, 135, 136, 137, 138, 139, 140, 141, 142, 143, 144, 145, 146, 147, 148, 149, 150, 151, 152, 153, 154, 155, 156, 157, 158, 159, 160, 161, 162, 163, 164, 165, 166, 167, 168, 169, 170, 171, 172, 173, 174, 175, 176, 177, 178, 179, 180, 181, 182, 183, 184, 185, 186, 187, 188, 189, 190, 191, 192, 193, 194, 195, 196, 197, 198, 200, 201, 202, 203, 204, 205, 206, 207, 208, 209, 210, 211, 212, 213, 214, 215, 217, 218, 219, 220, 221, 222, 223, 224, 225, 226, 227, 228, 229, 230, 231, 232, 233, 234, 235, 236, 237, 239, 240, 241, 242, 244, 245, 246, 247, 248, 250, 251, 252, 253, 254, 255, 256, 257, 258, 259, 260, 261, 262, 263, 264, 265, 266, 267, 268, 269, 270, 271, 272, 273, 274, 275, 276, 277, 278, 279, 280, 281, 282, 283, 284, 285, 286, 287, 288, 289, 290, 291, 292, 293, 294, 295, 296, 297, 298, 299, 300, 301, 302, 303, 304, 305, 306, 307, 308, 309, 310, 311, 312, 313, 314, 315, 316, 317, 318, 319, 320, 321, 322, 324, 326, 327, 328, 329, 330, 331, 332, 333, 335, 336, 337, 338, 339, 340, 341, 342, 343, 344, 345, 346, 347, 348, 349, 350, 351, 352, 353, 354, 355, 356, 357, 358, 359, 360, 361, 362, 363, 364, 365, 366, 367, 368, 369, 370, 371, 372, 373, 374, 375, 376, 377, 378, 379, 380, 381, 382, 383, 384, 385, 386, 387, 388, 389, 390, 391, 392, 393, 394, 395, 396, 397, 398, 399, 400, 401, 402, 403, 404, 405, 406, 407, 408, 409, 410, 411, 412, 413, 414, 416, 417, 418, 419, 420, 421, 422, 423, 424, 425, 426, 427, 428, 429, 430, 431, 432, 433, 434], [13, 16, 45, 47, 81, 102, 199, 216, 238, 243, 249, 323, 325, 334, 415]], "centers": [[0.006015370864760847, 0.01977610116317321, -0.021891184244886865, 0.012577870090366603, 0.0077711640211636426, -0.01568348769089229, 0.005752483517171068, 0.018994173185688776, -0.02063800433018898, 0.005752483517170977, -0.03115820401757103, 0.029581401691873958, 0.006749365589450496, -0.01824401208990971, 0.01576858921951414, 0.00575248351717114, -0.008782074824249517, 0.006784591528716698, 0.006512757963240391, 0.010984744240261874, -0.013200943415370354, 0.006749365589450451, 0.015195213208032026, -0.01751707124911792, -0.15474109084146187, 0.033873325675492685, 0.034029825169608244, 0.004567400595261747, 0.0014783052393292785, -0.002627320281277281, 0.008043618151097227, 0.01025349171970805, -0.01416406012119547, 0.0006382641252696699, -0.009383463717911997, 0.009244951550556501, -0.0014110422809279811, -0.014656356422116145, 0.015282610850806818, 0.007202417435306667, -0.020191836318494784, 0.017081757403207092, 0.009367501681349703, 0.009712708058891446, -0.014580296087995187, -0.024638897552265344, 0.01456073833796021, 0.01115464414968281], [-0.16843038421330372, -0.5537308325688578, 0.6129531588568272, -0.35218036253024904, -0.2175925925925917, 0.4391376553449729, -0.16106953848079159, -0.5318368491992848, 0.577864121245293, -0.16106953848079136, 0.8724297124919963, -0.8282792473724672, -0.1889822365046143, 0.5108323385174729, -0.44152049814639727, -0.1610695384807914, 0.24589809507898563, -0.18996856280406843, -0.18235722297072834, -0.30757283872733326, 0.36962641563037063, -0.18898223650461426, -0.4254659698248907, 0.49047799497531197, 4.332750543560912, -0.94845311891379, -0.9528351047490325, -0.12788721666732755, -0.041392546701224754, 0.0735649678757662, -0.2252213082307253, -0.28709776815182647, 0.39659368339347395, -0.01787139550755391, 0.26273698410153595, -0.258858643415581, 0.03950918386598345, 0.4103779798192568, -0.4279131038225929, -0.20166768818859018, 0.5653714169178554, -0.4782892072897971, -0.26229004707778764, -0.2719558256489584, 0.40824829046386424, 0.6898891314634306, -0.4077006734628857, -0.31233003619111754]]}