{"clusters": [[0, 1, 2, 3, 4, 5, 6, 7, 8, 9, 10, 11, 12, 14, 15, 17, 18, 19, 20, 21, 22, 23, 24, 25, 26, 27, 28, 29, 30, 31, 32, 33, 34, 35, 36, 37, 38, 39, 40, 41, 42, 43, 44, 46, 48, 49, 50, 51, 52, 53, 55, 56, 57, 58, 59, 60, 61, 62, 63, 64, 65, 66, 67, 68, 69, 70, 71, 72, 73, 74, 75, 76, 77, 78, 79, 80, 82, 83, 84, 85, 86, 87, 88, 89, 90, 91, 92, 93, 94, 95, 96, 97, 98, 99, 100, 101, 104, 105, 106, 107, 108, 109, 110, 111, 112, 113, 114, 115, 116, 117, 118, 119, 120, 121, 122, 123, 124, 125, 126, 127, 128, 129, 130, 131, 132, 133, 134, 135, 136, 137, 138, 139, 140, 141, 142, 143, 144, 145, 146, 147, 148, 149, 150, 151, 152, 153, 154, 155, 156, 157, 158, 159, 160, 161, 162, 163, 164, 165, 166, 167, 168, 169, 170, 171, 172, 173, 174, 175, 176, 177, 178, 179, 180, 181, 182, 183, 184, 185, 186, 187, 188, 189, 190, 191, 192, 193, 194, 195, 196, 197, 198, 200, 201, 202, 203, 204, 205, 206, 207, 208, 209, 210, 211, 212, 213, 214, 215, 217, 218, 219, 220, 221, 222, 223, 224, 225, 226, 227, 228, 229, 230, 231, 232, 233, 234, 235, 236, 237, 239, 240, 241, 242, 244, 245, 246, 248, 250, 251, 252, 253, 254, 255, 256, 257, 258, 259, 260, 261, 262, 263, 264, 265, 266, 267, 268, 269, 270, 271, 272, 273, 274, 275, 276, 277, 278, 279, 280, 281, 282, 283, 284, 285, 287, 288, 289, 291, 292, 293, 294, 296, 297, 298, 299, 300, 301, 302, 303, 304, 305, 306, 307, 308, 309, 310, 311, 312, 313, 314, 315, 316, 317, 318, 319, 320, 321, 322, 324, 326, 327, 328, 329, 330, 331, 332, 333, 335, 336, 337, 338, 339, 340, 341, 342, 343, 344, 345, 346, 347, 348, 349, 350, 351, 352, 353, 354, 355, 356, 357, 358, 359, 360, 361, 362, 363, 364, 365, 366, 367, 368, 369, 370, 371, 372, 373, 374, 375, 376, 378, 379, 381, 382, 383, 384, 385, 386, 387, 388, 389, 390, 391, 392, 393, 394, 395, 396, 397, 398, 399, 400, 401, 402, 403, 404, 405, 406, 407, 408, 409, 410, 411, 412, 413, 414, 416, 417, 418, 419, 420, 421, 422, 423, 424, 425, 426, 427, 428, 429, 430, 431, 432, 433, 434], [13, 16, 45, 47, 81, 102, 199, 216, 238, 243, 249, 323, 325, 334, 415], [54, 103, 247, 286, 290, 295, 377, 380]], "centers": [[0.009402667079868896, 0.02181771160687947, -0.025066339829685088, 0.01966055421892228, 0.010517799352750441, -0.022888114892789007, 0.008991746080238299, 0.015113415059082704, -0.01782637517778302, 0.008991746080238255, -0.03400466460975673, 0.03141654871142907, -0.002752168492785658, -0.014588188447997448, 0.015583601724625014, 0.008991746080238382, 0.005277938362869818, -0.008115161906193241, -0.0998412118830729, 0.02766707721120391, 0.007984648298811403, -0.016054316207916322, 0.021777157689479743, -0.015655942594696135, -0.17541737284956904, 0.03350295092025118, 0.04347217992329729, 0.00713933491104019, -0.0038400852387329818, 0.0020422313594153124, 0.0012494940817237789, 0.01470216566971983, -0.015671695694124063, -0.012839643374359264, -0.0033116226917924776, 0.010144151604282293, -0.007072335704165721, -0.011549854782738789, 0.014819936547984601, -0.013791950691367126, -0.010006067754917537, 0.015260712288396353, -0.015028928668378735, 0.016155348536987732, -0.008918045180035864, -0.036995723296772184, 0.00887416122946153, 0.026096419617027855], [-0.16843038421330372, -0.5537308325688578, 0.6129531588568272, -0.35218036253024904, -0.2175925925925917, 0.4391376553449729, -0.16106953848079159, -0.5318368491992848, 0.577864121245293, -0.16106953848079136, 0.8724297124919963, -0.8282792473724672, -0.1889822365046143, 0.5108323385174729, -0.44152049814639727, -0.1610695384807914, 0.24589809507898563, -0.18996856280406843, -0.18235722297072834, -0.30757283872733326, 0.36962641563037063, -0.18898223650461426, -0.4254659698248907, 0.49047799497531197, 4.332750543560912, -0.94845311891379, -0.9528351047490325, -0.12788721666732755, -0.041392546701224754, 0.0735649678757662, -0.2252213082307253, -0.28709776815182647, 0.39659368339347395, -0.01787139550755391, 0.26273698410153595, -0.258858643415581, 0.03950918386598345, 0.4103779798192568, -0.4279131038225929, -0.20166768818859018, 0.5653714169178554, -0.4782892072897971, -0.26229004707778764, -0.2719558256489584, 0.40824829046386424, 0.6898891314634306, -0.4077006734628857, -0.31233003619111754], [-0.16843038421330372, -0.08536683668769895, 0.14162932837222147, -0.35218036253024904, -0.13368055555555503, 0.3553548132067873, -0.1610695384807916, 0.2188532167059003, -0.16543690567909597, -0.1610695384807913, 0.1154345164799916, -0.06492866981521449, 0.4960783708246125, -0.2065189296483928, 0.025295445206304112, -0.1610695384807914, -0.7328727539608979, 0.7741218934265786, 5.483742205048331, -0.8481554037632523, -1.1042589166957322, 1.181138978153839, -0.32377492758652404, -0.11336519695184082, 0.9100874325760508, 0.05294762557043005, -0.45225144464537403, -0.1278872166673276, 0.2753754148595368, -0.24310922977694624, 0.3579410077238314, -0.2188532167059004, 0.06347917188462611, 0.6947505003561601, -0.3220832765630673, -0.0370638512163218, 0.290145569015816, -0.1746411908500488, 0.039110337446151056, 1.088412375959009, -0.5447589173427253, 0.11086558081596029, 1.2657836646923593, -0.3220832765630673, -0.30618621784789835, 0.6117376282898388, 0.30741945942564375, -0.7583467924185845]]}