{"clusters": [[1, 2, 3, 4, 5, 6, 7, 8, 9, 11, 12, 14, 15, 17, 18, 19, 21, 22, 23, 24, 25, 26, 27, 28, 29, 30, 31, 32, 33, 34, 35, 36, 37, 38, 39, 41, 42, 43, 44, 46, 48, 49, 50, 51, 52, 53, 55, 56, 57, 58, 59, 61, 62, 63, 64, 65, 66, 67, 68, 69, 70, 71, 72, 73, 74, 75, 76, 77, 78, 79, 80, 82, 83, 84, 85, 86, 87, 88, 89, 90, 91, 92, 93, 94, 95, 96, 97, 98, 100, 101, 104, 105, 106, 107, 108, 109, 110, 111, 112, 113, 114, 116, 117, 118, 119, 120, 121, 122, 123, 124, 125, 126, 127, 128, 129, 131, 132, 133, 134, 135, 136, 137, 138, 139, 140, 141, 142, 143, 144, 145, 146, 147, 148, 149, 150, 151, 152, 153, 154, 155, 156, 157, 158, 159, 160, 161, 162, 163, 164, 165, 166, 167, 168, 169, 170, 171, 172, 173, 174, 175, 176, 177, 178, 179, 180, 181, 182, 183, 184, 185, 186, 187, 188, 189, 190, 191, 192, 193, 194, 195, 196, 197, 198, 200, 201, 202, 203, 204, 205, 206, 207, 208, 209, 210, 211, 212, 213, 214, 215, 217, 219, 220, 221, 222, 223, 224, 225, 226, 227, 228, 229, 230, 231, 232, 233, 234, 235, 236, 237, 239, 240, 241, 242, 244, 245, 246, 248, 250, 251, 252, 253, 254, 255, 256, 257, 258, 259, 260, 262, 263, 264, 265, 266, 267, 268, 269, 270, 272, 273, 274, 276, 277, 278, 279, 280, 281, 282, 283, 284, 285, 287, 288, 289, 291, 292, 293, 294, 296, 297, 298, 299, 300, 301, 302, 303, 304, 305, 306, 307, 308, 309, 310, 311, 312, 313, 314, 315, 316, 317, 318, 319, 320, 321, 322, 324, 326, 327, 328, 329, 330, 331, 332, 333, 335, 336, 337, 338, 339, 340, 341, 343, 344, 345, 346, 347, 348, 349, 350, 351, 352, 353, 354, 355, 356, 357, 358, 360, 361, 362, 363, 364, 365, 366, 367, 368, 369, 370, 371, 372, 373, 374, 375, 376, 378, 379, 381, 382, 383, 384, 385, 386, 387, 388, 389, 390, 391, 392, 393, 394, 395, 396, 398, 399, 400, 401, 402, 403, 404, 405, 406, 407, 408, 409, 410, 411, 412, 414, 416, 417, 418, 419, 420, 421, 422, 423, 425, 426, 427, 428, 429, 430, 431, 432, 433, 434], [13, 16, 45, 47, 81, 102, 199, 216, 238, 243, 249, 323, 325, 334, 415], [54, 103, 247, 286, 290, 295, 377, 380], [20, 60, 115, 130, 261, 342, 397, 424], [0, 10, 40, 99, 218, 271, 275, 359, 413]], "centers": [[0.017056241439321898, 0.023889863978972595, -0.02968367330482352, 0.011423571885870905, 0.028832630098452595, -0.035985297539928254, 0.0163108393398269, 0.02448582334725063, -0.029435912260249147, 0.01631083933982694, -0.047463183927654855, 0.04264900651563882, -0.022486493963840185, -0.009495457997302793, 0.01769807903962351, -0.11269307180244062, 0.021117086348306953, 0.01575055805527397, -0.09628988988689523, 0.034568025219450946, -0.00011697038469313184, -0.008611848752109068, 0.022489507377028834, -0.01909431888726394, -0.17303380507738664, 0.03013089974673906, 0.04579761464763283, 0.01295060421947628, -0.0076264748493115875, 0.004365009960983052, -0.11892336709470407, 0.05844426448577334, -0.006428270570595097, -0.04083274543181639, -0.007993552480992785, 0.029668953836814654, -0.01850430130432136, -0.012782360628703728, 0.021375270056198617, -0.018770261372728213, -0.017474032189549685, 0.024569852359240005, -0.014703420360599252, 0.017387435323619423, -0.010335399758578867, -0.044141442648026, 0.005077529824670494, 0.035102685310317364], [-0.16843038421330372, -0.5537308325688578, 0.6129531588568272, -0.35218036253024904, -0.2175925925925917, 0.4391376553449729, -0.16106953848079159, -0.5318368491992848, 0.577864121245293, -0.16106953848079136, 0.8724297124919963, -0.8282792473724672, -0.1889822365046143, 0.5108323385174729, -0.44152049814639727, -0.1610695384807914, 0.24589809507898563, -0.18996856280406843, -0.18235722297072834, -0.30757283872733326, 0.36962641563037063, -0.18898223650461426, -0.4254659698248907, 0.49047799497531197, 4.332750543560912, -0.94845311891379, -0.9528351047490325, -0.12788721666732755, -0.041392546701224754, 0.0735649678757662, -0.2252213082307253, -0.28709776815182647, 0.39659368339347395, -0.01787139550755391, 0.26273698410153595, -0.258858643415581, 0.03950918386598345, 0.4103779798192568, -0.4279131038225929, -0.20166768818859018, 0.5653714169178554, -0.4782892072897971, -0.26229004707778764, -0.2719558256489584, 0.40824829046386424, 0.6898891314634306, -0.4077006734628857, -0.31233003619111754], [-0.16843038421330372, -0.08536683668769895, 0.14162932837222147, -0.35218036253024904, -0.13368055555555503, 0.3553548132067873, -0.1610695384807916, 0.2188532167059003, -0.16543690567909597, -0.1610695384807913, 0.1154345164799916, -0.06492866981521449, 0.4960783708246125, -0.2065189296483928, 0.025295445206304112, -0.1610695384807914, -0.7328727539608979, 0.7741218934265786, 5.483742205048331, -0.8481554037632523, -1.1042589166957322, 1.181138978153839, -0.32377492758652404, -0.11336519695184082, 0.9100874325760508, 0.05294762557043005, -0.45225144464537403, -0.1278872166673276, 0.2753754148595368, -0.24310922977694624, 0.3579410077238314, -0.2188532167059004, 0.06347917188462611, 0.6947505003561601, -0.3220832765630673, -0.0370638512163218, 0.290145569015816, -0.1746411908500488, 0.039110337446151056, 1.088412375959009, -0.5447589173427253, 0.11086558081596029, 1.2657836646923593, -0.3220832765630673, -0.30618621784789835, 0.6117376282898388, 0.30741945942564375, -0.7583467924185845], [-0.16843038421330372, -0.33627612019546255, 0.39412423756040327, 0.4457282713273465, -0.6371527777777753, 0.3553548132067873, -0.1610695384807916, -0.5488979870607661, 0.5947573264026654, -0.1610695384807913, 0.8724297124919962, -0.8282792473724669, 1.1811389781538393, 0.043719884828071987, -0.4748644941001616, 6.208498574168686, -0.7328727539608979, -1.2917862270676645, -0.1823572229707284, -0.5947573264026652, 0.6543542639206406, -0.1889822365046142, -0.32377492758652393, 0.3898374629874533, -0.23080027108556916, -0.197402560550625, 0.2986240455101133, -0.1278872166673276, 0.025295445206304, 0.006896715738353085, 0.9411033236783881, -0.730687352550345, 0.326464312549506, 0.69475050035616, 0.4298284871485655, -0.8048150549829883, 0.290145569015816, 0.3268038125807845, -0.4612719210560747, 0.4433723438852094, 0.4799767758208877, -0.646619146748585, 0.24706785684559468, -0.8233577857041557, 0.7144345083117625, 0.31866949138886974, -0.4077006734628857, 0.013605285667416173], [-0.16843038421330372, 0.24917887465598584, -0.1950305505453542, 0.0024456969620156497, -0.21759259259259173, 0.21571674297647794, -0.1610695384807916, 0.10511229762935712, -0.05281553796327947, -0.1610695384807913, -0.24904465197023276, 0.302610497156796, -0.1889822365046143, -0.2899318678072144, 0.35873540474394794, -0.1610695384807914, -0.03375071893240982, 0.08548585326183078, -0.1823572229707284, 0.27805827339491235, -0.21099507892233638, -0.1889822365046142, 0.2976703305368281, -0.22518801027168392, -0.23080027108556914, 0.3867478737318367, -0.2853902246108213, -0.1278872166673276, 0.13644209838551863, -0.10421703782400218, 4.440077219405729, -1.2425214883947895, -0.7254762501100134, 0.586777485831355, -0.18284035735720938, -0.12236954052372923, 0.23047023921823684, -0.2582153580885211, 0.15030639489109004, -0.2016676881885902, -0.11778571185788651, 0.19503055054535415, -0.26229004707778764, 0.7083143255602814, -0.5896919751144708, -0.03952489815675907, 0.5457928370551536, -0.3580753445221398]]}