{"clusters": [[1, 2, 3, 4, 5, 6, 7, 8, 9, 11, 12, 14, 15, 17, 18, 19, 21, 22, 23, 24, 25, 26, 27, 28, 29, 30, 31, 32, 33, 34, 35, 36, 37, 38, 39, 41, 42, 43, 44, 46, 48, 49, 50, 51, 52, 53, 55, 56, 57, 58, 59, 61, 62, 63, 64, 65, 66, 67, 68, 69, 70, 71, 72, 73, 74, 75, 76, 77, 78, 79, 80, 82, 83, 84, 85, 86, 87, 88, 89, 90, 91, 92, 93, 94, 95, 96, 97, 98, 100, 101, 104, 105, 106, 108, 109, 110, 111, 112, 113, 114, 116, 117, 118, 119, 120, 121, 122, 123, 124, 125, 126, 127, 128, 131, 132, 133, 134, 135, 136, 137, 138, 139, 140, 141, 142, 144, 145, 146, 147, 148, 149, 150, 151, 152, 153, 154, 155, 156, 157, 158, 159, 160, 161, 162, 163, 164, 165, 166, 167, 168, 169, 171, 172, 173, 174, 175, 176, 177, 179, 181, 182, 184, 185, 186, 187, 188, 189, 190, 191, 192, 193, 194, 195, 196, 197, 198, 200, 201, 202, 203, 204, 205, 206, 207, 208, 209, 210, 211, 212, 213, 214, 215, 217, 219, 220, 221, 222, 223, 224, 225, 226, 227, 228, 229, 230, 231, 232, 233, 234, 235, 236, 237, 239, 240, 241, 242, 244, 245, 246, 250, 251, 252, 253, 254, 255, 256, 257, 258, 259, 260, 262, 263, 264, 265, 266, 267, 268, 269, 270, 272, 273, 274, 276, 277, 278, 279, 280, 281, 282, 283, 284, 285, 287, 288, 289, 291, 292, 293, 294, 296, 297, 298, 299, 300, 301, 302, 303, 304, 305, 306, 307, 308, 309, 310, 311, 312, 313, 314, 315, 316, 317, 318, 319, 320, 321, 322, 324, 326, 327, 328, 329, 330, 331, 332, 333, 335, 336, 337, 338, 339, 340, 341, 343, 344, 345, 346, 347, 348, 349, 350, 351, 352, 353, 354, 355, 356, 357, 358, 360, 361, 362, 363, 364, 365, 366, 367, 368, 369, 370, 371, 372, 373, 374, 375, 376, 378, 379, 381, 382, 383, 384, 385, 386, 387, 388, 391, 392, 393, 394, 395, 396, 398, 399, 400, 401, 403, 404, 405, 406, 407, 408, 409, 410, 411, 412, 414, 416, 417, 418, 419, 420, 421, 422, 423, 425, 426, 427, 428, 429, 430, 431, 432, 434], [13, 16, 45, 47, 81, 102, 199, 216, 238, 243, 249, 323, 325, 334, 415], [54, 103, 247, 286, 290, 295, 377, 380], [115, 130, 261], [0, 10, 40, 99, 218, 271, 275, 359, 413], [107, 170, 180, 183, 248, 389, 433], [129, 143, 178, 390, 402], [20, 60, 342, 397, 424]], "centers": [[-0.10466431186100844, 0.048276750350378574, -0.013955002093603503, -0.027183634379374228, 0.03129532927183039, -0.014120957997901137, -0.02802372933928811, 0.0344325620152129, -0.02517478452911034, -0.028023729339288213, -0.04993170997693879, 0.059306802772432145, -0.07450735695090538, -0.01638969985034774, 0.043578053953798754, -0.16106953848079006, 0.011883878654306162, 0.04053572009180797, -0.1823572229707286, 0.062225156153634845, 0.002991754277948189, -0.060197997006691824, 0.04395899800130386, -0.021396042393745, -0.2188849948071197, 0.05556224892417487, 0.040490173785642056, -0.12788721666732714, 0.012236438958093222, 0.01995185649633224, -0.17649756381676684, 0.08316901488899381, -0.005872000980002772, -0.08417753915307415, 0.004465000279495646, 0.03977808823813141, -0.05622064022705216, -0.020803624523356955, 0.0469492240023215, -0.0534600567982656, -0.014331107500202342, 0.03505118249574916, -0.06014278494631468, 0.035876457771365465, -0.0063955345764574205, -0.0830557615432677, 0.018010528361095252, 0.05996272116605288], [-0.16843038421330372, -0.5537308325688578, 0.6129531588568272, -0.35218036253024904, -0.2175925925925917, 0.4391376553449729, -0.16106953848079159, -0.5318368491992848, 0.577864121245293, -0.16106953848079136, 0.8724297124919963, -0.8282792473724672, -0.1889822365046143, 0.5108323385174729, -0.44152049814639727, -0.1610695384807914, 0.24589809507898563, -0.18996856280406843, -0.18235722297072834, -0.30757283872733326, 0.36962641563037063, -0.18898223650461426, -0.4254659698248907, 0.49047799497531197, 4.332750543560912, -0.94845311891379, -0.9528351047490325, -0.12788721666732755, -0.041392546701224754, 0.0735649678757662, -0.2252213082307253, -0.28709776815182647, 0.39659368339347395, -0.01787139550755391, 0.26273698410153595, -0.258858643415581, 0.03950918386598345, 0.4103779798192568, -0.4279131038225929, -0.20166768818859018, 0.5653714169178554, -0.4782892072897971, -0.26229004707778764, -0.2719558256489584, 0.40824829046386424, 0.6898891314634306, -0.4077006734628857, -0.31233003619111754], [-0.16843038421330372, -0.08536683668769895, 0.14162932837222147, -0.35218036253024904, -0.13368055555555503, 0.3553548132067873, -0.1610695384807916, 0.2188532167059003, -0.16543690567909597, -0.1610695384807913, 0.1154345164799916, -0.06492866981521449, 0.4960783708246125, -0.2065189296483928, 0.025295445206304112, -0.1610695384807914, -0.7328727539608979, 0.7741218934265786, 5.483742205048331, -0.8481554037632523, -1.1042589166957322, 1.181138978153839, -0.32377492758652404, -0.11336519695184082, 0.9100874325760508, 0.05294762557043005, -0.45225144464537403, -0.1278872166673276, 0.2753754148595368, -0.24310922977694624, 0.3579410077238314, -0.2188532167059004, 0.06347917188462611, 0.6947505003561601, -0.3220832765630673, -0.0370638512163218, 0.290145569015816, -0.1746411908500488, 0.039110337446151056, 1.088412375959009, -0.5447589173427253, 0.11086558081596029, 1.2657836646923593, -0.3220832765630673, -0.30618621784789835, 0.6117376282898388, 0.30741945942564375, -0.7583467924185845], [-0.16843038421330372, -0.4199125480313837, 0.47828920728979724, 1.775575994423339, -0.21759259259259175, -0.901387818865997, -0.1610695384807916, -0.8048150549829883, 0.8481554037632525, -0.1610695384807913, 0.8724297124919961, -0.828279247372467, 3.4646743359179286, -0.2899318678072144, -0.9750244334066274, 6.208498574168686, -0.732872753960898, -1.2917862270676648, -0.18235722297072834, -0.848155403763252, 0.905584718294408, -0.1889822365046142, -0.8322301387783576, 0.8930401229267474, -0.23080027108556914, -0.9484531189137902, 1.0494995356656007, -0.1278872166673276, 0.35873540474394777, -0.3264445449487127, 2.8849777101935774, -0.5600759739355301, -0.7254762501100135, 2.3143457182282376, -0.405629028086582, -0.8048150549829883, -0.2469323991623966, 1.0789713177270346, -0.9616541795583003, 1.518439064008209, 0.5653714169178555, -1.1516089651249486, 1.0959976967178984, -1.0739950402747, 0.544331053951819, 1.0024951441577974, -0.4077006734628858, -0.5868018861772509], [-0.16843038421330372, 0.24917887465598584, -0.1950305505453542, 0.0024456969620156497, -0.21759259259259173, 0.21571674297647794, -0.1610695384807916, 0.10511229762935712, -0.05281553796327947, -0.1610695384807913, -0.24904465197023276, 0.302610497156796, -0.1889822365046143, -0.2899318678072144, 0.35873540474394794, -0.1610695384807914, -0.03375071893240982, 0.08548585326183078, -0.1823572229707284, 0.27805827339491235, -0.21099507892233638, -0.1889822365046142, 0.2976703305368281, -0.22518801027168392, -0.23080027108556914, 0.3867478737318367, -0.2853902246108213, -0.1278872166673276, 0.13644209838551863, -0.10421703782400218, 4.440077219405729, -1.2425214883947895, -0.7254762501100134, 0.586777485831355, -0.18284035735720938, -0.12236954052372923, 0.23047023921823684, -0.2582153580885211, 0.15030639489109004, -0.2016676881885902, -0.11778571185788651, 0.19503055054535415, -0.26229004707778764, 0.7083143255602814, -0.5896919751144708, -0.03952489815675907, 0.5457928370551536, -0.3580753445221398], [2.4482559419576644, -0.5154970369867223, -0.29121908737894725, 1.4716108005728266, -0.025793650793650702, -0.901387818865997, 2.568745366940417, -0.5123384059290201, -0.3102358070280028, 2.568745366940412, -0.28108677666915355, -0.5374790273506564, 2.159796988624163, -0.0992737234441936, -0.6892187538029326, 2.568745366940413, 0.16599843393287253, -0.9966564955684871, 3.8648566541857425, -0.8481554037632523, -0.5300178781271205, 2.9427233970004214, -0.8322301387783576, -0.25713738550592485, 1.7250072209057798, -0.9484531189137904, 0.19135611834504365, 7.819389819088031, -0.9750244334066274, -0.9931270663228443, 2.440663564704391, -0.657568190286853, -0.4249218036358651, 1.3888627365870505, -0.21466731031854833, -0.5123384059290201, 1.594477777448618, -0.06718869011487026, -0.6757214604141714, 1.2727095279800946, 