{"clusters": [[1, 4, 12, 14, 28, 33, 35, 37, 43, 50, 55, 58, 69, 70, 82, 89, 90, 111, 119, 143, 151, 164, 175, 178, 189, 196, 200, 211, 213, 214, 233, 237, 255, 259, 260, 261, 269, 277, 286, 292, 296, 315, 318, 319, 335, 348, 361, 370, 379, 386, 397, 401, 429, 433, 434, 441], [8, 11, 25, 39, 49, 59, 61, 66, 67, 73, 75, 81, 103, 109, 132, 148, 149, 154, 157, 185, 193, 206, 232, 241, 258, 278, 285, 288, 294, 301, 305, 307, 326, 345, 347, 356, 363, 364, 372, 377, 378, 392, 402, 410, 415, 424, 430, 438], [6, 10, 21, 42, 76, 86, 133, 166, 173, 187, 220, 226, 242, 263, 334, 349, 351, 381, 396], [29, 45, 48, 62, 64, 68, 88, 98, 101, 105, 110, 127, 170, 174, 191, 192, 201, 222, 227, 229, 243, 244, 257, 264, 265, 266, 275, 279, 295, 298, 299, 306, 329, 331, 352, 355, 383, 385, 389, 427, 431, 439], [0, 2, 13, 17, 44, 51, 74, 96, 108, 116, 125, 130, 138, 140, 142, 153, 163, 176, 180, 183, 197, 204, 209, 215, 225, 235, 238, 240, 270, 271, 280, 284, 290, 313, 316, 333, 337, 341, 342, 350, 359, 362, 371, 375, 388, 390, 399, 405, 437], [3, 9, 18, 24, 27, 30, 52, 54, 56, 63, 78, 85, 102, 104, 107, 112, 120, 124, 134, 145, 150, 156, 162, 198, 205, 252, 256, 272, 293, 314, 328, 344, 357, 369, 380, 395, 400, 404, 407, 411, 417, 435, 440], [72, 80, 87, 91, 99, 100, 181, 188, 199, 202, 210, 212, 236, 239, 246, 267, 276, 282, 287, 309, 311, 320, 325, 339, 353, 376, 384, 398, 418], [16, 36, 53, 71, 92, 97, 114, 117, 121, 129, 135, 137, 139, 147, 159, 167, 169, 177, 179, 184, 190, 207, 208, 217, 231, 234, 249, 250, 253, 274, 291, 300, 302, 303, 310, 317, 327, 332, 340, 343, 360, 365, 382, 394, 403, 408, 412, 416, 420, 432], [5, 19, 20, 22, 26, 31, 34, 41, 46, 47, 57, 60, 77, 79, 83, 84, 93, 94, 95, 106, 126, 128, 131, 136, 158, 160, 165, 171, 194, 218, 219, 221, 223, 224, 228, 245, 247, 281, 283, 297, 308, 312, 338, 358, 373, 374, 387, 391, 393, 406, 413, 419, 425, 436], [7, 15, 23, 32, 38, 40, 65, 113, 115, 118, 122, 123, 141, 144, 146, 152, 155, 161, 168, 172, 182, 186, 195, 203, 216, 230, 248, 251, 254, 262, 268, 273, 289, 304, 321, 322, 323, 324, 330, 336, 346, 354, 366, 367, 368, 409, 414, 421, 422, 423, 426, 428]], "centers": [[0.41865135341839177, -0.9385366608874605, -0.8555831527940962, -0.33636439352687836, -0.17762425252621314, -0.369968299385995, 1.100001532576734, -0.8303008265388868, -0.6465071642257008, 0.0644255185157294], [0.2659118584031802, 1.0654884797514645, -0.47036823218202656, -0.6258932385781236, 0.22736427902581519, 0.597816401151703, -0.4480385132687378, 0.7213024514663485, -0.12782989796177852, -0.022657292444369787], [-1.2614830917489377, 1.0654884797514645, -0.9915413600689443, -0.481128816052502, -1.508300856197167, -1.2126651814868499, -0.1384305040996428, -0.8303008265388868, -1.3226690274163697, -1.1547338349256586], [0.11317236338796798, 1.0654884797514645, -0.6063264394568747, -0.19159997100125692, -0.6693960408393916, -0.6069767974768608, 0.17117750506945095, -0.8303008265388868, -0.3809147565088958, 0.15150832947582857], [0.8768698384640264, 1.0654884797514645, 0.4133601151044884, 1.2560442542549635, -0.11976874801878042, -0.053956968598175156, -0.6028425178532839, -0.054499187536269665, 0.6557950744640999, 0.15150832947582857], [-0.49778561667287985, -0.9385366608874605, 0.8438944381415074, -0.2639821822640686, -0.2065520047799295, -0.021039121641110384, -0.061028501807369295, -0.054499187536269665, -0.25019757002259196, -0.8064025910852629], [0.34228160591078494, -0.9385366608874605, 0.36804071267953903, -0.481128816052502, 1.268763360159605, 0.9335784401137629, 0.6355895188230916, -0.054499187536269665, 0.7827582098769513, -0.022657292444369787], [0.2659118584031802, -0.9385366608874605, 0.7079362308666594, 0.7011139654940072, 0.6323528105778439, 0.5714821235860519, -0.061028501807369295, 0.1859993205545414, 0.6557950744640999, 0.5869223842763249], [-1.566962081779361, -0.9385366608874605, -0.9688816588564697, -0.9154220836293667, -0.6115405363319582, -0.4884725484314279, 0.3259815096539971, -0.8303008265388868, -0.8369487924157388, -0.45807134724486487], [-0.039567131627243825, 1.0654884797514645, 0.6399571272292353, 1.111279831729342, 0.8348470763538604, 1.1903376463788675, -0.8350485247301043, 1.4971040904689663, 0.5338600893199409, 0.5869223842763249]]}