{"clusters": [[1, 4, 12, 14, 19, 28, 33, 34, 37, 43, 50, 52, 54, 58, 70, 78, 82, 84, 85, 87, 90, 99, 104, 111, 119, 124, 127, 143, 151, 156, 164, 175, 178, 181, 189, 192, 196, 200, 210, 211, 213, 214, 233, 237, 245, 246, 255, 259, 260, 261, 269, 272, 292, 296, 297, 308, 314, 315, 335, 340, 343, 348, 361, 370, 380, 386, 389, 400, 401, 411, 429, 430, 433, 434, 435, 441], [7, 8, 11, 15, 17, 23, 25, 32, 38, 40, 44, 49, 59, 61, 65, 66, 72, 73, 81, 96, 103, 107, 108, 109, 113, 115, 116, 118, 122, 123, 132, 138, 140, 141, 142, 144, 146, 148, 149, 152, 154, 155, 157, 161, 163, 168, 172, 176, 180, 182, 183, 185, 186, 193, 195, 197, 202, 203, 204, 206, 209, 215, 216, 225, 230, 232, 238, 240, 241, 251, 254, 258, 262, 268, 273, 278, 280, 288, 289, 290, 301, 304, 305, 307, 309, 313, 316, 322, 323, 326, 330, 333, 337, 341, 342, 345, 346, 354, 359, 362, 364, 366, 367, 368, 371, 375, 377, 378, 384, 390, 399, 402, 409, 410, 414, 421, 423, 424, 426, 428, 437, 438], [0, 2, 6, 13, 21, 29, 35, 39, 42, 45, 48, 51, 62, 64, 67, 68, 69, 74, 75, 76, 88, 98, 101, 105, 110, 125, 133, 153, 170, 173, 174, 191, 201, 220, 222, 227, 229, 235, 243, 244, 257, 264, 265, 266, 270, 271, 275, 279, 284, 294, 295, 298, 299, 306, 329, 331, 334, 347, 349, 352, 355, 356, 357, 363, 372, 379, 383, 385, 388, 392, 397, 405, 427, 431, 439], [9, 16, 36, 53, 56, 71, 80, 91, 92, 97, 100, 114, 117, 121, 129, 130, 135, 137, 139, 145, 147, 150, 159, 167, 169, 177, 179, 184, 188, 190, 199, 205, 207, 208, 212, 217, 231, 234, 236, 239, 248, 249, 250, 252, 253, 256, 267, 274, 276, 282, 285, 287, 291, 293, 300, 302, 303, 310, 311, 317, 318, 319, 320, 321, 324, 325, 327, 332, 336, 339, 350, 353, 360, 365, 369, 376, 382, 394, 398, 403, 404, 407, 408, 412, 415, 416, 418, 420, 422, 432, 440], [3, 5, 10, 18, 20, 22, 24, 26, 27, 30, 31, 41, 46, 47, 55, 57, 60, 63, 77, 79, 83, 86, 89, 93, 94, 95, 102, 106, 112, 120, 126, 128, 131, 134, 136, 158, 160, 162, 165, 166, 171, 187, 194, 198, 218, 219, 221, 223, 224, 226, 228, 242, 247, 263, 277, 281, 283, 286, 312, 328, 338, 344, 351, 358, 373, 374, 381, 387, 391, 393, 395, 396, 406, 413, 417, 419, 425, 436]], "centers": [[0.34228160591078494, -0.9385366608874605, -0.6063264394568747, -0.19159997100125692, -0.09084099576506403, -0.20537906460067198, 0.9451975279921858, -0.8303008265388868, -0.6465071642257008, -0.8934854020453619], [0.5713908484336033, 1.0654884797514645, 0.5266586211668618, 0.3150755078384199, 0.5455695538166967, 1.0191648422021304, -0.8350485247301043, 0.7213024514663485, 0.1647664813027621, 0.4998395733162259], [0.11317236338796798, 1.0654884797514645, -0.6063264394568747, -0.19159997100125692, -0.6693960408393916, -0.6069767974768608, 0.17117750506945095, -0.8303008265388868, -0.3809147565088958, 0.15150832947582857], [0.2659118584031802, -0.9385366608874605, 0.7079362308666594, 0.7011139654940072, 0.6323528105778439, 0.5714821235860519, -0.061028501807369295, 0.1859993205545414, 0.6557950744640999, 0.5869223842763249], [-1.566962081779361, -0.9385366608874605, -0.9688816588564697, -0.9154220836293667, -0.6115405363319582, -0.4884725484314279, 0.3259815096539971, -0.8303008265388868, -0.8369487924157388, -0.45807134724486487]]}