{"clusters": [[5, 10, 19, 20, 22, 26, 31, 34, 41, 46, 47, 57, 60, 77, 79, 83, 84, 86, 93, 94, 95, 106, 126, 128, 131, 136, 158, 160, 165, 166, 171, 187, 194, 218, 219, 221, 223, 224, 226, 228, 242, 245, 247, 263, 281, 283, 297, 308, 312, 338, 351, 358, 373, 374, 381, 387, 391, 393, 396, 406, 413, 419, 425, 436], [7, 11, 15, 25, 38, 40, 49, 59, 61, 65, 66, 72, 73, 81, 103, 109, 115, 118, 122, 123, 132, 141, 144, 146, 148, 149, 152, 155, 157, 161, 168, 172, 182, 186, 193, 195, 202, 203, 206, 216, 230, 232, 251, 258, 267, 273, 278, 285, 289, 304, 305, 307, 309, 322, 323, 324, 325, 326, 330, 336, 345, 346, 354, 364, 366, 368, 376, 377, 384, 402, 409, 410, 414, 415, 421, 423, 424, 426, 438], [6, 21, 29, 39, 42, 45, 48, 62, 64, 67, 68, 75, 76, 88, 98, 101, 105, 110, 127, 133, 170, 173, 174, 191, 192, 201, 220, 222, 227, 229, 241, 243, 244, 257, 264, 265, 266, 275, 279, 288, 294, 295, 298, 299, 306, 329, 331, 334, 347, 349, 352, 355, 356, 363, 372, 383, 385, 389, 392, 427, 431, 439], [16, 36, 53, 71, 80, 91, 92, 97, 100, 114, 117, 121, 129, 135, 137, 139, 147, 159, 167, 169, 177, 179, 184, 188, 190, 199, 207, 208, 212, 217, 231, 234, 236, 239, 248, 249, 250, 253, 274, 276, 282, 287, 291, 300, 302, 303, 310, 311, 317, 320, 321, 327, 332, 339, 340, 343, 353, 360, 365, 367, 382, 394, 403, 408, 412, 416, 418, 420, 422, 432], [3, 9, 18, 24, 27, 30, 52, 54, 56, 63, 78, 85, 99, 102, 104, 107, 112, 120, 124, 134, 145, 150, 156, 162, 198, 205, 252, 256, 272, 293, 314, 328, 344, 357, 369, 380, 395, 398, 400, 404, 407, 411, 417, 430, 435, 440], [0, 2, 8, 13, 17, 23, 32, 44, 51, 74, 96, 108, 113, 116, 125, 130, 138, 140, 142, 153, 154, 163, 176, 180, 183, 185, 197, 204, 209, 215, 225, 235, 238, 240, 254, 262, 268, 270, 271, 280, 284, 290, 301, 313, 316, 333, 337, 341, 342, 350, 359, 362, 371, 375, 378, 388, 390, 399, 405, 428, 437], [1, 4, 12, 14, 28, 33, 35, 37, 43, 50, 55, 58, 69, 70, 82, 87, 89, 90, 111, 119, 143, 151, 164, 175, 178, 181, 189, 196, 200, 210, 211, 213, 214, 233, 237, 246, 255, 259, 260, 261, 269, 277, 286, 292, 296, 315, 318, 319, 335, 348, 361, 370, 379, 386, 397, 401, 429, 433, 434, 441]], "centers": [[-1.566962081779361, -0.9385366608874605, -0.9688816588564697, -0.9154220836293667, -0.6115405363319582, -0.4884725484314279, 0.3259815096539971, -0.8303008265388868, -0.8369487924157388, -0.45807134724486487], [0.2659118584031802, 1.0654884797514645, 0.005485493279942759, -0.23985477875107267, 0.8348470763538604, 1.2035047851616922, -0.8350485247301043, 1.1790254184778917, 0.5056766040364721, 0.6740051952364239], [0.11317236338796798, 1.0654884797514645, -0.6063264394568747, -0.19159997100125692, -0.6693960408393916, -0.6069767974768608, 0.17117750506945095, -0.8303008265388868, -0.3809147565088958, 0.15150832947582857], [0.2659118584031802, -0.9385366608874605, 0.7079362308666594, 0.7011139654940072, 0.6323528105778439, 0.5714821235860519, -0.061028501807369295, 0.1859993205545414, 0.6557950744640999, 0.5869223842763249], [-0.49778561667287985, -0.9385366608874605, 0.8438944381415074, -0.2639821822640686, -0.2065520047799295, -0.021039121641110384, -0.061028501807369295, -0.054499187536269665, -0.25019757002259196, -0.8064025910852629], [0.8768698384640264, 1.0654884797514645, 0.4133601151044884, 1.2560442542549635, -0.11976874801878042, -0.053956968598175156, -0.6028425178532839, -0.054499187536269665, 0.6557950744640999, 0.15150832947582857], [0.41865135341839177, -0.9385366608874605, -0.8555831527940962, -0.33636439352687836, -0.17762425252621314, -0.369968299385995, 1.100001532576734, -0.8303008265388868, -0.6465071642257008, 0.0644255185157294]]}