{"clusters": [[1, 4, 12, 14, 19, 28, 35, 50, 58, 82, 84, 87, 94, 99, 111, 119, 127, 128, 143, 151, 156, 158, 164, 175, 178, 181, 189, 192, 196, 200, 210, 211, 213, 214, 233, 237, 245, 246, 255, 259, 260, 261, 269, 296, 297, 315, 335, 340, 343, 348, 361, 370, 386, 400, 413, 429, 433, 434, 441], [7, 15, 25, 38, 40, 49, 59, 61, 65, 66, 72, 73, 81, 103, 109, 115, 118, 122, 123, 132, 141, 144, 146, 148, 149, 152, 155, 157, 161, 168, 172, 182, 186, 193, 195, 202, 203, 206, 216, 230, 232, 251, 258, 267, 273, 285, 289, 304, 305, 307, 309, 322, 323, 324, 325, 326, 330, 336, 345, 346, 354, 364, 366, 368, 376, 377, 384, 392, 402, 409, 410, 414, 415, 421, 423, 424, 426, 438], [6, 21, 42, 62, 86, 88, 133, 166, 170, 173, 201, 220, 226, 229, 242, 244, 257, 263, 266, 281, 334, 351, 355, 356, 372, 381, 389, 396, 427], [2, 8, 11, 39, 45, 48, 51, 64, 67, 68, 75, 76, 98, 101, 105, 110, 174, 191, 222, 227, 241, 243, 264, 265, 275, 278, 279, 284, 288, 294, 298, 299, 306, 329, 331, 347, 349, 363, 378, 383, 385, 397, 431, 439], [0, 13, 17, 23, 29, 32, 44, 74, 96, 108, 113, 116, 125, 130, 138, 140, 142, 153, 154, 163, 176, 180, 183, 185, 197, 204, 209, 215, 225, 235, 238, 240, 254, 262, 268, 270, 271, 280, 290, 301, 313, 316, 333, 337, 341, 342, 350, 359, 362, 371, 375, 388, 390, 399, 405, 428, 437], [3, 9, 18, 22, 24, 27, 30, 37, 46, 52, 54, 56, 63, 78, 83, 85, 102, 104, 107, 112, 120, 124, 134, 145, 150, 162, 198, 205, 218, 221, 228, 252, 256, 272, 293, 295, 314, 328, 338, 344, 357, 369, 380, 387, 395, 398, 404, 407, 411, 417, 430, 435, 440], [5, 10, 20, 26, 31, 33, 34, 41, 43, 47, 55, 57, 60, 69, 70, 77, 79, 89, 90, 93, 95, 106, 126, 131, 136, 160, 165, 171, 187, 194, 219, 223, 224, 247, 277, 283, 286, 292, 308, 312, 352, 358, 373, 374, 379, 391, 393, 401, 406, 419, 425, 436], [16, 36, 53, 71, 80, 91, 92, 97, 100, 114, 117, 121, 129, 135, 137, 139, 147, 159, 167, 169, 177, 179, 184, 188, 190, 199, 207, 208, 212, 217, 231, 234, 236, 239, 248, 249, 250, 253, 274, 276, 282, 287, 291, 300, 302, 303, 310, 311, 317, 318, 319, 320, 321, 327, 332, 339, 353, 360, 365, 367, 382, 394, 403, 408, 412, 416, 418, 420, 422, 432]], "centers": [[0.34228160591078494, -0.9385366608874605, -0.6063264394568747, -0.19159997100125692, -0.09084099576506403, -0.20537906460067198, 0.9451975279921858, -0.8303008265388868, -0.6465071642257008, -0.8934854020453619], [0.2659118584031802, 1.0654884797514645, 0.005485493279942759, -0.23985477875107267, 0.8348470763538604, 1.2035047851616922, -0.8350485247301043, 1.1790254184778917, 0.5056766040364721, 0.6740051952364239], [-0.9560041017185147, 1.0654884797514645, -0.9915413600689443, -0.33636439352687836, -0.8429625543616902, -0.5213903953884933, 0.01637350048490415, -0.8303008265388868, -1.3226690274163697, -0.8064025910852629], [0.8005000909564217, 1.0654884797514645, -0.28909062248222694, -0.33636439352687836, -0.7561792976005409, -0.46213827086577475, -0.29323450868418954, -0.054499187536269665, -0.5456184781111583, -0.022657292444369787], [0.8768698384640264, 1.0654884797514645, 0.4133601151044884, 1.2560442542549635, -0.11976874801878042, -0.053956968598175156, -0.6028425178532839, -0.054499187536269665, 0.6557950744640999, 0.15150832947582857], [-0.49778561667287985, -0.9385366608874605, 0.8438944381415074, -0.2639821822640686, -0.2065520047799295, -0.021039121641110384, -0.061028501807369295, -0.054499187536269665, -0.25019757002259196, -0.8064025910852629], [-0.8796343542109077, -0.9385366608874605, -1.3994159818934888, -0.9878042948921786, -0.7851070498542566, -0.9098209894818554, 1.0225995302844602, -0.8303008265388868, -1.1806453629421785, -0.2839057253246669], [0.2659118584031802, -0.9385366608874605, 0.7079362308666594, 0.7011139654940072, 0.6323528105778439, 0.5714821235860519, -0.061028501807369295, 0.1859993205545414, 0.6557950744640999, 0.5869223842763249]]}