{"clusters": [[83, 122, 123, 129, 135, 136, 137, 138, 139, 140, 142, 143, 145, 146, 147, 155, 157, 160, 161, 162, 163, 165, 170, 173, 174], [1, 2, 3, 5, 6, 8, 9, 10, 12, 13, 14, 18, 26, 27, 29, 31, 38, 42, 47, 48, 49, 50, 51, 52, 53, 58], [25, 64, 82, 86, 87, 112, 113, 115, 121, 127], [69, 78, 95], [44, 63, 65, 74, 84, 97, 98, 99, 109, 110, 117, 120], [66, 67, 71, 72, 81, 85, 89, 93, 94, 102, 103, 104, 106, 108, 111, 114, 116, 118, 119, 125, 126, 128], [59, 62, 75, 76, 80, 100, 101], [73, 130, 131, 132, 133, 144, 148, 149, 150, 151, 152, 153, 154, 156, 158, 159, 164, 166, 167, 168, 169, 171, 172, 175, 176, 177], [60, 61, 68, 70, 77, 88, 90, 91, 92, 105, 107, 134, 141], [0, 4, 7, 11, 15, 16, 17, 19, 20, 21, 22, 23, 24, 28, 30, 32, 33, 34, 35, 36, 37, 39, 40, 41, 43, 45, 46, 54, 55, 56, 57, 79, 96, 124]], "centers": [[-0.012127803667828506, 1.5206877647122712, 0.22327972280775224, 0.6681509777867745, -0.3975179559066697, -0.8965243053640561, -1.2100506330160345, 1.1357160766596555, -0.8839244750547745, 0.1558593415945127, -0.920680564693997, -0.9797909498195413, -0.4614116742268993], [1.0705914402133634, -0.5125330702648461, 0.018355687721976446, -1.1349449066818451, 0.10456143984636014, 1.048730845510282, 1.1301957967528056, -0.6905546760880497, 0.7882107085323349, 0.45502474181091174, 0.49042256131465173, 0.695148930288221, 1.5980984109523442], [-1.4015538363261348, -0.5694311034933909, 1.1531984506283859, 1.2416953130590758, -0.18547366720976827, -0.11715024027752732, 0.25574078159679536, 0.9036512620286681, -0.09268328185401345, -0.8227869878583233, 1.2922930835084117, 0.18547437284235221, -0.7062992427257024], [-0.8201557927884598, -0.9901358977293698, -1.4615887478819392, -0.7892321847899627, 3.505407605141373, -0.33934021497324823, -0.23017911201458108, -0.7401411749408248, 2.20021081654146, -0.9118964043484595, 0.917906846434782, 0.08236604732196635, 0.17442557558143745], [-1.0836789853267834, -0.5383121144460636, -0.38935541391684775, -0.15863370098272075, -0.25685723018168316, 0.8944550772073177, 0.7001633840182196, -0.6595631143050654, 1.0117137482187937, -0.713274687171821, 0.30733554183228023, 0.48844335673444444, -0.4956449819169139], [-0.7076718164279976, -0.4373930153502741, -0.74990494925325, 0.22400217555543983, -0.9552672017325345, 0.07629487755196408, 0.1298798624964783, -0.2969618414441477, -0.11147836615985325, -0.9097335544336503, 0.15477580921793724, 0.6332187453075888, -0.9486392162336212], [-0.6342778266230368, -0.9033617936550925, -2.1178094733768087, -0.895046896358525, -0.6238055222738452, -0.5323830157906156, -0.35208935686985565, -0.5789850536693059, -0.8000246749912243, -0.8037539086080029, 1.057883843554945, -0.1073048450247313, -0.7771314820258395], [0.2980757351641217, 0.5101124056025654, 0.3262478644768124, 0.7291319300670354, 0.37731326305556856, -0.8635902292331222, -1.0009166419321807, 0.15551496058742456, -0.43083551898365663, 1.5377806671411303, -1.2948868083844185, -1.343114701705916, -0.3477497438643456], [-0.6792088929332277, -0.5139140904888398, -0.2965659907852536, -0.010031127875519673, -0.49495246859368175, -0.9338463048118357, -0.7460635508772632, 1.2371204668135805, -0.7603621111645965, -0.6310586615640121, -0.017158779333250197, -0.5423682748510766, -0.5197124057490711], [0.6775424250982297, -0.005962666631354278, 0.5341557163064279, -0.37737071007178746, 0.6954972478476734, 0.6836385146778651, 0.7625668057792011, -0.555285624070553, 0.38027636952908095, -0.06889384343520617, 0.4112122378953336, 0.801465610076953, 0.722939011792901]]}