{"clusters": [[83, 122, 123, 129, 135, 136, 137, 138, 139, 140, 142, 143, 145, 146, 147, 155, 157, 160, 161, 162, 163, 165, 170, 173, 174], [1, 2, 3, 5, 6, 8, 9, 10, 12, 13, 14, 18, 26, 27, 29, 31, 38, 42, 47, 48, 49, 50, 51, 52, 53, 58], [25, 64, 82, 86, 87, 112, 113, 115, 121, 127], [69, 78, 95], [44, 63, 65, 74, 84, 97, 98, 99, 109, 110, 117, 120], [66, 67, 71, 72, 81, 85, 89, 93, 94, 102, 103, 104, 106, 108, 111, 114, 116, 118, 119, 125, 126, 128], [59, 62, 75, 76, 80, 100, 101], [73, 130, 131, 132, 133, 144, 148, 149, 150, 151, 152, 153, 154, 156, 158, 159, 164, 166, 167, 168, 169, 171, 172, 175, 176, 177], [60, 61, 68, 70, 77, 88, 90, 91, 92, 105, 107, 134, 141], [0, 4, 7, 11, 15, 16, 17, 19, 20, 21, 22, 23, 24, 28, 30, 32, 33, 34, 35, 36, 37, 39, 40, 41, 43, 45, 46, 54, 55, 56, 57, 79, 96, 124]], "centers": [[-0.012127803667836385, 1.5206877647122712, 0.22327972280775626, 0.668150977786774, -0.3975179559066697, -0.8965243053640559, -1.2100506330160354, 1.1357160766596557, -0.8839244750547727, 0.15585934159451312, -0.9206805646939981, -0.9797909498195433, -0.4614116742268993], [1.070591440213356, -0.5125330702648463, 0.0183556877219805, -1.134944906681845, 0.10456143984636014, 1.0487308455102824, 1.1301957967528045, -0.6905546760880493, 0.7882107085323361, 0.45502474181091207, 0.49042256131465023, 0.6951489302882189, 1.5980984109523442], [-1.401553836326143, -0.5694311034933912, 1.1531984506283899, 1.2416953130590749, -0.18547366720976827, -0.1171502402775271, 0.2557407815967944, 0.9036512620286686, -0.0926832818540119, -0.8227869878583229, 1.29229308350841, 0.18547437284235008, -0.7062992427257024], [-0.820155792788468, -0.9901358977293703, -1.4615887478819347, -0.7892321847899623, 3.505407605141373, -0.339340214973248, -0.23017911201458205, -0.7401411749408243, 2.2002108165414604, -0.9118964043484591, 0.91790684643478, 0.08236604732196424, 0.17442557558143754], [-1.0836789853267916, -0.5383121144460641, -0.38935541391684353, -0.15863370098272062, -0.25685723018168316, 0.8944550772073178, 0.7001633840182185, -0.6595631143050649, 1.0117137482187948, -0.7132746871718206, 0.3073355418322788, 0.48844335673444245, -0.4956449819169138], [-0.7076718164280057, -0.4373930153502744, -0.7499049492532458, 0.22400217555543983, -0.9552672017325345, 0.07629487755196432, 0.12987986249647726, -0.29696184144414733, -0.11147836615985164, -0.9097335544336501, 0.15477580921793568, 0.6332187453075866, -0.9486392162336212], [-0.6342778266230448, -0.9033617936550928, -2.1178094733768043, -0.8950468963585246, -0.6238055222738452, -0.5323830157906153, -0.3520893568698566, -0.5789850536693055, -0.8000246749912224, -0.8037539086080026, 1.0578838435549431, -0.10730484502473346, -0.7771314820258394], [0.29807573516411384, 0.5101124056025653, 0.3262478644768164, 0.7291319300670351, 0.37731326305556856, -0.8635902292331219, -1.0009166419321813, 0.155514960587425, -0.43083551898365485, 1.5377806671411305, -1.2948868083844192, -1.3431147017059184, -0.34774974386434554], [-0.6792088929332358, -0.5139140904888401, -0.2965659907852495, -0.010031127875519567, -0.49495246859368175, -0.9338463048118355, -0.7460635508772641, 1.237120466813581, -0.7603621111645946, -0.6310586615640119, -0.01715877933325152, -0.5423682748510787, -0.5197124057490708], [0.6775424250982217, -0.005962666631354592, 0.5341557163064318, -0.3773707100717873, 0.6954972478476734, 0.6836385146778656, 0.7625668057792001, -0.5552856240705525, 0.3802763695290823, -0.06889384343520576, 0.41121223789533207, 0.8014656100769509, 0.722939011792901]]}