{"clusters": [[41, 43, 59, 60, 61, 62, 66, 67, 68, 70, 71, 72, 73, 75, 76, 77, 79, 80, 81, 82, 83, 84, 85, 87, 88, 89, 90, 91, 92, 93, 94, 97, 100, 101, 102, 103, 105, 106, 107, 108, 109, 111, 113, 114, 116, 117, 118, 119, 120, 122, 123, 125, 126, 127, 128, 129, 130, 131, 132, 133, 134, 135, 136, 137, 138, 139, 140, 141, 142, 143, 144, 145, 146, 147, 148, 150, 152, 154, 155, 157, 160, 161, 162, 163, 165, 169, 170, 173, 174], [0, 1, 2, 3, 4, 5, 6, 7, 8, 9, 10, 11, 12, 13, 14, 15, 16, 17, 18, 19, 20, 21, 22, 23, 24, 25, 26, 27, 28, 29, 30, 31, 32, 33, 34, 35, 36, 37, 38, 39, 40, 42, 44, 45, 46, 47, 48, 49, 50, 51, 52, 53, 54, 55, 56, 57, 58, 63, 64, 65, 69, 74, 78, 86, 95, 96, 98, 99, 104, 110, 112, 115, 121, 124, 149, 151, 153, 156, 158, 159, 164, 166, 167, 168, 171, 172, 175, 176, 177]], "centers": [[-0.46947008361703507, 0.19098035575123323, -0.2488917519341852, 0.35308791509057175, -0.4181243880101113, -0.4926719417849286, -0.5028294005415336, 0.30103601304932587, -0.49491455093667275, -0.3668096224476859, -0.22365568261978455, -0.3207356100918878, -0.6167362508481211], [0.469470083617035, -0.19098035575123296, 0.24889175193418484, -0.3530879150905714, 0.4181243880101112, 0.4926719417849292, 0.5028294005415334, -0.30103601304932587, 0.49491455093667247, 0.366809622447686, 0.22365568261978486, 0.3207356100918879, 0.6167362508481211]]}