{"clusters": [[41, 43, 60, 61, 68, 70, 72, 73, 77, 79, 83, 92, 105, 107, 112, 118, 122, 123, 127, 129, 130, 131, 132, 133, 134, 135, 136, 137, 138, 139, 140, 141, 142, 143, 144, 145, 146, 147, 148, 149, 150, 151, 152, 153, 154, 155, 156, 157, 158, 159, 160, 161, 162, 163, 164, 165, 166, 167, 168, 169, 170, 171, 172, 173, 174, 175, 176, 177], [0, 1, 2, 3, 4, 5, 6, 7, 8, 9, 10, 11, 12, 13, 14, 15, 16, 17, 18, 19, 20, 21, 22, 23, 24, 25, 26, 27, 28, 29, 30, 31, 32, 33, 34, 35, 36, 37, 38, 39, 40, 42, 44, 45, 46, 47, 48, 49, 50, 51, 52, 53, 54, 55, 56, 57, 58, 69, 78, 95, 96, 98, 99, 110, 121, 124], [59, 62, 63, 64, 65, 66, 67, 71, 74, 75, 76, 80, 81, 82, 84, 85, 86, 87, 88, 89, 90, 91, 93, 94, 97, 100, 101, 102, 103, 104, 106, 108, 109, 111, 113, 114, 115, 116, 117, 119, 120, 125, 126, 128]], "centers": [[0.005776272060502617, 0.7462262456636237, 0.15357022142978505, 0.5566039350628884, -0.09027263771106207, -0.8117138390612235, -0.9308888273401752, 0.7078939735429703, -0.6665938982686468, 0.4999356777982727, -0.8471797372685134, -0.9597259533544564, -0.425492458087034], [0.6479379020059947, -0.3159364715597892, 0.258636838531068, -0.6377247568622482, 0.6011285155239707, 0.8361884754514468, 0.9208839467624291, -0.5863103319089197, 0.72049612839526, 0.08878215623656584, 0.4705312470907589, 0.7265255737154078, 0.9804402407846748], [-0.9808338189206774, -0.6793540359586431, -0.6252910545517246, 0.09638105383254562, -0.7621805150052239, 0.00018412900835795988, 0.0573204493820813, -0.21455246124848418, -0.050553622541345565, -0.9058011000430878, 0.6034809051424738, 0.3934244764292302, -0.8130811077697783]]}