{"clusters": [[41, 43, 60, 61, 68, 70, 72, 73, 77, 79, 83, 92, 105, 107, 112, 118, 122, 123, 127, 129, 130, 131, 132, 133, 134, 135, 136, 137, 138, 139, 140, 141, 142, 143, 144, 145, 146, 147, 148, 149, 150, 151, 152, 153, 154, 155, 156, 157, 158, 159, 160, 161, 162, 163, 164, 165, 166, 167, 168, 169, 170, 171, 172, 173, 174, 175, 176, 177], [0, 1, 2, 3, 4, 5, 6, 7, 8, 9, 10, 11, 12, 13, 14, 15, 16, 17, 18, 19, 20, 21, 22, 23, 24, 25, 26, 27, 28, 29, 30, 31, 32, 33, 34, 35, 36, 37, 38, 39, 40, 42, 45, 46, 47, 48, 49, 50, 51, 52, 53, 54, 55, 56, 57, 58, 96, 98, 121, 124], [44, 59, 62, 63, 64, 65, 66, 67, 71, 74, 75, 76, 80, 81, 82, 84, 85, 86, 87, 88, 89, 90, 91, 93, 94, 97, 99, 100, 101, 102, 103, 104, 106, 108, 109, 111, 113, 114, 115, 116, 117, 119, 120, 125, 126, 128], [69, 78, 95, 110]], "centers": [[0.005776272060510509, 0.7462262456636237, 0.15357022142978108, 0.5566039350628885, -0.09027263771106207, -0.8117138390612236, -0.9308888273401743, 0.7078939735429702, -0.6665938982686485, 0.49993567779827225, -0.8471797372685125, -0.9597259533544538, -0.425492458087034], [0.7990706988630305, -0.32302257002729645, 0.4166472570125933, -0.6420925385682728, 0.48272329110110734, 0.879499982756644, 0.9829473441432977, -0.5924147304419325, 0.5760288278410495, 0.1788288076897856, 0.45869872752415797, 0.7678716270374077, 1.090339049700174], [-0.9559454269870464, -0.6446006347289489, -0.6317204091189376, 0.06614484759315264, -0.7358852026553673, 0.044058246797900734, 0.09698308728628724, -0.20412190201599015, 0.014803270655544242, -0.8925247920679952, 0.6139723672887307, 0.405692630922223, -0.7917682855448982], [-1.0908846976227522, -0.4276003264892271, -1.5956179146275755, -0.5915445648662638, 2.756465305108167, 0.09996568451528659, -0.034405601158757904, -0.8005747204176443, 2.521426240412451, -0.9173035291354823, 0.4608923968820112, 0.13180154585913764, -0.016378674256706943]]}