{"clusters": [[43, 61, 70, 72, 73, 83, 118, 122, 123, 129, 130, 131, 132, 133, 134, 135, 136, 137, 138, 139, 140, 141, 142, 143, 144, 145, 146, 147, 148, 149, 150, 151, 152, 153, 154, 155, 156, 157, 158, 159, 160, 161, 162, 163, 164, 165, 166, 167, 168, 169, 170, 171, 172, 173, 174, 175, 176, 177], [0, 1, 2, 3, 4, 5, 6, 7, 8, 9, 10, 11, 12, 13, 14, 15, 16, 17, 18, 19, 20, 22, 23, 24, 26, 27, 28, 29, 30, 31, 32, 33, 34, 35, 36, 37, 38, 39, 40, 42, 45, 46, 47, 48, 49, 50, 51, 52, 53, 54, 55, 56, 57, 58, 98], [21, 25, 41, 60, 64, 65, 71, 77, 79, 82, 84, 86, 87, 88, 90, 91, 92, 99, 102, 105, 107, 109, 112, 113, 114, 115, 117, 120, 121, 124, 127, 128], [69, 78, 95, 96, 110], [44, 59, 62, 63, 66, 67, 68, 74, 75, 76, 80, 81, 85, 89, 93, 94, 97, 100, 101, 103, 104, 106, 108, 111, 116, 119, 125, 126]], "centers": [[0.11339215491599632, 0.8761780077349921, 0.1652480346857857, 0.5927690900672882, -0.06417406840051093, -0.8673729217476446, -1.0563744854140893, 0.6088467022543896, -0.6842835509219902, 0.7262759460824918, -1.0428301260409458, -1.09726722811674, -0.40716547054167923], [0.9566792787185145, -0.3956108762098072, 0.2951902476435102, -0.7939639483048222, 0.44708470153986823, 0.9243652661086645, 0.9984936167225245, -0.6068211109798409, 0.5555878463219864, 0.24157111749120322, 0.5001790208362931, 0.7541752118582781, 1.2279333041605194], [-1.0075043124836747, -0.2550806906950012, 0.42966940900890194, 0.6077186230885803, -0.42507669210320387, -0.10333013067355663, 0.18332968174819922, 0.4962284429391094, 0.14954234914688383, -0.8552567722043953, 0.5486391711961432, 0.3140949467149567, -0.7050254452302601], [-1.1668534929716905, -0.3809218429182365, -1.0034526870059453, -0.3528179959963794, 2.6862519644800544, -0.14278754505011038, -0.2362029123486064, -0.9979909689752551, 2.006313506132062, -0.9551534026446422, 0.3621772757786127, 0.006094135293187886, -0.09073660305315764], [-0.7542749946538799, -0.6783048192949591, -1.2340002601937319, -0.29983914378536275, -0.7391560104486024, 0.1245729190068285, 0.059536999288541795, -0.45811796271566674, -0.20306458205695413, -0.8309440218227463, 0.48596290382890606, 0.43144120025791033, -0.7466513276706104]]}