{"clusters": [[43, 61, 70, 72, 73, 83, 118, 122, 123, 129, 130, 131, 132, 133, 134, 135, 136, 137, 138, 139, 140, 141, 142, 143, 144, 145, 146, 147, 148, 149, 150, 151, 152, 153, 154, 155, 156, 157, 158, 159, 160, 161, 162, 163, 164, 165, 166, 167, 168, 169, 170, 171, 172, 173, 174, 175, 176, 177], [0, 1, 2, 3, 4, 5, 6, 7, 8, 9, 10, 11, 12, 13, 14, 15, 16, 17, 18, 19, 20, 22, 23, 24, 26, 27, 28, 29, 30, 31, 32, 33, 34, 35, 36, 37, 38, 39, 40, 42, 45, 46, 47, 48, 49, 50, 51, 52, 53, 54, 55, 56, 57, 58, 98], [21, 25, 41, 60, 64, 65, 71, 77, 79, 82, 84, 86, 87, 88, 90, 91, 92, 99, 102, 105, 107, 109, 112, 113, 114, 115, 117, 120, 121, 124, 127, 128], [69, 78, 95, 96, 110], [44, 59, 62, 63, 66, 67, 68, 74, 75, 76, 80, 81, 85, 89, 93, 94, 97, 100, 101, 103, 104, 106, 108, 111, 116, 119, 125, 126]], "centers": [[0.11339215491598846, 0.8761780077349921, 0.16524803468578972, 0.5927690900672881, -0.06417406840051093, -0.8673729217476441, -1.0563744854140902, 0.60884670225439, -0.6842835509219883, 0.7262759460824921, -1.0428301260409467, -1.0972672281167426, -0.4071654705416792], [0.956679278718507, -0.39561087620980745, 0.29519024764351415, -0.7939639483048219, 0.44708470153986823, 0.9243652661086648, 0.9984936167225232, -0.6068211109798403, 0.5555878463219877, 0.24157111749120364, 0.5001790208362913, 0.7541752118582757, 1.2279333041605194], [-1.0075043124836824, -0.25508069069500156, 0.42966940900890604, 0.6077186230885802, -0.42507669210320387, -0.10333013067355637, 0.18332968174819825, 0.49622844293910984, 0.14954234914688527, -0.8552567722043949, 0.5486391711961416, 0.3140949467149544, -0.70502544523026], [-1.1668534929716987, -0.38092184291823683, -1.003452687005941, -0.3528179959963791, 2.6862519644800544, -0.14278754505011015, -0.23620291234860735, -0.9979909689752546, 2.0063135061320625, -0.9551534026446417, 0.36217727577861114, 0.0060941352931857765, -0.09073660305315757], [-0.7542749946538879, -0.6783048192949597, -1.2340002601937277, -0.29983914378536264, -0.7391560104486024, 0.12457291900682875, 0.059536999288540844, -0.4581179627156663, -0.2030645820569524, -0.8309440218227458, 0.4859629038289044, 0.43144120025790816, -0.7466513276706104]]}