{"clusters": [[73, 83, 123, 127, 130, 131, 132, 135, 136, 137, 138, 139, 140, 141, 142, 143, 144, 145, 146, 147, 148, 149, 150, 151, 152, 153, 154, 155, 156, 157, 158, 159, 160, 161, 162, 163, 164, 165, 166, 167, 168, 169, 170, 171, 172, 173, 174, 175, 176, 177], [0, 1, 2, 3, 5, 6, 7, 8, 9, 10, 11, 12, 13, 14, 15, 16, 17, 18, 19, 20, 22, 23, 24, 26, 27, 28, 29, 30, 31, 32, 33, 34, 35, 36, 37, 38, 39, 40, 42, 44, 45, 46, 47, 48, 49, 50, 51, 52, 53, 54, 55, 56, 57, 58], [60, 61, 64, 68, 70, 77, 82, 86, 88, 89, 90, 91, 92, 105, 107, 112, 113, 114, 115, 134], [69, 78, 95, 96, 110], [4, 21, 25, 41, 43, 63, 65, 71, 72, 74, 79, 84, 87, 93, 94, 98, 99, 102, 109, 117, 120, 121, 122, 124, 126, 128, 129], [59, 62, 66, 67, 75, 76, 80, 81, 85, 97, 100, 101, 103, 104, 106, 108, 111, 116, 118, 119, 125, 133]], "centers": [[0.17340899407867658, 0.9312821433139559, 0.2832273137521682, 0.7011823269385823, -0.012748849264610236, -0.9029336315572014, -1.1317412286737059, 0.6957598655884091, -0.6628114578228506, 0.911991663160386, -1.1216206778733602, -1.173013126959116, -0.3830094383824187], [0.9844748200021813, -0.3955171807299641, 0.2665752051564982, -0.8253776005284725, 0.45632827601313164, 0.9110718488191771, 0.9907559742059219, -0.6162897113710458, 0.5610387747270712, 0.256282866305673, 0.4897350865871178, 0.774986153811009, 1.2646429042038376], [-1.0340625092316853, -0.6515672813154227, -0.03661501598173716, 0.26276623819640443, -0.6207963791040688, -0.63470333037405, -0.46460534168040113, 1.1131542196816429, -0.5701262073349846, -0.842468922083086, 0.5872477518943597, -0.31453038379075327, -0.667448419114709], [-1.1668534929716987, -0.38092184291823683, -1.003452687005941, -0.3528179959963791, 2.6862519644800544, -0.14278754505011015, -0.23620291234860735, -0.9979909689752546, 2.0063135061320625, -0.9551534026446417, 0.36217727577861114, 0.0060941352931857765, -0.09073660305315757], [-0.7240796288422052, 0.044171526696211376, 0.36337404780612453, 0.5409191143872177, -0.2575073537060175, 0.5567785398091737, 0.5953046374629629, -0.337250871762027, 0.44747776628783215, -0.727813844932482, 0.24680651695817843, 0.6426350307432385, -0.6406868772891642], [-0.7166555616281758, -0.5210388993717174, -1.4826346500981922, -0.39021712685421134, -0.8212235514425007, -0.25800975002234483, -0.11426659043560985, -0.43980476711663014, -0.35756654626597445, -0.8255790304756219, 0.4279873565142101, 0.25956341870195465, -0.8199567192508593]]}