{"clusters": [[73, 83, 123, 127, 130, 131, 132, 135, 136, 137, 138, 139, 140, 141, 142, 143, 144, 145, 146, 147, 148, 149, 150, 151, 152, 153, 154, 155, 156, 157, 158, 159, 160, 161, 162, 163, 164, 165, 166, 167, 168, 169, 170, 171, 172, 173, 174, 175, 176, 177], [0, 1, 2, 3, 5, 6, 7, 8, 9, 10, 11, 12, 13, 14, 15, 16, 17, 18, 19, 20, 22, 23, 24, 26, 27, 28, 29, 30, 31, 32, 33, 34, 35, 36, 37, 38, 39, 40, 42, 44, 45, 46, 47, 48, 49, 50, 51, 52, 53, 54, 55, 56, 57, 58], [60, 61, 64, 68, 70, 77, 82, 86, 88, 89, 90, 91, 92, 105, 107, 112, 113, 114, 115, 134], [69, 78, 95, 96, 110], [4, 21, 25, 41, 43, 63, 65, 71, 72, 74, 79, 84, 87, 93, 94, 98, 99, 102, 109, 117, 120, 121, 122, 124, 126, 128, 129], [59, 62, 66, 67, 75, 76, 80, 81, 85, 97, 100, 101, 103, 104, 106, 108, 111, 116, 118, 119, 125, 133]], "centers": [[0.17340899407868435, 0.9312821433139559, 0.2832273137521641, 0.7011823269385826, -0.012748849264610236, -0.9029336315572017, -1.1317412286737052, 0.6957598655884086, -0.6628114578228521, 0.9119916631603854, -1.1216206778733595, -1.1730131269591133, -0.3830094383824188], [0.9844748200021889, -0.39551718072996384, 0.26657520515649413, -0.8253776005284732, 0.45632827601313164, 0.911071848819177, 0.9907559742059228, -0.6162897113710463, 0.5610387747270701, 0.2562828663056726, 0.4897350865871194, 0.7749861538110111, 1.2646429042038376], [-1.0340625092316773, -0.6515672813154222, -0.03661501598174126, 0.26276623819640454, -0.6207963791040688, -0.6347033303740502, -0.46460534168040013, 1.1131542196816426, -0.5701262073349864, -0.8424689220830863, 0.5872477518943613, -0.31453038379075127, -0.667448419114709], [-1.1668534929716905, -0.3809218429182365, -1.0034526870059453, -0.3528179959963794, 2.6862519644800544, -0.14278754505011038, -0.2362029123486064, -0.9979909689752551, 2.006313506132062, -0.9551534026446422, 0.3621772757786127, 0.006094135293187886, -0.09073660305315764], [-0.7240796288421973, 0.04417152669621158, 0.36337404780612054, 0.540919114387218, -0.2575073537060175, 0.5567785398091735, 0.5953046374629637, -0.33725087176202745, 0.4474777662878307, -0.7278138449324824, 0.24680651695817987, 0.6426350307432404, -0.6406868772891643], [-0.7166555616281678, -0.521038899371717, -1.4826346500981962, -0.39021712685421145, -0.8212235514425007, -0.2580097500223451, -0.11426659043560893, -0.4398047671166303, -0.3575665462659762, -0.8255790304756222, 0.42798735651421177, 0.25956341870195687, -0.8199567192508593]]}