{"clusters": [[43, 73, 83, 122, 123, 127, 129, 130, 131, 132, 135, 136, 137, 138, 139, 140, 141, 142, 143, 144, 145, 146, 147, 148, 149, 150, 151, 152, 153, 154, 155, 156, 157, 158, 159, 160, 161, 162, 163, 164, 165, 166, 167, 168, 169, 170, 171, 172, 173, 174, 175, 176, 177], [0, 1, 2, 3, 4, 5, 6, 7, 8, 9, 10, 11, 12, 13, 14, 15, 16, 17, 18, 19, 20, 21, 22, 23, 24, 25, 26, 27, 28, 29, 30, 31, 32, 33, 34, 35, 36, 37, 38, 39, 40, 41, 42, 45, 46, 47, 48, 49, 50, 51, 52, 53, 54, 55, 56, 57, 58], [60, 61, 64, 68, 70, 77, 82, 86, 87, 88, 90, 91, 92, 105, 107, 112, 113, 114, 117, 128, 134], [69, 78, 95, 96, 110], [44, 63, 65, 71, 74, 84, 94, 98, 99, 102, 109, 120, 121, 124], [62, 66, 67, 72, 79, 81, 85, 89, 93, 103, 104, 108, 111, 116, 118, 119, 125, 126], [59, 75, 76, 80, 97, 100, 101, 106, 115, 133]], "centers": [[0.13325122927235017, 0.9751253663081015, 0.2879171851099915, 0.7040718617700442, -0.030871839826734474, -0.8501715746124937, -1.059682937885554, 0.6692147158016098, -0.6270358833755243, 0.8103034385233332, -1.0864723001622467, -1.0838320205953476, -0.39832264732998723], [0.9451895414361843, -0.3195657794929403, 0.35902754106955687, -0.7402383176269934, 0.4665249502369023, 0.8744962105532234, 0.9627799424401997, -0.5818123540424899, 0.543722855545509, 0.21597290912148182, 0.4914883116099635, 0.770498275079982, 1.2117325096989477], [-0.9654464815316958, -0.6319255567725013, 0.00751017073257298, 0.3704398568600899, -0.49340931825020673, -0.6666736598374796, -0.42523550378302133, 0.9980427044877009, -0.5538985709861775, -0.8418612642498777, 0.46998045565025914, -0.2821787174011215, -0.7160195307564], [-1.1668534929716987, -0.38092184291823683, -1.003452687005941, -0.3528179959963791, 2.6862519644800544, -0.14278754505011015, -0.23620291234860735, -0.9979909689752546, 2.0063135061320625, -0.9551534026446417, 0.36217727577861114, 0.0060941352931857765, -0.09073660305315757], [-1.0101513088373042, -0.4051587478493281, 0.2686059501071897, 0.21815246791344314, -0.30283025083104287, 1.024167631116221, 0.8949807360908631, -0.676829841584156, 0.763084666884885, -0.6035358022085286, 0.27756431483284116, 0.7310808546566807, -0.6047138924641703], [-0.6005531323398663, -0.3468106433855899, -1.0270093284339625, 0.08993554263441969, -0.9336358190137725, 0.01762364661723324, 0.0726841825572469, -0.23876657542943225, -0.1417416374997632, -0.9015627880888155, 0.21593265192172456, 0.5696588186169379, -0.8674346258991674], [-0.9877400730433088, -0.6376535025586849, -1.6138946191837948, -0.581034590136143, -0.6980310537949933, -0.4728678439971188, -0.24423464612730794, -0.45006015665209037, -0.4290834348534496, -0.8124053082672391, 1.0115034057031878, -0.10690128993463403, -0.8387741822517132]]}