{"clusters": [[43, 73, 83, 122, 123, 127, 129, 130, 131, 132, 135, 136, 137, 138, 139, 140, 141, 142, 143, 144, 145, 146, 147, 148, 149, 150, 151, 152, 153, 154, 155, 156, 157, 158, 159, 160, 161, 162, 163, 164, 165, 166, 167, 168, 169, 170, 171, 172, 173, 174, 175, 176, 177], [0, 1, 2, 3, 4, 5, 6, 7, 8, 9, 10, 11, 12, 13, 14, 15, 16, 17, 18, 19, 20, 21, 22, 23, 24, 25, 26, 27, 28, 29, 30, 31, 32, 33, 34, 35, 36, 37, 38, 39, 40, 41, 42, 45, 46, 47, 48, 49, 50, 51, 52, 53, 54, 55, 56, 57, 58], [60, 61, 64, 68, 70, 77, 82, 86, 87, 88, 90, 91, 92, 105, 107, 112, 113, 114, 117, 128, 134], [69, 78, 95, 96, 110], [44, 63, 65, 71, 74, 84, 94, 98, 99, 102, 109, 120, 121, 124], [62, 66, 67, 72, 79, 81, 85, 89, 93, 103, 104, 108, 111, 116, 118, 119, 125, 126], [59, 75, 76, 80, 97, 100, 101, 106, 115, 133]], "centers": [[0.133251229272358, 0.9751253663081015, 0.28791718510998743, 0.7040718617700443, -0.03087183982673449, -0.8501715746124939, -1.059682937885553, 0.6692147158016096, -0.627035883375526, 0.8103034385233329, -1.0864723001622458, -1.0838320205953451, -0.3983226473299873], [0.9451895414361918, -0.31956577949294007, 0.359027541069553, -0.740238317626994, 0.4665249502369023, 0.8744962105532232, 0.962779942440201, -0.5818123540424904, 0.5437228555455078, 0.21597290912148137, 0.49148831160996514, 0.7704982750799841, 1.2117325096989477], [-0.9654464815316876, -0.6319255567725006, 0.0075101707325689274, 0.37043985686009007, -0.49340931825020673, -0.6666736598374798, -0.4252355037830204, 0.9980427044877006, -0.5538985709861792, -0.8418612642498781, 0.4699804556502607, -0.28217871740111944, -0.7160195307564], [-1.1668534929716905, -0.3809218429182365, -1.0034526870059453, -0.3528179959963794, 2.6862519644800544, -0.14278754505011038, -0.2362029123486064, -0.9979909689752551, 2.006313506132062, -0.9551534026446422, 0.3621772757786127, 0.006094135293187886, -0.09073660305315764], [-1.0101513088372964, -0.4051587478493279, 0.2686059501071857, 0.21815246791344317, -0.30283025083104287, 1.0241676311162207, 0.8949807360908641, -0.6768298415841567, 0.763084666884884, -0.603535802208529, 0.27756431483284255, 0.7310808546566829, -0.6047138924641703], [-0.6005531323398583, -0.3468106433855897, -1.0270093284339668, 0.08993554263441966, -0.9336358190137725, 0.017623646617233018, 0.07268418255724786, -0.23876657542943258, -0.14174163749976476, -0.901562788088816, 0.21593265192172614, 0.56965881861694, -0.8674346258991674], [-0.9877400730433006, -0.6376535025586849, -1.613894619183799, -0.5810345901361431, -0.6980310537949933, -0.47286784399711906, -0.24423464612730691, -0.4500601566520908, -0.42908343485345135, -0.8124053082672396, 1.0115034057031893, -0.10690128993463192, -0.8387741822517134]]}