{"clusters": [[43, 77, 83, 112, 122, 123, 127, 129, 135, 136, 137, 138, 139, 140, 141, 142, 143, 145, 146, 147, 155, 157, 160, 161, 162, 163, 165, 170, 173], [0, 1, 2, 3, 4, 5, 6, 7, 8, 9, 10, 11, 12, 13, 14, 15, 16, 17, 18, 19, 20, 21, 22, 23, 24, 25, 26, 27, 28, 29, 30, 31, 32, 33, 34, 35, 36, 37, 38, 39, 40, 41, 42, 45, 46, 47, 48, 49, 50, 51, 52, 53, 54, 55, 56, 57, 58, 124], [60, 61, 68, 70, 82, 86, 87, 88, 90, 91, 92, 102, 105, 106, 107, 113, 114, 117, 128, 134], [69, 78, 95, 96, 110], [44, 63, 64, 65, 71, 74, 84, 85, 94, 98, 99, 109, 121], [62, 66, 67, 72, 79, 81, 89, 93, 103, 104, 108, 111, 116, 118, 119, 120, 125, 126], [59, 75, 76, 80, 97, 100, 101, 115], [73, 130, 131, 132, 133, 144, 148, 149, 150, 151, 152, 153, 154, 156, 158, 159, 164, 166, 167, 168, 169, 171, 172, 174, 175, 176, 177]], "centers": [[-0.15581041677185936, 1.3414151483662837, 0.2711268748735613, 0.6072656069364201, -0.34744858058979455, -0.8469293813039898, -1.0482388930089404, 1.0964828967914857, -0.8655336333570322, 0.013206710937487702, -0.7709664132090572, -0.7996801384003698, -0.4751379403415806], [0.9048136394033947, -0.2835099146702876, 0.3543173921639564, -0.7196834193344841, 0.43700391470360617, 0.875024504983844, 0.9635027013026219, -0.5928778227444368, 0.5741961881186508, 0.1954081710022708, 0.4673221174136502, 0.78225581478911, 1.170696271873148], [-0.9012715254916628, -0.686127312420867, -0.12617086830723467, 0.4264215589939983, -0.6629243834809366, -0.6082648598273239, -0.392821721033265, 0.8835067468697284, -0.45010844441591635, -0.8437666320319719, 0.29987706601557923, -0.16128033832552038, -0.7147381511330085], [-1.1668534929716905, -0.3809218429182365, -1.0034526870059453, -0.3528179959963794, 2.6862519644800544, -0.14278754505011038, -0.2362029123486064, -0.9979909689752551, 2.006313506132062, -0.9551534026446422, 0.3621772757786127, 0.006094135293187886, -0.09073660305315764], [-0.8806521026139651, -0.7397108971118267, 0.25173514590144125, 0.10777298448407505, -0.1816929488682545, 0.8644627174573406, 0.793094662675619, -0.578985053669306, 0.5563965005359275, -0.5907963785344885, 0.7334136286460942, 0.525655792446491, -0.6245557380662539], [-0.684276646635888, -0.2759949952330185, -0.9904559193215204, 0.12330054177765998, -0.9453380424517914, 0.07993654016170601, 0.12009372222318795, -0.22981345758101485, -0.10572657482332035, -0.8864228386851519, 0.11112400482429068, 0.5877066990352723, -0.8364742701071645], [-1.0723557231474028, -0.8652111099672638, -1.9017527159443137, -0.7829762474506052, -0.7542017262974837, -0.34267840569884506, -0.20131506874737648, -0.3775399020799073, -0.3804631002402513, -0.9227106539225052, 1.3383601400233311, 0.0011505854394709483, -0.8956970078292961], [0.30530784201062616, 0.543538209912934, 0.3295282986279294, 0.74110910924666, 0.36921172375232475, -0.8609881523598366, -1.0114139578039152, 0.17009247298164315, -0.42661753867019914, 1.516743717303884, -1.28876203353913, -1.348386211928439, -0.334503701532822]]}