{"clusters": [[43, 77, 83, 112, 122, 123, 127, 129, 135, 136, 137, 138, 139, 140, 141, 142, 143, 145, 146, 147, 155, 157, 160, 161, 162, 163, 165, 170, 173], [0, 1, 2, 3, 4, 5, 6, 7, 8, 9, 10, 11, 12, 13, 14, 15, 16, 17, 18, 19, 20, 21, 22, 23, 24, 25, 26, 27, 28, 29, 30, 31, 32, 33, 34, 35, 36, 37, 38, 39, 40, 41, 42, 45, 46, 47, 48, 49, 50, 51, 52, 53, 54, 55, 56, 57, 58, 124], [60, 61, 68, 70, 82, 86, 87, 88, 90, 91, 92, 102, 105, 106, 107, 113, 114, 117, 128, 134], [69, 78, 95, 96, 110], [44, 63, 64, 65, 71, 74, 84, 85, 94, 98, 99, 109, 121], [62, 66, 67, 72, 79, 81, 89, 93, 103, 104, 108, 111, 116, 118, 119, 120, 125, 126], [59, 75, 76, 80, 97, 100, 101, 115], [73, 130, 131, 132, 133, 144, 148, 149, 150, 151, 152, 153, 154, 156, 158, 159, 164, 166, 167, 168, 169, 171, 172, 174, 175, 176, 177]], "centers": [[-0.1558104167718673, 1.3414151483662837, 0.27112687487356524, 0.6072656069364197, -0.34744858058979455, -0.8469293813039895, -1.0482388930089412, 1.096482896791486, -0.8655336333570304, 0.01320671093748813, -0.7709664132090585, -0.7996801384003716, -0.4751379403415803], [0.9048136394033871, -0.2835099146702878, 0.35431739216396035, -0.7196834193344835, 0.43700391470360617, 0.8750245049838441, 0.9635027013026206, -0.5928778227444363, 0.574196188118652, 0.1954081710022712, 0.46732211741364854, 0.7822558147891079, 1.170696271873148], [-0.901271525491671, -0.6861273124208676, -0.12617086830723054, 0.42642155899399803, -0.6629243834809366, -0.6082648598273235, -0.3928217210332659, 0.8835067468697287, -0.4501084444159146, -0.8437666320319714, 0.2998770660155776, -0.16128033832552255, -0.7147381511330084], [-1.1668534929716987, -0.38092184291823683, -1.003452687005941, -0.3528179959963791, 2.6862519644800544, -0.14278754505011015, -0.23620291234860735, -0.9979909689752546, 2.0063135061320625, -0.9551534026446417, 0.36217727577861114, 0.0060941352931857765, -0.09073660305315757], [-0.8806521026139732, -0.7397108971118272, 0.25173514590144525, 0.10777298448407506, -0.1816929488682545, 0.8644627174573407, 0.7930946626756179, -0.5789850536693055, 0.5563965005359288, -0.5907963785344881, 0.7334136286460926, 0.5256557924464889, -0.6245557380662539], [-0.684276646635896, -0.27599499523301874, -0.9904559193215161, 0.12330054177766, -0.9453380424517914, 0.07993654016170623, 0.12009372222318698, -0.2298134575810145, -0.10572657482331874, -0.8864228386851516, 0.11112400482428919, 0.5877066990352703, -0.8364742701071645], [-1.0723557231474108, -0.8652111099672639, -1.901752715944309, -0.782976247450605, -0.7542017262974837, -0.3426784056988448, -0.20131506874737748, -0.37753990207990684, -0.38046310024024965, -0.922710653922505, 1.3383601400233291, 0.001150585439468832, -0.8956970078292958], [0.30530784201061834, 0.5435382099129339, 0.32952829862793337, 0.7411091092466598, 0.36921172375232475, -0.8609881523598363, -1.011413957803916, 0.1700924729816436, -0.42661753867019736, 1.5167437173038845, -1.2887620335391308, -1.3483862119284413, -0.33450370153282194]]}