{"clusters": [[83, 122, 123, 129, 136, 137, 138, 139, 140, 142, 143, 145, 146, 147, 155, 157, 160, 161, 162, 163, 165, 170, 173, 174], [0, 1, 2, 3, 4, 5, 6, 7, 8, 9, 10, 11, 12, 13, 14, 15, 16, 17, 18, 19, 20, 21, 22, 23, 24, 26, 27, 28, 29, 30, 31, 32, 33, 34, 35, 36, 37, 38, 39, 40, 41, 42, 45, 46, 47, 48, 49, 50, 51, 52, 53, 54, 55, 56, 57, 58], [25, 82, 86, 87, 88, 90, 91, 92, 102, 105, 107, 112, 113, 114, 121, 124, 127, 128], [69, 78, 95, 96, 110], [44, 63, 64, 65, 71, 74, 81, 84, 85, 94, 98, 99, 109, 117], [43, 66, 67, 72, 79, 89, 93, 103, 104, 106, 108, 111, 116, 118, 119, 120, 125, 126], [59, 75, 76, 80, 97, 100, 101, 115], [73, 130, 131, 132, 133, 144, 148, 149, 150, 151, 152, 153, 154, 156, 158, 159, 164, 166, 167, 168, 169, 171, 172, 175, 176, 177], [60, 61, 62, 68, 70, 77, 134, 135, 141]], "centers": [[0.00798642751262781, 1.5794248565391011, 0.25794453911605947, 0.7084392142522367, -0.39728391143790925, -0.8888064084064761, -1.2031901937467289, 1.0930097045227032, -0.8732367618605196, 0.1255506047883211, -0.9174631829691465, -0.9598990468367291, -0.47375158746399765], [0.9609786424928741, -0.3206822339691358, 0.30972853535869177, -0.7829762474506046, 0.4444403029967315, 0.8805300530376855, 0.9683061627758736, -0.607762932467791, 0.543135534110885, 0.23124702026798166, 0.48674635717099485, 0.7694185882161196, 1.2286446456190134], [-1.1214231925913947, -0.3483067486282499, 0.6402322760837268, 1.0208190187308241, -0.6098743038952512, -0.33845003077975544, 0.09889886919606089, 0.8311310074564849, 0.014972554146386874, -0.8619105396506481, 0.32317870941677485, 0.2950171600770977, -0.7964911820557776], [-1.1668534929716987, -0.38092184291823683, -1.003452687005941, -0.3528179959963791, 2.6862519644800544, -0.14278754505011015, -0.23620291234860735, -0.9979909689752546, 2.0063135061320625, -0.9551534026446417, 0.36217727577861114, 0.0060941352931857765, -0.09073660305315757], [-0.766627644304122, -0.7488354950203577, -0.08126239425479619, -0.04352445393854155, -0.2927997735984554, 0.656775897544828, 0.5579347650203984, -0.6710742658244592, 0.5065294906762365, -0.7061166838823333, 0.7852420805074617, 0.46776115836685034, -0.614722301356932], [-0.7460398948870655, -0.14383903213138946, -0.9315643157514637, 0.11829579190617394, -0.9336358190137725, 0.07904635596821374, 0.13905753808956303, -0.180571309414717, -0.028829549108748243, -0.8849809387419455, -0.027808387839753035, 0.6324340548546157, -0.863719383204127], [-1.0723557231474108, -0.8652111099672639, -1.901752715944309, -0.782976247450605, -0.7542017262974837, -0.3426784056988448, -0.20131506874737748, -0.37753990207990684, -0.38046310024024965, -0.922710653922505, 1.3383601400233291, 0.001150585439468832, -0.8956970078292958], [0.29807573516411384, 0.5101124056025653, 0.3262478644768164, 0.7291319300670351, 0.37731326305556856, -0.8635902292331219, -1.0009166419321813, 0.155514960587425, -0.43083551898365485, 1.5377806671411305, -1.2948868083844192, -1.3431147017059184, -0.34774974386434554], [-0.3329123899181323, -0.5602549913384101, -0.6005528887887556, -0.44223619370026335, -0.07547276689239119, -0.7328016284969204, -0.9586127449994968, 1.0504823947427193, -1.3428926467628017, -0.27313472950816226, -0.044382778543533535, -0.9345927797284153, -0.25371191594226156]]}