{"clusters": [[83, 122, 123, 129, 136, 137, 138, 139, 140, 142, 143, 145, 146, 147, 155, 157, 160, 161, 162, 163, 165, 170, 173, 174], [0, 1, 2, 3, 4, 5, 6, 7, 8, 9, 10, 11, 12, 13, 14, 15, 16, 17, 18, 19, 20, 21, 22, 23, 24, 26, 27, 28, 29, 30, 31, 32, 33, 34, 35, 36, 37, 38, 39, 40, 41, 42, 45, 46, 47, 48, 49, 50, 51, 52, 53, 54, 55, 56, 57, 58], [25, 82, 86, 87, 88, 90, 91, 92, 102, 105, 107, 112, 113, 114, 121, 124, 127, 128], [69, 78, 95, 96, 110], [44, 63, 64, 65, 71, 74, 81, 84, 85, 94, 98, 99, 109, 117], [43, 66, 67, 72, 79, 89, 93, 103, 104, 106, 108, 111, 116, 118, 119, 120, 125, 126], [59, 75, 76, 80, 97, 100, 101, 115], [73, 130, 131, 132, 133, 144, 148, 149, 150, 151, 152, 153, 154, 156, 158, 159, 164, 166, 167, 168, 169, 171, 172, 175, 176, 177], [60, 61, 62, 68, 70, 77, 134, 135, 141]], "centers": [[0.007986427512635648, 1.5794248565391011, 0.25794453911605547, 0.7084392142522371, -0.39728391143790925, -0.8888064084064763, -1.2031901937467278, 1.093009704522703, -0.8732367618605216, 0.12555060478832072, -0.9174631829691456, -0.9598990468367271, -0.47375158746399765], [0.9609786424928817, -0.3206822339691355, 0.30972853535868783, -0.7829762474506052, 0.4444403029967315, 0.8805300530376854, 0.9683061627758747, -0.6077629324677913, 0.5431355341108838, 0.23124702026798122, 0.48674635717099657, 0.7694185882161219, 1.2286446456190132], [-1.121423192591387, -0.3483067486282497, 0.6402322760837228, 1.0208190187308246, -0.6098743038952512, -0.33845003077975566, 0.09889886919606183, 0.8311310074564846, 0.014972554146385339, -0.8619105396506486, 0.3231787094167764, 0.2950171600770998, -0.7964911820557776], [-1.1668534929716905, -0.3809218429182365, -1.0034526870059453, -0.3528179959963794, 2.6862519644800544, -0.14278754505011038, -0.2362029123486064, -0.9979909689752551, 2.006313506132062, -0.9551534026446422, 0.3621772757786127, 0.006094135293187886, -0.09073660305315764], [-0.7666276443041139, -0.7488354950203571, -0.08126239425480031, -0.04352445393854164, -0.2927997735984554, 0.6567758975448278, 0.5579347650203993, -0.6710742658244595, 0.5065294906762353, -0.7061166838823336, 0.7852420805074634, 0.4677611583668525, -0.614722301356932], [-0.7460398948870574, -0.14383903213138924, -0.931564315751468, 0.11829579190617394, -0.9336358190137725, 0.07904635596821352, 0.13905753808956398, -0.18057130941471744, -0.02882954910874982, -0.8849809387419459, -0.02780838783975168, 0.6324340548546178, -0.863719383204127], [-1.0723557231474028, -0.8652111099672638, -1.9017527159443137, -0.7829762474506052, -0.7542017262974837, -0.34267840569884506, -0.20131506874737648, -0.3775399020799073, -0.3804631002402513, -0.9227106539225052, 1.3383601400233311, 0.0011505854394709483, -0.8956970078292961], [0.2980757351641217, 0.5101124056025654, 0.3262478644768124, 0.7291319300670354, 0.37731326305556856, -0.8635902292331222, -1.0009166419321807, 0.15551496058742456, -0.43083551898365663, 1.5377806671411303, -1.2948868083844185, -1.343114701705916, -0.3477497438643456], [-0.3329123899181244, -0.5602549913384096, -0.6005528887887598, -0.4422361937002635, -0.07547276689239121, -0.7328016284969207, -0.9586127449994957, 1.0504823947427187, -1.342892646762804, -0.2731347295081627, -0.044382778543532196, -0.9345927797284133, -0.2537119159422616]]}