"('kmeans', 'manhattan', 'k=5', 'iris')","('kmeans', 'manhattan', 'k=7', 'iris')","('kmeans', 'manhattan', 'k=10', 'iris')","('kmeans', 'manhattan', 'k=2', 'iris')","('kmeans', 'euclidean', 'k=2', 'iris')","('kmeans', 'euclidean', 'k=3', 'iris')","('kmeans', 'euclidean', 'k=10', 'iris')","('kmeans', 'euclidean', 'k=9', 'iris')"
0.4373686583416838,0.3635333383147775,0.3899100827395401,0.5312290473980091,0.5681159420289855,0.5923326221845838,0.3365835792779165,0.32622226951109223
0.5993127084832839,0.5743041224438861,0.5927573110143012,0.6370189137430128,0.7315847607219572,0.6381753284020907,0.5594913469499759,0.5564872823886852
0.5160109613399783,0.4670406824518071,0.4576507983321288,0.8577892004488785,0.9999999999999996,0.6440718321615102,0.4311274677740107,0.43719918400511604
0.7386054360226841,0.7878467925205347,0.9103172591315732,0.5101845998376269,0.5793801642856945,0.6412509939057986,0.8712551724075276,0.8296289037653926
0.3485687565314698,0.3303671097410718,0.3478246485709546,0.6092627531311998,0.5817500491982808,0.4630420362927048,0.3607680329722999,0.3374561113987755
