{"clusters": [[28, 14, 67, 110, 260, 58, 299, 68, 214, 33, 170, 105, 298, 220, 111, 370, 12, 34, 352, 90, 292, 269, 383, 335, 84, 308, 1, 389, 191, 75, 160, 156, 82, 283, 419, 358, 31, 391, 62, 229, 245, 57, 224, 143, 427, 286, 133, 55, 165, 387, 20, 93, 266, 413, 128, 166, 436, 406, 334, 173, 187, 194, 60, 355, 263, 393, 94, 425, 47, 247, 21, 396, 351, 126, 102, 136, 131, 106, 10, 41, 242, 226, 26], [311, 211, 273, 327, 167, 233, 267, 371, 382, 23, 91, 109, 394, 407, 339, 150, 300, 184, 100, 432, 207, 252, 325, 169, 438, 310, 135, 415, 369, 403, 27, 97, 205, 328, 61, 256, 147, 185], [345, 331, 17, 288, 64, 48, 103, 51, 192, 388, 182, 142, 284, 246, 279, 347, 264, 127, 384, 11, 45, 385, 294, 243, 73, 81, 280, 306, 193, 13, 98, 39, 356, 305, 372, 257, 63, 6, 149, 295, 409, 15, 357, 148, 42, 25, 86, 381, 289, 281, 344], [318, 414, 202, 323, 80, 282, 212, 408, 117, 200, 177, 287, 304, 254, 426, 208, 324, 236, 322, 239, 317, 276, 285, 129, 418, 123, 346, 188, 168, 376, 71, 336, 320, 141, 115, 230, 248, 161, 353, 186], [2, 412, 154, 29, 290, 313, 342, 405, 240, 116, 8, 437, 140, 0, 421, 271, 138, 341, 225, 332, 215, 114, 362, 108, 113, 163, 174, 390, 270, 367, 262, 416, 76, 145, 366], [175, 237, 35, 261, 87, 164, 361, 178, 365, 348, 319, 43, 386, 434, 401, 119, 315, 151, 255, 213, 70, 433, 277, 89, 441, 88], [204, 402, 321, 258, 235, 268, 96, 122, 197, 44, 326, 359, 209, 32, 238, 144, 195, 333, 377, 337, 316, 378, 216, 232, 330, 423, 206, 424, 203, 66, 410, 368, 146, 152, 180, 49, 65, 363, 251], [253, 303, 217, 291, 250, 296, 121, 397, 181, 234, 199, 50, 107, 139, 420, 380, 360, 274, 302, 36, 398, 259, 210, 190, 231, 137, 4, 349, 38, 99, 189, 159, 16, 124, 53, 430, 249, 404, 340, 343, 92, 400, 179, 196, 429, 440, 54, 52], [431, 227, 307, 7, 72, 59, 399, 428, 176, 375, 183, 172, 439, 153, 241, 132, 101, 74, 40, 364, 301, 157, 125, 275, 309, 329, 354, 222, 350, 155, 265, 201, 392, 118, 244, 130, 293, 422], [278, 85, 69, 272, 411, 78, 297, 379, 37, 435, 158, 171, 314, 104, 19, 83, 18, 56, 218, 221, 120, 417, 198, 162, 228, 46, 30, 395, 24, 338, 9, 95, 134, 373, 312, 112, 22, 3, 219, 5, 77, 223, 79, 374]], "centers": [[-0.5741553641804845, -0.9385366608874605, -1.3314368782560648, -1.0601865061549904, -1.884361635495478, -2.193617020807379, 1.100001532576734, -1.6061024655415046, -1.1806453629421785, -1.4159822678059555], [0.26591185840317944, -0.9385366608874605, 0.7645854838978461, -0.300173287895474, 1.239835607905888, 0.936870224809469, 0.28728050850786113, 0.217031386114646, 0.9767188798260975, 1.1094192500369189], [0.2659118584031802, 1.0654884797514645, -0.47036823218202656, -0.6258932385781236, 0.22736427902581519, 0.597816401151703, -0.4480385132687378, 0.7213024514663485, -0.12782989796177852, -0.022657292444369787], [0.4568362271721942, -0.9385366608874605, -0.15313241520737983, 0.44777622969327646, 1.5869686349504852, 1.1870458616831603, 0.5968885176769558, 0.3178855991849867, 0.9542020851553776, 1.240043466477068], [0.6477605959412103, 1.0654884797514645, 1.2517690599660518, 1.1836620429921538, -0.46690177506337727, 0.025045864098780124, -0.680244520145558, -0.054499187536269665, -0.5212048682097994, -0.37098853628476586], [0.38046647966458835, -0.9385366608874605, -0.4137189791508392, -0.08302665410704003, -0.032985491257631394, -0.07041589207670763, 0.8677955256999128, -0.8303008265388868, -0.8007140582727839, 0.36921535687607665], [0.41865135341839177, 1.0654884797514645, -0.2664309212697544, 1.4731908880433968, -0.23547975703364507, 0.1501336825356255, -0.8350485247301043, 0.7213024514663485, 0.11319989603137663, 0.0644255185157294], [0.189542110895574, -0.9385366608874605, -0.45903838157578924, 0.5322221416268533, -0.10530487189192246, 0.038213002881605965, -0.4480385132687363, 0.3334016319650394, 0.3449085184124542, 0.06442551851572899], [0.07498748963416507, 1.0654884797514645, -0.15313241520737964, 0.025546662787175628, 0.4732501731824052, 0.8216577604597424, -0.680244520145557, 0.7213024514663485, 0.28777228696944646, 2.023788765117961], [-1.1087435967337262, -0.9385366608874605, 1.3197481636034758, -1.0601865061549893, -0.741715421473682, -0.36996829938599535, -0.09972950295350594, -0.6402294249832451, -1.271607004523067, -0.5886955636850141]]}