{"clusters": [[288, 431, 64, 227, 48, 192, 110, 299, 279, 68, 241, 170, 105, 298, 220, 243, 352, 306, 383, 98, 389, 356, 329, 62, 229, 257, 427, 201, 286, 392, 133, 6, 88, 266, 166, 244, 148, 334, 173, 381], [261, 347, 384, 407, 319, 43, 317, 101, 380, 434, 274, 401, 119, 418, 231, 188, 39, 310, 53, 404, 156, 343, 92, 400, 314, 416, 143, 83, 429, 387, 54, 120, 198, 413, 52, 228, 30, 395, 24, 194, 293, 134, 312, 21, 396, 112, 22, 3, 102, 223, 226, 79, 344], [287, 324, 123, 346, 376, 367, 336, 354, 320, 230, 248, 161, 15, 186], [414, 282, 278, 91, 304, 285, 325, 169, 99, 415, 305, 430, 218, 149, 353], [211, 318, 202, 291, 80, 233, 212, 175, 296, 7, 267, 200, 237, 28, 35, 181, 85, 87, 164, 14, 361, 178, 260, 246, 58, 127, 348, 339, 239, 111, 386, 100, 12, 276, 36, 398, 90, 210, 315, 269, 151, 297, 84, 255, 70, 16, 37, 82, 196, 104, 19, 245, 433, 224, 89, 441, 20, 93, 417, 406, 263], [311, 331, 258, 327, 29, 397, 382, 199, 50, 365, 107, 150, 420, 174, 300, 184, 360, 207, 190, 252, 411, 191, 135, 124, 369, 403, 27, 179, 205, 328, 18, 145, 56, 440, 162], [321, 345, 253, 273, 412, 303, 217, 17, 323, 167, 154, 307, 250, 268, 72, 59, 121, 290, 313, 117, 96, 371, 428, 122, 116, 197, 177, 23, 182, 375, 326, 234, 172, 8, 142, 67, 421, 359, 32, 394, 254, 144, 426, 332, 208, 195, 236, 322, 114, 139, 113, 316, 74, 232, 81, 302, 390, 193, 432, 129, 40, 137, 168, 206, 424, 364, 38, 203, 301, 125, 275, 438, 159, 309, 66, 249, 368, 155, 372, 97, 141, 146, 115, 152, 265, 180, 49, 61, 366, 256, 251, 295, 409, 118, 147, 130, 25, 9, 289, 355, 185, 422], [402, 2, 235, 408, 103, 51, 388, 183, 140, 439, 284, 153, 209, 264, 238, 341, 11, 333, 45, 294, 377, 337, 378, 132, 216, 73, 330, 423, 78, 349, 157, 71, 410, 75, 65, 363, 357], [214, 33, 370, 69, 34, 272, 259, 292, 4, 335, 308, 213, 379, 1, 189, 160, 435, 158, 283, 171, 419, 358, 31, 391, 57, 63, 277, 55, 165, 221, 128, 46, 436, 338, 187, 86, 60, 95, 373, 393, 94, 425, 47, 247, 351, 219, 126, 281, 5, 136, 77, 131, 106, 10, 41, 242, 374, 26], [204, 399, 342, 405, 240, 44, 176, 437, 0, 271, 109, 138, 225, 215, 385, 362, 108, 163, 280, 270, 13, 262, 340, 222, 350, 76, 42]], "centers": [[-0.001882016527791035, 0.0506801187398187, -0.0018947058402846502, -0.04870649422663755, -0.013264559114920901, -0.015248983975852799, 0.028391091527671, -0.0394933828740919, -0.02363031669216116, -0.0777066754249085], [-0.0309423241359475, -0.044641636506989, 0.00564997867688165, -0.00911348124867051, 0.0190703330528056, 0.00682798258030921, 0.0744115640787594, -0.0394933828740919, -0.0411803851880079, -0.0424987666488135], [-0.0218609780083986, 0.0030192411164148523, 0.06546854877727165, -0.007392045901802402, 0.10093952811577275, 0.08918602803095621, -0.030515113337722118, 0.08966054019159016, 0.07757022510065315, 0.0569117993072195], [-0.00188201652779104, -0.044641636506989, -0.0266843835395454, 0.0494153205448459, 0.0589729659406384, -0.0160318551303266, -0.0470824834561139, 0.0712099797536354, 0.133598980013008, 0.0196328370737072], [0.0199132141783263, -0.044641636506989, -0.0406959404999971, -0.015999222636143, -0.00844872411121698, -0.0175975974392743, 0.052321737254237, -0.0394933828740919, -0.0307512098645563, 0.00306440941436832], [0.00901559882526763, -0.044641636506989, 0.045529025410475, 0.0287580963824284, 0.0121905687618, -0.0138398158977999, 0.0265502726256275, -0.0394933828740919, 0.0461323310394148, 0.036201264733046], [0.0180969449528165, 0.0506801187398187, 0.0142724752679289, 0.032200967076164634, 0.008062710187196561, -0.0005310062717447991, -0.039719207847939794, 0.0343088588777263, 0.06081455419227435, 0.06519601313688896], [0.0271782910803654, 0.0506801187398187, -0.0353068801305926, 0.0322009670761646, -0.0112006298276192, 0.00150445872988718, -0.0102661054152432, -0.00259226199818282, -0.0149564750249113, -0.0507829804784829], [-0.0436562087145159, -0.044641636506989, -0.052551873312687, -0.0366564467985606, -0.026336111267831648, -0.021198804749853948, 0.008142083605192103, -0.021042822436137358, -0.02750688785774683, -0.025930338989474652], [0.0271782910803654, 0.0506801187398187, 0.0940305687351156, 0.0976155102571536, -0.0345918284170385, -0.0320024266815928, -0.0434008456520269, -0.00259226199818282, 0.0366457977933988, 0.106617082285236]]}