{"clusters": [[204, 402, 321, 311, 211, 318, 2, 414, 202, 345, 253, 258, 273, 327, 412, 303, 217, 291, 17, 323, 288, 431, 167, 80, 282, 154, 235, 227, 307, 278, 48, 250, 233, 212, 268, 7, 72, 59, 121, 408, 290, 313, 103, 399, 51, 267, 117, 342, 96, 192, 200, 371, 388, 405, 428, 122, 240, 116, 197, 382, 177, 261, 181, 44, 23, 176, 182, 375, 326, 183, 85, 91, 234, 287, 172, 8, 437, 140, 142, 67, 439, 284, 304, 153, 246, 199, 0, 421, 271, 359, 109, 299, 209, 279, 68, 347, 32, 138, 264, 127, 238, 384, 394, 50, 365, 341, 254, 144, 225, 241, 426, 332, 208, 324, 215, 195, 11, 333, 45, 407, 107, 236, 339, 322, 385, 170, 294, 105, 114, 150, 139, 239, 420, 362, 108, 113, 377, 337, 319, 317, 163, 316, 378, 132, 101, 243, 300, 380, 360, 100, 274, 216, 74, 232, 73, 81, 302, 276, 36, 285, 259, 390, 330, 280, 306, 193, 423, 432, 207, 129, 210, 190, 418, 231, 123, 270, 346, 13, 40, 383, 252, 137, 188, 4, 168, 206, 424, 98, 364, 349, 38, 203, 39, 301, 157, 376, 325, 71, 169, 99, 389, 125, 275, 438, 356, 310, 135, 159, 16, 415, 367, 309, 66, 410, 75, 305, 369, 53, 430, 329, 249, 262, 368, 404, 340, 403, 336, 343, 92, 354, 222, 27, 400, 314, 320, 179, 350, 155, 62, 229, 372, 257, 97, 416, 104, 141, 146, 115, 205, 152, 265, 201, 63, 230, 180, 328, 49, 61, 392, 145, 248, 56, 218, 366, 161, 65, 6, 440, 149, 363, 256, 251, 295, 409, 15, 88, 417, 198, 162, 52, 353, 118, 147, 244, 357, 148, 42, 30, 130, 24, 25, 194, 86, 381, 293, 9, 95, 289, 355, 185, 263, 134, 422, 186, 3], [331, 29, 64, 175, 296, 237, 397, 28, 35, 87, 164, 14, 110, 361, 178, 260, 58, 348, 214, 33, 298, 220, 111, 43, 386, 370, 174, 184, 434, 12, 401, 69, 119, 34, 352, 398, 272, 90, 315, 292, 269, 411, 335, 78, 151, 297, 84, 308, 255, 213, 379, 1, 189, 70, 191, 124, 37, 160, 435, 158, 156, 82, 283, 171, 419, 358, 196, 31, 391, 19, 245, 433, 57, 224, 76, 143, 427, 277, 83, 18, 286, 133, 429, 55, 165, 387, 221, 89, 441, 54, 120, 20, 93, 266, 413, 228, 128, 166, 46, 436, 406, 334, 395, 173, 338, 187, 60, 373, 312, 393, 94, 425, 47, 247, 21, 396, 351, 112, 22, 219, 126, 281, 102, 5, 136, 77, 131, 106, 10, 223, 41, 242, 226, 79, 344, 374, 26]], "centers": [[0.0126481372762872, 0.0506801187398187, 0.00241654245523897, 0.0563010619323185, 0.0273260502020124, 0.0171618818193638, 0.0412768238419757, -0.0394933828740919, 0.00371173823343597, 0.0734802269665584], [-0.0236772472339084, -0.044641636506989, -0.0697968664947814, -0.0641994123484507, -0.0593589798646588, -0.0504781859271752, 0.0191869970174533, -0.0394933828740919, -0.0891368600793477, -0.0507829804784829]]}