{"clusters": [[204, 402, 321, 311, 211, 318, 2, 414, 202, 345, 331, 253, 258, 273, 327, 412, 303, 217, 291, 17, 323, 288, 431, 167, 80, 282, 154, 235, 64, 227, 307, 278, 48, 250, 233, 212, 175, 268, 7, 72, 59, 121, 408, 290, 313, 103, 399, 51, 117, 342, 96, 200, 237, 371, 388, 405, 428, 122, 240, 116, 197, 382, 44, 23, 176, 182, 375, 326, 183, 287, 172, 8, 437, 140, 142, 67, 439, 304, 153, 199, 0, 421, 271, 359, 109, 299, 209, 279, 68, 32, 138, 238, 384, 394, 341, 254, 144, 225, 241, 426, 332, 208, 324, 215, 195, 333, 407, 236, 339, 322, 105, 114, 139, 239, 362, 113, 337, 317, 163, 316, 132, 101, 300, 380, 74, 232, 73, 81, 276, 36, 390, 330, 280, 193, 129, 418, 123, 270, 346, 40, 137, 188, 168, 206, 364, 38, 203, 301, 157, 376, 325, 71, 169, 275, 438, 159, 367, 309, 66, 53, 249, 262, 368, 404, 340, 403, 343, 92, 354, 222, 400, 320, 350, 155, 229, 97, 416, 146, 152, 265, 230, 180, 49, 61, 392, 145, 248, 366, 161, 65, 256, 251, 409, 15, 353, 118, 147, 148, 130, 293, 422], [29, 296, 267, 192, 397, 28, 35, 177, 261, 181, 85, 91, 234, 87, 164, 14, 284, 110, 361, 178, 260, 246, 58, 347, 264, 127, 50, 365, 348, 214, 33, 11, 45, 107, 385, 170, 294, 298, 220, 150, 420, 108, 377, 319, 111, 43, 386, 370, 174, 378, 243, 184, 360, 100, 434, 274, 12, 401, 69, 119, 34, 216, 352, 302, 398, 272, 285, 90, 259, 306, 423, 432, 207, 210, 190, 315, 292, 231, 269, 13, 383, 252, 411, 4, 335, 78, 424, 98, 349, 151, 297, 84, 308, 255, 213, 39, 379, 1, 99, 189, 70, 389, 125, 356, 191, 310, 135, 16, 124, 415, 410, 75, 305, 369, 37, 430, 160, 329, 435, 158, 156, 82, 283, 336, 171, 419, 358, 27, 314, 179, 196, 31, 391, 62, 372, 257, 104, 141, 19, 245, 433, 57, 224, 76, 115, 205, 143, 427, 201, 63, 277, 328, 83, 18, 286, 133, 56, 429, 55, 218, 165, 6, 440, 387, 221, 89, 441, 149, 363, 54, 120, 20, 93, 295, 88, 266, 417, 198, 162, 413, 52, 228, 128, 166, 46, 436, 406, 244, 357, 42, 334, 30, 395, 173, 24, 338, 25, 187, 194, 86, 381, 9, 60, 95, 289, 355, 185, 263, 134, 373, 312, 393, 94, 425, 47, 186, 247, 21, 396, 351, 112, 22, 3, 219, 126, 281, 102, 5, 136, 77, 131, 106, 10, 223, 41, 242, 226, 79, 344, 374, 26]], "centers": [[0.6477605959412103, -0.9385366608874605, 2.2034765108899994, 1.6179553105690185, -0.23547975703364507, -0.2382969115577376, -1.2220585361914729, 0.7213024514663485, 1.2005467900263314, 0.7610880061965228], [-0.34504612165766824, -0.9385366608874605, -0.22111151884480498, 0.02554666278717608, -0.7851070498542566, -0.7518153240879448, 0.2485795073617251, -0.8303008265388868, -0.44977638466976977, -0.719319780125164]]}