{"clusters": [[204, 402, 321, 311, 211, 318, 2, 414, 202, 345, 253, 258, 291, 17, 288, 80, 282, 154, 227, 278, 48, 250, 212, 7, 72, 59, 121, 103, 399, 51, 267, 342, 192, 200, 388, 177, 261, 176, 182, 85, 91, 234, 87, 287, 437, 142, 67, 284, 304, 246, 199, 421, 279, 347, 264, 127, 238, 384, 50, 341, 144, 324, 195, 11, 45, 107, 236, 339, 322, 170, 294, 150, 239, 420, 377, 43, 317, 378, 132, 101, 243, 300, 184, 360, 100, 434, 274, 216, 232, 73, 81, 302, 276, 36, 398, 285, 259, 330, 280, 306, 193, 423, 207, 210, 190, 418, 231, 123, 346, 13, 252, 188, 4, 206, 98, 255, 213, 38, 203, 39, 157, 376, 325, 70, 389, 438, 356, 310, 159, 16, 415, 309, 66, 410, 305, 369, 53, 249, 404, 336, 343, 354, 400, 320, 196, 155, 62, 372, 257, 115, 152, 230, 180, 328, 49, 248, 56, 55, 161, 65, 6, 440, 89, 149, 54, 409, 15, 417, 413, 357, 42, 395, 25, 86, 381, 9, 289, 422, 186], [331, 273, 327, 412, 303, 217, 323, 431, 167, 29, 235, 64, 307, 268, 408, 290, 313, 117, 96, 371, 397, 405, 428, 122, 240, 116, 197, 382, 44, 23, 375, 326, 183, 172, 8, 140, 439, 153, 361, 0, 271, 359, 109, 299, 209, 68, 32, 138, 394, 365, 254, 225, 241, 426, 332, 208, 215, 333, 407, 385, 105, 298, 114, 139, 362, 108, 113, 337, 319, 163, 316, 174, 380, 401, 69, 119, 74, 90, 390, 432, 129, 270, 40, 383, 137, 168, 424, 364, 301, 71, 169, 379, 125, 275, 191, 135, 367, 75, 329, 262, 368, 340, 403, 92, 222, 27, 350, 229, 97, 416, 141, 146, 76, 205, 427, 265, 201, 277, 61, 392, 145, 366, 363, 256, 20, 251, 295, 88, 353, 118, 147, 244, 148, 130, 194, 293, 355, 185, 263, 21, 281, 77, 79, 344, 26], [233, 175, 296, 237, 28, 35, 181, 164, 14, 110, 178, 260, 58, 348, 214, 33, 220, 111, 386, 370, 12, 34, 352, 272, 315, 292, 269, 411, 335, 78, 349, 151, 297, 84, 308, 1, 99, 189, 124, 37, 430, 160, 435, 158, 156, 82, 283, 171, 419, 358, 314, 179, 31, 391, 104, 19, 245, 433, 57, 224, 143, 63, 83, 18, 286, 133, 429, 218, 165, 387, 221, 441, 120, 93, 266, 198, 162, 52, 228, 128, 166, 46, 436, 406, 334, 30, 173, 24, 338, 187, 60, 95, 134, 373, 312, 393, 94, 425, 47, 247, 396, 351, 112, 22, 3, 219, 126, 102, 5, 136, 131, 106, 10, 223, 41, 242, 226, 374]], "centers": [[0.0126481372762872, 0.0506801187398187, -0.02021751109626, -0.00222773986119799, 0.0383336730676214, 0.05317395492516, -0.00658446761115617, 0.0343088588777263, -0.00514530798026311, -0.0093619113301358], [0.0162806757273067, -0.044641636506989, 0.0261284080806188, 0.0585963091762383, -0.0607349327228599, -0.0442152166913845, -0.0139477432193303, -0.0339582147427055, -0.0514005352605825, -0.0259303389894746], [-0.0273097856849279, -0.044641636506989, -0.06494671216231734, -0.08141376581713185, -0.06967862630116725, -0.0728683009451269, 0.026550272625627484, -0.05794394331204644, -0.045987150598277696, -0.03835665973397875]]}