{"clusters": [[311, 211, 318, 202, 345, 331, 253, 258, 291, 288, 80, 282, 29, 64, 227, 278, 250, 233, 212, 175, 296, 72, 121, 267, 200, 237, 397, 28, 177, 181, 326, 85, 91, 234, 287, 14, 284, 178, 246, 199, 264, 50, 11, 407, 107, 236, 339, 150, 139, 239, 420, 377, 319, 317, 386, 300, 380, 184, 360, 100, 274, 12, 119, 302, 276, 36, 398, 259, 193, 207, 190, 418, 231, 346, 252, 411, 188, 4, 78, 349, 325, 99, 310, 135, 16, 124, 415, 66, 305, 369, 37, 53, 430, 249, 435, 158, 404, 156, 354, 27, 400, 314, 320, 179, 196, 104, 205, 63, 230, 328, 83, 18, 61, 248, 56, 218, 161, 440, 221, 149, 120, 417, 357, 30, 395, 338, 25, 9, 95, 289, 422], [192, 35, 261, 87, 164, 8, 67, 110, 361, 260, 58, 299, 279, 68, 347, 127, 384, 348, 214, 33, 45, 385, 170, 294, 105, 298, 220, 111, 43, 370, 174, 132, 101, 243, 434, 401, 69, 34, 74, 81, 352, 272, 90, 280, 306, 210, 315, 292, 269, 383, 335, 98, 151, 297, 84, 308, 255, 213, 39, 301, 157, 379, 1, 189, 70, 389, 438, 356, 191, 75, 160, 329, 82, 283, 171, 419, 358, 31, 391, 62, 229, 372, 257, 19, 245, 433, 57, 224, 143, 265, 201, 277, 286, 133, 429, 55, 165, 6, 387, 89, 441, 54, 20, 93, 295, 88, 266, 198, 162, 413, 52, 228, 128, 166, 46, 436, 406, 244, 148, 334, 173, 24, 187, 194, 86, 381, 60, 355, 263, 134, 373, 312, 393, 94, 425, 47, 247, 21, 396, 351, 112, 22, 3, 219, 126, 281, 102, 5, 136, 77, 131, 106, 10, 223, 41, 242, 226, 79, 344, 374, 26], [204, 402, 321, 2, 414, 273, 327, 412, 303, 217, 17, 323, 431, 167, 154, 235, 307, 48, 268, 7, 59, 408, 290, 313, 103, 399, 51, 117, 342, 96, 371, 388, 405, 428, 122, 240, 116, 197, 382, 44, 23, 176, 182, 375, 183, 172, 437, 140, 142, 439, 304, 153, 0, 421, 271, 359, 109, 209, 32, 138, 238, 394, 365, 341, 254, 144, 225, 241, 426, 332, 208, 324, 215, 195, 333, 322, 114, 362, 108, 113, 337, 163, 316, 378, 216, 232, 73, 285, 390, 330, 423, 432, 129, 123, 270, 13, 40, 137, 168, 206, 424, 364, 38, 203, 376, 71, 169, 125, 275, 159, 367, 309, 410, 262, 368, 340, 403, 336, 343, 92, 222, 350, 155, 97, 416, 141, 146, 76, 115, 427, 152, 180, 49, 392, 145, 366, 65, 363, 256, 251, 409, 15, 353, 118, 147, 42, 130, 293, 185, 186]], "centers": [[0.2659118584031802, -0.9385366608874605, 0.48133921874191243, 1.111279831729342, 0.16950877451838306, -0.6003932280854465, 0.7903935234076398, -0.8303008265388868, 1.1505062849734542, -0.5451541582049638], [-0.5741553641804845, 1.0654884797514645, -0.33441002490717847, -0.6258932385781236, 0.08272551775723397, -0.014455552249697452, 0.8677955256999118, -0.8303008265388868, -0.49709835589105344, 0.23859114043592694], [0.5332059746797999, 1.0654884797514645, 0.5833078741980482, 0.9544517085329552, 0.08272551775723327, -0.3963025769516466, -1.570367546506703, 1.99361713943064, 1.7102453067581627, 1.1965020609970187]]}