{"clusters": [[311, 345, 331, 253, 258, 327, 288, 167, 80, 282, 64, 278, 233, 175, 72, 121, 103, 267, 397, 28, 177, 181, 44, 326, 85, 91, 234, 8, 304, 246, 199, 68, 32, 264, 238, 384, 50, 365, 324, 11, 407, 107, 236, 339, 105, 298, 150, 239, 420, 377, 300, 184, 360, 100, 434, 274, 69, 34, 216, 73, 302, 398, 272, 285, 259, 193, 423, 432, 207, 190, 418, 231, 123, 252, 188, 4, 78, 349, 297, 39, 325, 99, 438, 191, 310, 135, 415, 66, 305, 369, 430, 160, 435, 158, 156, 403, 336, 171, 419, 27, 314, 320, 179, 196, 97, 104, 224, 205, 63, 328, 83, 18, 49, 61, 133, 56, 429, 218, 6, 440, 387, 221, 149, 120, 20, 295, 15, 417, 198, 162, 52, 228, 147, 42, 334, 30, 395, 173, 24, 338, 25, 194, 86, 381, 293, 9, 95, 289, 373, 312, 393, 422, 47, 186, 351, 112, 22, 3, 219, 102, 77, 131, 106, 223, 41, 242, 226, 79, 344, 374], [211, 2, 412, 303, 217, 291, 431, 29, 227, 48, 250, 212, 408, 313, 399, 51, 342, 192, 200, 388, 405, 375, 87, 437, 140, 439, 284, 153, 0, 271, 209, 279, 138, 341, 225, 332, 45, 385, 294, 114, 139, 362, 337, 319, 163, 378, 101, 243, 380, 74, 36, 280, 306, 210, 270, 13, 137, 71, 159, 16, 367, 410, 53, 249, 262, 404, 340, 343, 92, 222, 400, 416, 146, 76, 427, 180, 392, 145, 366, 256, 357, 130, 355, 185, 21, 26], [318, 296, 237, 35, 261, 164, 14, 110, 361, 178, 260, 58, 347, 127, 348, 214, 33, 170, 220, 111, 43, 386, 370, 12, 401, 119, 352, 90, 315, 292, 269, 335, 98, 151, 84, 308, 255, 213, 379, 1, 189, 70, 389, 356, 124, 37, 82, 283, 358, 31, 391, 62, 229, 372, 257, 19, 245, 433, 57, 143, 201, 277, 286, 55, 165, 89, 441, 54, 93, 88, 266, 413, 128, 166, 46, 436, 406, 187, 60, 263, 134, 94, 425, 247, 396, 126, 281, 5, 136, 10], [204, 402, 321, 414, 202, 273, 17, 323, 154, 235, 307, 268, 7, 59, 290, 117, 96, 371, 428, 122, 240, 116, 197, 382, 23, 176, 182, 183, 287, 172, 142, 67, 421, 359, 109, 299, 394, 254, 144, 241, 426, 208, 215, 195, 333, 322, 108, 113, 317, 316, 174, 132, 232, 81, 276, 390, 330, 129, 346, 40, 383, 411, 168, 206, 424, 364, 38, 203, 301, 157, 376, 169, 125, 275, 309, 75, 329, 368, 354, 350, 155, 141, 115, 152, 265, 230, 248, 161, 65, 363, 251, 409, 353, 118, 244, 148]], "centers": [[-0.00551455497881059, -0.044641636506989, 0.0606183944448076, -0.0005063045143298521, -0.02496015840963057, -0.013996390128694651, -0.04340084565202685, 0.019363904922983097, 0.01633162302753825, 0.0444854785627154], [0.0199132141783263, 0.0030192411164148523, -0.004050329988046465, 0.0580224972791866, -0.01464051197312205, -0.023703992444170176, 0.0118237214092792, -0.002592261998182799, 0.017022545141177313, 0.03205915781821126], [-0.007330824204320366, -0.044641636506989, 0.0175059114895716, -0.0246063993704837, -0.0297759934133345, -0.04092715784259445, 0.026550272625627452, -0.0394933828740919, 0.0005194323283206487, -0.0093619113301358], [0.0199132141783263, 0.0030192411164148523, -0.009978296394391399, 0.0591701209011465, 0.0410855787840237, 0.0472241341511589, -0.026833475533635034, 0.0335708364602081, 0.0356930478498095, 0.07969338733881046]]}