{"clusters": [[204, 402, 321, 2, 273, 327, 412, 303, 17, 323, 167, 307, 250, 268, 290, 313, 399, 117, 96, 371, 388, 397, 405, 428, 122, 240, 116, 197, 382, 177, 44, 23, 375, 183, 234, 172, 437, 199, 0, 32, 138, 238, 394, 254, 225, 332, 215, 322, 114, 362, 108, 113, 337, 316, 216, 285, 390, 270, 168, 38, 169, 125, 367, 262, 368, 403, 350, 97, 146, 115, 205, 152, 145, 56, 366, 65, 221, 256, 251, 353, 147, 130], [311, 318, 202, 253, 291, 80, 282, 212, 7, 72, 267, 200, 35, 261, 181, 91, 87, 287, 14, 178, 260, 246, 58, 127, 384, 407, 236, 339, 239, 111, 43, 370, 101, 100, 276, 398, 210, 315, 418, 269, 123, 346, 4, 335, 84, 376, 1, 99, 389, 356, 309, 249, 82, 354, 196, 155, 433, 143, 63, 230, 248, 429, 161, 441, 93, 413, 52, 406, 134, 94, 247, 112], [211, 414, 217, 227, 121, 408, 164, 110, 304, 361, 209, 50, 365, 208, 348, 214, 33, 170, 150, 139, 420, 319, 317, 386, 163, 380, 184, 360, 434, 274, 12, 69, 119, 352, 302, 36, 90, 259, 432, 207, 129, 190, 292, 231, 137, 188, 151, 255, 213, 71, 189, 70, 310, 159, 16, 124, 53, 404, 156, 340, 343, 92, 400, 314, 320, 179, 416, 277, 286, 55, 440, 89, 54, 120, 266, 436, 30, 194, 293, 60, 373, 312, 422, 396, 22, 126, 102], [345, 331, 258, 288, 431, 154, 29, 235, 64, 278, 48, 233, 175, 296, 59, 103, 51, 342, 192, 237, 28, 176, 182, 326, 85, 8, 140, 142, 67, 439, 284, 153, 421, 271, 359, 109, 299, 279, 68, 347, 264, 341, 144, 241, 426, 324, 195, 11, 333, 45, 107, 385, 294, 105, 298, 220, 377, 174, 378, 132, 243, 300, 401, 34, 74, 232, 73, 81, 272, 330, 280, 306, 193, 423, 13, 40, 383, 252, 411, 78, 206, 424, 98, 364, 349, 297, 308, 203, 39, 301, 157, 325, 379, 275, 438, 191, 135, 415, 66, 410, 75, 305, 369, 37, 430, 160, 329, 435, 158, 283, 336, 171, 419, 358, 222, 27, 31, 391, 62, 229, 372, 257, 104, 141, 19, 245, 57, 224, 76, 427, 265, 201, 180, 328, 83, 18, 49, 61, 392, 133, 218, 165, 6, 387, 149, 363, 20, 295, 409, 15, 88, 417, 198, 162, 228, 128, 118, 166, 46, 244, 357, 148, 42, 334, 395, 173, 24, 338, 25, 187, 86, 381, 9, 95, 289, 355, 185, 263, 393, 425, 47, 186, 21, 351, 3, 219, 281, 5, 136, 77, 131, 106, 10, 223, 41, 242, 226, 79, 344, 374, 26]], "centers": [[0.7241303434488149, 1.0654884797514645, 1.0704914502662548, 1.436999782411991, -0.7127876692199663, -0.4358039933001246, -1.0285535304607885, 0.7213024514663483, 0.4102226950690432, 0.5433809787962753], [0.2277269846493771, -0.9385366608874605, 0.31139145964835224, -0.19159997100125772, 1.0084135898761581, 0.8348248992425689, 0.7129915211153656, -0.44240000703757826, 0.12422310487683824, -1.3288994568458565], [0.189542110895574, -0.9385366608874605, -0.6516458418818241, 0.45983993036404147, 0.16950877451838306, 0.18305152949269005, 0.09377550277717768, -0.054499187536269665, 0.1983891412525376, 0.23859114043592694], [-0.1923066266424554, 1.0654884797514645, -0.6516458418818241, -0.5535110273153118, -0.23547975703364507, -0.021039121641110384, -0.4480385132687378, -0.054499187536269665, 0.1305433850795088, 0.5869223842763249]]}