{"clusters": [[227, 278, 175, 296, 237, 28, 14, 110, 361, 178, 347, 127, 50, 348, 214, 33, 298, 220, 386, 370, 174, 380, 434, 12, 401, 69, 34, 352, 272, 90, 259, 292, 4, 335, 151, 297, 84, 308, 255, 213, 39, 379, 1, 99, 189, 70, 389, 191, 124, 37, 160, 435, 158, 156, 82, 283, 171, 419, 358, 31, 391, 19, 245, 57, 224, 76, 143, 277, 83, 18, 286, 133, 55, 218, 165, 387, 221, 89, 54, 120, 20, 93, 266, 162, 413, 228, 128, 166, 46, 436, 406, 173, 24, 338, 187, 194, 86, 381, 60, 95, 263, 373, 312, 393, 94, 425, 47, 247, 112, 22, 3, 219, 126, 281, 102, 5, 136, 77, 131, 106, 10, 223, 41, 242, 226, 79, 344, 374, 26], [311, 211, 318, 414, 202, 291, 80, 282, 233, 212, 72, 121, 267, 200, 371, 35, 261, 181, 85, 91, 87, 287, 164, 260, 246, 199, 58, 407, 107, 236, 339, 150, 139, 239, 420, 111, 43, 300, 100, 274, 302, 276, 36, 398, 193, 207, 210, 190, 315, 418, 231, 269, 346, 252, 188, 376, 438, 310, 16, 415, 430, 249, 404, 314, 320, 179, 196, 433, 205, 63, 230, 328, 56, 429, 440, 441, 88, 417, 52, 30, 395, 293, 9, 134], [412, 109, 32, 332, 114, 319, 317, 432, 129, 123, 325, 367, 53, 403, 27, 97, 248, 366, 161, 256, 147], [321, 2, 345, 331, 258, 327, 303, 17, 288, 431, 154, 235, 64, 48, 268, 7, 59, 290, 313, 103, 399, 51, 342, 192, 388, 405, 122, 240, 116, 197, 44, 176, 182, 375, 183, 8, 437, 140, 142, 67, 439, 284, 304, 153, 0, 421, 271, 299, 209, 279, 68, 138, 264, 238, 384, 341, 144, 225, 241, 195, 11, 333, 45, 385, 170, 294, 105, 362, 108, 377, 337, 163, 378, 132, 101, 243, 216, 232, 73, 81, 285, 330, 280, 306, 423, 270, 13, 383, 411, 137, 78, 206, 424, 98, 349, 203, 301, 157, 356, 159, 66, 410, 75, 305, 329, 262, 340, 336, 343, 222, 400, 155, 62, 229, 372, 257, 416, 104, 146, 115, 427, 265, 201, 180, 49, 392, 145, 65, 6, 149, 363, 251, 295, 409, 15, 198, 118, 244, 357, 148, 42, 334, 130, 25, 289, 355, 185, 422, 186, 21, 396, 351], [204, 402, 253, 273, 217, 323, 167, 29, 307, 250, 408, 117, 96, 397, 428, 382, 177, 23, 326, 234, 172, 359, 394, 365, 254, 426, 208, 324, 215, 322, 113, 316, 184, 360, 119, 74, 390, 40, 168, 364, 38, 71, 169, 125, 275, 135, 309, 369, 368, 92, 354, 350, 141, 152, 61, 353]], "centers": [[-0.5741553641804845, -0.9385366608874605, -1.3994159818934888, -2.3630663088855806, -1.0454568201377046, -0.8703195731333777, 0.01637350048490415, -0.8303008265388868, -0.7530035864853829, -0.19682291436456792], [0.2659118584031802, -0.9385366608874605, 0.5153287705606244, 1.2198531486235586, 1.3989382453013328, 0.6636520950658338, 1.061300531430597, -0.44240000703757826, 1.1804531356536017, -0.5016127527249143], [-0.039567131627243825, -0.9385366608874605, 1.1384705539036784, -1.3979701589560496, 1.5291131304430527, 1.1903376463788675, -0.9124505270223783, 1.7841506968999334, 1.7764115797133093, 1.0223364390768197], [0.3040967321569826, 1.0654884797514645, -0.1078130127824305, 0.6407954585210701, 0.21290040289895834, 0.6109835399345305, -0.8350485247301043, 1.4971040904689703, 0.016980981542021267, 0.06442551851572892], [0.6095757221874067, 0.06347590943200204, 1.0478317490537803, 1.147470937360748, 0.4587862970555463, 0.4826039368019772, -0.9124505270223783, 1.109203270967652, 1.0795088969397395, 1.3271262774371673]]}