{"clusters": [[204, 402, 2, 345, 331, 17, 288, 431, 154, 235, 64, 227, 307, 48, 7, 59, 313, 103, 399, 51, 342, 96, 192, 388, 35, 261, 176, 182, 375, 326, 183, 87, 164, 437, 140, 142, 67, 439, 284, 304, 153, 260, 58, 0, 271, 299, 279, 68, 264, 384, 341, 241, 11, 45, 385, 170, 294, 105, 377, 337, 43, 378, 132, 101, 243, 401, 74, 73, 81, 276, 280, 306, 418, 269, 270, 13, 383, 206, 301, 157, 71, 275, 16, 309, 410, 75, 329, 340, 222, 62, 229, 372, 257, 265, 201, 180, 286, 6, 441, 295, 409, 88, 266, 244, 357, 148, 42, 334, 173, 25, 86, 289, 355, 263], [414, 258, 273, 327, 412, 167, 268, 290, 117, 428, 122, 240, 116, 197, 172, 8, 421, 359, 109, 32, 138, 144, 426, 332, 215, 195, 333, 407, 114, 362, 113, 163, 316, 300, 232, 330, 193, 123, 346, 40, 168, 424, 364, 38, 203, 376, 438, 367, 66, 262, 368, 403, 336, 354, 350, 155, 97, 416, 141, 146, 115, 152, 230, 392, 145, 366, 161, 65, 256, 251, 417, 118, 147, 130, 293], [321, 311, 202, 253, 323, 282, 278, 72, 121, 267, 371, 177, 23, 287, 209, 347, 238, 394, 365, 254, 225, 208, 324, 236, 339, 322, 317, 216, 285, 423, 432, 129, 39, 325, 169, 415, 305, 369, 430, 320, 49, 61, 248, 218, 149, 363, 15, 353, 381, 185], [14, 110, 127, 348, 214, 33, 298, 220, 111, 370, 174, 34, 352, 272, 90, 210, 315, 292, 335, 78, 98, 151, 297, 84, 308, 379, 1, 389, 356, 191, 37, 160, 435, 158, 156, 82, 283, 171, 419, 358, 31, 391, 19, 245, 433, 57, 224, 76, 143, 63, 277, 83, 18, 133, 429, 55, 165, 387, 93, 162, 52, 228, 128, 166, 46, 436, 406, 395, 338, 187, 60, 95, 373, 312, 393, 94, 425, 47, 247, 21, 396, 351, 112, 22, 3, 219, 126, 281, 102, 5, 136, 77, 131, 106, 10, 223, 41, 242, 226, 79, 344, 374, 26], [211, 318, 303, 217, 291, 80, 29, 250, 233, 212, 175, 296, 408, 200, 237, 397, 28, 405, 382, 181, 44, 85, 91, 234, 361, 178, 246, 199, 50, 107, 150, 139, 239, 420, 108, 319, 386, 380, 184, 360, 100, 434, 274, 12, 69, 119, 302, 36, 398, 259, 390, 207, 190, 231, 252, 411, 137, 188, 4, 349, 255, 213, 99, 189, 70, 125, 310, 135, 159, 124, 53, 249, 404, 343, 92, 27, 400, 314, 179, 196, 104, 205, 427, 328, 56, 440, 221, 89, 54, 120, 20, 198, 413, 30, 24, 194, 9, 134, 422, 186]], "centers": [[0.0235457526293458, 0.0506801187398187, -0.03153453787200945, -0.022884964023615575, -0.02427218198053, -0.0019401743497977006, -0.023151837729548, -0.00259226199818282, -0.04249665366945625, -0.007290857872718451], [0.00538306037424807, 0.0506801187398187, 0.034750904671666, -0.00108011630809546, 0.152537760298315, 0.198787989657293, -0.0618090346724622, 0.185234443260194, 0.0155668445407018, 0.0734802269665584], [0.0253620218548556, 0.0030192411164148523, 0.02720622015449967, 0.005805625148234451, 0.05002927236233105, 0.0102726156599941, -0.028674294435678604, 0.07637613667626258, 0.08841945304512515, 0.0486275854775501], [-0.0382074010379866, -0.044641636506989, 0.00996122697240527, -0.0469850588797694, -0.0593589798646588, -0.0529833736214915, -0.0102661054152432, -0.0394933828740919, -0.0159982677581387, -0.0424987666488135], [0.010831868050777415, 0.0030192411164148523, 0.016428099415690654, 0.05113675589171405, 0.0018709223252914992, -0.0051499460831404, -0.0369579794948745, 0.019732916131742193, 0.02965343117296645, 0.04034337164788072]]}