{"clusters": [[405, 85, 347, 32, 11, 407, 107, 298, 139, 377, 398, 272, 193, 423, 190, 252, 78, 349, 297, 39, 389, 438, 415, 367, 305, 37, 403, 171, 314, 179, 104, 224, 63, 83, 18, 61, 145, 56, 366, 387, 149, 256, 120, 417, 198, 162, 52, 228, 147, 46, 30, 395, 24, 338, 293, 95, 373, 312, 393, 186, 21, 396, 351, 112, 22, 3, 219, 126, 102, 5, 77, 223, 41, 242, 226, 79, 344, 374, 26], [412, 80, 282, 278, 212, 267, 200, 237, 35, 261, 91, 164, 110, 361, 384, 365, 208, 348, 236, 150, 43, 317, 300, 434, 401, 90, 129, 315, 418, 411, 188, 310, 124, 404, 27, 97, 416, 433, 328, 55, 89, 54, 20, 88, 266, 413, 194, 381, 263, 281], [321, 414, 202, 345, 258, 273, 327, 17, 323, 288, 167, 154, 307, 268, 7, 72, 59, 408, 290, 313, 103, 399, 117, 342, 96, 371, 428, 122, 240, 116, 197, 177, 44, 23, 176, 182, 375, 183, 287, 172, 437, 142, 304, 153, 199, 421, 359, 109, 138, 238, 394, 254, 144, 241, 426, 332, 324, 215, 195, 333, 322, 114, 362, 113, 337, 163, 316, 132, 216, 232, 73, 81, 276, 285, 390, 330, 280, 432, 123, 346, 40, 168, 206, 424, 364, 38, 203, 301, 157, 376, 71, 169, 275, 309, 66, 262, 368, 340, 336, 354, 320, 350, 155, 141, 146, 115, 152, 230, 180, 49, 392, 248, 161, 65, 251, 409, 15, 353, 118, 148, 130, 289, 355, 185, 422], [204, 2, 331, 431, 29, 235, 64, 227, 48, 51, 192, 388, 326, 8, 140, 67, 439, 284, 0, 271, 299, 209, 279, 68, 264, 341, 225, 45, 385, 170, 294, 105, 220, 108, 174, 378, 101, 243, 74, 306, 270, 13, 383, 98, 379, 356, 191, 75, 329, 222, 62, 229, 372, 257, 76, 427, 265, 201, 133, 6, 363, 295, 166, 244, 357, 42, 334, 173, 25, 86], [296, 28, 14, 260, 58, 127, 214, 370, 34, 352, 269, 335, 84, 308, 1, 160, 158, 82, 358, 31, 391, 19, 245, 57, 286, 441, 93, 128, 436, 406, 187, 60, 134, 94, 425, 47, 247, 136, 131, 106, 10], [402, 311, 211, 318, 253, 303, 217, 291, 250, 233, 175, 121, 397, 382, 181, 234, 87, 178, 246, 50, 33, 339, 239, 420, 319, 111, 386, 380, 184, 360, 100, 274, 12, 69, 119, 302, 36, 259, 207, 210, 292, 231, 137, 4, 151, 255, 213, 325, 99, 189, 70, 125, 135, 159, 16, 410, 369, 53, 430, 249, 435, 156, 283, 343, 92, 419, 400, 196, 205, 143, 277, 429, 218, 165, 440, 221, 9]], "centers": [[-0.9560041017185147, -0.9385366608874605, 0.3227213102545896, -1.566861984994667, -1.0454568201377046, -0.3633847299945827, -0.6028425178532839, -0.054499187536269665, -2.1941447070964246, -1.5901478897261534], [0.3040967321569826, -0.9385366608874605, -0.7422846467317228, -1.0239954005235845, -0.6838599169662505, -1.0414923773101128, 1.6031145474765105, -1.6061024655415046, -1.2057205846544312, 0.5433809787962744], [0.41865135341839177, 1.0654884797514645, 2.2034765108899994, 1.4731908880433968, -0.7561792976005409, -0.5608918117369689, -0.5254405155610098, -0.054499187536269665, 0.07803482757967586, 0.8481708171566219], [0.34228160591078494, 1.0654884797514645, 0.13011384994855416, -0.5173199216839063, -1.0743845723914207, -0.8801949272204972, -0.9511515281685143, -0.054499187536269145, 0.417628825618894, -0.32744713080471716], [-0.49778561667287985, -0.9385366608874605, -1.4673950855309128, -1.3497153512062336, -1.247951085913719, -1.0612430854843515, 0.40338351194627126, -0.8303008265388868, -1.8739951660992675, -1.0676510239655597], [0.189542110895574, -0.9385366608874605, 0.9571929442038809, 0.6046043528896652, 0.25629203127953304, -0.2909654666890397, 0.5581875165308195, -0.8303008265388868, 0.9698767186974967, 0.7610880061965228]]}