{"clusters": [[29, 250, 397, 28, 405, 382, 177, 234, 361, 199, 347, 32, 127, 50, 332, 407, 107, 150, 139, 300, 380, 184, 360, 434, 69, 302, 36, 398, 272, 207, 190, 292, 252, 411, 78, 151, 297, 308, 39, 389, 125, 310, 135, 124, 367, 369, 37, 53, 249, 404, 156, 403, 171, 419, 27, 314, 179, 104, 19, 245, 205, 328, 83, 18, 61, 145, 56, 366, 440, 256, 54, 120, 198, 162, 413, 52, 228, 166, 147, 46, 30, 395, 24, 187, 293, 9, 60, 134, 373, 312, 422, 94, 425, 112, 22, 3, 219, 102, 5, 77, 223, 41, 79, 344, 374], [240, 110, 0, 209, 68, 138, 215, 385, 105, 298, 362, 108, 319, 174, 34, 137, 349, 379, 191, 158, 222, 391, 57, 76, 427, 133, 363, 128, 244, 42, 194, 381, 355, 21, 396, 351, 126, 136, 131, 106, 10, 242, 226, 26], [204, 402, 2, 345, 331, 253, 303, 217, 17, 288, 431, 154, 235, 64, 227, 48, 296, 59, 408, 313, 103, 399, 51, 342, 192, 388, 116, 197, 261, 44, 176, 182, 375, 326, 183, 8, 437, 140, 142, 67, 439, 284, 153, 421, 271, 299, 279, 264, 238, 365, 341, 144, 225, 241, 214, 195, 11, 333, 45, 170, 294, 220, 420, 377, 337, 317, 378, 132, 101, 243, 74, 232, 73, 81, 352, 330, 280, 306, 432, 270, 13, 383, 206, 424, 98, 301, 157, 71, 99, 189, 275, 356, 159, 410, 75, 305, 329, 340, 343, 92, 358, 400, 62, 229, 372, 257, 146, 265, 201, 180, 49, 392, 218, 65, 6, 149, 295, 409, 436, 357, 148, 334, 173, 25, 86, 289, 185, 263, 47, 247, 281], [311, 211, 318, 414, 202, 327, 291, 80, 282, 233, 212, 175, 7, 72, 121, 267, 181, 85, 91, 87, 287, 164, 14, 304, 178, 246, 384, 236, 339, 239, 111, 370, 100, 274, 12, 276, 285, 259, 423, 210, 315, 418, 231, 188, 4, 335, 84, 376, 1, 16, 415, 430, 160, 435, 82, 283, 320, 31, 224, 115, 143, 63, 429, 387, 221, 20, 93, 15, 417, 406, 338, 95, 393, 186], [321, 258, 273, 412, 323, 167, 307, 278, 268, 290, 117, 96, 371, 428, 122, 23, 172, 359, 109, 394, 254, 426, 208, 324, 322, 114, 113, 163, 316, 216, 390, 193, 129, 123, 346, 40, 168, 364, 38, 203, 325, 169, 438, 309, 66, 262, 368, 336, 354, 350, 155, 97, 416, 141, 152, 230, 248, 161, 251, 353, 118, 130], [200, 237, 35, 260, 58, 348, 33, 43, 386, 401, 119, 90, 269, 255, 213, 70, 196, 433, 277, 286, 55, 165, 89, 441, 88, 266]], "centers": [[-0.0200447087828888, -0.044641636506989, -0.0460850008694016, -0.0986281192858133, -0.0758704141630723, -0.0598726397808612, -0.0176293810234174, -0.0394933828740919, -0.0514005352605825, -0.0466408735636482], [-0.02549351645941815, -0.044641636506989, -0.0665634302731387, -0.0573136709609782, -0.0744944613048712, -0.0774089536410751, 0.03575436713584515, -0.05794394331204644, -0.07264721658717695, -0.0590671943081523], [0.0199132141783263, -0.044641636506989, -0.0342290680567117, 0.055153438482502, 0.0672286830898452, 0.0741549018650587, -0.00658446761115617, 0.0328328140426899, 0.0247253233428045, 0.0693381200517237], [0.0126481372762872, -0.044641636506989, -0.02830110165036675, 0.013265178260615199, -0.0008809833911107498, 0.017083594703916398, -0.0516845307112228, 0.056634037007651045, 0.00794766024994505, -0.007290857872718435], [0.00901559882526763, 0.0506801187398187, 0.032056374486963725, -0.0022277398611979977, 0.04383748450042595, 0.03031411721452415, -0.04340084565202685, 0.052759419315680844, 0.0714160714917741, 0.046556532020132796], [0.005383060374248075, -0.044641636506989, -0.04877953105410385, -0.015999222636143024, 0.017694380194604474, -0.0149358355140633, 0.10018302870736885, -0.05794394331204644, -0.00760219869009255, -0.015575071702387887]]}