{"clusters": [[303, 288, 431, 80, 64, 227, 48, 233, 175, 296, 267, 192, 388, 181, 85, 91, 246, 279, 264, 127, 11, 107, 236, 339, 385, 170, 294, 298, 220, 139, 243, 380, 100, 398, 259, 280, 306, 210, 190, 270, 383, 411, 137, 188, 78, 98, 99, 389, 356, 191, 159, 124, 430, 404, 343, 92, 400, 314, 320, 179, 62, 372, 257, 104, 19, 245, 63, 83, 18, 133, 429, 218, 6, 440, 221, 120, 295, 198, 52, 166, 46, 406, 244, 357, 148, 42, 334, 30, 173, 25, 86, 381, 355, 185, 263, 21, 396, 351], [204, 217, 268, 290, 428, 23, 138, 254, 332, 208, 215, 362, 108, 163, 390, 71, 367, 262, 350, 416, 76, 130], [291, 29, 250, 212, 200, 237, 28, 35, 261, 234, 87, 164, 14, 361, 178, 260, 58, 50, 348, 214, 33, 239, 319, 111, 43, 386, 174, 434, 274, 12, 401, 119, 352, 36, 90, 315, 292, 231, 269, 4, 151, 255, 213, 189, 70, 16, 37, 53, 156, 82, 196, 433, 143, 277, 286, 55, 89, 441, 54, 20, 266, 413, 436, 395, 194, 9, 3, 281], [402, 321, 2, 345, 331, 273, 323, 282, 154, 235, 278, 103, 51, 240, 44, 8, 140, 67, 439, 284, 0, 421, 271, 299, 209, 68, 347, 238, 341, 144, 225, 324, 45, 322, 105, 377, 378, 216, 73, 81, 285, 330, 193, 423, 13, 206, 349, 39, 125, 438, 66, 410, 305, 336, 222, 146, 115, 427, 49, 61, 149, 363, 251, 15, 186], [110, 370, 69, 34, 272, 335, 297, 84, 308, 379, 1, 160, 435, 158, 283, 171, 419, 358, 31, 391, 57, 224, 165, 387, 93, 162, 228, 128, 24, 338, 187, 60, 95, 134, 373, 312, 393, 94, 425, 47, 247, 112, 22, 219, 126, 102, 5, 136, 77, 131, 106, 10, 223, 41, 242, 226, 79, 344, 374, 26], [414, 202, 258, 17, 307, 7, 72, 59, 408, 313, 399, 117, 342, 96, 122, 116, 197, 176, 182, 375, 326, 183, 287, 172, 437, 142, 304, 153, 359, 109, 384, 241, 426, 195, 333, 113, 337, 316, 132, 101, 74, 232, 276, 418, 123, 346, 40, 168, 424, 364, 38, 203, 301, 157, 376, 275, 309, 75, 329, 368, 340, 354, 155, 229, 141, 152, 265, 201, 230, 180, 392, 248, 161, 65, 409, 88, 118, 289, 422], [311, 211, 318, 253, 327, 412, 167, 121, 371, 397, 405, 382, 177, 199, 32, 394, 365, 407, 114, 150, 420, 317, 300, 184, 360, 302, 432, 207, 129, 252, 325, 169, 310, 135, 415, 369, 249, 403, 27, 97, 205, 328, 145, 56, 366, 256, 417, 353, 147, 293]], "centers": [[-0.00551455497881059, 0.0506801187398187, -0.0374625042783544, -0.02977070541108805, -0.035967781275239565, -0.02996696167996085, -0.008425286513199749, -0.021042822436137358, -0.00904730007152045, -0.04249876664881345], [0.02354575262934585, 0.0506801187398187, 0.0994196291045203, 0.08384402748220855, -0.035279804846139046, -0.029340664756381748, -0.0341967511418092, -0.00259226199818282, 0.020178768013417385, 0.07348022696655836], [0.0126481372762872, -0.044641636506989, -0.0013557998033442015, 0.006379436873142651, -0.011200629827619265, -0.03685622783933055, 0.05784419396036755, -0.05794394331204644, -0.008702225626888448, -0.00729085787271845], [0.0271782910803654, 0.0506801187398187, -0.0353068801305926, 0.0322009670761646, -0.0112006298276192, 0.00150445872988718, -0.0102661054152432, -0.00259226199818282, -0.0149564750249113, -0.0507829804784829], [-0.0654514394206332, -0.044641636506989, -0.043929376721639796, -0.029770705411088103, -0.03734373413344069, -0.029027516294592253, 0.011823721409279201, -0.03949338287409191, -0.054670582572976446, -0.08184878233974316], [0.0162806757273067, 0.0506801187398187, -0.0450071887955207, 0.063186803319791, 0.0108146159035988, -0.00037443204085002, 0.0633666506664982, -0.0394933828740919, -0.0307512098645563, 0.036201264733046], [0.01446440650179695, -0.044641636506989, 0.0272062201544997, 0.02761047276046845, 0.00806271018719655, 0.00698455681120395, -0.0047436487091126345, 0.0031274117375830806, 0.022254479305865, 0.03413021127562865]]}