{"clusters": [[311, 414, 202, 303, 291, 80, 282, 7, 72, 267, 261, 182, 91, 287, 304, 384, 236, 317, 276, 423, 418, 188, 410, 155, 248, 161, 15], [321, 273, 217, 323, 167, 250, 268, 59, 290, 313, 399, 117, 96, 371, 428, 240, 116, 382, 177, 44, 23, 375, 234, 172, 421, 32, 138, 394, 254, 225, 426, 332, 215, 322, 114, 139, 113, 316, 216, 390, 129, 38, 71, 169, 125, 309, 249, 262, 368, 403, 350, 152, 65, 251, 353, 147, 130], [402, 2, 345, 331, 258, 17, 288, 431, 154, 29, 235, 64, 227, 278, 48, 408, 103, 51, 342, 192, 388, 197, 176, 326, 183, 437, 140, 142, 67, 439, 284, 110, 153, 271, 299, 209, 279, 68, 347, 264, 127, 238, 144, 195, 11, 333, 45, 107, 385, 170, 294, 105, 298, 220, 108, 377, 337, 163, 174, 378, 132, 101, 243, 380, 232, 73, 81, 285, 330, 280, 306, 270, 13, 383, 137, 78, 206, 424, 98, 349, 203, 39, 301, 157, 356, 191, 135, 159, 16, 415, 66, 75, 305, 53, 329, 404, 340, 343, 92, 222, 400, 62, 229, 372, 257, 416, 245, 76, 427, 265, 201, 180, 49, 61, 133, 6, 149, 363, 295, 409, 166, 406, 148, 42, 334, 173, 25, 187, 86, 381, 355, 263, 47], [327, 405, 85, 8, 361, 0, 50, 341, 214, 33, 407, 150, 362, 319, 360, 272, 411, 297, 84, 389, 275, 310, 124, 369, 27, 104, 328, 83, 145, 56, 387, 256, 417, 198, 46, 244, 30, 94, 21, 396, 5], [412, 122, 324, 193, 432, 123, 346, 40, 252, 168, 376, 325, 438, 367, 336, 354, 320, 97, 141, 115, 230, 366, 289, 186, 344], [359, 109, 365, 241, 208, 420, 184, 274, 401, 69, 34, 74, 36, 259, 190, 292, 231, 4, 364, 308, 379, 189, 435, 156, 283, 171, 419, 358, 179, 31, 391, 57, 224, 277, 18, 392, 218, 165, 221, 120, 20, 88, 413, 118, 338, 194, 60, 95, 185, 373, 312, 393, 425, 351, 112, 22, 3, 219, 126, 281, 102, 136, 77, 131, 106, 10, 223, 41, 242, 226, 79, 374, 26], [204, 211, 318, 253, 307, 233, 212, 175, 296, 121, 200, 237, 397, 28, 35, 181, 87, 164, 14, 178, 260, 246, 199, 58, 348, 339, 239, 111, 43, 386, 370, 300, 100, 434, 12, 119, 352, 302, 398, 90, 207, 210, 315, 269, 335, 151, 255, 213, 1, 99, 70, 37, 430, 160, 158, 82, 314, 196, 19, 433, 146, 205, 143, 63, 286, 429, 55, 440, 89, 441, 54, 93, 266, 162, 52, 228, 128, 436, 357, 395, 24, 293, 9, 134, 422, 247]], "centers": [[0.9532395859716333, -0.9385366608874605, -0.13047271399490495, -0.33636439352687836, 2.6283677160842824, 2.6321393430982867, 0.40338351194627126, 0.7213024514663485, 0.6818695237624066, -0.10974010340446896], [0.6477605959412103, 1.0654884797514645, 1.1837899563286278, 1.6179553105690185, 1.0373413421298747, -0.25804761973197643, -0.75764652243783, 1.4971040904689663, 2.523977817307912, 1.8931645486778117], [0.2659118584031802, 1.0654884797514645, -0.47036823218202656, -0.6258932385781236, 0.22736427902581519, 0.597816401151703, -0.4480385132687378, 0.7213024514663485, -0.12782989796177852, -0.022657292444369787], [-0.11593687913484962, 1.0654884797514645, -0.24377122005727758, 0.24269329657561015, -0.46690177506337727, -0.3238833136461051, -0.4480385132687378, -0.054499187536269665, 0.23143207119405554, 1.4577504938773167], [-0.11593687913484962, 1.0654884797514645, -0.33441002490717847, -1.4220975624690455, 1.0373413421298747, 1.664354642560597, -0.6028425178532839, 0.7213024514663485, -0.3809147565088958, 0.9352536281167206], [-0.8796343542109077, -0.9385366608874605, -1.376756280681014, -0.843039872366557, -0.11976874801878042, 0.30155577853812277, -0.9124505270223783, 0.7213024514663485, 0.14773132504592787, -0.2839057253246669], [0.189542110895574, -0.9385366608874605, -0.549677186425688, -0.843039872366556, 0.7769915718464269, 0.1073404814914407, 2.261031566960835, -1.2182016460401957, -0.23972510261342467, -0.41452994176481633]]}