{"clusters": [[296, 28, 164, 14, 178, 214, 111, 370, 12, 34, 352, 272, 335, 297, 84, 308, 1, 189, 160, 158, 156, 82, 283, 171, 358, 391, 19, 245, 143, 83, 429, 387, 93, 228, 128, 166, 46, 406, 187, 94, 47, 247, 21, 396, 351, 3, 5], [204, 402, 345, 17, 154, 227, 307, 7, 59, 117, 342, 405, 240, 116, 197, 176, 182, 183, 87, 8, 437, 304, 153, 359, 109, 241, 426, 208, 337, 132, 101, 74, 193, 129, 270, 40, 364, 301, 157, 275, 438, 309, 340, 343, 92, 400, 416, 146], [123, 346, 168, 376, 325, 336, 141, 230, 248, 366, 256], [321, 414, 202, 273, 303, 217, 323, 167, 250, 268, 72, 408, 313, 96, 371, 122, 382, 375, 287, 172, 199, 421, 384, 394, 365, 254, 332, 324, 236, 322, 114, 113, 317, 316, 216, 276, 390, 423, 432, 137, 38, 71, 169, 159, 410, 249, 368, 403, 354, 155, 115, 152, 161, 65, 251, 409, 15, 353, 130, 422, 186], [35, 261, 110, 361, 260, 58, 348, 33, 43, 386, 434, 401, 90, 210, 315, 292, 269, 151, 255, 213, 379, 70, 419, 196, 31, 433, 57, 224, 277, 286, 55, 165, 89, 441, 266, 413, 436, 60, 312, 393, 425, 112, 22, 219, 126, 281, 102, 136, 77, 131, 106, 10, 223, 41, 242, 226, 79, 344, 374, 26], [2, 331, 258, 288, 431, 29, 235, 64, 278, 48, 103, 399, 51, 192, 388, 44, 326, 140, 142, 67, 439, 284, 0, 271, 299, 209, 279, 68, 347, 264, 127, 238, 341, 144, 225, 195, 11, 333, 45, 385, 170, 294, 105, 298, 220, 377, 174, 378, 243, 232, 73, 81, 330, 280, 306, 13, 383, 411, 78, 206, 424, 98, 349, 203, 39, 389, 356, 191, 66, 75, 305, 329, 222, 62, 229, 372, 257, 427, 265, 201, 180, 49, 61, 392, 133, 6, 149, 363, 295, 88, 118, 244, 357, 148, 42, 334, 173, 25, 86, 381, 289, 355, 185, 263], [290, 428, 23, 32, 138, 215, 362, 108, 163, 367, 262, 350, 76], [311, 211, 318, 253, 327, 412, 291, 80, 282, 233, 212, 175, 121, 267, 200, 237, 397, 177, 181, 85, 91, 234, 246, 50, 407, 107, 339, 150, 139, 239, 420, 319, 300, 380, 184, 360, 100, 274, 69, 119, 302, 36, 398, 285, 259, 207, 190, 418, 231, 252, 188, 4, 99, 125, 310, 135, 16, 124, 415, 369, 37, 53, 430, 435, 404, 27, 314, 320, 179, 97, 104, 205, 63, 328, 18, 145, 56, 218, 440, 221, 54, 120, 20, 417, 198, 162, 52, 147, 30, 395, 24, 338, 194, 293, 9, 95, 134, 373]], "centers": [[-0.42141586916527296, -0.9385366608874605, -0.9688816588564697, -2.073537463834344, -1.5950841129583144, -1.2587501672267398, -0.37063651097646366, -0.8303008265388868, -1.0806343697489502, -0.9805682130054607], [0.8005000909564217, 1.0654884797514645, -0.03983390914500642, 0.36333031522632386, 0.08272551775723397, 0.5780656929774652, -0.8350485247301042, 0.8880998038519112, -0.1169944143001749, 1.762540332237662], [-0.42141586916527296, -0.9385366608874605, 1.7956018890654444, -0.7706576611037452, 1.9341016619950815, 1.881612432477222, -1.2994605384837448, 3.04870736847421, 1.7018324236563525, 1.1094192500369187], [0.49502110092599655, -0.9385366608874605, 2.3167750169523624, 1.3284264655177753, 0.2852197835332488, -0.6925631995652284, -0.5254405155610098, 0.43425584503537923, 2.086406264956466, 0.4998395733162259], [-0.8414494804571054, -0.9385366608874605, -1.0935100155250805, -1.2049509286806122, -0.42351014668280207, -1.1468294875727192, 2.3771345703992495, -1.2182016460401957, -0.9007140405296681, 0.020884113035679802], [0.2277269846493771, 1.0654884797514645, 0.08479444752360435, 0.1341199796813924, 0.08272551775723366, 0.6866945879357778, -0.9124505270223784, 1.1092032709676574, -0.312464126926416, 0.15150832947582804], [0.41865135341839177, 1.0654884797514645, 2.2034765108899994, 1.4731908880433968, -0.7561792976005409, -0.5608918117369689, -0.5254405155610098, -0.054499187536269665, 0.07803482757967586, 0.8481708171566219], [0.151357237141771, -0.9385366608874605, 0.3000616090421139, -0.3604917974017874, 0.34307528804068094, 0.6471931715873012, -0.4093375121226003, 0.5079570007406284, 0.054835835724715606, -0.19682291436456792]]}