{"clusters": [[204, 412, 217, 29, 268, 290, 428, 32, 138, 332, 208, 215, 114, 362, 113, 163, 74, 71, 367, 350, 416, 366, 251, 130], [296, 267, 28, 35, 261, 181, 14, 178, 214, 370, 12, 34, 352, 315, 292, 335, 151, 297, 84, 308, 1, 189, 389, 160, 82, 283, 358, 31, 391, 19, 245, 433, 57, 429, 165, 387, 441, 93, 52, 228, 128, 166, 46, 436, 406, 187, 60, 94, 247, 126, 102, 5, 136, 10], [237, 260, 58, 33, 43, 386, 434, 401, 90, 269, 255, 213, 379, 70, 37, 419, 224, 277, 286, 425], [382, 421, 347, 264, 144, 241, 107, 298, 420, 316, 174, 378, 184, 69, 232, 81, 285, 13, 252, 78, 206, 424, 349, 39, 99, 125, 275, 191, 135, 66, 410, 75, 305, 369, 430, 329, 435, 158, 171, 27, 179, 146, 205, 427, 265, 63, 18, 49, 61, 392, 133, 56, 218, 440, 221, 149, 363, 120, 88, 417, 162, 357, 42, 334, 395, 173, 24, 338, 25, 381, 9, 95, 289, 355, 185, 263, 373, 312, 393, 47, 186, 21, 351, 112, 22, 3, 219, 281, 77, 131, 106, 223, 41, 242, 226, 79, 344, 374, 26], [402, 2, 235, 313, 399, 51, 342, 96, 388, 116, 197, 44, 437, 140, 284, 0, 271, 209, 238, 225, 195, 11, 333, 108, 377, 337, 330, 423, 203, 340, 76, 180, 65], [321, 258, 273, 323, 307, 278, 122, 23, 183, 172, 359, 109, 254, 426, 322, 216, 390, 193, 123, 40, 168, 364, 169, 438, 309, 368, 336, 354, 155, 141, 152, 256, 118], [345, 331, 291, 17, 288, 431, 154, 64, 227, 48, 233, 212, 175, 59, 408, 103, 192, 397, 405, 240, 176, 375, 326, 85, 87, 164, 8, 142, 67, 439, 110, 153, 361, 246, 299, 279, 68, 127, 384, 50, 341, 348, 45, 385, 170, 294, 105, 220, 150, 111, 132, 101, 243, 380, 119, 73, 398, 272, 259, 280, 306, 210, 231, 270, 383, 411, 137, 188, 4, 98, 301, 157, 356, 159, 124, 404, 156, 343, 92, 222, 400, 314, 196, 62, 229, 372, 257, 104, 143, 201, 83, 55, 6, 89, 54, 20, 295, 266, 198, 413, 244, 148, 30, 194, 86, 293, 134, 422, 396], [311, 211, 318, 414, 202, 253, 327, 303, 167, 80, 282, 250, 7, 72, 121, 117, 200, 371, 177, 182, 91, 234, 287, 304, 199, 394, 365, 324, 407, 236, 339, 139, 239, 319, 317, 300, 360, 100, 274, 302, 276, 36, 432, 207, 129, 190, 418, 346, 38, 376, 325, 310, 16, 415, 53, 249, 262, 403, 320, 97, 115, 230, 328, 145, 248, 161, 409, 15, 353, 147]], "centers": [[0.0253620218548556, 0.0030192411164148523, 0.1021141592892223, 0.0804011567884723, -0.0105126533985187, -0.0324721493742771, -0.0341967511418092, 0.009031591077728541, 0.0679430117636944, 0.06519601313688896], [-0.0218609780083986, -0.044641636506989, -0.0751859268641859, -0.0538708002672419, -0.0373437341334407, -0.043902068229595, 0.0504809183521934, -0.06403262825657144, -0.0597549146342882, -0.044569820106230854], [0.005383060374248075, -0.044641636506989, -0.04877953105410385, -0.015999222636143024, 0.017694380194604474, -0.0149358355140633, 0.10018302870736885, -0.05794394331204644, -0.00760219869009255, -0.015575071702387887], [-0.0418399394890061, 0.0506801187398187, -0.0299178197611881, -0.00222773986119799, 0.0218222387692079, 0.0365770864503148, 0.0118237214092792, -0.00259226199818282, -0.0411803851880079, 0.065196013136889], [0.0380759064334241, 0.0506801187398187, 0.00888341489852436, 0.0425295791573734, -0.0428475455662452, -0.0210422305189592, -0.0397192078479398, -0.00259226199818282, -0.0181182673078967, 0.00720651632920303], [0.00901559882526763, 0.0506801187398187, 0.0692408910358548, 0.0597439326260547, 0.0176943801946045, -0.0232342697514859, -0.0470824834561139, 0.0343088588777263, 0.103292264911524, 0.0734802269665584], [0.0162806757273067, -0.044641636506989, -0.0471628129432825, -0.00222773986119799, -0.019456346976826, -0.0429626228442264, 0.0339135482338016, -0.0394933828740919, 0.027367707542609, 0.0279170509033766], [0.0180969449528165, -0.044641636506989, 0.0196615356373334, 0.0069532487185513005, 0.0314539087766158, 0.03031411721452415, -0.010266105415243235, 0.015858298439771722, 0.0338105056176666, 0.05691179930721955]]}