{"clusters": [[227, 192, 110, 279, 347, 127, 241, 45, 385, 170, 294, 105, 298, 220, 174, 101, 243, 74, 280, 306, 383, 98, 39, 301, 389, 356, 191, 75, 329, 222, 62, 229, 372, 257, 427, 265, 201, 133, 6, 295, 88, 244, 334, 173, 25, 86, 381, 355, 263, 21, 396, 351, 281, 242, 226, 26], [345, 258, 17, 288, 431, 154, 235, 307, 278, 48, 268, 7, 59, 290, 313, 103, 399, 342, 388, 122, 240, 116, 197, 44, 176, 182, 326, 183, 8, 437, 140, 142, 67, 439, 304, 153, 0, 421, 271, 359, 68, 264, 238, 384, 341, 144, 426, 324, 195, 11, 333, 108, 377, 163, 378, 132, 232, 73, 81, 285, 330, 193, 423, 123, 13, 40, 206, 424, 364, 203, 157, 275, 438, 309, 66, 410, 336, 155, 146, 152, 180, 49, 61, 392, 65, 149, 363, 409, 15, 118, 357, 148, 42, 289, 185, 422, 186], [204, 402, 211, 327, 167, 29, 233, 371, 397, 405, 382, 177, 109, 32, 394, 114, 150, 300, 184, 432, 129, 252, 325, 169, 135, 415, 369, 37, 403, 27, 97, 328, 145, 56, 256, 417, 147, 425], [321, 273, 323, 117, 96, 428, 23, 375, 172, 138, 254, 332, 215, 322, 113, 316, 216, 276, 390, 168, 38, 367, 262, 368, 350, 141, 115, 366, 251], [311, 318, 414, 202, 253, 282, 72, 267, 237, 35, 181, 85, 91, 87, 287, 164, 260, 246, 199, 58, 339, 239, 43, 100, 418, 269, 346, 376, 354, 320, 433, 230, 248, 161, 441, 353], [28, 14, 348, 107, 236, 111, 370, 12, 401, 34, 398, 272, 90, 210, 315, 4, 335, 78, 151, 297, 84, 308, 255, 213, 1, 99, 189, 70, 430, 160, 435, 158, 156, 82, 283, 171, 419, 358, 196, 31, 391, 19, 224, 143, 63, 83, 18, 429, 55, 218, 165, 387, 221, 89, 54, 120, 20, 93, 198, 162, 413, 52, 228, 128, 166, 46, 436, 406, 30, 395, 24, 338, 187, 194, 95, 134, 373, 312, 393, 94, 47, 247, 112, 22, 3, 219, 126, 102, 5, 136, 77, 131, 106, 223, 41, 79, 344, 374], [2, 331, 64, 51, 284, 299, 209, 225, 337, 270, 349, 125, 305, 245, 76], [412, 303, 217, 291, 80, 250, 212, 175, 296, 121, 408, 200, 234, 178, 50, 365, 208, 407, 139, 420, 362, 319, 317, 386, 380, 360, 434, 274, 119, 302, 36, 259, 207, 190, 231, 411, 137, 188, 71, 310, 159, 16, 124, 53, 249, 404, 340, 343, 92, 400, 314, 179, 416, 104, 205, 440, 130, 293, 9], [261, 361, 214, 33, 69, 352, 292, 379, 57, 277, 286, 266, 60, 10]], "centers": [[-0.01096336265533992, 0.0506801187398187, -0.043390470684699346, -0.014277787289274896, -0.019456346976826, -0.015092409744958046, -0.0010620109050256, -0.021042822436137358, -0.005421394494119051, 0.036201264733045996], [0.0271782910803654, 0.0506801187398187, 0.0250505960067379, 0.0149866136074833, 0.0259500973438113, 0.048476727998317, -0.0397192078479398, 0.0343088588777263, 0.00783714230182385, 0.0237749439885419], [0.012648137276287164, -0.044641636506989, 0.03960105900413005, -0.014277787289274925, 0.01631842733640335, 0.00933317027462545, -0.0176293810234174, 0.01032313030838534, 0.0464577794558213, 0.06933812005172366], [0.0199132141783263, 0.0506801187398187, 0.0142724752679289, 0.063186803319791, 0.0149424744782022, 0.0202933664372591, -0.0470824834561139, 0.0343088588777263, 0.0466607723568145, 0.0900486546258972], [0.0417084448844436, -0.044641636506989, -0.0385403163522353, -0.01370397544386625, 0.0617248716570406, 0.0176316045120481, 0.04679928054810635, -0.01218655342591917, 0.06748243080696625, -0.025930338989474635], [-0.0418399394890061, -0.044641636506989, -0.05740202764515105, -0.038377882145428754, -0.006384794823915285, -0.0041322135823244, 0.021027815919496852, -0.002592261998182799, -0.029730642836841726, -0.003148750957883735], [0.030810829531385, 0.0506801187398187, 0.0325952805239042, 0.0494153205448459, -0.040095639849843, -0.0435889197678055, -0.0691723102806364, 0.0343088588777263, 0.0630166151147464, 0.00306440941436832], [0.0126481372762872, -0.044641636506989, 0.0336730925977851, 0.0333485905259811, 0.0300779559184146, 0.0271826325966288, -0.0029028298070691, 0.00884708547334898, 0.0311929907028023, 0.0279170509033766], [0.003566791148738295, -0.044641636506989, -0.030456725798128553, -0.005096798778383002, -0.07931029630857495, -0.09212693134518304, 0.0504809183521934, -0.07362691968430779, -0.0548962163802339, -0.007290857872718451]]}