{"clusters": [[227, 192, 110, 279, 347, 127, 241, 45, 385, 170, 294, 105, 298, 220, 174, 101, 243, 74, 280, 306, 383, 98, 39, 301, 389, 356, 191, 75, 329, 222, 62, 229, 372, 257, 427, 265, 201, 133, 6, 295, 88, 244, 334, 173, 25, 86, 381, 355, 263, 21, 396, 351, 281, 242, 226, 26], [345, 258, 17, 288, 431, 154, 235, 307, 278, 48, 268, 7, 59, 290, 313, 103, 399, 342, 388, 122, 240, 116, 197, 44, 176, 182, 326, 183, 8, 437, 140, 142, 67, 439, 304, 153, 0, 421, 271, 359, 68, 264, 238, 384, 341, 144, 426, 324, 195, 11, 333, 108, 377, 163, 378, 132, 232, 73, 81, 285, 330, 193, 423, 123, 13, 40, 206, 424, 364, 203, 157, 275, 438, 309, 66, 410, 336, 155, 146, 152, 180, 49, 61, 392, 65, 149, 363, 409, 15, 118, 357, 148, 42, 289, 185, 422, 186], [204, 402, 211, 327, 167, 29, 233, 371, 397, 405, 382, 177, 109, 32, 394, 114, 150, 300, 184, 432, 129, 252, 325, 169, 135, 415, 369, 37, 403, 27, 97, 328, 145, 56, 256, 417, 147, 425], [321, 273, 323, 117, 96, 428, 23, 375, 172, 138, 254, 332, 215, 322, 113, 316, 216, 276, 390, 168, 38, 367, 262, 368, 350, 141, 115, 366, 251], [311, 318, 414, 202, 253, 282, 72, 267, 237, 35, 181, 85, 91, 87, 287, 164, 260, 246, 199, 58, 339, 239, 43, 100, 418, 269, 346, 376, 354, 320, 433, 230, 248, 161, 441, 353], [28, 14, 348, 107, 236, 111, 370, 12, 401, 34, 398, 272, 90, 210, 315, 4, 335, 78, 151, 297, 84, 308, 255, 213, 1, 99, 189, 70, 430, 160, 435, 158, 156, 82, 283, 171, 419, 358, 196, 31, 391, 19, 224, 143, 63, 83, 18, 429, 55, 218, 165, 387, 221, 89, 54, 120, 20, 93, 198, 162, 413, 52, 228, 128, 166, 46, 436, 406, 30, 395, 24, 338, 187, 194, 95, 134, 373, 312, 393, 94, 47, 247, 112, 22, 3, 219, 126, 102, 5, 136, 77, 131, 106, 223, 41, 79, 344, 374], [2, 331, 64, 51, 284, 299, 209, 225, 337, 270, 349, 125, 305, 245, 76], [412, 303, 217, 291, 80, 250, 212, 175, 296, 121, 408, 200, 234, 178, 50, 365, 208, 407, 139, 420, 362, 319, 317, 386, 380, 360, 434, 274, 119, 302, 36, 259, 207, 190, 231, 411, 137, 188, 71, 310, 159, 16, 124, 53, 249, 404, 340, 343, 92, 400, 314, 179, 416, 104, 205, 440, 130, 293, 9], [261, 361, 214, 33, 69, 352, 292, 379, 57, 277, 286, 266, 60, 10]], "centers": [[-0.2304915003962584, 1.0654884797514645, -0.912232405825283, -0.3001732878954734, -0.4090462705559437, -0.31729974425469176, -0.022327500661233263, -0.44240000703757826, -0.11397829210555202, 0.7610880061965228], [0.5713908484336033, 1.0654884797514645, 0.5266586211668618, 0.3150755078384199, 0.5455695538166967, 1.0191648422021304, -0.8350485247301043, 0.7213024514663485, 0.1647664813027621, 0.4998395733162259], [0.26591185840317944, -0.9385366608874605, 0.8325645875352701, -0.300173287895474, 0.34307528804068127, 0.19621866827551537, -0.37063651097646366, 0.217031386114646, 0.9767188798260975, 1.4577504938773158], [0.41865135341839177, 1.0654884797514645, 0.30006160904211493, 1.3284264655177753, 0.3141475357869645, 0.42664359697496795, -0.9898525293146503, 0.7213024514663485, 0.9809865611744767, 1.8931645486778117], [0.8768698384640264, -0.9385366608874605, -0.8102637503691469, -0.28810958469133147, 1.2976911124133206, 0.37068325714795863, 0.983898529138323, -0.25620761367694994, 1.4187368616788927, -0.5451541582049645], [-0.8796343542109077, -0.9385366608874605, -1.2068085215874538, -0.8068487667351512, -0.1342326241456386, -0.08687481555523927, 0.4420845130924083, -0.054499187536269145, -0.6250509711882197, -0.06619869792441917], [0.6477605959412103, 1.0654884797514645, 0.6852765296541847, 1.0388976204665301, -0.8429625543616902, -0.9164045588732675, -1.454264543068293, 0.7213024514663485, 1.3248484634061641, 0.0644255185157294], [0.2659118584031802, -0.9385366608874605, 0.7079362308666594, 0.7011139654940072, 0.6323528105778439, 0.5714821235860519, -0.061028501807369295, 0.1859993205545414, 0.6557950744640999, 0.5869223842763249], [0.07498748963416509, -0.9385366608874605, -0.6403159912755867, -0.10715405798194799, -1.6674034935926014, -1.9368578145422708, 1.0613005314305959, -1.5479173426163078, -1.1541268566350684, -0.1532815088845185]]}