{"kmeanseuclideaniris": 0.0013001000000000002, "kmeanseuclideanwine": 0.0016861, "kmeanseuclideandiabetes": 0.0058032, "kmeanseuclideanhousevotes": 0.005588900000000001, "kmeansmanhattaniris": 0.0011432, "kmeansmanhattanwine": 0.0016920000000000001, "kmeansmanhattandiabetes": 0.0031879000000000005, "kmeansmanhattanhousevotes": 0.005559699999999999, "kmeanschebysheviris": 0.0012143999999999998, "kmeanschebyshevwine": 0.0016317999999999999, "kmeanschebyshevdiabetes": 0.0032078999999999996, "kmeanschebyshevhousevotes": 0.008236799999999999, "kmeanscosineiris": 0.05754800000000001, "kmeanscosinewine": 0.11214260000000002, "kmeanscosinediabetes": 0.13697510000000002, "kmeanscosinehousevotes": 0.34163600000000005, "kmedianseuclideaniris": 0.0018236999999999997, "kmedianseuclideanwine": 0.0037221999999999997, "kmedianseuclideandiabetes": 0.0125106, "kmedianseuclideanhousevotes": 0.2817656, "kmediansmanhattaniris": 0.0022354000000000002, "kmediansmanhattanwine": 0.0048369, "kmediansmanhattandiabetes": 0.0142238, "kmediansmanhattanhousevotes": 0.2858035, "kmedianschebysheviris": 0.0052526000000000005, "kmedianschebyshevwine": 0.0051348999999999995, "kmedianschebyshevdiabetes": 0.014343499999999999, "kmedianschebyshevhousevotes": 0.011202800000000002, "kmedianscosineiris": 0.8738263, "kmedianscosinewine": 0.0746699, "kmedianscosinediabetes": 0.13429800000000003, "kmedianscosinehousevotes": 0.2203062, "kmedoidseuclideaniris": 0.03276810000000001, "kmedoidseuclideanwine": 0.1120802, "kmedoidseuclideandiabetes": 0.5585382999999999, "kmedoidseuclideanhousevotes": 2.0933711, "kmedoidsmanhattaniris": 0.0269291, "kmedoidsmanhattanwine": 0.09192580000000002, "kmedoidsmanhattandiabetes": 0.4556667, "kmedoidsmanhattanhousevotes": 1.8152137000000004, "kmedoidschebysheviris": 0.030191899999999994, "kmedoidschebyshevwine": 0.10253129999999999, "kmedoidschebyshevdiabetes": 0.48198300000000005, "kmedoidschebyshevhousevotes": 1.9110842, "kmedoidscosineiris": 0.2693272, "kmedoidscosinewine": 0.46205679999999993, "kmedoidscosinediabetes": 2.4955977000000003, "kmedoidscosinehousevotes": 6.2426550999999995, "DBSCANeuclideaniris": 0.0006828000000000001, "DBSCANeuclideanwine": 0.0011228, "DBSCANeuclideandiabetes": 0.0035772, "DBSCANeuclideanhousevotes": 0.0118791, "DBSCANmanhattaniris": 0.0007359999999999999, "DBSCANmanhattanwine": 0.0011676999999999998, "DBSCANmanhattandiabetes": 0.0043333, "DBSCANmanhattanhousevotes": 0.0121028, "DBSCANchebysheviris": 0.0006402000000000001, "DBSCANchebyshevwine": 0.0008484, "DBSCANchebyshevdiabetes": 0.003563, "DBSCANchebyshevhousevotes": 0.006455799999999999, "DBSCANcosineiris": 0.0008046999999999999, "DBSCANcosinewine": 0.0008948000000000001, "DBSCANcosinediabetes": 0.0023480000000000003, "DBSCANcosinehousevotes": 0.004406}