"('kmeans', 'euclidean', 'k=3', 'iris')"
0.4699457855839536
0.6559484560312734
0.5793801642856945
0.769170607207303
