"('kmeans', 'euclidean', 'k=3', 'iris')","('kmeans', 'euclidean', 'k=3', 'wine')","('kmeans', 'euclidean', 'k=3', 'diabetes')"
0.5923326221845838,0.9148795960669528,0.0027948805397889423
0.6381753284020907,0.8914476096236206,0.03451439275570954
0.6412509939057986,0.8954455657307514,0.12642126346186539
0.6440718321615102,0.8897429811300377,0.6142614260802184
