"('kmeans', 'euclidean', 'k=3', 'iris')","('kmeans', 'euclidean', 'k=1', 'wine')"
0.4699457855839536,0.0
0.6559484560312734,-1.2026014029091173e-15
0.5793801642856945,5.111343116471094e-17
0.769170607207303,1.0
