"('kmeans', 'euclidean', 'k=3', 'iris')","('kmeans', 'euclidean', 'k=3', 'iris')"
0.6451470034820009,0.645147003482001
0.6570421657303309,0.6570421657303309
0.6604512238620348,0.6604512238620348
0.6621249932344023,0.6621249932344023
