"('kmeans', 'euclidean', 'k=3', 'iris')","('kmeans', 'euclidean', 'k=9', 'iris')"
0.6410058621782706,0.3500929679399543
0.6687492691384299,0.5368182358690371
0.6728030057213789,0.776633282722713
0.672884675970179,0.4309069986556283
