{"clusters": [[83, 118, 131, 132, 133, 135, 136, 137, 138, 139, 140, 141, 142, 143, 144, 145, 146, 147, 154, 155, 157, 160, 161, 162, 163, 165, 167, 170, 171, 173], [0, 1, 3, 5, 6, 8, 9, 10, 11, 12, 13, 14, 18, 19, 20, 22, 26, 27, 29, 31, 32, 35, 38, 39, 40, 41, 42, 44, 45, 46, 47, 48, 49, 50, 51, 52, 54, 55, 56, 58], [82, 86, 87, 88, 89, 90, 91, 92, 105, 107, 113, 114, 115, 117, 127, 128], [69, 73, 78, 95, 96], [63, 65, 66, 71, 74, 81, 84, 94, 98, 99, 109], [43, 79, 93, 102, 110, 111, 119, 120, 122, 123, 124, 125, 126, 129], [59, 62, 67, 72, 75, 76, 80, 85, 97, 100, 101, 103, 104, 106, 108, 116], [148, 149, 150, 151, 152, 153, 156, 158, 159, 164, 166, 168, 169, 172, 174, 175, 176, 177], [60, 61, 64, 68, 70, 77, 112, 130, 134], [2, 4, 7, 15, 16, 17, 21, 23, 24, 25, 28, 30, 33, 34, 36, 37, 53, 57, 121]], "centers": [[-0.05017396459055675, 1.1370265362845524, 0.0419748136100226, 0.4419362835956047, -0.3376025719040131, -1.1362331049877084, -1.3308612952706544, 0.8902215852560419, -1.1053879091127357, 0.43555907815863054, -1.0344588820546556, -1.1845951580449667, -0.41820870917314407], [1.0766964997520292, -0.32212490688170076, -0.07865143646105013, -1.0186999663975975, 0.35516905562670203, 0.9604177259451099, 1.0436036669511903, -0.7562567870679762, 0.6808618616316741, 0.3012461128679829, 0.36875828385217113, 0.8422602819790537, 1.2512090583954218], [-1.1881618136183532, -0.6396732446362761, 0.0812697284059021, 0.9811980822482262, -0.9648417481818228, -0.5539858786291202, -0.20382498555322132, 0.8915645529333046, -0.07932364036119569, -1.055185211204564, 0.6144492519317407, 0.14239486697424367, -0.8660414098885272], [-0.7888624136745422, -0.7525543851949694, -0.43321950485177896, 0.2777804878108626, 3.1356173444999778, -0.10433158789123545, -0.17395697556367895, -1.0463378053567103, 1.4386382479455113, -0.9162221041780774, 0.8535592119377503, 0.20101124381117516, 0.17867156723291228], [-0.7733654532042497, -0.7727926088411333, -0.18997318239440925, -0.13770474697468804, -0.6329241379398339, 0.9488372388461308, 0.7546209728965286, -0.8719961832538853, 0.7916413627732978, -0.5917946169567077, 0.7490607807091021, 0.5073829308493326, -0.5775009459706277], [-0.8936834692779562, 0.95864804549541, -0.3293033846606819, 0.4197723913075953, -0.538546465796851, 0.4690742018884153, 0.41379382845622076, -0.23940608384717638, 0.5303077753004527, -1.0110785218704208, -0.41500843957512895, 0.6887075701962482, -0.9268026877403226], [-0.7071805178623713, -0.8365980972013926, -1.6138946191837946, -0.37383794545662064, -0.7980850641900543, -0.3556973495286721, -0.20131506874737737, -0.44300957634646143, -0.44616625512295227, -0.8526883879305591, 0.6638068124834399, 0.3224813259310818, -0.8292207010358951], [0.6189278914637786, 0.7268942190967037, 0.5630639679574513, 0.8523257730574605, 0.31850208885424297, -0.7603973384951872, -1.06626028800569, 0.45957661674714984, -0.17580994003153488, 1.9387397833699767, -1.482942395215775, -1.4171774083055633, -0.36605377838752967], [-0.7227071122144015, -0.6390498674518343, -0.0725592016089761, -0.42555369412864313, 0.33020431229226177, -0.7274605233359657, -0.7265848802814843, 0.9967636876522129, -1.204672676491042, -0.5446925521453088, 0.33585324348437173, -1.0114924441195707, -0.43522805904280504], [0.47838941254839856, -0.3208256575920223, 1.3575127689305901, 0.02680545215023612, 0.7498419387363058, 0.7356274763683979, 0.9037748806887824, -0.14216714601229372, 0.26400416107411995, 0.03474885310168507, 0.6739092371577643, 0.6733618569016805, 0.9769738660213597]]}