{"clusters": [[83, 118, 131, 132, 133, 135, 136, 137, 138, 139, 140, 141, 142, 143, 144, 145, 146, 147, 154, 155, 157, 160, 161, 162, 163, 165, 167, 170, 171, 173], [0, 1, 3, 5, 6, 8, 9, 10, 11, 12, 13, 14, 18, 19, 20, 22, 26, 27, 29, 31, 32, 35, 38, 39, 40, 41, 42, 44, 45, 46, 47, 48, 49, 50, 51, 52, 54, 55, 56, 58], [82, 86, 87, 88, 89, 90, 91, 92, 105, 107, 113, 114, 115, 117, 127, 128], [69, 73, 78, 95, 96], [63, 65, 66, 71, 74, 81, 84, 94, 98, 99, 109], [43, 79, 93, 102, 110, 111, 119, 120, 122, 123, 124, 125, 126, 129], [59, 62, 67, 72, 75, 76, 80, 85, 97, 100, 101, 103, 104, 106, 108, 116], [148, 149, 150, 151, 152, 153, 156, 158, 159, 164, 166, 168, 169, 172, 174, 175, 176, 177], [60, 61, 64, 68, 70, 77, 112, 130, 134], [2, 4, 7, 15, 16, 17, 21, 23, 24, 25, 28, 30, 33, 34, 36, 37, 53, 57, 121]], "centers": [[-0.05017396459054891, 1.1370265362845524, 0.04197481361001856, 0.441936283595605, -0.3376025719040131, -1.1362331049877086, -1.3308612952706538, 0.8902215852560416, -1.1053879091127377, 0.43555907815863015, -1.0344588820546547, -1.184595158044965, -0.4182087091731442], [1.0766964997520367, -0.3221249068817004, -0.07865143646105424, -1.018699966397598, 0.35516905562670203, 0.9604177259451097, 1.0436036669511914, -0.7562567870679766, 0.6808618616316731, 0.3012461128679825, 0.3687582838521727, 0.8422602819790559, 1.2512090583954218], [-1.188161813618345, -0.6396732446362755, 0.08126972840589808, 0.9811980822482266, -0.9648417481818228, -0.5539858786291203, -0.20382498555322032, 0.8915645529333043, -0.0793236403611973, -1.0551852112045645, 0.6144492519317425, 0.14239486697424575, -0.8660414098885273], [-0.788862413674534, -0.7525543851949691, -0.433219504851783, 0.2777804878108627, 3.1356173444999778, -0.10433158789123567, -0.173956975563678, -1.0463378053567107, 1.4386382479455107, -0.9162221041780778, 0.8535592119377517, 0.20101124381117735, 0.17867156723291217], [-0.7733654532042418, -0.772792608841133, -0.18997318239441335, -0.13770474697468815, -0.6329241379398339, 0.9488372388461307, 0.7546209728965294, -0.871996183253886, 0.7916413627732966, -0.5917946169567081, 0.7490607807091039, 0.5073829308493348, -0.5775009459706278], [-0.8936834692779482, 0.95864804549541, -0.329303384660686, 0.41977239130759536, -0.538546465796851, 0.4690742018884152, 0.41379382845622176, -0.23940608384717674, 0.5303077753004514, -1.011078521870421, -0.4150084395751278, 0.6887075701962504, -0.9268026877403227], [-0.7071805178623634, -0.8365980972013921, -1.6138946191837988, -0.37383794545662075, -0.7980850641900543, -0.3556973495286724, -0.20131506874737637, -0.44300957634646165, -0.4461662551229541, -0.8526883879305595, 0.6638068124834415, 0.3224813259310839, -0.8292207010358951], [0.6189278914637862, 0.7268942190967038, 0.5630639679574475, 0.852325773057461, 0.31850208885424297, -0.7603973384951873, -1.0662602880056893, 0.45957661674714934, -0.17580994003153655, 1.9387397833699762, -1.482942395215774, -1.417177408305561, -0.3660537783875297], [-0.7227071122143935, -0.6390498674518339, -0.07255920160898016, -0.4255536941286434, 0.33020431229226177, -0.7274605233359659, -0.7265848802814833, 0.9967636876522123, -1.204672676491044, -0.5446925521453091, 0.33585324348437307, -1.0114924441195687, -0.43522805904280504], [0.47838941254840633, -0.3208256575920221, 1.3575127689305864, 0.026805452150236025, 0.7498419387363058, 0.7356274763683976, 0.9037748806887834, -0.14216714601229416, 0.26400416107411856, 0.03474885310168465, 0.673909237157766, 0.6733618569016828, 0.9769738660213597]]}