{"clusters": [[59, 60, 61, 62, 64, 68, 70, 72, 75, 77, 82, 83, 86, 87, 88, 89, 90, 91, 92, 96, 101, 102, 103, 105, 106, 107, 108, 111, 112, 113, 114, 116, 117, 118, 119, 122, 123, 125, 126, 127, 128, 129, 130, 131, 132, 133, 134, 135, 136, 137, 138, 139, 140, 141, 142, 143, 144, 145, 146, 147, 148, 149, 150, 151, 152, 153, 154, 155, 156, 157, 158, 159, 160, 161, 162, 163, 164, 165, 166, 167, 168, 169, 170, 171, 172, 173, 174, 175, 176, 177], [0, 1, 2, 3, 4, 5, 6, 7, 8, 9, 10, 11, 12, 13, 14, 15, 16, 17, 18, 19, 20, 21, 22, 23, 24, 25, 26, 27, 28, 29, 30, 31, 32, 33, 34, 35, 36, 37, 38, 39, 40, 41, 42, 43, 44, 45, 46, 47, 48, 49, 50, 51, 52, 53, 54, 55, 56, 57, 58, 63, 65, 66, 67, 69, 71, 73, 74, 76, 78, 79, 80, 81, 84, 85, 93, 94, 95, 97, 98, 99, 100, 104, 109, 110, 115, 120, 121, 124]], "centers": [[-0.3062855673387392, 0.35376557157731126, -0.03235045158528498, 0.47463398275598057, -0.29391427106874285, -0.755412307011629, -0.797978069425488, 0.5822343312704725, -0.6076013401199335, 0.10113442761036481, -0.5539965444768309, -0.7064047960044568, -0.5782825944337402], [0.3132466029600743, -0.36180569820406816, 0.03308568912131415, -0.4854211187277068, 0.30059414086575964, 0.7725807685346211, 0.8161139346397032, -0.5954669297084378, 0.6214104614862953, -0.1034329373287821, 0.5665873750331232, 0.7224594504591036, 0.5914253806708705]]}