{"clusters": [[60, 61, 68, 70, 83, 118, 130, 131, 132, 133, 134, 135, 136, 137, 138, 139, 140, 141, 142, 143, 144, 145, 146, 147, 148, 149, 150, 151, 152, 153, 154, 155, 156, 157, 158, 159, 160, 161, 162, 163, 164, 165, 166, 167, 168, 169, 170, 171, 172, 173, 174, 175, 176, 177], [0, 1, 2, 3, 4, 5, 6, 7, 8, 9, 10, 11, 12, 13, 14, 15, 16, 17, 18, 19, 20, 21, 22, 23, 24, 25, 26, 27, 28, 29, 30, 31, 32, 33, 34, 35, 36, 37, 38, 39, 40, 41, 42, 43, 44, 45, 46, 47, 48, 49, 50, 51, 52, 53, 54, 55, 56, 57, 58, 69, 73, 78, 95], [59, 62, 63, 64, 65, 66, 67, 71, 72, 74, 75, 76, 77, 79, 80, 81, 82, 84, 85, 86, 87, 88, 89, 90, 91, 92, 93, 94, 96, 97, 98, 99, 100, 101, 102, 103, 104, 105, 106, 107, 108, 109, 110, 111, 112, 113, 114, 115, 116, 117, 119, 120, 121, 122, 123, 124, 125, 126, 127, 128, 129]], "centers": [[0.1319132413647427, 0.7672890606485225, 0.15962263775341456, 0.4669600329530351, -0.052068320016353496, -0.9606887820309931, -1.1975196409631554, 0.7550295057449344, -0.816942947677068, 0.843696874046798, -1.0754073767345842, -1.2837800313004981, -0.3809737212739617], [0.8215701678688061, -0.3304247288231239, 0.24887871344332985, -0.6786510447723657, 0.6444925989133391, 0.8273097551838856, 0.8988850511221755, -0.5968912893661408, 0.6211102306198278, 0.13533492583150528, 0.49797585507429154, 0.7462141705354068, 1.1202707634670879], [-0.9652825509742767, -0.3379811698223507, -0.398343957141216, 0.28752744329828134, -0.619530236896021, -0.00398885814608401, 0.13174266215267735, -0.05192528000261655, 0.08172089582807363, -0.8866513364903591, 0.4376970405571671, 0.36578080240157834, -0.8197455270431575]]}