{"clusters": [[61, 68, 70, 83, 118, 130, 131, 132, 133, 134, 135, 136, 137, 138, 139, 140, 141, 142, 143, 144, 145, 146, 147, 148, 149, 150, 151, 152, 153, 154, 155, 156, 157, 158, 159, 160, 161, 162, 163, 164, 165, 166, 167, 168, 169, 170, 171, 172, 173, 174, 175, 176, 177], [0, 1, 2, 3, 5, 6, 7, 8, 9, 10, 11, 12, 13, 14, 15, 16, 17, 18, 19, 20, 22, 23, 24, 26, 27, 28, 29, 30, 31, 32, 33, 34, 35, 36, 37, 38, 39, 40, 41, 42, 43, 44, 45, 46, 47, 48, 49, 50, 51, 52, 53, 54, 55, 56, 57, 58, 66], [59, 60, 62, 64, 67, 72, 75, 76, 77, 80, 81, 82, 85, 86, 87, 88, 89, 90, 91, 92, 93, 94, 97, 100, 101, 102, 103, 104, 105, 106, 107, 108, 111, 112, 113, 114, 115, 116, 117, 119, 125, 126, 127, 128, 129], [4, 21, 25, 63, 65, 69, 71, 73, 74, 78, 79, 84, 95, 96, 98, 99, 109, 110, 120, 121, 122, 123, 124]], "centers": [[0.15003218728776221, 0.8027062941917431, 0.16860134027125165, 0.49557209353907816, -0.054717880040055865, -0.9714045842092608, -1.2023219835308705, 0.7285080057033954, -0.7933185847893578, 0.8742095322325993, -1.1199154103725384, -1.2829065079660587, -0.3841426374750623], [0.949090378167837, -0.3460232195736637, 0.1890862530906398, -0.8197874997948245, 0.3975434226022651, 0.8964228527929325, 0.9809217972473521, -0.6171536087072967, 0.5514074350639537, 0.23342748738134494, 0.4622393868385862, 0.7675247112581972, 1.1967598022963792], [-0.9725051384746864, -0.5113822200781847, -0.596491398887373, 0.2150542894215708, -0.7526414298390812, -0.3307944467157202, -0.1346907215344769, 0.20172682271271955, -0.3138352342888273, -0.951404462792306, 0.5405957168840125, 0.23647925228546315, -0.8562181312865219], [-0.7950924456720522, 0.00835173161107737, 0.3099271951908246, 0.4689184133375296, 0.6134320389805439, 0.6640908893957008, 0.6031132675255884, -0.5439511142624536, 1.0755759451386004, -0.7315335288439411, 0.37743758435498187, 0.5914595664190445, -0.4054753494270367]]}