{"clusters": [[61, 68, 70, 83, 118, 130, 131, 132, 133, 134, 135, 136, 137, 138, 139, 140, 141, 142, 143, 144, 145, 146, 147, 148, 149, 150, 151, 152, 153, 154, 155, 156, 157, 158, 159, 160, 161, 162, 163, 164, 165, 166, 167, 168, 169, 170, 171, 172, 173, 174, 175, 176, 177], [0, 1, 2, 3, 5, 6, 7, 8, 9, 10, 11, 12, 13, 14, 15, 16, 17, 18, 19, 20, 22, 23, 24, 26, 27, 28, 29, 30, 31, 32, 33, 34, 35, 36, 37, 38, 39, 40, 41, 42, 43, 44, 45, 46, 47, 48, 49, 50, 51, 52, 53, 54, 55, 56, 57, 58, 66], [59, 60, 62, 64, 67, 72, 75, 76, 77, 80, 81, 82, 85, 86, 87, 88, 89, 90, 91, 92, 93, 94, 97, 100, 101, 102, 103, 104, 105, 106, 107, 108, 111, 112, 113, 114, 115, 116, 117, 119, 125, 126, 127, 128, 129], [4, 21, 25, 63, 65, 69, 71, 73, 74, 78, 79, 84, 95, 96, 98, 99, 109, 110, 120, 121, 122, 123, 124]], "centers": [[0.15003218728777004, 0.8027062941917431, 0.16860134027124762, 0.4955720935390783, -0.054717880040055865, -0.971404584209261, -1.2023219835308698, 0.7285080057033951, -0.7933185847893599, 0.8742095322325989, -1.1199154103725377, -1.282906507966056, -0.3841426374750624], [0.9490903781678445, -0.34602321957366344, 0.1890862530906358, -0.8197874997948249, 0.3975434226022651, 0.8964228527929324, 0.9809217972473531, -0.6171536087072972, 0.5514074350639526, 0.23342748738134453, 0.4622393868385878, 0.7675247112581994, 1.1967598022963792], [-0.9725051384746787, -0.5113822200781842, -0.5964913988873772, 0.21505428942157087, -0.7526414298390812, -0.33079444671572045, -0.13469072153447592, 0.20172682271271908, -0.313835234288829, -0.9514044627923065, 0.5405957168840144, 0.2364792522854653, -0.8562181312865219], [-0.795092445672044, 0.008351731611077728, 0.3099271951908207, 0.46891841333752976, 0.6134320389805439, 0.6640908893957006, 0.6031132675255894, -0.5439511142624539, 1.0755759451385993, -0.7315335288439415, 0.3774375843549834, 0.5914595664190467, -0.4054753494270368]]}