{"clusters": [[83, 118, 130, 131, 132, 133, 134, 135, 136, 137, 138, 139, 140, 141, 142, 143, 144, 145, 146, 147, 148, 149, 150, 151, 152, 153, 154, 155, 156, 157, 158, 159, 160, 161, 162, 163, 164, 165, 166, 167, 168, 169, 170, 171, 172, 173, 174, 175, 176, 177], [0, 1, 2, 3, 5, 6, 7, 8, 9, 10, 11, 12, 13, 14, 15, 16, 17, 18, 19, 20, 21, 22, 23, 24, 26, 27, 28, 29, 30, 31, 32, 33, 34, 35, 36, 37, 38, 39, 40, 41, 42, 43, 44, 45, 46, 47, 48, 49, 50, 51, 52, 53, 54, 55, 56, 57, 58], [59, 60, 61, 62, 64, 67, 68, 70, 72, 75, 76, 77, 80, 82, 85, 86, 87, 88, 89, 90, 91, 92, 100, 101, 103, 104, 105, 106, 107, 112, 113, 114, 115, 116, 117, 119, 127, 128, 129], [4, 25, 69, 73, 78, 95, 96, 121, 122], [63, 65, 66, 71, 74, 79, 81, 84, 93, 94, 97, 98, 99, 102, 108, 109, 110, 111, 120, 123, 124, 125, 126]], "centers": [[0.17711478897374672, 0.906506640495507, 0.21596904098526692, 0.551039830794001, -0.07734512264247419, -0.9901004677839843, -1.2271180672957736, 0.7134870389282763, -0.7612785859403941, 0.9543835214906449, -1.1900631618383832, -1.2893984149437705, -0.39632062220979186], [0.9451895414361843, -0.3020849708681767, 0.2500086016113836, -0.8008221318607719, 0.4271069344456811, 0.880399537310068, 0.9673594397701606, -0.618567258893889, 0.5421859396418199, 0.2273563297257404, 0.4553120099190494, 0.7759498087532541, 1.2117325096989477], [-0.9392480048009798, -0.5894098627338347, -0.5871187298841817, 0.22403717380628932, -0.678587359467208, -0.5299765837950202, -0.30612018460165363, 0.4189432357427925, -0.4773331362852599, -0.9212132962891753, 0.605843318297085, 0.039992762861531826, -0.7454848464476775], [-0.6760415468690728, -0.24108587290428662, 0.8087841069911185, 0.9223922712582654, 2.241567473835338, 0.23215803724891884, 0.40120440447770234, -0.3014384003683563, 0.9854324862657133, -0.713394845500421, 0.5669197491782524, 0.5029601301144053, -0.11040969770499037], [-0.870282487021302, -0.12824918184917924, -0.4100160364586611, 0.045908250286709106, -0.6168277989816104, 0.7783440954474301, 0.632359254654552, -0.6105155991354723, 0.7350622033117241, -0.7969832480051219, 0.20957419001490346, 0.6154096837227672, -0.8341358978933088]]}