{"clusters": [[83, 118, 130, 131, 132, 133, 134, 135, 136, 137, 138, 139, 140, 141, 142, 143, 144, 145, 146, 147, 148, 149, 150, 151, 152, 153, 154, 155, 156, 157, 158, 159, 160, 161, 162, 163, 164, 165, 166, 167, 168, 169, 170, 171, 172, 173, 174, 175, 176, 177], [0, 1, 2, 3, 5, 6, 7, 8, 9, 10, 11, 12, 13, 14, 15, 16, 17, 18, 19, 20, 21, 22, 23, 24, 26, 27, 28, 29, 30, 31, 32, 33, 34, 35, 36, 37, 38, 39, 40, 41, 42, 43, 44, 45, 46, 47, 48, 49, 50, 51, 52, 53, 54, 55, 56, 57, 58], [59, 60, 61, 62, 64, 67, 68, 70, 72, 75, 76, 77, 80, 82, 85, 86, 87, 88, 89, 90, 91, 92, 100, 101, 103, 104, 105, 106, 107, 112, 113, 114, 115, 116, 117, 119, 127, 128, 129], [4, 25, 69, 73, 78, 95, 96, 121, 122], [63, 65, 66, 71, 74, 79, 81, 84, 93, 94, 97, 98, 99, 102, 108, 109, 110, 111, 120, 123, 124, 125, 126]], "centers": [[0.1771147889737545, 0.906506640495507, 0.21596904098526296, 0.551039830794001, -0.07734512264247419, -0.9901004677839843, -1.2271180672957727, 0.713487038928276, -0.7612785859403961, 0.9543835214906444, -1.1900631618383826, -1.2893984149437674, -0.39632062220979203], [0.9451895414361917, -0.3020849708681763, 0.25000860161137956, -0.8008221318607727, 0.4271069344456811, 0.8803995373100679, 0.9673594397701617, -0.6185672588938895, 0.5421859396418188, 0.22735632972573994, 0.4553120099190511, 0.7759498087532563, 1.2117325096989475], [-0.9392480048009721, -0.5894098627338342, -0.5871187298841858, 0.2240371738062894, -0.678587359467208, -0.5299765837950206, -0.3061201846016525, 0.418943235742792, -0.4773331362852616, -0.921213296289176, 0.605843318297087, 0.03999276286153397, -0.7454848464476777], [-0.6760415468690648, -0.24108587290428624, 0.8087841069911145, 0.9223922712582657, 2.241567473835338, 0.2321580372489186, 0.4012044044777033, -0.3014384003683567, 0.9854324862657123, -0.7133948455004213, 0.5669197491782542, 0.5029601301144074, -0.11040969770499043], [-0.8702824870212938, -0.12824918184917902, -0.4100160364586652, 0.04590825028670905, -0.6168277989816104, 0.77834409544743, 0.6323592546545527, -0.6105155991354726, 0.7350622033117226, -0.7969832480051222, 0.20957419001490504, 0.6154096837227694, -0.8341358978933088]]}