{"clusters": [[61, 83, 130, 131, 132, 133, 134, 135, 136, 137, 138, 139, 140, 141, 142, 143, 144, 145, 146, 147, 148, 149, 150, 151, 152, 153, 154, 155, 156, 157, 158, 159, 160, 161, 162, 163, 164, 165, 166, 167, 168, 169, 170, 171, 172, 173, 174, 175, 176, 177], [0, 1, 2, 3, 5, 6, 7, 8, 9, 10, 11, 12, 13, 14, 15, 16, 17, 18, 19, 20, 22, 23, 24, 26, 27, 28, 29, 30, 31, 32, 34, 35, 36, 37, 38, 39, 40, 41, 42, 44, 45, 46, 47, 48, 49, 50, 51, 52, 53, 54, 55, 56, 57, 58], [60, 64, 68, 70, 77, 82, 86, 87, 88, 89, 90, 91, 92, 105, 107, 112, 113, 114, 115, 117, 122, 127, 128, 129], [4, 25, 33, 65, 69, 73, 78, 95, 96, 121], [21, 43, 63, 71, 74, 79, 84, 93, 94, 98, 99, 102, 109, 110, 120, 123, 124, 125, 126], [59, 62, 66, 67, 72, 75, 76, 80, 81, 85, 97, 100, 101, 103, 104, 106, 108, 111, 116, 118, 119]], "centers": [[0.1739031000646937, 0.8693433862678339, 0.21889331371425869, 0.5558443906706276, -0.04925978639122901, -0.9776022817073503, -1.2239053737842926, 0.7296026510554279, -0.7686373392872586, 0.9747143106898501, -1.1654940650304253, -1.3043703087864538, -0.3913528119775666], [0.976468473006667, -0.3571171461683583, 0.2273141361097926, -0.8292701837618511, 0.40171789996904367, 0.8962354455943026, 0.9896404556255476, -0.6506099964566475, 0.5652567550405275, 0.24731104443683471, 0.4621111020808186, 0.7749861538110111, 1.2528484829497413], [-1.0913993913581799, -0.3999223795000179, 0.16199184019588364, 0.6909225897020358, -0.5932961540247247, -0.5710106513296639, -0.2966919073694442, 0.9251387448648707, -0.37024260948071985, -1.007962988064565, 0.5680165838571808, -0.05417009149498265, -0.7456277403974868], [-0.5208099162644593, -0.5784077349493506, 0.7876643595039236, 0.5780654801000255, 2.2158225822716973, 0.3491282402738293, 0.4846451942897579, -0.20832597474481243, 0.9095088406234784, -0.5182577198531975, 0.7570377601922067, 0.3916910238831236, 0.1557432123149488], [-0.8621981442296078, 0.22107940977565177, -0.13925314104221517, 0.15324123837725193, -0.4622620468437506, 0.8722473241696633, 0.6591240425612633, -0.6595631143050653, 0.7794857551713932, -0.7896384670587224, 0.07353657079791538, 0.7306029604710391, -0.7619273201911415], [-0.64957158333285, -0.6191017975497012, -1.539917481694324, -0.3945719092099201, -0.8745674530885346, -0.27982504317975154, -0.11878661377427151, -0.4255030334107163, -0.33864252070380096, -0.8435091498992565, 0.5105111085477406, 0.3271894686489097, -0.8224726071612299]]}