{"clusters": [[61, 83, 130, 131, 132, 133, 134, 135, 136, 137, 138, 139, 140, 141, 142, 143, 144, 145, 146, 147, 148, 149, 150, 151, 152, 153, 154, 155, 156, 157, 158, 159, 160, 161, 162, 163, 164, 165, 166, 167, 168, 169, 170, 171, 172, 173, 174, 175, 176, 177], [0, 1, 2, 3, 5, 6, 7, 8, 9, 10, 11, 12, 13, 14, 15, 16, 17, 18, 19, 20, 22, 23, 24, 26, 27, 28, 29, 30, 31, 32, 34, 35, 36, 37, 38, 39, 40, 41, 42, 44, 45, 46, 47, 48, 49, 50, 51, 52, 53, 54, 55, 56, 57, 58], [60, 64, 68, 70, 77, 82, 86, 87, 88, 89, 90, 91, 92, 105, 107, 112, 113, 114, 115, 117, 122, 127, 128, 129], [4, 25, 33, 65, 69, 73, 78, 95, 96, 121], [21, 43, 63, 71, 74, 79, 84, 93, 94, 98, 99, 102, 109, 110, 120, 123, 124, 125, 126], [59, 62, 66, 67, 72, 75, 76, 80, 81, 85, 97, 100, 101, 103, 104, 106, 108, 111, 116, 118, 119]], "centers": [[0.17390310006468593, 0.8693433862678339, 0.21889331371426263, 0.5558443906706275, -0.049259786391228993, -0.9776022817073501, -1.2239053737842935, 0.7296026510554282, -0.7686373392872567, 0.9747143106898507, -1.1654940650304262, -1.3043703087864567, -0.3913528119775665], [0.9764684730066594, -0.35711714616835866, 0.2273141361097966, -0.8292701837618507, 0.40171789996904367, 0.8962354455943027, 0.9896404556255466, -0.6506099964566472, 0.5652567550405286, 0.24731104443683513, 0.46211110208081696, 0.774986153811009, 1.2528484829497413], [-1.0913993913581876, -0.39992237950001847, 0.16199184019588767, 0.6909225897020357, -0.5932961540247247, -0.5710106513296637, -0.29669190736944506, 0.9251387448648708, -0.37024260948071813, -1.0079629880645646, 0.5680165838571791, -0.054170091494984786, -0.7456277403974868], [-0.5208099162644672, -0.5784077349493508, 0.7876643595039272, 0.5780654801000253, 2.2158225822716973, 0.3491282402738296, 0.4846451942897569, -0.20832597474481193, 0.9095088406234794, -0.5182577198531971, 0.7570377601922049, 0.3916910238831215, 0.15574321231494884], [-0.8621981442296157, 0.22107940977565163, -0.1392531410422111, 0.15324123837725193, -0.4622620468437506, 0.8722473241696636, 0.6591240425612624, -0.659563114305065, 0.7794857551713942, -0.7896384670587219, 0.07353657079791404, 0.7306029604710368, -0.7619273201911414], [-0.649571583332858, -0.6191017975497017, -1.53991748169432, -0.3945719092099199, -0.8745674530885346, -0.2798250431797513, -0.11878661377427246, -0.42550303341071605, -0.3386425207037992, -0.8435091498992561, 0.5105111085477391, 0.3271894686489076, -0.8224726071612299]]}