{"clusters": [[83, 130, 131, 132, 133, 134, 135, 136, 137, 138, 139, 140, 141, 142, 143, 144, 145, 146, 147, 148, 149, 150, 151, 152, 153, 154, 155, 156, 157, 158, 159, 160, 161, 162, 163, 164, 165, 166, 167, 168, 169, 170, 171, 172, 173, 174, 175, 176, 177], [0, 1, 2, 3, 5, 6, 7, 8, 9, 10, 11, 12, 13, 14, 15, 16, 17, 18, 19, 20, 21, 22, 23, 24, 26, 27, 28, 29, 30, 31, 32, 34, 35, 36, 37, 39, 40, 41, 42, 44, 45, 46, 47, 48, 49, 50, 51, 52, 53, 54, 55, 56, 57, 58], [64, 72, 82, 86, 87, 88, 89, 90, 91, 92, 105, 107, 112, 113, 114, 115, 117, 127, 128], [4, 25, 33, 69, 73, 78, 95, 96], [63, 65, 66, 71, 74, 81, 84, 94, 98, 109, 120, 121], [43, 79, 93, 99, 102, 108, 110, 111, 119, 122, 123, 124, 125, 126, 129], [38, 59, 60, 61, 62, 67, 68, 70, 75, 76, 77, 80, 85, 97, 100, 101, 103, 104, 106, 116, 118]], "centers": [[0.18654313789046362, 0.9049714533199776, 0.24921026363935703, 0.5837034840368834, -0.050635394697412406, -0.9885569973946147, -1.2361947460303755, 0.7168417173710708, -0.7496075602240888, 0.9884982854397524, -1.1912987796807653, -1.3015396580830425, -0.3800446097221084], [0.9732659342084581, -0.3188833455226039, 0.2645444602058027, -0.812031600871177, 0.40691888816371863, 0.8965321736588, 0.9853643010674433, -0.6550865553808565, 0.5850488165113663, 0.2537194886288618, 0.44992405009274483, 0.7966959230098747, 1.2381054563821208], [-1.1033998821368058, -0.5962665070038387, 0.1820320864198126, 0.8976319297888082, -0.8318059448864507, -0.5816577228018304, -0.19636128557794771, 0.8502152849754804, -0.2201243485879014, -0.9952230431716323, 0.6993096191960673, 0.09574708451999772, -0.8645015395609777], [-0.3311967441333691, -0.5644939561926129, 0.5016339331990312, 0.436931533724119, 2.616038623851941, 0.23416095168427664, 0.14505345045908, -0.3775399020799073, 0.9686416800179106, -0.6739829137194551, 0.8338161877170722, 0.3542612892764083, 0.3343136987072817], [-0.9436822892907997, -0.7874136373489463, 0.15285348791777237, 0.14915841611367123, -0.4206883583139469, 0.9946007989752208, 0.9302390912205758, -0.8140043971902711, 0.6233350993565956, -0.4742797715854119, 0.4499240500927448, 0.6579364945761744, -0.546066132778176], [-0.8292144025319655, 0.8782003293043805, -0.46246223214174037, 0.34184128616588405, -0.5763279300395975, 0.43939291749396614, 0.40031198961340314, -0.13849165552715417, 0.6665531745683289, -1.0390719793392365, -0.23450078955748485, 0.6285106025897629, -1.0038371077027923], [-0.6819237609882244, -0.7144250744391782, -1.374556821423734, -0.5818925472569695, -0.5201572575371071, -0.44387327312336416, -0.3444400866044266, -0.04947208377717226, -0.7574740604005216, -0.7885109663512528, 0.5827977369112874, -0.058205642395976254, -0.6130542332081385]]}