{"clusters": [[83, 130, 131, 132, 133, 134, 135, 136, 137, 138, 139, 140, 141, 142, 143, 144, 145, 146, 147, 148, 149, 150, 151, 152, 153, 154, 155, 156, 157, 158, 159, 160, 161, 162, 163, 164, 165, 166, 167, 168, 169, 170, 171, 172, 173, 174, 175, 176, 177], [0, 1, 2, 3, 5, 6, 7, 8, 9, 10, 11, 12, 13, 14, 15, 16, 17, 18, 19, 20, 21, 22, 23, 24, 26, 27, 28, 29, 30, 31, 32, 34, 35, 36, 37, 39, 40, 41, 42, 44, 45, 46, 47, 48, 49, 50, 51, 52, 53, 54, 55, 56, 57, 58], [64, 72, 82, 86, 87, 88, 89, 90, 91, 92, 105, 107, 112, 113, 114, 115, 117, 127, 128], [4, 25, 33, 69, 73, 78, 95, 96], [63, 65, 66, 71, 74, 81, 84, 94, 98, 109, 120, 121], [43, 79, 93, 99, 102, 108, 110, 111, 119, 122, 123, 124, 125, 126, 129], [38, 59, 60, 61, 62, 67, 68, 70, 75, 76, 77, 80, 85, 97, 100, 101, 103, 104, 106, 116, 118]], "centers": [[0.18654313789045582, 0.9049714533199776, 0.24921026363936097, 0.5837034840368833, -0.050635394697412406, -0.9885569973946146, -1.2361947460303764, 0.7168417173710712, -0.749607560224087, 0.9884982854397526, -1.191298779680766, -1.3015396580830454, -0.38004460972210835], [0.9732659342084505, -0.3188833455226042, 0.26454446020580663, -0.8120316008711763, 0.40691888816371863, 0.8965321736588001, 0.9853643010674422, -0.6550865553808559, 0.5850488165113674, 0.25371948862886223, 0.44992405009274306, 0.7966959230098726, 1.2381054563821208], [-1.1033998821368136, -0.5962665070038393, 0.18203208641981658, 0.897631929788808, -0.8318059448864507, -0.5816577228018301, -0.19636128557794863, 0.8502152849754806, -0.22012434858789973, -0.995223043171632, 0.6993096191960656, 0.09574708451999558, -0.8645015395609777], [-0.33119674413337696, -0.5644939561926133, 0.5016339331990352, 0.4369315337241189, 2.616038623851941, 0.23416095168427684, 0.14505345045907905, -0.37753990207990684, 0.9686416800179117, -0.6739829137194545, 0.8338161877170704, 0.3542612892764061, 0.3343136987072817], [-0.9436822892908077, -0.7874136373489465, 0.15285348791777634, 0.14915841611367123, -0.4206883583139469, 0.9946007989752209, 0.930239091220575, -0.8140043971902706, 0.6233350993565968, -0.47427977158541146, 0.4499240500927433, 0.6579364945761724, -0.5460661327781758], [-0.8292144025319735, 0.8782003293043805, -0.4624622321417363, 0.341841286165884, -0.5763279300395975, 0.4393929174939664, 0.4003119896134022, -0.13849165552715373, 0.6665531745683301, -1.039071979339236, -0.23450078955748613, 0.6285106025897609, -1.0038371077027923], [-0.6819237609882324, -0.7144250744391788, -1.3745568214237298, -0.581892547256969, -0.5201572575371071, -0.4438732731233639, -0.3444400866044276, -0.04947208377717181, -0.7574740604005198, -0.7885109663512525, 0.5827977369112858, -0.058205642395978335, -0.6130542332081385]]}