{"clusters": [[83, 131, 132, 133, 134, 135, 136, 137, 138, 139, 140, 141, 142, 143, 144, 145, 146, 147, 154, 155, 157, 160, 161, 162, 163, 165, 167, 170, 171, 173], [0, 1, 2, 3, 5, 6, 7, 8, 9, 10, 11, 12, 13, 14, 15, 16, 17, 18, 19, 20, 22, 23, 24, 26, 27, 28, 29, 30, 31, 32, 34, 35, 36, 37, 38, 39, 40, 41, 42, 44, 45, 46, 47, 48, 49, 50, 51, 52, 53, 54, 55, 56, 57, 58], [64, 72, 82, 86, 87, 88, 89, 90, 91, 92, 105, 106, 107, 112, 113, 114, 115, 117, 127, 128], [4, 25, 33, 69, 73, 78, 95, 96, 121], [63, 65, 66, 67, 71, 74, 80, 81, 84, 85, 94, 97, 98, 100, 104, 108, 109, 116], [21, 43, 79, 93, 99, 102, 110, 111, 119, 120, 122, 123, 124, 125, 126, 129], [59, 60, 61, 62, 68, 70, 75, 76, 77, 101, 103, 118, 130], [148, 149, 150, 151, 152, 153, 156, 158, 159, 164, 166, 168, 169, 172, 174, 175, 176, 177]], "centers": [[-0.060879594287418265, 1.0714971266560467, 0.07487288181122026, 0.45695053321006307, -0.3259003484659943, -1.1164710158921758, -1.3532832187361923, 0.935882486282972, -1.0808587312898619, 0.4651180269943549, -1.0271466508618103, -1.2133148286237025, -0.38869906719539493], [0.976468473006667, -0.3571171461683583, 0.2273141361097926, -0.8292701837618511, 0.40171789996904367, 0.8962354455943026, 0.9896404556255476, -0.6506099964566475, 0.5652567550405275, 0.24731104443683471, 0.4621111020808186, 0.7749861538110111, 1.2528484829497413], [-1.0945904925178234, -0.593668008424482, 0.1278753250242672, 0.8453191232373805, -0.8595217372396531, -0.6042590309566077, -0.18650655959289747, 0.8109864922975449, -0.20569270825226216, -0.9813238866138327, 0.6736783245937814, 0.1303891030437899, -0.8589957174918614], [-0.49212431874336043, -0.5303328864852106, 0.7965996372869658, 0.6888372772555835, 2.4756119425957146, 0.36568566627278937, 0.469251037880582, -0.2387665754294327, 0.9153491210574963, -0.5538245851189477, 0.7277888354208294, 0.48412755924310413, 0.19742469702692544], [-0.8386847672638116, -0.8948838639466862, -0.7305205656330133, -0.15196070115407262, -0.6917898679613832, 0.5027740320706301, 0.4184949424735167, -0.7804302052587047, 0.31282685628130424, -0.7008983793259688, 0.6912276794566077, 0.6449891021021534, -0.667696101961045], [-0.8422876234117965, 0.9677048254465122, -0.25913389395375785, 0.3224478804138756, -0.5128433678883453, 0.4775150555802813, 0.4462434671603463, -0.22141990959812324, 0.6401259056043974, -0.9743486956385733, -0.2164030173551951, 0.7020753325557916, -0.8742016750937053], [-0.5499811735153968, -0.667207335352152, -1.314437844531835, -0.7538139549302156, -0.1600888440596043, -0.7008919489455752, -0.6781027265959517, 0.17720905383551366, -1.1485161338562553, -0.7222311041267357, 0.2730805510904171, -0.7498887192598613, -0.6150022568504359], [0.6189278914637862, 0.7268942190967038, 0.5630639679574475, 0.852325773057461, 0.31850208885424297, -0.7603973384951873, -1.0662602880056893, 0.45957661674714934, -0.17580994003153655, 1.9387397833699762, -1.482942395215774, -1.417177408305561, -0.3660537783875297]]}