{"clusters": [[83, 131, 132, 133, 134, 135, 136, 137, 138, 139, 140, 141, 142, 143, 144, 145, 146, 147, 154, 155, 157, 160, 161, 162, 163, 165, 167, 170, 171, 173], [0, 1, 2, 3, 5, 6, 7, 8, 9, 10, 11, 12, 13, 14, 15, 16, 17, 18, 19, 20, 22, 23, 24, 26, 27, 28, 29, 30, 31, 32, 34, 35, 36, 37, 38, 39, 40, 41, 42, 44, 45, 46, 47, 48, 49, 50, 51, 52, 53, 54, 55, 56, 57, 58], [64, 72, 82, 86, 87, 88, 89, 90, 91, 92, 105, 106, 107, 112, 113, 114, 115, 117, 127, 128], [4, 25, 33, 69, 73, 78, 95, 96, 121], [63, 65, 66, 67, 71, 74, 80, 81, 84, 85, 94, 97, 98, 100, 104, 108, 109, 116], [21, 43, 79, 93, 99, 102, 110, 111, 119, 120, 122, 123, 124, 125, 126, 129], [59, 60, 61, 62, 68, 70, 75, 76, 77, 101, 103, 118, 130], [148, 149, 150, 151, 152, 153, 156, 158, 159, 164, 166, 168, 169, 172, 174, 175, 176, 177]], "centers": [[-0.06087959428742607, 1.0714971266560462, 0.07487288181122428, 0.4569505332100629, -0.3259003484659943, -1.1164710158921756, -1.3532832187361934, 0.9358824862829723, -1.08085873128986, 0.4651180269943554, -1.0271466508618114, -1.2133148286237045, -0.3886990671953948], [0.9764684730066594, -0.35711714616835866, 0.2273141361097966, -0.8292701837618507, 0.40171789996904367, 0.8962354455943027, 0.9896404556255466, -0.6506099964566472, 0.5652567550405286, 0.24731104443683513, 0.46211110208081696, 0.774986153811009, 1.2528484829497413], [-1.0945904925178311, -0.5936680084244825, 0.12787532502427118, 0.8453191232373802, -0.8595217372396531, -0.6042590309566076, -0.18650655959289844, 0.810986492297545, -0.20569270825226046, -0.9813238866138322, 0.6736783245937797, 0.13038910304378776, -0.8589957174918614], [-0.49212431874336837, -0.530332886485211, 0.7965996372869698, 0.6888372772555832, 2.4756119425957146, 0.3656856662727896, 0.4692510378805811, -0.23876657542943225, 0.9153491210574973, -0.5538245851189472, 0.7277888354208276, 0.48412755924310197, 0.19742469702692547], [-0.8386847672638196, -0.8948838639466867, -0.7305205656330089, -0.15196070115407256, -0.6917898679613832, 0.5027740320706303, 0.4184949424735158, -0.7804302052587042, 0.3128268562813057, -0.7008983793259682, 0.691227679456606, 0.6449891021021513, -0.667696101961045], [-0.8422876234118045, 0.9677048254465124, -0.2591338939537538, 0.32244788041387556, -0.5128433678883453, 0.4775150555802815, 0.4462434671603453, -0.22141990959812288, 0.6401259056043985, -0.9743486956385728, -0.2164030173551964, 0.7020753325557894, -0.8742016750937053], [-0.5499811735154047, -0.6672073353521526, -1.314437844531831, -0.7538139549302152, -0.1600888440596043, -0.7008919489455748, -0.6781027265959525, 0.17720905383551416, -1.1485161338562535, -0.7222311041267354, 0.2730805510904157, -0.7498887192598634, -0.6150022568504359], [0.6189278914637786, 0.7268942190967037, 0.5630639679574513, 0.8523257730574605, 0.31850208885424297, -0.7603973384951872, -1.06626028800569, 0.45957661674714984, -0.17580994003153488, 1.9387397833699767, -1.482942395215775, -1.4171774083055633, -0.36605377838752967]]}