{"clusters": [[83, 118, 131, 132, 133, 135, 136, 137, 138, 139, 140, 141, 142, 143, 144, 145, 146, 147, 154, 155, 157, 160, 161, 162, 163, 165, 167, 170, 171, 173], [0, 1, 2, 3, 5, 6, 7, 8, 9, 10, 11, 12, 13, 14, 15, 16, 17, 18, 19, 20, 22, 23, 24, 26, 27, 28, 29, 30, 31, 32, 34, 35, 36, 37, 39, 40, 41, 42, 44, 45, 46, 47, 48, 49, 50, 51, 52, 53, 54, 55, 56, 57, 58], [82, 86, 87, 88, 89, 90, 91, 92, 105, 107, 113, 114, 115, 117, 127, 128], [4, 25, 33, 69, 73, 78, 95, 96, 121], [63, 65, 66, 71, 74, 81, 84, 94, 98, 109], [21, 43, 79, 93, 99, 102, 110, 111, 119, 120, 122, 123, 124, 125, 126, 129], [38, 59, 62, 67, 72, 75, 76, 80, 85, 97, 100, 101, 103, 104, 106, 108, 116], [148, 149, 150, 151, 152, 153, 156, 158, 159, 164, 166, 168, 169, 172, 174, 175, 176, 177], [60, 61, 64, 68, 70, 77, 112, 130, 134]], "centers": [[-0.05017396459055675, 1.1370265362845524, 0.0419748136100226, 0.4419362835956047, -0.3376025719040131, -1.1362331049877084, -1.3308612952706544, 0.8902215852560419, -1.1053879091127357, 0.43555907815863054, -1.0344588820546556, -1.1845951580449667, -0.41820870917314407], [0.9932753275622187, -0.3496899402676903, 0.24998440206877356, -0.8222824197903416, 0.4116046841315627, 0.9099745148448091, 0.9967439937552933, -0.6504410697047902, 0.5832244941116428, 0.263061609749362, 0.45240744936578453, 0.7875214604182182, 1.2600775730335019], [-1.1881618136183532, -0.6396732446362761, 0.0812697284059021, 0.9811980822482262, -0.9648417481818228, -0.5539858786291202, -0.20382498555322132, 0.8915645529333046, -0.07932364036119569, -1.055185211204564, 0.6144492519317407, 0.14239486697424367, -0.8660414098885272], [-0.49212431874336837, -0.530332886485211, 0.7965996372869698, 0.6888372772555832, 2.4756119425957146, 0.3656856662727896, 0.4692510378805811, -0.23876657542943225, 0.9153491210574973, -0.5538245851189472, 0.7277888354208276, 0.48412755924310197, 0.19742469702692547], [-0.7629218494090519, -0.9249057091493963, -0.15175825468594267, -0.1065843023192657, -0.6137750450412577, 0.9548095655261075, 0.7336289414294705, -1.0302221932295583, 0.6572087258739013, -0.5316673893250138, 0.6210302600053006, 0.5272855341565055, -0.5266937958683224], [-0.8422876234118045, 0.9677048254465124, -0.2591338939537538, 0.32244788041387556, -0.5128433678883453, 0.4775150555802815, 0.4462434671603453, -0.22141990959812288, 0.6401259056043985, -0.9743486956385728, -0.2164030173551964, 0.7020753325557894, -0.8742016750937053], [-0.6605401826021132, -0.8315487420074152, -1.576266109803335, -0.42241345891516174, -0.7583319228050197, -0.32488781277301726, -0.15340518618876905, -0.45574801975579105, -0.44268785280563266, -0.8370872425891785, 0.6821949232772101, 0.3100185952074252, -0.7292837945919943], [0.6189278914637786, 0.7268942190967037, 0.5630639679574513, 0.8523257730574605, 0.31850208885424297, -0.7603973384951872, -1.06626028800569, 0.45957661674714984, -0.17580994003153488, 1.9387397833699767, -1.482942395215775, -1.4171774083055633, -0.36605377838752967], [-0.7227071122144015, -0.6390498674518343, -0.0725592016089761, -0.42555369412864313, 0.33020431229226177, -0.7274605233359657, -0.7265848802814843, 0.9967636876522129, -1.204672676491042, -0.5446925521453088, 0.33585324348437173, -1.0114924441195707, -0.43522805904280504]]}