{"clusters": [[83, 118, 131, 132, 133, 135, 136, 137, 138, 139, 140, 141, 142, 143, 144, 145, 146, 147, 154, 155, 157, 160, 161, 162, 163, 165, 167, 170, 171, 173], [0, 1, 2, 3, 5, 6, 7, 8, 9, 10, 11, 12, 13, 14, 15, 16, 17, 18, 19, 20, 22, 23, 24, 26, 27, 28, 29, 30, 31, 32, 34, 35, 36, 37, 39, 40, 41, 42, 44, 45, 46, 47, 48, 49, 50, 51, 52, 53, 54, 55, 56, 57, 58], [82, 86, 87, 88, 89, 90, 91, 92, 105, 107, 113, 114, 115, 117, 127, 128], [4, 25, 33, 69, 73, 78, 95, 96, 121], [63, 65, 66, 71, 74, 81, 84, 94, 98, 109], [21, 43, 79, 93, 99, 102, 110, 111, 119, 120, 122, 123, 124, 125, 126, 129], [38, 59, 62, 67, 72, 75, 76, 80, 85, 97, 100, 101, 103, 104, 106, 108, 116], [148, 149, 150, 151, 152, 153, 156, 158, 159, 164, 166, 168, 169, 172, 174, 175, 176, 177], [60, 61, 64, 68, 70, 77, 112, 130, 134]], "centers": [[-0.05017396459054891, 1.1370265362845524, 0.04197481361001856, 0.441936283595605, -0.3376025719040131, -1.1362331049877086, -1.3308612952706538, 0.8902215852560416, -1.1053879091127377, 0.43555907815863015, -1.0344588820546547, -1.184595158044965, -0.4182087091731442], [0.9932753275622263, -0.34968994026768996, 0.2499844020687696, -0.8222824197903424, 0.4116046841315627, 0.909974514844809, 0.9967439937552947, -0.6504410697047908, 0.5832244941116416, 0.26306160974936155, 0.45240744936578625, 0.7875214604182204, 1.2600775730335019], [-1.188161813618345, -0.6396732446362755, 0.08126972840589808, 0.9811980822482266, -0.9648417481818228, -0.5539858786291203, -0.20382498555322032, 0.8915645529333043, -0.0793236403611973, -1.0551852112045645, 0.6144492519317425, 0.14239486697424575, -0.8660414098885273], [-0.49212431874336043, -0.5303328864852106, 0.7965996372869658, 0.6888372772555835, 2.4756119425957146, 0.36568566627278937, 0.469251037880582, -0.2387665754294327, 0.9153491210574963, -0.5538245851189477, 0.7277888354208294, 0.48412755924310413, 0.19742469702692544], [-0.762921849409044, -0.924905709149396, -0.15175825468594675, -0.10658430231926581, -0.6137750450412577, 0.9548095655261074, 0.7336289414294713, -1.030222193229559, 0.6572087258739001, -0.5316673893250142, 0.6210302600053021, 0.5272855341565077, -0.5266937958683225], [-0.8422876234117965, 0.9677048254465122, -0.25913389395375785, 0.3224478804138756, -0.5128433678883453, 0.4775150555802813, 0.4462434671603463, -0.22141990959812324, 0.6401259056043974, -0.9743486956385733, -0.2164030173551951, 0.7020753325557916, -0.8742016750937053], [-0.6605401826021053, -0.8315487420074146, -1.5762661098033393, -0.4224134589151618, -0.7583319228050197, -0.3248878127730176, -0.15340518618876808, -0.45574801975579127, -0.44268785280563455, -0.8370872425891789, 0.6821949232772118, 0.31001859520742725, -0.7292837945919943], [0.6189278914637862, 0.7268942190967038, 0.5630639679574475, 0.852325773057461, 0.31850208885424297, -0.7603973384951873, -1.0662602880056893, 0.45957661674714934, -0.17580994003153655, 1.9387397833699762, -1.482942395215774, -1.417177408305561, -0.3660537783875297], [-0.7227071122143935, -0.6390498674518339, -0.07255920160898016, -0.4255536941286434, 0.33020431229226177, -0.7274605233359659, -0.7265848802814833, 0.9967636876522123, -1.204672676491044, -0.5446925521453091, 0.33585324348437307, -1.0114924441195687, -0.43522805904280504]]}