{"clusters": [[0, 1, 2, 3, 6, 7, 8, 9, 11, 12, 13, 17, 20, 22, 23, 24, 25, 26, 27, 28, 29, 30, 31, 34, 35, 36, 38, 39, 40, 42, 43, 45, 47, 49], [50, 52, 54, 58, 65, 74, 75, 76, 77, 86, 108, 111, 116, 123, 133], [109, 117, 131], [53, 57, 59, 60, 62, 68, 69, 79, 80, 81, 87, 89, 93, 98, 106, 119], [41], [85, 100, 104, 110, 112, 115, 120, 124, 136, 139, 140, 141, 143, 144, 145, 147, 148], [4, 5, 10, 14, 15, 16, 18, 19, 21, 32, 33, 37, 44, 46, 48], [102, 105, 107, 118, 122, 125, 129, 130, 135], [55, 63, 64, 66, 67, 71, 72, 73, 78, 82, 83, 84, 88, 90, 91, 92, 94, 95, 96, 97, 99, 101, 113, 134, 142, 146], [51, 56, 61, 70, 103, 114, 121, 126, 127, 128, 132, 137, 138, 149]], "centers": [[-1.1608357156621194, 0.48413539507651615, -1.3134795021928332, -1.2689858770229292], [0.9249147443865364, -0.3468297944963625, 0.6301376063821453, 0.4572024534349773], [2.128515590793473, 1.556130139908448, 1.5016448190573932, 1.3610767855617103], [-0.4235826804259325, -1.5707092684381658, 0.07715680703521473, 0.00910455941341157], [-1.6276883929597172, -1.7433568431321513, -1.3970639535363667, -1.18381211071744], [0.8883267991937478, 0.30133208069464995, 0.9633609524050343, 1.3404285997906822], [-0.6421897133513534, 1.8630591615866434, -1.2795999379149203, -1.2276895054808736], [1.9265691400540537, -0.31102140863390637, 1.4258615831725892, 1.0393092239631967], [0.008077858029575079, -0.6454953425139909, 0.4195476528176413, 0.28945579807015814], [0.3283072299163681, -0.18130735780562154, 0.709980658475064, 0.8564867457822231]]}