{"clusters": [[0, 1, 2, 3, 4, 5, 6, 7, 8, 9, 10, 11, 12, 13, 14, 15, 16, 17, 18, 19, 20, 21, 22, 23, 24, 25, 26, 27, 28, 29, 30, 31, 32, 33, 34, 35, 36, 37, 38, 39, 40, 42, 43, 44, 45, 46, 47, 48, 49], [41, 53, 55, 57, 59, 60, 61, 62, 63, 64, 66, 67, 68, 69, 71, 72, 73, 74, 78, 79, 80, 81, 82, 83, 84, 87, 88, 89, 90, 91, 92, 93, 94, 95, 96, 97, 98, 99, 101, 106, 108, 111, 113, 119, 121, 123, 126, 127, 133, 134, 138, 142, 146, 149], [50, 51, 52, 54, 56, 58, 65, 70, 75, 76, 77, 85, 86, 100, 102, 103, 104, 105, 107, 109, 110, 112, 114, 115, 116, 117, 118, 120, 122, 124, 125, 128, 129, 130, 131, 132, 135, 136, 137, 139, 140, 141, 143, 144, 145, 147, 148]], "centers": [[-1.0020665312812727, 0.9062549154367593, -1.3031082070057172, -1.2563441306325043], [-0.07270072226619233, -0.9120907427537056, 0.33331993249999536, 0.2617042834334565], [1.128236149684181, 0.10311509047443865, 0.9755962933676618, 1.0091240658635294]]}