{"clusters": [[0, 1, 2, 3, 4, 5, 6, 7, 8, 9, 10, 11, 12, 13, 14, 15, 16, 17, 18, 19, 20, 21, 22, 23, 24, 25, 26, 27, 28, 29, 30, 31, 32, 33, 34, 35, 36, 37, 38, 39, 40, 41, 42, 43, 44, 45, 46, 47, 48, 49], [50, 51, 52, 54, 56, 58, 63, 65, 70, 72, 73, 74, 75, 76, 77, 78, 83, 85, 86, 87, 91, 101, 103, 110, 111, 112, 113, 114, 115, 116, 119, 121, 123, 126, 127, 128, 132, 133, 134, 136, 137, 138, 139, 141, 142, 145, 146, 147, 148, 149], [100, 102, 104, 105, 107, 108, 109, 117, 118, 120, 122, 124, 125, 129, 130, 131, 135, 140, 143, 144], [53, 55, 57, 59, 60, 61, 62, 64, 66, 67, 68, 69, 71, 79, 80, 81, 82, 84, 88, 89, 90, 92, 93, 94, 95, 96, 97, 98, 99, 106]], "centers": [[5.005999999999999, 3.428000000000001, 1.4620000000000002, 0.2459999999999999], [6.318, 2.9179999999999997, 4.981999999999999, 1.7539999999999998], [7.150000000000001, 3.12, 6.09, 2.135], [5.576666666666664, 2.6300000000000003, 3.99, 1.24]]}