{"clusters": [[0, 1, 2, 3, 4, 5, 6, 7, 8, 9, 10, 11, 12, 13, 14, 15, 16, 17, 18, 19, 20, 21, 22, 23, 24, 25, 26, 27, 28, 29, 30, 31, 32, 33, 34, 35, 36, 37, 38, 39, 40, 42, 43, 44, 45, 46, 47, 48, 49], [50, 51, 52, 54, 56, 58, 61, 63, 65, 70, 74, 75, 76, 77, 85, 86, 91, 100, 102, 103, 104, 105, 107, 108, 110, 111, 112, 114, 115, 116, 118, 120, 122, 123, 124, 125, 126, 127, 128, 129, 130, 132, 133, 135, 136, 137, 138, 139, 140, 141, 143, 145, 147, 148, 149], [109, 117, 131, 144], [41, 53, 55, 57, 59, 60, 62, 64, 66, 67, 68, 69, 71, 72, 73, 78, 79, 80, 81, 82, 83, 84, 87, 88, 89, 90, 92, 93, 94, 95, 96, 97, 98, 99, 101, 106, 113, 119, 121, 134, 142, 146]], "centers": [[-1.0020665312812727, 0.9062549154367593, -1.3031082070057172, -1.2563441306325043], [0.9234460429266135, -0.10686710482068255, 0.8702326764353652, 0.8864031513027459], [1.8558878822952576, 1.3067503097949142, 1.4021793219585879, 1.4488315750885774], [-0.21694818708006286, -1.0418047935819903, 0.2471616107500098, 0.1669848280711236]]}