{"clusters": [[0, 1, 2, 3, 4, 5, 6, 7, 8, 9, 10, 11, 12, 13, 14, 15, 16, 17, 18, 19, 20, 21, 22, 23, 24, 25, 26, 27, 28, 29, 30, 31, 32, 33, 34, 35, 36, 37, 38, 39, 40, 42, 43, 44, 45, 46, 47, 48, 49], [50, 51, 52, 54, 56, 65, 75, 76, 77, 85, 86, 100, 102, 103, 104, 105, 107, 110, 112, 114, 115, 116, 118, 120, 122, 124, 125, 128, 129, 130, 132, 135, 136, 137, 139, 140, 141, 143, 144, 145, 147, 148], [109, 117, 131], [55, 58, 61, 63, 64, 66, 67, 70, 71, 72, 73, 74, 78, 82, 83, 84, 88, 91, 92, 94, 95, 96, 97, 99, 101, 108, 111, 113, 121, 123, 126, 127, 133, 134, 138, 142, 146, 149], [41, 53, 57, 59, 60, 62, 68, 69, 79, 80, 81, 87, 89, 90, 93, 98, 106, 119]], "centers": [[-1.0020665312812727, 0.9062549154367593, -1.3031082070057172, -1.2563441306325043], [1.0870488948373271, 0.00504240535613992, 0.9589827192394205, 1.0100576274542408], [2.128515590793473, 1.556130139908448, 1.5016448190573932, 1.3610767855617103], [0.15475475382978462, -0.5620839636469915, 0.4965197957431482, 0.4234861395641283], [-0.49005672046099125, -1.5515262045832785, 0.011241179989577767, -0.05762564512264371]]}