{"clusters": [[0, 1, 2, 3, 4, 5, 6, 7, 8, 9, 10, 11, 12, 13, 14, 15, 16, 17, 18, 19, 20, 21, 22, 23, 24, 25, 26, 27, 28, 29, 30, 31, 32, 33, 34, 35, 36, 37, 38, 39, 40, 41, 42, 43, 44, 45, 46, 47, 48, 49], [50, 51, 54, 56, 58, 63, 65, 70, 72, 73, 74, 75, 76, 77, 78, 83, 85, 86, 87, 91, 97, 101, 110, 113, 119, 121, 123, 126, 127, 133, 138, 142, 146, 149], [102, 105, 107, 109, 117, 118, 122, 125, 129, 130, 131, 135], [53, 55, 57, 59, 60, 61, 62, 64, 66, 67, 68, 69, 71, 79, 80, 81, 82, 84, 88, 89, 90, 92, 93, 94, 95, 96, 98, 99, 106], [52, 100, 103, 104, 108, 111, 112, 114, 115, 116, 120, 124, 128, 132, 134, 136, 137, 139, 140, 141, 143, 144, 145, 147, 148]], "centers": [[5.005999999999999, 3.428000000000001, 1.4620000000000002, 0.2459999999999999], [6.241176470588236, 2.876470588235294, 4.764705882352941, 1.5970588235294112], [7.475000000000001, 3.125, 6.3, 2.0500000000000003], [5.555172413793101, 2.6206896551724137, 3.9793103448275864, 1.2379310344827585], [6.528, 3.036, 5.504, 2.1119999999999997]]}