{"clusters": [[0, 1, 2, 3, 4, 5, 6, 7, 8, 9, 10, 11, 12, 13, 14, 15, 16, 17, 18, 19, 20, 21, 22, 23, 24, 25, 26, 27, 28, 29, 30, 31, 32, 33, 34, 35, 36, 37, 38, 39, 40, 41, 42, 43, 44, 45, 46, 47, 48, 49], [50, 51, 52, 54, 56, 58, 63, 65, 70, 72, 73, 74, 75, 76, 77, 78, 83, 85, 86, 87, 91, 97, 101, 110, 113, 114, 119, 121, 123, 126, 127, 133, 138, 142, 146, 149], [105, 107, 118, 122, 125, 130, 135], [53, 55, 57, 59, 60, 61, 62, 64, 66, 67, 68, 69, 71, 79, 80, 81, 82, 84, 88, 89, 90, 92, 93, 94, 95, 96, 98, 99, 106], [100, 102, 103, 104, 108, 109, 111, 112, 115, 116, 120, 124, 128, 129, 132, 134, 136, 137, 139, 140, 141, 143, 144, 145, 147, 148], [117, 131]], "centers": [[5.005999999999999, 3.428000000000001, 1.4620000000000002, 0.2459999999999999], [6.247222222222224, 2.8805555555555555, 4.777777777777778, 1.6166666666666663], [7.514285714285714, 2.9, 6.385714285714286, 2.0285714285714285], [5.555172413793101, 2.6206896551724137, 3.9793103448275864, 1.2379310344827585], [6.615384615384615, 3.0615384615384613, 5.59230769230769, 2.119230769230769], [7.800000000000001, 3.8, 6.550000000000001, 2.1]]}