{"clusters": [[0, 1, 2, 3, 4, 5, 6, 7, 8, 9, 10, 11, 12, 13, 14, 15, 16, 17, 18, 19, 20, 21, 22, 23, 24, 25, 26, 27, 28, 29, 30, 31, 32, 33, 34, 35, 36, 37, 38, 39, 40, 41, 42, 43, 44, 45, 46, 47, 48, 49], [50, 51, 52, 54, 56, 58, 63, 65, 73, 74, 75, 76, 77, 78, 85, 86, 87, 91, 97, 123, 126, 127, 138], [105, 107, 118, 122, 125, 129, 130, 135], [53, 55, 57, 59, 60, 61, 62, 64, 66, 67, 68, 69, 71, 79, 80, 81, 82, 84, 88, 89, 90, 92, 93, 94, 95, 96, 98, 99, 106], [100, 102, 104, 109, 112, 115, 120, 124, 136, 139, 140, 141, 143, 144, 145, 148], [117, 131], [70, 72, 83, 101, 103, 108, 110, 111, 113, 114, 116, 119, 121, 128, 132, 133, 134, 137, 142, 146, 147, 149]], "centers": [[5.005999999999999, 3.428000000000001, 1.4620000000000002, 0.2459999999999999], [6.391304347826087, 2.960869565217391, 4.639130434782609, 1.4956521739130435], [7.4750000000000005, 2.9125, 6.3125, 1.975], [5.555172413793101, 2.6206896551724137, 3.9793103448275864, 1.2379310344827585], [6.6937500000000005, 3.2, 5.618750000000001, 2.2937499999999997], [7.800000000000001, 3.8, 6.550000000000001, 2.1], [6.163636363636363, 2.7727272727272725, 5.227272727272726, 1.8454545454545452]]}