{"clusters": [[0, 1, 2, 3, 6, 7, 8, 9, 11, 12, 13, 17, 20, 22, 23, 24, 25, 26, 27, 28, 29, 30, 31, 34, 35, 36, 38, 39, 40, 42, 43, 45, 47, 49], [50, 52, 54, 58, 65, 75, 76, 77, 86, 102, 105, 107, 111, 112, 118, 120, 122, 125, 128, 129, 130, 132, 135, 139, 141, 143, 145], [109, 117, 131], [55, 59, 62, 63, 64, 67, 68, 69, 71, 72, 73, 74, 78, 79, 80, 81, 82, 83, 84, 87, 88, 89, 90, 92, 94, 95, 96, 97, 99, 101, 108, 113, 119, 123, 126, 133, 134, 142, 146], [41, 53, 57, 60, 93, 98, 106], [51, 56, 61, 66, 70, 85, 91, 100, 103, 104, 110, 114, 115, 116, 121, 124, 127, 136, 137, 138, 140, 144, 147, 148, 149], [4, 5, 10, 14, 15, 16, 18, 19, 21, 32, 33, 37, 44, 46, 48]], "centers": [[-1.1608357156621194, 0.48413539507651615, -1.3134795021928332, -1.2689858770229292], [1.3386805834570794, -0.20018592858344697, 0.9753723476351424, 0.8881759753335919], [2.128515590793473, 1.556130139908448, 1.5016448190573932, 1.3610767855617103], [0.0593411878326584, -0.9052045147032332, 0.39112893936083964, 0.25739154805072584], [-1.039158736519125, -1.6775863384868235, -0.27655468009676193, -0.18716842966230487], [0.46124569348883093, 0.13504876953840403, 0.7877667370225381, 0.9907515737583301], [-0.6421897133513534, 1.8630591615866434, -1.2795999379149203, -1.2276895054808736]]}