{"clusters": [[0, 1, 2, 3, 6, 7, 8, 9, 11, 12, 13, 17, 20, 22, 23, 24, 25, 26, 27, 28, 29, 30, 31, 34, 35, 36, 38, 39, 40, 42, 43, 45, 47, 49], [54, 55, 58, 61, 63, 64, 66, 71, 72, 73, 74, 78, 82, 83, 84, 88, 91, 94, 95, 96, 97, 99, 101, 108, 111, 113, 121, 123, 126, 133, 134, 138, 142, 146, 149], [109, 117, 131], [53, 57, 59, 60, 62, 67, 68, 69, 79, 80, 81, 87, 89, 90, 92, 93, 98, 106, 119], [41], [51, 56, 70, 77, 85, 100, 103, 104, 110, 114, 115, 116, 124, 127, 128, 132, 136, 137, 140, 143, 144, 145, 147, 148], [4, 5, 10, 14, 15, 16, 18, 19, 21, 32, 33, 37, 44, 46, 48], [50, 52, 65, 75, 76, 86, 102, 105, 107, 112, 118, 120, 122, 125, 129, 130, 135, 139, 141]], "centers": [[-1.1608357156621194, 0.48413539507651615, -1.3134795021928332, -1.2689858770229292], [0.1829057853839863, -0.5792189109098532, 0.5078018113109611, 0.4333832962776848], [2.128515590793473, 1.556130139908448, 1.5016448190573932, 1.3610767855617103], [-0.3841234068275066, -1.4768132190431915, 0.10164925086969502, -0.006050461804221754], [-1.6276883929597172, -1.7433568431321513, -1.3970639535363667, -1.18381211071744], [0.6694524842011718, 0.1461749465742386, 0.8906424797361597, 1.1307204630536833], [-0.6421897133513534, 1.8630591615866434, -1.2795999379149203, -1.2276895054808736], [1.5354307512534957, -0.13197947932162574, 1.034979629661494, 0.8668787603314576]]}