{"clusters": [[0, 1, 2, 3, 6, 7, 8, 9, 11, 12, 13, 17, 20, 22, 23, 24, 25, 26, 27, 28, 29, 30, 31, 34, 35, 36, 38, 39, 40, 42, 43, 45, 47, 49], [50, 51, 52, 54, 56, 58, 65, 74, 75, 76, 77, 86, 103, 116, 125, 137], [109, 117, 131], [53, 57, 59, 60, 62, 67, 68, 69, 79, 80, 81, 87, 89, 90, 92, 93, 98, 106, 119], [41], [70, 85, 100, 104, 110, 112, 114, 115, 120, 124, 136, 139, 140, 141, 143, 144, 145, 147, 148], [4, 5, 10, 14, 15, 16, 18, 19, 21, 32, 33, 37, 44, 46, 48], [102, 105, 107, 118, 122, 129, 130, 135], [55, 61, 63, 64, 66, 71, 72, 73, 78, 82, 83, 84, 88, 91, 94, 95, 96, 97, 99, 101, 108, 111, 113, 121, 123, 126, 127, 128, 132, 133, 134, 138, 142, 146, 149]], "centers": [[-1.1608357156621194, 0.48413539507651615, -1.3134795021928332, -1.2689858770229292], [0.9471288539678727, -0.04565569197463336, 0.641978736989146, 0.45336318139317694], [2.128515590793473, 1.556130139908448, 1.5016448190573932, 1.3610767855617103], [-0.3841234068275066, -1.4768132190431915, 0.10164925086969502, -0.006050461804221754], [-1.6276883929597172, -1.7433568431321513, -1.3970639535363667, -1.18381211071744], [0.7956690159133086, 0.25572033753504203, 0.9332705499213619, 1.3241274004977657], [-0.6421897133513534, 1.8630591615866434, -1.2795999379149203, -1.2276895054808736], [1.9619097689334521, -0.3909508413626031, 1.4448073921437903, 1.0703890452539624], [0.1621341504507889, -0.5792189109098532, 0.550023899875352, 0.5086016873007138]]}