{"clusters": [[0, 4, 5, 7, 10, 14, 15, 16, 17, 18, 19, 20, 21, 23, 24, 26, 27, 28, 31, 32, 33, 36, 37, 39, 40, 43, 44, 46, 48], [50, 51, 52, 54, 56, 58, 63, 65, 70, 73, 74, 75, 76, 77, 78, 85, 86, 91, 97, 127], [105, 107, 118, 122, 130, 135], [53, 57, 59, 60, 61, 62, 64, 67, 69, 71, 79, 80, 81, 82, 84, 88, 89, 90, 92, 93, 94, 95, 96, 98, 99, 106], [102, 109, 120, 125, 129, 143, 144], [117, 131], [55, 66, 68, 72, 83, 87, 101, 113, 114, 119, 121, 123, 126, 133, 134, 138, 142, 146, 149], [100, 103, 104, 108, 110, 111, 112, 115, 116, 124, 128, 132, 136, 137, 139, 140, 141, 145, 147, 148], [1, 2, 3, 6, 8, 9, 11, 12, 13, 22, 25, 29, 30, 34, 35, 38, 41, 42, 45, 47, 49]], "centers": [[5.227586206896553, 3.658620689655172, 1.5137931034482757, 0.2793103448275862], [6.404999999999999, 3.0249999999999995, 4.63, 1.475], [7.566666666666666, 2.85, 6.449999999999999, 2.0666666666666664], [5.523076923076923, 2.6153846153846154, 3.9192307692307695, 1.2153846153846155], [7.014285714285714, 3.2142857142857144, 5.871428571428572, 2.157142857142857], [7.800000000000001, 3.8, 6.550000000000001, 2.1], [5.9947368421052625, 2.6631578947368424, 4.915789473684209, 1.7052631578947368], [6.525000000000001, 3.045, 5.49, 2.12], [4.7, 3.10952380952381, 1.3904761904761904, 0.20000000000000004]]}