{"clusters": [[146, 165, 173, 143, 43, 155, 123, 83, 107, 79, 92, 101, 137, 126, 122, 105, 128, 65, 99, 106, 108, 90, 125, 129, 119, 75], [158, 177, 159, 153, 157, 144], [71, 142, 72, 139, 70, 86, 89, 82, 91, 127, 112, 87, 94, 109, 113, 115], [95, 78, 69, 110], [62, 68, 66, 38, 76, 140, 130, 81, 85, 61, 111, 117, 67, 63, 98, 102, 60, 93, 97, 64, 100, 114, 80, 77, 84, 103, 116, 88, 120], [172, 156, 168, 150, 166, 169, 174, 148, 175, 152, 149, 73, 131, 147, 132, 151, 133, 160, 136, 96], [59], [164, 161, 138, 141, 176, 145, 163, 162, 167, 118, 171, 135, 154, 134, 170], [8, 13, 6, 14, 3, 16, 0, 56, 7, 20, 29, 49, 47, 42, 9, 52, 33, 12, 54, 58, 22, 55, 40, 27, 1, 44, 50, 104, 124], [46, 39, 45, 5, 18, 11, 10, 48, 28, 51, 17, 53, 30, 32, 19, 15, 31, 34, 24, 35, 41, 26, 57, 36, 4, 2, 25, 37, 21, 23, 74, 121]], "centers": [[-0.6431011478017755, 1.0625204952000868, 0.3599894728883017, 1.1275870159891936, -0.6137750450412577, -0.04824998370120975, -0.15488160783926452, 1.1937322803174024, -0.2731479472651701, -0.2543900302464835, -0.8882142581977683, -0.4896732928938723, -0.9979988691820145], [0.43775569659368996, 0.13343913950825548, 0.3417127683320781, 0.30180328719399563, -0.43824169347097514, -0.152401534339829, -1.0684913251664392, 1.6369116138140791, 0.8569463167173162, 2.628688906194089, -1.7218086141820221, -1.3653878384094769, -0.3165172091203249], [-1.1866177324120657, -0.9123384251110522, 0.35998947288830085, 1.0525157679169028, -1.2456951106942749, -0.9135090197758924, -0.6167063001145396, 0.7102639165028455, -0.13298121684873793, -0.9335249034965507, 0.976404695977537, 0.10355268955218278, -0.6588502860204727], [-0.9025067904566858, -1.1188009485981258, -1.8880451875271462, -1.1095361765650698, 3.0724253379346758, -0.6731592875329251, -0.4661112917639064, -0.9415863265302234, 1.820592588330289, -0.8361966573301399, 0.9325313088204708, 0.11061490362892137, -0.041058500730903655], [-0.7789802939543485, -1.1367542115100453, -0.9742099597159882, -0.29876669738433015, -0.8244150669255967, 1.9626761093982834, 1.7275559965436504, -0.9818753568481032, 0.6291753797906134, -0.24141293075762868, 0.3621772757786129, 0.22361032885674145, -0.2767110373877496], [0.11658680568760828, 0.505969344930584, 0.6889701549003179, 1.2026582640614842, 1.0362384597193983, -0.7853224959129764, -0.697023637901544, -0.4984069930335463, -0.42207509833262963, 1.38072450534922, -1.6121251462893573, -1.8103073252440178, -0.8260362072972891], [-0.7789802939543485, -1.2534504204375216, -3.6791622340370145, -2.671018136468717, -0.8244150669255967, -0.5049144749628479, -1.4650581804897735, -0.6595631143050651, -2.0515133394236567, -1.3444663873102858, 0.40605066293567893, -1.1182103457236205, -0.7225401607925932], [-0.18605311074312186, 0.8381047088010938, 0.7803536776814342, 0.75223077562774, 0.43942506438043766, -1.0336838858973763, -1.4349391788196466, 1.9189348260392372, -1.1053879091127377, 0.2257626508411438, -0.38367030589150924, -0.7086019292727734, -0.563315473862292], [1.0615645039304995, -0.8854085307431729, -0.35280200480440144, -1.0494791781072375, -0.12228166064446654, 1.097417073323601, 1.1251759631411176, -1.143031478119622, 0.45396696677007314, 0.9351774228985389, 0.2305571143074148, 1.3253157248279859, 0.9493190519755705], [0.7465719378495369, -0.5398082196887237, 0.5975866321192025, -0.403866444685537, 0.6500650862647767, 0.8971256297877949, 1.0247792909073623, -0.8207192355765842, 0.19991476789028917, 0.8832690249431199, 0.9983413895560699, 0.3789790385449937, 2.1196205009132854]]}