{"clusters": [[95, 78, 69, 110], [25, 73, 121], [62, 66, 76, 81, 85, 104, 67, 63, 98, 59, 93, 97, 106, 108, 100, 80, 74, 103, 116, 75, 94], [46, 14, 16, 0, 39, 56, 45, 48, 7, 20, 42, 28, 17, 53, 33, 54, 30, 22, 32, 19, 15, 55, 40, 34, 24, 35, 41, 27, 57, 36, 4, 2, 38, 50, 37, 23, 99, 124], [142, 72, 43, 83, 21, 139, 79, 111, 126, 122, 117, 128, 102, 114, 125, 119, 77, 84, 112, 88, 120], [158, 172, 177, 156, 164, 165, 173, 161, 168, 138, 159, 166, 174, 148, 175, 153, 155, 176, 149, 147, 162, 167, 151, 171, 137, 157, 160], [146, 143, 150, 169, 141, 145, 152, 123, 163, 131, 130, 132, 118, 133, 70, 136, 144, 170, 129, 96], [71, 101, 105, 65, 60, 64, 86, 90, 89, 82, 91, 127, 87, 109, 113, 115], [8, 13, 6, 3, 5, 18, 11, 10, 29, 49, 47, 9, 51, 52, 12, 58, 31, 26, 1, 44], [68, 140, 107, 92, 61, 135, 154, 134]], "centers": [[-0.9025067904566939, -1.1188009485981263, -1.8880451875271418, -1.109536176565069, 3.0724253379346758, -0.6731592875329249, -0.46611129176390736, -0.941586326530223, 1.8205925883302896, -0.8361966573301395, 0.932531308820469, 0.11061490362891926, -0.041058500730903585], [-0.01311601563985471, -0.5981563241524622, 0.8534604959063307, 3.1545107139410415, 2.7564653051081676, 1.6101631687752647, 0.8641446153333526, -1.2236095387553811, 0.6466962210926687, -0.7388684111637285, 1.546758729019393, 1.2546935840605964, 0.758249427659209], [-0.8778014911562277, 0.44313292473886595, -0.535569050366628, -0.4489091935289113, -0.8244150669255967, 0.2481813527317836, 0.22160591303731755, -0.9012972962123432, 0.6992587449988309, -1.2579523907179202, 0.8447845345063365, 0.9722050209910463, -1.4549737206719793], [0.8145115109258152, 0.11548587659633597, 0.34171276833208214, -0.9894221796494044, 0.7202784268928897, 0.42443782304329275, 0.8340256136632258, -0.5386960233514256, 0.3926440222128851, -0.25439003024648316, 0.603480905142474, 0.7109031001517129, 0.5432961003033022], [-0.7172170457031862, -0.6520161128882205, -0.6452292777039679, 0.9023732717723211, 0.5798517456366636, -0.4728678439971187, 0.06097123746330867, -0.176094750490508, 0.03346677552077742, -1.2968836891844846, 0.44992405009274333, 0.4919744637728117, -1.2798265650486478], [0.3945214228178635, 0.8111748144332148, 0.04928549543251149, 0.6020882794831585, -0.5435617044131447, -0.5850310523771702, -1.2743045032456388, 0.7102639165028459, -0.5972835113531684, 1.4542614024527312, -1.7876186949176214, -1.4006989087931727, -0.3085559747738098], [-0.16134781144266142, -0.14932475135447587, -0.023821322792381167, -0.1486242012397485, 0.9309184487772287, -1.4262551152275558, -0.7974203101353006, -1.102742447801742, -1.2367942188781411, -0.13327043501717167, -0.9101509517763022, -1.7749962548603264, -0.5314705364762315], [-1.137207133811138, -0.6789460072560998, -0.2065883683546128, 0.46696003295303534, -1.7020818247770095, -0.6331009988257633, -0.48619062621065845, 0.8714200377743648, -0.14174163749976337, -1.2925579893548662, 0.5157341308283424, 0.1812370443963068, -0.6190441142878973], [1.135680401831896, -0.5667381140566032, -0.6269525731477443, -0.8392796835048231, 0.33410505343826813, 1.113440388806466, 1.4414254806774467, -0.7804302052587041, 0.9095088406234797, 1.0562970181278508, 0.2524938078859465, 0.852147381686488, 1.1961173167175376], [-0.41457712927245605, -0.8001305319115559, -0.8279963232661997, -0.22369544931203922, -0.6839883856693707, -0.9535673084830534, -0.5966269656677896, 1.55633355317832, -0.825054448279871, -0.28466992905381094, 0.055063565679149225, -1.111148131646884, -0.8738036133763794]]}