{"clusters": [[8, 6, 14, 3, 158, 16, 39, 5, 18, 172, 177, 11, 10, 7, 49, 146, 156, 164, 53, 33, 12, 54, 165, 30, 58, 173, 161, 143, 168, 31, 55, 142, 150, 138, 159, 166, 41, 169, 174, 26, 141, 68, 148, 27, 57, 175, 43, 4, 153, 1, 155, 176, 145, 152, 149, 123, 83, 25, 73, 163, 140, 131, 147, 130, 162, 139, 167, 132, 151, 171, 61, 135, 154, 137, 134, 95, 157, 160, 78, 70, 136, 144, 69, 170, 96], [13, 46, 0, 56, 45, 48, 20, 29, 47, 42, 28, 71, 9, 51, 17, 52, 22, 32, 62, 19, 15, 40, 34, 24, 72, 35, 36, 2, 66, 38, 44, 50, 37, 76, 21, 23, 118, 81, 107, 79, 133, 92, 85, 101, 111, 104, 126, 122, 105, 117, 128, 65, 67, 63, 98, 59, 102, 60, 99, 93, 97, 106, 108, 64, 86, 100, 90, 114, 89, 82, 125, 129, 119, 91, 80, 74, 124, 77, 84, 103, 116, 127, 112, 75, 87, 88, 94, 109, 121, 110, 120, 113, 115]], "centers": [[0.3945214228178712, 0.8111748144332148, 0.049285495432507445, 0.6020882794831586, -0.5435617044131447, -0.5850310523771705, -1.274304503245638, 0.7102639165028455, -0.5972835113531701, 1.4542614024527307, -1.787618694917621, -1.4006989087931705, -0.30855597477380986], [-0.7048643960529447, -0.723829164535898, -0.27969518657950876, 0.6020882794831586, -0.9648417481818228, 0.7128575017348536, 1.1251759631411176, 0.2267955526882888, 0.31380023635364057, -0.48365212121625145, -1.1733912747186974, 0.3224813259310837, -1.2575351088784057]]}