{"clusters": [[8, 6, 14, 3, 158, 16, 39, 5, 18, 172, 177, 11, 10, 7, 49, 146, 156, 164, 53, 33, 12, 54, 165, 30, 58, 173, 161, 143, 168, 31, 55, 142, 150, 138, 159, 166, 41, 169, 174, 26, 141, 68, 148, 27, 57, 175, 43, 4, 153, 1, 155, 176, 145, 152, 149, 123, 83, 25, 73, 163, 140, 131, 147, 130, 162, 139, 167, 132, 151, 171, 61, 135, 154, 137, 134, 95, 157, 160, 78, 70, 136, 144, 69, 170, 96], [13, 46, 0, 56, 45, 48, 20, 29, 47, 42, 28, 71, 9, 51, 17, 52, 22, 32, 62, 19, 15, 40, 34, 24, 72, 35, 36, 2, 66, 38, 44, 50, 37, 76, 21, 23, 118, 81, 107, 79, 133, 92, 85, 101, 111, 104, 126, 122, 105, 117, 128, 65, 67, 63, 98, 59, 102, 60, 99, 93, 97, 106, 108, 64, 86, 100, 90, 114, 89, 82, 125, 129, 119, 91, 80, 74, 124, 77, 84, 103, 116, 127, 112, 75, 87, 88, 94, 109, 121, 110, 120, 113, 115]], "centers": [[0.3945214228178635, 0.8111748144332148, 0.04928549543251149, 0.6020882794831585, -0.5435617044131447, -0.5850310523771702, -1.2743045032456388, 0.7102639165028459, -0.5972835113531684, 1.4542614024527312, -1.7876186949176214, -1.4006989087931727, -0.3085559747738098], [-0.7048643960529527, -0.7238291645358983, -0.27969518657950465, 0.6020882794831585, -0.9648417481818228, 0.7128575017348538, 1.1251759631411167, 0.22679555268828921, 0.31380023635364196, -0.48365212121625106, -1.1733912747186983, 0.3224813259310816, -1.2575351088784057]]}