{"clusters": [[71, 62, 24, 138, 72, 141, 68, 66, 76, 118, 81, 107, 92, 85, 61, 101, 111, 104, 134, 117, 128, 65, 67, 63, 59, 93, 70, 97, 106, 108, 64, 86, 100, 90, 114, 89, 82, 125, 91, 80, 77, 84, 103, 116, 75, 87, 88, 94, 109, 113, 115], [8, 13, 6, 46, 14, 3, 158, 16, 0, 39, 56, 5, 11, 48, 7, 20, 29, 49, 47, 42, 9, 51, 17, 52, 53, 12, 54, 58, 22, 32, 19, 15, 55, 40, 34, 35, 159, 166, 41, 26, 27, 57, 36, 153, 1, 2, 38, 83, 44, 50, 37, 23, 151, 95, 126, 105, 98, 78, 99, 69, 129, 119, 124, 112, 110], [45, 18, 172, 177, 10, 146, 28, 156, 164, 33, 165, 30, 173, 161, 143, 168, 31, 142, 150, 169, 174, 148, 175, 43, 4, 155, 176, 145, 152, 149, 123, 25, 73, 163, 21, 140, 131, 147, 130, 162, 139, 167, 132, 171, 79, 133, 135, 154, 137, 157, 122, 160, 102, 60, 136, 144, 170, 74, 96, 127, 121, 120]], "centers": [[-0.8778014911562277, 0.44313292473886595, -0.535569050366628, -0.4489091935289113, -0.8244150669255967, 0.2481813527317836, 0.22160591303731755, -0.9012972962123432, 0.6992587449988309, -1.2579523907179202, 0.8447845345063365, 0.9722050209910463, -1.4549737206719793], [0.6909850144234768, -0.5442965354167039, 0.3417127683320821, 0.3018032871939956, 1.1415584706615678, 1.0653704423578723, 0.7537082758762212, -1.3041875993911405, 1.5052174448933173, 0.5155845394255679, 0.09893695283621524, 0.590845460847154, 1.1881560823710224], [0.06099988226154919, 1.4260740691664557, 1.1276110642496775, 1.1275870159891932, 0.3692117237523246, 0.5285893736819118, 0.6382521028074027, 0.18650652237040927, 0.6554566417436956, -0.8513366067338033, -0.12042998294911489, 0.7603385986888844, -0.451858193011081]]}