{"clusters": [[158, 172, 177, 146, 164, 165, 173, 161, 143, 168, 142, 150, 159, 166, 169, 174, 141, 148, 175, 153, 155, 176, 149, 123, 73, 163, 147, 162, 139, 167, 151, 171, 61, 135, 154, 137, 95, 157, 59, 136, 144, 170], [71, 62, 138, 72, 68, 145, 152, 83, 76, 140, 131, 130, 132, 81, 107, 133, 92, 101, 111, 104, 134, 126, 122, 105, 117, 128, 67, 102, 60, 93, 70, 106, 108, 100, 90, 114, 89, 82, 125, 119, 91, 77, 84, 103, 116, 127, 112, 87, 88, 94, 109, 120, 113], [8, 13, 6, 46, 14, 3, 16, 0, 39, 56, 45, 5, 18, 11, 10, 48, 7, 20, 29, 49, 47, 42, 28, 9, 156, 51, 17, 52, 53, 33, 12, 54, 30, 58, 22, 32, 19, 15, 31, 55, 40, 34, 24, 35, 41, 26, 27, 57, 36, 43, 4, 1, 2, 66, 38, 25, 44, 50, 37, 21, 23, 118, 79, 85, 65, 63, 98, 160, 78, 99, 97, 69, 64, 86, 129, 80, 74, 124, 96, 75, 121, 110, 115]], "centers": [[0.2092316780643626, 1.3946558590705966, -0.07865143646105431, 0.4519457833385771, 0.4745317346944941, -0.961578966224486, -1.3797210090910812, 1.677200644131959, -0.15050205815079182, 1.5321239993858597, -1.5682517591322913, -1.4995699058675132, 0.11338944559148861], [-0.7789802939543485, -1.046987896950448, -1.6321713237400224, 0.03154679413374947, -1.526548473206727, -0.29661137368560975, -0.029385767547070167, -0.7401411749408247, -0.9652211786963052, -0.16355033382450007, 0.7131643730351411, 1.2264447277536437, -0.7543850981786535], [0.6292217661723143, -0.48146011522498544, 1.0362275414685576, -0.14862420123974868, 0.7202784268928897, 0.08794819790313836, 0.5027165952918337, -0.5789850536693061, -0.08917911359360259, -0.3711839256461765, 0.6254175987210091, 0.3648546103915165, 1.1085437389058719]]}