{"clusters": [[95, 78, 69, 110], [172, 177, 146, 156, 164, 165, 173, 161, 143, 168, 142, 150, 138, 72, 159, 166, 41, 169, 174, 141, 148, 175, 43, 153, 155, 176, 145, 152, 149, 123, 83, 73, 163, 140, 131, 147, 130, 162, 139, 167, 132, 151, 118, 171, 107, 133, 92, 135, 154, 137, 134, 157, 126, 122, 105, 128, 160, 60, 70, 136, 144, 170, 89, 129, 77, 127, 112, 88], [62, 68, 1, 66, 76, 81, 79, 85, 61, 101, 111, 104, 117, 67, 63, 98, 59, 102, 99, 93, 97, 106, 108, 64, 86, 100, 90, 114, 125, 119, 91, 80, 74, 84, 103, 116, 75, 94, 120, 113, 115], [8, 13, 6, 46, 14, 3, 158, 16, 0, 39, 56, 45, 5, 18, 11, 10, 48, 7, 20, 29, 49, 47, 42, 28, 71, 9, 51, 17, 52, 53, 33, 12, 54, 30, 58, 22, 32, 19, 15, 31, 55, 40, 34, 24, 35, 26, 27, 57, 36, 4, 2, 38, 25, 44, 50, 37, 21, 23, 65, 82, 124, 96, 87, 109, 121]], "centers": [[-0.9025067904566858, -1.1188009485981258, -1.8880451875271462, -1.1095361765650698, 3.0724253379346758, -0.6731592875329251, -0.4661112917639064, -0.9415863265302234, 1.820592588330289, -0.8361966573301399, 0.9325313088204708, 0.11061490362892137, -0.041058500730903655], [-0.11811353766683477, 0.5059693449305842, 0.6706934503440951, 0.30180328719399563, 0.018145020611759516, -1.4022201420032592, -1.1739078310118825, 0.18650652237040904, -1.4032422112476566, -0.0251279392767155, -0.8882142581977681, -1.054650419032972, -0.579237942555322], [-0.8778014911562196, -0.8315487420074148, -1.4128508690653443, -1.0494791781072375, -1.035055088809936, 0.40841450756042774, 0.47259759362170717, -0.5789850536693061, 0.31380023635364057, -0.9335249034965509, 1.1957716317628666, 0.18123704439630925, -1.0155135847443477], [0.913332708127694, -0.5981563241524619, -0.42590882302929406, -0.9293651811915726, 1.2819851519177938, 0.4885310849747506, 0.874184282556729, -1.2236095387553816, 0.050987616822829956, 0.34255654624083676, -0.16430337010617904, 0.830960739456274, 0.9970864580546609]]}