{"clusters": [[95, 78, 69, 110], [172, 177, 146, 156, 164, 165, 173, 161, 143, 168, 142, 150, 138, 72, 159, 166, 41, 169, 174, 141, 148, 175, 43, 153, 155, 176, 145, 152, 149, 123, 83, 73, 163, 140, 131, 147, 130, 162, 139, 167, 132, 151, 118, 171, 107, 133, 92, 135, 154, 137, 134, 157, 126, 122, 105, 128, 160, 60, 70, 136, 144, 170, 89, 129, 77, 127, 112, 88], [62, 68, 1, 66, 76, 81, 79, 85, 61, 101, 111, 104, 117, 67, 63, 98, 59, 102, 99, 93, 97, 106, 108, 64, 86, 100, 90, 114, 125, 119, 91, 80, 74, 84, 103, 116, 75, 94, 120, 113, 115], [8, 13, 6, 46, 14, 3, 158, 16, 0, 39, 56, 45, 5, 18, 11, 10, 48, 7, 20, 29, 49, 47, 42, 28, 71, 9, 51, 17, 52, 53, 33, 12, 54, 30, 58, 22, 32, 19, 15, 31, 55, 40, 34, 24, 35, 26, 27, 57, 36, 4, 2, 38, 25, 44, 50, 37, 21, 23, 65, 82, 124, 96, 87, 109, 121]], "centers": [[-0.9025067904566939, -1.1188009485981263, -1.8880451875271418, -1.109536176565069, 3.0724253379346758, -0.6731592875329249, -0.46611129176390736, -0.941586326530223, 1.8205925883302896, -0.8361966573301395, 0.932531308820469, 0.11061490362891926, -0.041058500730903585], [-0.11811353766684266, 0.5059693449305841, 0.670693450344099, 0.3018032871939956, 0.018145020611759516, -1.402220142003259, -1.1739078310118833, 0.1865065223704095, -1.4032422112476544, -0.025127939276715083, -0.8882142581977692, -1.0546504190329742, -0.579237942555322], [-0.8778014911562277, -0.8315487420074152, -1.41285086906534, -1.049479178107237, -1.035055088809936, 0.40841450756042796, 0.4725975936217062, -0.5789850536693056, 0.31380023635364196, -0.9335249034965505, 1.1957716317628648, 0.1812370443963071, -1.0155135847443477], [0.9133327081276863, -0.5981563241524622, -0.4259088230292899, -0.9293651811915721, 1.2819851519177938, 0.48853108497475084, 0.874184282556728, -1.2236095387553811, 0.050987616822831476, 0.34255654624083715, -0.16430337010618035, 0.8309607394562719, 0.997086458054661]]}