{"clusters": [[158, 172, 177, 146, 156, 164, 165, 173, 161, 143, 168, 142, 138, 166, 169, 174, 148, 175, 153, 155, 176, 145, 149, 83, 73, 163, 140, 147, 162, 139, 167, 137, 95, 157, 160, 136, 144, 170, 127], [150, 159, 141, 68, 152, 131, 130, 132, 151, 171, 92, 61, 135, 154, 134, 105, 59, 70], [71, 62, 72, 43, 1, 66, 44, 76, 21, 118, 81, 107, 79, 85, 101, 111, 104, 126, 122, 117, 128, 65, 67, 63, 98, 102, 60, 99, 93, 97, 106, 108, 64, 86, 100, 90, 114, 89, 82, 125, 119, 91, 80, 74, 77, 84, 103, 116, 112, 75, 87, 88, 94, 109, 120, 113, 115], [8, 13, 6, 46, 14, 3, 16, 0, 39, 56, 5, 18, 11, 10, 48, 7, 20, 29, 49, 47, 42, 28, 9, 51, 17, 52, 53, 33, 12, 54, 30, 58, 22, 32, 19, 15, 31, 55, 40, 34, 24, 35, 26, 27, 57, 36, 4, 2, 38, 25, 50, 37, 23, 133, 78, 69, 96, 121], [45, 41, 123, 129, 124, 110]], "centers": [[0.2092316780643626, 2.561617948345361, -0.17003495924217055, 0.75223077562774, -0.47334836378503165, -0.8894740465515957, -1.4048201771495201, 1.9995128866749967, -0.07165827229154852, 1.229325011312581, -1.5682517591322913, -1.5984409029418556, -0.06971894437835789], [-0.2725216582947594, 0.17383398106007433, 0.04928549543250743, 0.3768745352662864, -0.05206832001635353, -1.3781851687789626, -1.098610326836566, -0.014938629218989807, -1.1229087504147917, 2.2891212532840637, -1.8973021628102862, -1.4995699058675132, -0.8658423790298644], [-0.8778014911562196, 0.44313292473886606, -0.5355690503666323, -0.44890919352891157, -0.8244150669255967, 0.2481813527317834, 0.2216059130373185, -0.9012972962123437, 0.6992587449988297, -1.2579523907179206, 0.8447845345063383, 0.9722050209910484, -1.4549737206719793], [0.9195090329528108, -0.5712264297845827, -0.1334815501297234, -0.989422179649405, 0.26389171281015505, 0.4885310849747506, 0.8039066119931001, -0.9012972962123438, 0.2174356091923434, 0.28848529837060843, 0.34024058220007963, 0.6190943171541115, 1.4110706440734442], [-0.5628089250752548, 2.4359451079619245, -0.4076321184730713, 0.6771595275554493, -1.175481770066162, 0.10397151338600288, 0.17140757692044073, -0.01493862921898978, 0.156112664635154, -1.0632958983850986, -0.8662775646192351, 0.3154191118543451, -0.8499199103368342]]}