{"clusters": [[71, 66, 63, 98, 99, 74, 94, 110], [142, 24, 68, 43, 145, 83, 73, 21, 140, 162, 139, 118, 79, 92, 61, 135, 154, 111, 134, 157, 126, 122, 105, 117, 128, 65, 102, 60, 93, 70, 108, 90, 114, 82, 125, 129, 119, 91, 124, 77, 84, 103, 116, 127, 112, 75, 87, 88, 109, 120, 113], [158, 172, 177, 146, 156, 164, 165, 173, 161, 143, 168, 150, 138, 159, 166, 169, 174, 141, 148, 175, 4, 153, 155, 176, 152, 149, 123, 25, 163, 131, 147, 130, 167, 132, 151, 171, 133, 137, 160, 136, 144, 170], [8, 13, 6, 46, 14, 3, 16, 0, 39, 56, 45, 5, 18, 11, 10, 48, 7, 20, 29, 49, 47, 42, 28, 9, 51, 17, 52, 53, 33, 12, 54, 30, 58, 22, 32, 19, 15, 31, 55, 40, 34, 35, 41, 26, 27, 57, 36, 1, 2, 38, 44, 50, 37, 23, 95, 78, 69, 96, 121], [62, 72, 76, 81, 107, 85, 101, 104, 67, 59, 97, 106, 64, 86, 100, 89, 80, 115]], "centers": [[-0.8283908925552922, -0.19420790863427467, -0.7731662095975296, -0.37383794545662064, -0.8244150669255967, 1.4258950407223234, 1.3460486420553788, -0.13580572017262843, 1.3825715557789384, -0.7172399120156373, 1.1957716317628648, 0.26598361331717185, -0.6811417421907149], [-0.7789802939543566, -1.0110813711266096, 0.7072468594565454, -0.41888069429999464, -0.12228166064446651, 0.2001114062831897, 0.6231926019723393, 0.06563943141677016, 0.8569463167173175, -0.19815593246144578, 1.0202780831346008, -0.44023779435670324, -0.21939015009284102], [0.28952390079087553, 0.5463641864824026, 0.7620769731252144, 0.07658954297712348, 0.5798517456366636, 0.00783162048881586, -0.27033778090808425, 1.1131542196816433, 0.4452065461190474, 1.0216914194909046, -0.6907840159909722, -0.5532332195845229, -0.13340881915047834], [0.9256853577779199, -0.5442965354167039, 0.15894572276985128, -1.049479178107237, -0.7542017262974837, 0.48853108497475084, 0.7336289414294702, -0.5789850536693056, 0.38388360156185825, 0.23441405050038058, 0.8447845345063365, 0.40722789485194666, 1.8250548300922276], [-0.7789802939543566, -1.1502191586939854, -2.6556667788885138, -1.319735671167483, -1.175481770066162, -0.4007629243242286, -0.7472219740184227, -0.6998521446229444, -1.5083672590599788, -0.7540083605673925, 0.5596075179854083, 0.054117191015009336, -0.7384626294856232]]}