{"clusters": [[68, 1, 38, 61, 101, 59, 60, 75, 115], [71, 145, 163, 131, 130, 132, 133, 70, 69, 170, 77, 96], [8, 13, 14, 158, 39, 172, 177, 156, 164, 173, 161, 168, 150, 159, 166, 169, 174, 148, 175, 153, 155, 176, 152, 149, 167, 151, 171, 135, 95, 157, 160, 144], [6, 46, 3, 16, 0, 56, 45, 5, 18, 11, 10, 48, 7, 20, 29, 49, 28, 9, 51, 17, 53, 33, 12, 54, 30, 58, 22, 32, 15, 31, 55, 40, 34, 24, 35, 41, 26, 27, 57, 36, 2, 25, 37, 73, 21, 23, 65, 78, 82, 121], [47, 42, 52, 62, 19, 66, 44, 50, 76, 118, 81, 85, 111, 104, 67, 63, 98, 99, 93, 97, 106, 108, 64, 100, 119, 80, 74, 124, 84, 103, 116, 94, 110, 113], [146, 165, 143, 142, 138, 72, 141, 43, 4, 123, 83, 140, 147, 162, 139, 107, 79, 92, 154, 137, 134, 126, 122, 105, 117, 128, 102, 136, 86, 90, 114, 89, 125, 129, 91, 127, 112, 87, 88, 109, 120]], "centers": [[-0.4948693519989688, -0.8943851621991327, -1.705278141964915, -0.29876669738433015, -0.8244150669255967, -1.354150195554666, -0.671924469843105, -0.5789850536693061, -0.42207509833262946, -1.1281813958293727, 0.3621772757786129, 0.22361032885674145, -0.5887914237711401], [-0.3034032824203434, 0.5328992392984632, 0.049285495432507445, 0.9774445198446121, 0.15857170186798555, -1.3942084842618272, -0.8877773151456794, -1.1430314781196218, -1.3243984253884133, 0.12627155475992374, -1.0417711132474992, -1.8173695393207567, -0.5314705364762317], [0.49334262001974233, 1.7223029072131264, 1.1093343596934502, 1.3528007602060659, 0.5096384050085506, -0.6491243143086283, -1.1789276646235702, -0.09551668985474909, -0.579762670051116, 1.2293250113125809, -1.1953279682972302, -1.2312057709514406, -0.1811762252295688], [0.8948037336523436, -0.7821772689996362, 0.8534604959063268, 0.031546794133748945, 0.3341050534382681, 1.4499300139466198, 1.4364056470657598, -0.9818753568481033, 1.0847172536440188, 0.5155845394255674, 0.3621772757786127, 0.25185918516369643, 1.7135975492410167], [-0.8283908925552841, -0.1942079086342744, -0.7731662095975338, -0.37383794545662086, -0.8244150669255967, 1.425895040722323, 1.3460486420553799, -0.13580572017262887, 1.3825715557789375, -0.7172399120156377, 1.1957716317628666, 0.26598361331717396, -0.6811417421907149], [-0.6060431988510735, -0.9841514767587299, -0.42590882302929406, -0.599051689673493, -1.035055088809936, -0.4728678439971189, -1.4550185132663978, 1.9189348260392372, -0.5972835113531701, 0.16952855305610642, -0.9101509517763011, -1.556067618481423, -0.30855597477380986]]}