{"clusters": [[158, 172, 177, 146, 156, 164, 165, 173, 143, 168, 159, 166, 169, 174, 148, 175, 153, 155, 176, 152, 149, 123, 147, 162, 167, 151, 171, 135, 137, 157, 160, 144], [3, 0, 20, 52, 95, 78, 69, 96, 110], [62, 141, 145, 38, 76, 131, 132, 118, 107, 61, 101, 154, 104, 67, 70, 106, 170, 90, 89, 116, 75], [8, 13, 6, 46, 14, 16, 39, 56, 45, 5, 18, 11, 10, 48, 7, 29, 49, 47, 42, 28, 9, 51, 17, 53, 33, 12, 54, 30, 58, 22, 32, 19, 15, 31, 55, 40, 34, 150, 24, 35, 41, 26, 27, 57, 36, 43, 4, 2, 25, 37, 21, 130, 23, 79, 122, 136, 129, 124, 112, 121], [1, 66, 44, 50, 81, 133, 85, 63, 98, 59, 99, 93, 97, 100, 80, 74, 103, 94, 115], [71, 161, 142, 138, 72, 68, 83, 73, 163, 140, 139, 92, 111, 134, 126, 105, 117, 128, 65, 102, 60, 108, 64, 86, 114, 82, 125, 119, 91, 77, 84, 127, 87, 88, 109, 120, 113]], "centers": [[0.30805287526622593, 1.3048895445109996, -0.3528020048043981, -0.07355295316745787, 0.6500650862647767, -0.9615789662244856, -1.2743045032456388, 1.274310340953162, 0.033466775520777425, 2.293447169398674, -1.6779352270249568, -1.5207565480977316, 0.025815867779822962], [-0.655453797452016, -0.732805795991858, -0.6086758685915207, -0.14862420123974854, 4.371372139554767, 0.32829793014610575, 0.24168524748406867, -0.337250871762027, 2.959447272963802, -1.0632958983850982, 0.8886579216634025, 0.025868334708054205, 0.6053937282061198], [-0.49486935199897675, -0.8943851621991331, -1.7052781419649106, -0.29876669738433, -0.8244150669255967, -1.3541501955546658, -0.671924469843106, -0.5789850536693056, -0.42207509833262774, -1.1281813958293723, 0.36217727577861136, 0.22361032885673932, -0.58879142377114], [0.857745784701634, -0.441065273673167, -0.02382132279238116, -0.7792226850469902, 0.1936783721820421, 0.35233290337040235, 0.7587281094879093, -0.1358057201726284, 0.41892528416596614, -0.5355605191716702, 0.9325313088204691, 1.1628848010629929, 0.8458230054708747], [-0.7789802939543566, -1.253450420437522, -3.6791622340370096, -2.6710181364687156, -0.8244150669255967, -0.5049144749628477, -1.4650581804897744, -0.6595631143050646, -2.0515133394236544, -1.3444663873102853, 0.4060506629356774, -1.1182103457236228, -0.7225401607925931], [-0.7789802939543566, -1.0110813711266096, 0.7072468594565454, -0.41888069429999464, -0.12228166064446651, 0.2001114062831897, 0.6231926019723393, 0.06563943141677016, 0.8569463167173175, -0.19815593246144578, 1.0202780831346008, -0.44023779435670324, -0.21939015009284102]]}