{"clusters": [[8, 13, 6, 46, 45, 5, 18, 11, 29, 47, 42, 9, 52, 12, 58, 22, 19, 31, 24, 41, 26, 68, 27, 57, 36, 175, 43, 1, 176, 23, 61, 74], [71, 62, 150, 72, 152, 38, 44, 130, 132, 81, 107, 133, 92, 85, 154, 111, 134, 126, 117, 128, 65, 67, 102, 70, 106, 108, 64, 86, 90, 114, 89, 82, 125, 91, 80, 77, 84, 127, 112, 75, 87, 88, 94, 109, 120, 113], [25, 73, 122, 121], [95, 78, 69], [14, 3, 158, 16, 0, 39, 56, 10, 48, 7, 20, 49, 28, 51, 17, 53, 33, 54, 30, 32, 15, 55, 40, 34, 35, 4, 2, 50, 37, 60, 96], [172, 177, 146, 156, 164, 165, 173, 161, 143, 168, 142, 138, 159, 166, 169, 174, 141, 148, 153, 155, 145, 149, 123, 83, 163, 140, 131, 147, 162, 139, 167, 151, 118, 171, 135, 137, 157, 105, 160, 136, 144, 170], [66, 76, 21, 79, 101, 104, 63, 98, 59, 99, 93, 97, 100, 129, 119, 124, 103, 116, 110, 115]], "centers": [[0.8330404854011668, 0.12895082378027556, 0.34171276833208214, -1.079507677336153, 0.6149584159507202, 0.5766593201305055, 0.9294024522852935, -1.1430314781196214, 0.1473522439841284, -0.2630414299057197, 0.3402405822000783, 1.5089332908231912, 0.6149472094219378], [-0.8469198670306426, -0.274997591737912, -0.11520484557349658, 0.36186028565182793, 0.053251690925816046, -0.7452642072058149, -0.4661112917639074, -0.055227659536868916, -0.36075215377543873, -0.9227106539225048, -0.4582550640585224, -0.016504949752378262, -0.29581799981938567], [-0.3651665306715205, 0.6406188167699798, 1.0910576551372313, 2.629011977435007, 1.4575185034880767, 0.728880817217718, 0.48263726084508174, -0.3372508717620271, 0.42768570481699314, -1.0135503503444883, 0.6912276794566063, 0.986329449144524, -0.2289436313086592], [-0.8283908925552911, -1.2085672631577236, -1.522511096402679, -1.409821168854232, 2.545825283223828, -0.6331009988257638, -0.17998077589770423, -0.0955166898547489, 2.048363525256992, -0.7172399120156373, 0.44992405009274333, -0.42611336620322543, 0.00989339908679284], [0.9503906570783872, -0.39169380066538867, 1.1458877688059013, -0.7191656865891572, 1.0713451300334549, 1.1294637042893303, 0.763747943099597, 0.22679555268828921, 0.15611266463515547, 0.5372130385736591, 0.7570377601922045, 0.4496011793123795, 2.000201985715559], [0.14746842981318561, 1.2555180715032208, -0.40763211847306713, 0.5270170314108678, 0.5447450753226072, -1.3461385378132333, -1.0634714915547525, 0.18650652237040946, -0.6498460352593305, 0.7102410317583898, -1.634061839867891, -1.563129832558164, -0.18117622522956872], [-0.8778014911562277, 0.5957356594901811, -0.5538457549228517, -0.4489091935289113, -0.8244150669255967, 0.5686476623890733, 0.5930736003022129, -0.09551668985474865, 1.4176132383830466, -1.2255096419957834, 1.4370752611267275, 0.6402809593843254, -1.2702730838328298]]}