{"clusters": [[39, 72, 68, 4, 130, 81, 133, 85, 61, 111, 104, 117, 65, 67, 60, 93, 97, 106, 64, 86, 90, 114, 82, 80, 77, 84, 103, 116, 75, 88, 109, 121, 113, 115], [0, 20, 54, 55, 95, 78, 69, 110], [158, 172, 177, 146, 156, 164, 33, 165, 173, 168, 150, 138, 159, 166, 169, 174, 141, 148, 175, 153, 155, 176, 152, 149, 131, 147, 167, 132, 151, 171, 135, 137, 160, 144, 170, 96], [62, 41, 43, 145, 76, 163, 21, 118, 107, 92, 101, 154, 134, 105, 128, 70, 108, 89, 119, 91, 124], [8, 13, 6, 46, 14, 3, 16, 56, 5, 18, 11, 10, 48, 29, 49, 47, 42, 28, 9, 51, 17, 52, 53, 12, 30, 58, 22, 32, 19, 15, 31, 40, 34, 24, 35, 26, 27, 57, 36, 1, 2, 38, 50, 37, 23], [45, 7, 161, 143, 142, 123, 83, 25, 73, 140, 162, 139, 79, 157, 122, 136, 129, 127, 112, 87], [71, 66, 44, 126, 63, 98, 59, 102, 99, 100, 125, 74, 94, 120]], "centers": [[-0.9025067904566868, -0.6879226387120592, -1.15697700527822, -0.5990516896734931, -1.2105884403802185, -0.31263468916847426, 0.2366654138723817, -0.25667281112626816, 0.1911543472392621, -0.8253824077560943, 0.6912276794566077, 0.4849122496960752, -0.8849493414615006], [0.01776560848573827, -0.6385511657042806, -0.1334815501297234, 0.07658954297712348, 2.7564653051081676, 0.6968341862519888, 0.4976967616801459, -0.8207192355765842, 2.2323323589285593, -0.2738556794797656, 0.49379743724981057, 0.3083568977776062, 0.8967749052885711], [0.3636397986922861, 1.2779596501431205, -0.17003495924217057, 0.3768745352662864, 0.4394250643804376, -0.8574274155858667, -1.3094433385274524, 0.6296858558670859, -0.5096793048428998, 1.8392486872887561, -1.6998719206034891, -1.443072193253603, -0.013990303952752442], [-0.4948693519989688, -0.8943851621991327, -1.705278141964915, -0.29876669738433015, -0.8244150669255967, -1.354150195554666, -0.671924469843105, -0.5789850536693061, -0.42207509833262946, -1.1281813958293727, 0.3621772757786129, 0.22361032885674145, -0.5887914237711401], [0.9503906570783949, -0.39169380066538834, 1.1458877688058975, -0.7191656865891577, 1.0713451300334549, 1.12946370428933, 0.763747943099598, 0.2267955526882888, 0.15611266463515397, 0.5372130385736587, 0.7570377601922063, 0.4496011793123816, 2.000201985715559], [-0.1366425121421863, 0.6316421853140202, 0.9996741323561121, 0.6020882794831586, 0.08835836123987253, -1.1218121210531309, -1.4851375149365245, 1.6369116138140791, -1.2893567427843053, 0.013803359189848805, -0.6030372416768391, -0.5673576477379983, -0.5155480677832016], [-0.7975092684296989, -0.5757147455125625, -1.6687247328524681, -1.10953617656507, -0.47334836378503165, -0.040238325959777665, -0.6920038042898564, -0.41782893239778673, -1.2718359014822511, -1.1606241445515098, -0.142366676527646, -0.01650494975237604, -0.8531044040754403]]}