{"clusters": [[8, 13, 6, 46, 14, 3, 158, 16, 0, 39, 56, 45, 5, 11, 10, 48, 7, 20, 29, 49, 47, 42, 28, 9, 51, 12, 54, 30, 58, 22, 32, 19, 15, 31, 55, 40, 34, 24, 35, 159, 166, 41, 26, 27, 57, 36, 4, 1, 2, 37, 21, 23], [142, 141, 140, 139, 118, 107, 92, 61, 135, 154, 134, 126, 105, 128, 60, 86, 90, 114, 89, 82, 91, 127, 112, 75, 87, 88, 113], [71, 44, 50, 85, 111, 117, 65, 63, 98, 102, 99, 93, 97, 108, 64, 125, 74, 84, 94, 109, 120], [177, 146, 165, 173, 161, 143, 138, 169, 174, 43, 155, 123, 83, 147, 162, 79, 137, 157, 122, 160, 136, 129, 119, 124], [95, 78, 69, 110], [172, 156, 164, 168, 150, 148, 175, 176, 145, 152, 149, 163, 131, 130, 167, 132, 151, 171, 133, 70, 144, 170, 77, 96], [62, 72, 153, 66, 38, 76, 81, 101, 104, 67, 59, 106, 100, 80, 103, 116, 115], [18, 17, 52, 53, 33, 68, 25, 73, 121]], "centers": [[0.9195090329528108, -0.5712264297845827, -0.1334815501297234, -0.989422179649405, 0.26389171281015505, 0.4885310849747506, 0.8039066119931001, -0.9012972962123438, 0.2174356091923434, 0.28848529837060843, 0.34024058220007963, 0.6190943171541115, 1.4110706440734442], [-0.7789802939543485, -0.6340628499763009, -0.24314177746706322, 1.5029432563506473, -0.8244150669255967, -0.12035490337409983, 0.4223992575048296, 0.30737361332404833, 0.5415711732803431, -1.2709294902067754, -0.29592353157737716, 0.23773475701021865, -1.289380046264466], [-0.8778014911562196, 0.7483383942414965, -0.5721224594790795, -0.44890919352891157, -0.8244150669255967, 0.8891139720463628, 0.9645412875671092, 0.7102639165028455, 2.135967731767262, -1.1930668932736468, 2.0293659877471204, 0.3083568977776065, -1.0855724469936803], [0.06099988226155702, 2.2384592159308108, -0.5172923458104103, 0.75223077562774, -0.9999484184958793, -0.2565530849784483, 0.09109023913343639, 0.750552946820725, 0.3926440222128837, -0.5874689171270897, -0.7565940967265703, -0.08006487644302479, -0.9534159568415301], [-0.9025067904566858, -1.1188009485981258, -1.8880451875271462, -1.1095361765650698, 3.0724253379346758, -0.6731592875329251, -0.4661112917639064, -0.9415863265302234, 1.820592588330289, -0.8361966573301399, 0.9325313088204708, 0.11061490362892137, -0.041058500730903655], [-0.09958456319148326, 0.7932215515212954, 0.03100879087628468, -0.07355295316745797, 0.36921172375232464, -1.522395008124743, -1.073511158778127, -0.33725087176202745, -1.2367942188781431, 0.12194585493030559, -1.0856445004045652, -1.450134407330342, -0.45981942735759607], [-0.6060431988510735, -0.5442965354167035, -1.4128508690653443, 0.30180328719399563, -1.035055088809936, -0.15240153433982884, -0.10970310533407461, -0.33725087176202745, -0.194304161405927, -0.9162221041780778, 0.3621772757786129, 1.3535645811349408, -0.23849711252447728], [0.9380380074281612, -0.723829164535898, 1.21899458703079, 0.0015182949048327598, 2.264971920711376, 1.0493471268750079, 0.7135496069827205, 1.1131542196816426, -0.42207509833262946, 0.1479000539080152, 1.2835184060769986, 0.5484721763867239, 1.5543728623107154]]}