{"clusters": [[8, 13, 6, 46, 14, 3, 158, 16, 0, 39, 56, 45, 5, 172, 11, 10, 48, 7, 20, 29, 49, 47, 42, 28, 9, 51, 164, 12, 54, 30, 58, 22, 32, 19, 15, 31, 55, 40, 34, 24, 35, 159, 166, 41, 26, 27, 57, 36, 175, 4, 1, 176, 2, 50, 37, 21, 23, 167, 151, 171, 99], [71, 142, 141, 140, 139, 118, 107, 92, 85, 61, 135, 154, 134, 105, 65, 60, 108, 170, 64, 86, 90, 114, 89, 82, 125, 91, 112, 75, 87, 88, 109, 113], [44, 73, 79, 111, 126, 122, 117, 128, 63, 98, 102, 93, 74, 77, 84, 127, 120], [177, 146, 156, 165, 173, 161, 143, 138, 169, 174, 148, 43, 155, 145, 123, 83, 163, 147, 162, 137, 157, 160, 136, 144, 129, 119, 124], [95, 78, 69, 110], [168, 150, 152, 149, 131, 130, 132, 133, 70, 96], [62, 72, 153, 66, 38, 76, 81, 101, 104, 67, 59, 97, 106, 100, 80, 103, 116, 94, 115], [18, 17, 52, 53, 33, 68, 25, 121]], "centers": [[0.8886274088272191, -0.8135954790954958, 0.4879264047818674, -0.8392796835048231, 0.5798517456366636, 1.7703963236039097, 1.6472386587566452, -1.3847656600269, 0.7868629515091012, 0.7534980300545723, -0.29592353157737844, 0.3648546103915144, 1.7135975492410167], [-0.8963304656315771, -1.024546318310549, -0.9376565506035385, -0.5990516896734928, -0.22760167158663605, -0.14438987659839692, -0.46611129176390736, 1.1937322803174029, -0.6060439320041955, -0.8967564549447952, 0.42798735651421005, -0.3766778676660544, -0.7989680105191379], [-0.7789802939543566, -1.0828944227742874, -0.7548895050413059, -0.14862420123974854, -0.8946284075537098, 1.9306294784325546, 1.0749776270242393, -1.3847656600269, 0.4890086493741826, -0.26304142990571955, 1.1518982446057988, 0.3648546103915144, -1.0409895346531959], [0.19687902841412117, 1.1074036524798854, -0.7914429141537531, 0.45194578333857693, 0.15857170186798558, -1.274033618140343, -1.4851375149365253, 0.5491077952313269, -0.509679304842898, -0.4576979222385415, -1.568251759132292, -1.3159523398723079, 0.26465289817527493], [-0.9025067904566939, -1.1188009485981263, -1.8880451875271418, -1.109536176565069, 3.0724253379346758, -0.6731592875329249, -0.46611129176390736, -0.941586326530223, 1.8205925883302896, -0.8361966573301395, 0.932531308820469, 0.11061490362891926, -0.041058500730903585], [-0.16134781144266142, -0.14932475135447587, -0.023821322792381167, -0.1486242012397485, 0.9309184487772287, -1.4262551152275558, -0.7974203101353006, -1.102742447801742, -1.2367942188781411, -0.13327043501717167, -0.9101509517763022, -1.7749962548603264, -0.5314705364762315], [-0.7789802939543566, -1.0469878969504485, -1.632171323740018, 0.03154679413374953, -1.526548473206727, -0.2966113736856095, -0.02938576754707111, -0.7401411749408242, -0.9652211786963032, -0.16355033382449966, 0.7131643730351394, 1.2264447277536414, -0.7543850981786534], [0.9442143322532703, -0.5577614826006435, 1.1824411779183475, -0.3588236958421622, 1.6681585253724154, 1.0894054155821693, 0.7386487750411583, 0.6699748861849661, -0.13298121684873615, 0.34255654624083737, 1.0202780831346006, 0.49903667784955064, 1.7772874240131373]]}