{"clusters": [[62, 43, 66, 76, 81, 79, 85, 101, 111, 104, 67, 63, 99, 93, 97, 106, 108, 64, 86, 100, 119, 80, 74, 124, 84, 103, 116, 75, 94, 109, 115], [3, 16, 0, 48, 20, 49, 47, 28, 30, 58, 22, 19, 55, 40, 24, 35, 4, 2, 44, 73, 65, 96], [146, 156, 165, 161, 143, 142, 138, 72, 169, 174, 141, 148, 155, 145, 123, 83, 163, 140, 147, 162, 139, 107, 92, 61, 135, 154, 137, 134, 122, 105, 117, 160, 136, 170, 129, 91, 77], [95, 78, 69, 110], [158, 177, 173, 159, 166, 175, 153, 176, 149, 151, 144], [172, 164, 168, 150, 152, 131, 130, 132, 171, 133, 70], [59], [71, 68, 118, 157, 126, 128, 98, 102, 60, 90, 114, 89, 82, 125, 127, 112, 87, 88, 121, 120, 113], [8, 13, 6, 46, 14, 39, 56, 45, 5, 18, 11, 10, 7, 29, 42, 9, 51, 17, 52, 53, 33, 12, 54, 32, 15, 31, 34, 41, 26, 27, 57, 36, 1, 38, 25, 50, 37, 21, 23, 167]], "centers": [[-0.9272120897571622, -0.5442965354167039, -0.9011031414910913, -0.14862420123974854, -1.386121791950501, -1.033683885897376, 0.000733234123055334, 0.06563943141677016, 0.06850845812488515, -0.7172399120156373, 0.18668372715034728, 0.788587454995839, -0.7543850981786534], [0.8330404854011668, 0.12895082378027556, 0.34171276833208214, -1.079507677336153, 0.6149584159507202, 0.5766593201305055, 0.9294024522852935, -1.1430314781196214, 0.1473522439841284, -0.2630414299057197, 0.3402405822000783, 1.5089332908231912, 0.6149472094219378], [-0.16134781144266253, 2.040973323899697, 0.4148195865569747, 0.6020882794831585, -0.9648417481818228, -0.9535673084830535, -1.3847408427027699, 0.8714200377743646, -1.280596322133276, 1.121182515572125, -1.8314920820746874, -1.0617126331097129, -0.3881683182389604], [-0.9025067904566939, -1.1188009485981263, -1.8880451875271418, -1.109536176565069, 3.0724253379346758, -0.6731592875329249, -0.46611129176390736, -0.941586326530223, 1.8205925883302896, -0.8361966573301395, 0.932531308820469, 0.11061490362891926, -0.041058500730903585], [0.33275817456669315, 1.7447444858530263, -0.3893554139168444, 0.15166079104941424, 1.4224118331740199, -1.1298237787945626, -1.3445821738092678, 0.5491077952313269, -0.42207509833262774, 2.2242359721247817, -1.612125146289358, -1.4854454777140378, 0.28057536686830503], [-0.1489951617924267, 0.5867590280342216, 0.12239231365740413, 0.15166079104941424, 0.2989983831242116, -1.5944999277976328, -0.8124798109703638, -0.9818753568481028, -1.3331588460394381, 0.1479000539080156, -0.9540243389333682, -1.6831874718627229, -0.6906952234065329], [-0.7789802939543566, -1.253450420437522, -3.6791622340370096, -2.6710181364687156, -0.8244150669255967, -0.5049144749628477, -1.4650581804897744, -0.6595631143050646, -2.0515133394236544, -1.3444663873102853, 0.4060506629356774, -1.1182103457236228, -0.7225401607925931], [-1.137207133811138, -0.8495020049193347, 0.4879264047818674, 0.9023732717723211, -1.1052684294380488, 0.4244378230432928, 0.2617645819308198, 0.5491077952313269, -0.9652211786963032, -0.9335249034965505, -0.12042998294911435, 0.8168363113027941, -1.1524468155044068], [0.9442143322532703, -0.5577614826006435, 1.1824411779183475, -0.3588236958421622, 1.6681585253724154, 1.0894054155821693, 0.7386487750411583, 0.6699748861849661, -0.13298121684873615, 0.34255654624083737, 1.0202780831346006, 0.49903667784955064, 1.7772874240131373]]}