{"clusters": [[152, 123, 73, 79, 122, 129, 124, 96], [6, 46, 0, 39, 45, 11, 7, 28, 71, 51, 17, 53, 33, 30, 32, 15, 34, 24, 169, 36, 43, 4, 25, 37, 21, 23, 121], [72, 41, 118, 81, 107, 92, 111, 104, 126, 128, 65, 67, 102, 144, 106, 108, 64, 86, 90, 114, 89, 82, 125, 119, 91, 84, 116, 87, 88, 109, 113], [95, 78, 69, 110], [177, 146, 165, 161, 143, 168, 142, 138, 174, 68, 145, 149, 83, 163, 140, 147, 162, 139, 151, 171, 135, 154, 137, 134, 157, 105, 160, 60, 136, 170, 77, 127, 112], [158, 172, 156, 164, 173, 159, 166, 148, 175, 153, 155, 176, 167], [66, 133, 85, 63, 98, 59, 99, 93, 97, 100, 80, 74, 103, 94, 120, 115], [62, 150, 141, 38, 76, 131, 130, 132, 61, 101, 117, 70, 75], [8, 13, 14, 3, 16, 56, 5, 18, 10, 48, 20, 29, 49, 47, 42, 9, 52, 12, 54, 58, 22, 19, 31, 55, 40, 35, 26, 27, 57, 1, 2, 44, 50]], "centers": [[-0.5442799505999043, 1.6280482769255493, 0.7255235640127642, 1.5780145044229381, 0.12346503155392904, 0.3523329033704025, 0.31196291804769827, 0.5491077952313265, 0.4189252841659648, -1.182252643699601, 0.42798735651421177, 0.7250275283051926, -1.0600964970848321], [0.9009800584774604, -0.7507590589037771, 1.21899458703079, 0.9023732717723214, 0.08835836123987253, 1.12946370428933, 1.2255726353748733, -0.5789850536693061, 1.3825715557789375, 0.277671048796563, 1.0202780831346026, 0.1388637599358764, 1.7135975492410167], [-0.964270038707855, -0.9392683194789313, -1.5590645055151295, -0.14862420123974868, -0.5435617044131447, 0.10397151338600251, 0.010772901346432056, 0.2267955526882888, 0.8569463167173162, -1.020038900088916, -0.42754369304857526, 0.5767210326936788, -1.3849148584226467], [-0.9025067904566858, -1.1188009485981258, -1.8880451875271462, -1.1095361765650698, 3.0724253379346758, -0.6731592875329251, -0.4661112917639064, -0.9415863265302234, 1.820592588330289, -0.8361966573301399, 0.9325313088204708, 0.11061490362892137, -0.041058500730903655], [-0.18605311074312186, 0.8381047088010938, 0.7803536776814342, 0.75223077562774, 0.43942506438043766, -1.0336838858973763, -1.4349391788196466, 1.9189348260392372, -1.1053879091127377, 0.2257626508411438, -0.38367030589150924, -0.7086019292727734, -0.563315473862292], [0.5551058682709104, 1.2240998614073622, 0.8534604959063268, 1.0525157679169028, 0.7904917675210027, -0.9535673084830537, -1.1136698276716293, 0.5491077952313265, -0.22934584401003513, 2.4318695639464583, -0.47141708020564127, -1.4854454777140356, -0.16525375653653868], [-0.8778014911562196, -0.19420790863427437, -0.9742099597159883, -0.7491941858180745, -0.9297350778677663, 0.3282979301461056, 0.3471017533295128, -0.7401411749408249, 0.5065294906762351, -1.0957386471072357, 1.0202780831346026, 0.5767210326936788, -1.2352436527081636], [-0.17370046109288825, -0.8854085307431729, -0.17003495924217055, -0.44890919352891157, 1.562838514430246, -1.258010302657479, -0.7823608093002362, -1.2236095387553816, -1.1404295917168459, -0.4144409239423594, -0.8662775646192351, -1.866805037857928, -0.3722458495459304], [1.0121539053295652, -0.5263432725047841, 0.1954991318822928, -1.6500491626855631, 0.7904917675210027, 2.539515466781405, 1.717516329320275, -0.33725087176202745, 0.48900864937418126, 0.8616405257950285, 0.2305571143074148, 0.9157073083771384, 1.4110706440734442]]}