{"clusters": [[16, 36, 53, 71, 114, 130, 137, 138, 139, 150, 159, 163, 183, 184, 207, 208, 215, 217, 231, 234, 249, 250, 259, 274, 300, 302, 310, 319, 332, 350, 360, 362, 365, 382, 403, 408, 412, 416, 432], [0, 2, 13, 21, 29, 42, 45, 50, 51, 64, 67, 68, 75, 76, 98, 105, 110, 125, 174, 185, 191, 209, 220, 222, 235, 243, 264, 270, 271, 275, 279, 281, 284, 294, 298, 299, 306, 329, 331, 341, 347, 355, 357, 363, 380, 381, 383, 385, 388, 397, 405, 427, 431, 439], [8, 11, 17, 32, 40, 44, 65, 66, 73, 74, 81, 96, 103, 108, 109, 113, 116, 118, 121, 122, 132, 140, 144, 146, 153, 154, 157, 176, 180, 182, 195, 197, 203, 204, 206, 225, 232, 238, 240, 241, 258, 262, 278, 280, 290, 301, 304, 307, 313, 316, 326, 330, 333, 337, 342, 345, 359, 364, 367, 368, 377, 378, 399, 402, 410, 420, 421, 423, 424, 426, 437, 438], [7, 59, 72, 80, 87, 91, 100, 142, 181, 188, 199, 200, 202, 212, 236, 239, 246, 253, 267, 276, 282, 287, 288, 291, 303, 309, 317, 318, 327, 339, 375, 384, 418, 422], [4, 18, 19, 22, 24, 27, 30, 37, 52, 54, 63, 79, 85, 92, 102, 104, 112, 120, 124, 128, 134, 143, 145, 148, 151, 156, 158, 162, 189, 196, 201, 205, 211, 221, 228, 229, 265, 293, 295, 312, 314, 328, 338, 340, 343, 356, 372, 392, 395, 400, 404, 413, 417, 429, 434, 435], [23, 117, 167, 169, 172, 254, 268, 273, 321, 322, 323, 371, 390, 394, 428], [15, 38, 115, 123, 152, 155, 161, 168, 186, 193, 216, 230, 248, 251, 289, 320, 324, 325, 336, 346, 354, 366, 376, 409, 414], [3, 9, 25, 39, 49, 56, 61, 97, 99, 107, 129, 135, 141, 147, 149, 177, 179, 190, 218, 252, 256, 285, 305, 311, 344, 353, 369, 398, 407, 415, 430, 440], [5, 6, 10, 20, 26, 28, 31, 34, 41, 46, 47, 57, 60, 69, 77, 78, 83, 86, 88, 95, 106, 126, 131, 133, 136, 160, 165, 166, 171, 173, 187, 194, 198, 219, 223, 224, 226, 242, 244, 245, 263, 272, 277, 283, 286, 297, 308, 334, 349, 351, 358, 373, 374, 379, 387, 391, 393, 396, 406, 411, 419, 425, 436], [1, 12, 14, 33, 35, 43, 48, 55, 58, 62, 70, 82, 84, 89, 90, 93, 94, 101, 111, 119, 127, 164, 170, 175, 178, 192, 210, 213, 214, 227, 233, 237, 247, 255, 257, 260, 261, 266, 269, 292, 296, 315, 335, 348, 352, 361, 370, 386, 389, 401, 433, 441]], "centers": [[0.016932669808258964, -0.02753260351397225, 0.044091942645300475, 0.05315245368544728, 0.0012182267387088996, -0.006352355881934819, -0.00842528651319971, -0.0010972935114152238, 0.030695076368034348, 0.0433171919969928], [0.013186291120882663, 0.04538446567055162, -0.010457323982782919, 0.005380579331082514, -0.042974948608671244, -0.03475697333622293, -0.019197486014047076, -0.015685326368227597, -0.010660003784611995, -0.006677212403854044], [0.028338685307774416, 0.04803229220518516, 0.01279048366634263, 0.01932208040333703, 0.011043941379965684, 0.02636931645281433, -0.03700911335326459, 0.037471079930564616, 0.012968762013876343, 0.022912005047951295], [0.04427258967339859, -0.016605826140280857, 0.002701845651266265, 0.01400775822091686, 0.07107325725246602, 0.05718962343516697, 0.03326384744484506, 0.002270003340760503, 0.027094594166052338, 0.0035517161102312385], [-0.03489919637723664, -0.031024242900302212, 0.006458337732292324, -0.00909298797093655, -0.004075159669077678, -0.0008217869862636426, 0.018266587566431562, -0.022031245316742075, -0.0241439333265946, -0.01897751666814495], [0.048004844866210844, 0.018906200324216138, 0.03676282054291032, 0.05668360315111466, 0.03952616554472908, -0.0023785821963030382, -0.04683704093584146, 0.07197260291840415, 0.10219310501432853, 0.07182338420062447], [-0.020190010320929593, 0.027802897480584843, 0.04229558918883232, 0.014435754295108367, 0.08649202310466092, 0.09060145907824493, -0.038688349262795435, 0.09402963290329742, 0.056482888823329205, 0.03156210498843113], [-0.019590641476511343, -0.026768807398212562, 0.017977454271894452, -0.032890806978362476, 0.007030745543545725, 0.016741088573834106, -0.04179012911273879, 0.042127283863309516, 0.0259210146689047, 0.0029349685732797315], [-0.051123093308278335, -0.023459024229920647, -0.04456237746344286, -0.04379721564501057, -0.05946818247245251, -0.055677444514982376, 0.012115914885794027, -0.04540341953501129, -0.04769648174152276, -0.042827505292847956], [0.012857706802307535, -0.02264430837311032, -0.03665414522294372, -0.02156078299021152, 0.001077103368636991, -0.017880635472045617, 0.07922601351487317, -0.04941410729419205, -0.036421874804369495, -0.024974468162974314]]}