{"clusters": [[16, 36, 53, 71, 114, 130, 137, 138, 139, 150, 159, 163, 183, 184, 207, 208, 215, 217, 231, 234, 249, 250, 259, 274, 300, 302, 310, 319, 332, 350, 360, 362, 365, 382, 403, 408, 412, 416, 432], [0, 2, 13, 21, 29, 42, 45, 50, 51, 64, 67, 68, 75, 76, 98, 105, 110, 125, 174, 185, 191, 209, 220, 222, 235, 243, 264, 270, 271, 275, 279, 281, 284, 294, 298, 299, 306, 329, 331, 341, 347, 355, 357, 363, 380, 381, 383, 385, 388, 397, 405, 427, 431, 439], [8, 11, 17, 32, 40, 44, 65, 66, 73, 74, 81, 96, 103, 108, 109, 113, 116, 118, 121, 122, 132, 140, 144, 146, 153, 154, 157, 176, 180, 182, 195, 197, 203, 204, 206, 225, 232, 238, 240, 241, 258, 262, 278, 280, 290, 301, 304, 307, 313, 316, 326, 330, 333, 337, 342, 345, 359, 364, 367, 368, 377, 378, 399, 402, 410, 420, 421, 423, 424, 426, 437, 438], [7, 59, 72, 80, 87, 91, 100, 142, 181, 188, 199, 200, 202, 212, 236, 239, 246, 253, 267, 276, 282, 287, 288, 291, 303, 309, 317, 318, 327, 339, 375, 384, 418, 422], [4, 18, 19, 22, 24, 27, 30, 37, 52, 54, 63, 79, 85, 92, 102, 104, 112, 120, 124, 128, 134, 143, 145, 148, 151, 156, 158, 162, 189, 196, 201, 205, 211, 221, 228, 229, 265, 293, 295, 312, 314, 328, 338, 340, 343, 356, 372, 392, 395, 400, 404, 413, 417, 429, 434, 435], [23, 117, 167, 169, 172, 254, 268, 273, 321, 322, 323, 371, 390, 394, 428], [15, 38, 115, 123, 152, 155, 161, 168, 186, 193, 216, 230, 248, 251, 289, 320, 324, 325, 336, 346, 354, 366, 376, 409, 414], [3, 9, 25, 39, 49, 56, 61, 97, 99, 107, 129, 135, 141, 147, 149, 177, 179, 190, 218, 252, 256, 285, 305, 311, 344, 353, 369, 398, 407, 415, 430, 440], [5, 6, 10, 20, 26, 28, 31, 34, 41, 46, 47, 57, 60, 69, 77, 78, 83, 86, 88, 95, 106, 126, 131, 133, 136, 160, 165, 166, 171, 173, 187, 194, 198, 219, 223, 224, 226, 242, 244, 245, 263, 272, 277, 283, 286, 297, 308, 334, 349, 351, 358, 373, 374, 379, 387, 391, 393, 396, 406, 411, 419, 425, 436], [1, 12, 14, 33, 35, 43, 48, 55, 58, 62, 70, 82, 84, 89, 90, 93, 94, 101, 111, 119, 127, 164, 170, 175, 178, 192, 210, 213, 214, 227, 233, 237, 247, 255, 257, 260, 261, 266, 269, 292, 296, 315, 335, 348, 352, 361, 370, 386, 389, 401, 433, 441]], "centers": [[0.355988996489074, -0.5788398407727819, 0.9269800092539149, 1.1174663453949438, 0.025611750487076052, -0.13355063444564141, -0.17713150524577975, -0.023069274981804656, 0.6453270250437355, 0.9106918096407954], [0.27722589507097317, 0.9541537497159694, -0.2198526465552223, 0.1131202024424778, -0.9034965544481701, -0.7307235184450845, -0.40360403047132065, -0.32976510241201284, -0.22411374537064954, -0.14038035170524443], [0.5957867399985327, 1.0098211147337173, 0.26890451987496167, 0.40622347749970106, 0.2321855710681019, 0.5543831308611329, -0.7780720508205141, 0.7877843419197672, 0.2726526074921478, 0.4816973210328714], [0.930777895528219, -0.349117501876012, 0.05680305190819483, 0.2944962518369977, 1.494229664490042, 1.2023429787985023, 0.6993323442402586, 0.047724087249957844, 0.5696312215777571, 0.07467055509927073], [-0.7337135866517329, -0.6522473550818999, 0.13577877525167242, -0.1911691245099536, -0.08567532571975764, -0.017277081988874423, 0.38403301137320345, -0.4631804080822913, -0.5075971299009647, -0.3989794398076552], [1.0092440674772103, 0.39748009953848956, 0.7728940410090861, 1.1917045115536402, 0.8309900427200312, -0.050006826963327325, -0.9846923958284994, 1.5131373243416868, 2.1484869966818496, 1.510000180453375], [-0.4244706590655774, 0.5845224459981228, 0.889213840566457, 0.3034943540074176, 1.818390652980215, 1.9047865967349973, -0.813375964088268, 1.9768598240281818, 1.187484734463591, 0.6635552579212117], [-0.4118696507268222, -0.5627819470176623, 0.3779543319599958, -0.6914896175576655, 0.14781296032809588, 0.351961231691128, -0.8785871510195082, 0.8856754237300278, 0.5449581255910896, 0.061704180673226236], [-1.0748014867303455, -0.4931977407454774, -0.9368703349213863, -0.920783728911924, -1.2502469392671873, -1.1705512376020963, 0.254722523416667, -0.9545522318966083, -1.0027611040369662, -0.9003967362485439], [0.27031780537477246, -0.4760693207400165, -0.7706092732473159, -0.45328950408402197, 0.022644801537976985, -0.37591883325900277, 1.6656315493279612, -1.0388721133322834, -0.7657260673407402, -0.5250581249064802]]}