{"clusters": [[4, 7, 13, 16, 29, 35, 36, 39, 45, 51, 52, 53, 54, 59, 67, 71, 72, 73, 74, 75, 80, 87, 92, 99, 100, 101, 102, 111, 112, 127, 132, 137, 139, 142, 148, 150, 153, 154, 157, 159, 164, 176, 181, 183, 188, 192, 196, 199, 200, 202, 207, 210, 212, 217, 227, 231, 234, 236, 239, 241, 246, 259, 261, 265, 267, 270, 271, 274, 275, 276, 280, 282, 287, 288, 291, 293, 301, 302, 303, 309, 310, 315, 317, 318, 319, 327, 339, 343, 344, 345, 353, 360, 365, 372, 375, 384, 388, 392, 398, 408, 412, 416, 418, 422, 430, 434, 439, 441], [1, 2, 5, 6, 9, 10, 12, 14, 18, 19, 20, 21, 22, 24, 26, 27, 28, 30, 31, 33, 34, 37, 41, 42, 43, 46, 47, 48, 50, 55, 56, 57, 58, 60, 62, 63, 64, 68, 69, 70, 76, 77, 78, 79, 82, 83, 84, 85, 86, 88, 89, 90, 93, 94, 95, 98, 104, 105, 106, 110, 119, 120, 124, 126, 128, 131, 133, 134, 136, 143, 145, 151, 156, 158, 160, 162, 165, 166, 170, 171, 173, 174, 175, 178, 187, 189, 191, 194, 198, 201, 205, 211, 213, 214, 218, 219, 220, 221, 222, 223, 224, 226, 228, 229, 233, 237, 242, 243, 244, 245, 247, 255, 257, 260, 263, 264, 266, 269, 272, 277, 279, 281, 283, 284, 286, 292, 294, 295, 296, 297, 298, 299, 306, 308, 312, 314, 328, 329, 331, 334, 335, 338, 340, 347, 348, 349, 351, 352, 355, 356, 358, 361, 370, 373, 374, 379, 380, 381, 383, 385, 386, 387, 389, 391, 393, 395, 396, 397, 400, 401, 404, 406, 411, 413, 417, 419, 425, 427, 429, 431, 433, 435, 436], [0, 3, 8, 11, 15, 17, 23, 25, 32, 38, 40, 44, 49, 61, 65, 66, 81, 91, 96, 97, 103, 107, 108, 109, 113, 114, 115, 116, 117, 118, 121, 122, 123, 125, 129, 130, 135, 138, 140, 141, 144, 146, 147, 149, 152, 155, 161, 163, 167, 168, 169, 172, 177, 179, 180, 182, 184, 185, 186, 190, 193, 195, 197, 203, 204, 206, 208, 209, 215, 216, 225, 230, 232, 235, 238, 240, 248, 249, 250, 251, 252, 253, 254, 256, 258, 262, 268, 273, 278, 285, 289, 290, 300, 304, 305, 307, 311, 313, 316, 320, 321, 322, 323, 324, 325, 326, 330, 332, 333, 336, 337, 341, 342, 346, 350, 354, 357, 359, 362, 363, 364, 366, 367, 368, 369, 371, 376, 377, 378, 382, 390, 394, 399, 402, 403, 405, 407, 409, 410, 414, 415, 420, 421, 423, 424, 426, 428, 432, 437, 438, 440]], "centers": [[0.39955891654148984, -0.14063776229974034, -0.014027027208576808, 0.4339253114945227, 0.6339599079252738, 0.4812323598454335, 0.4854439680802098, -0.169504597169898, 0.1932462159740992, 0.150702007152124], [-0.4664865398254999, -0.3252830659378428, -0.5501105686893142, -0.5698596506149883, -0.7179251115601065, -0.7146163582370102, 0.45329299976314735, -0.7695932884486283, -0.7466583621814195, -0.6136783373211079], [0.2795673761694403, 0.49480582380793003, 0.6767228676070909, 0.3802674332525449, 0.41663990304350956, 0.5218655542653379, -0.8965600497305861, 1.0539209819897228, 0.7666747612847482, 0.6359425096512148]]}