{"clusters": [[0, 2, 8, 9, 13, 25, 29, 32, 39, 42, 44, 45, 49, 51, 56, 61, 66, 67, 68, 75, 76, 81, 96, 105, 107, 108, 114, 116, 121, 125, 129, 130, 135, 137, 138, 139, 140, 146, 147, 149, 150, 153, 159, 163, 174, 180, 183, 184, 185, 190, 197, 204, 205, 206, 209, 215, 222, 225, 234, 235, 238, 240, 250, 256, 259, 262, 264, 265, 270, 271, 274, 275, 278, 281, 284, 290, 294, 295, 299, 300, 305, 310, 316, 326, 328, 332, 333, 337, 341, 342, 347, 350, 355, 357, 359, 360, 362, 363, 364, 368, 369, 371, 378, 382, 388, 390, 394, 397, 399, 403, 405, 407, 416, 424, 437, 439, 440], [1, 5, 6, 10, 12, 14, 18, 19, 20, 21, 22, 24, 26, 27, 28, 30, 31, 33, 34, 37, 41, 43, 46, 47, 48, 50, 55, 57, 58, 60, 62, 63, 64, 69, 70, 77, 78, 79, 82, 83, 84, 85, 86, 88, 89, 90, 93, 94, 95, 98, 104, 106, 110, 111, 119, 120, 124, 126, 128, 131, 133, 134, 136, 143, 145, 151, 156, 158, 160, 162, 165, 166, 170, 171, 173, 175, 178, 187, 189, 191, 194, 198, 201, 211, 213, 214, 218, 219, 220, 221, 223, 224, 226, 227, 228, 229, 233, 237, 242, 243, 244, 245, 247, 255, 257, 260, 263, 266, 269, 272, 277, 279, 283, 286, 292, 296, 297, 298, 306, 308, 312, 314, 329, 331, 334, 335, 338, 340, 348, 349, 351, 352, 356, 358, 361, 370, 372, 373, 374, 379, 380, 381, 383, 385, 386, 387, 389, 391, 393, 395, 396, 400, 401, 404, 406, 411, 413, 417, 419, 425, 427, 429, 431, 433, 435, 436], [11, 15, 17, 23, 38, 40, 65, 91, 97, 103, 109, 113, 115, 117, 118, 122, 123, 141, 144, 152, 155, 161, 167, 168, 169, 172, 177, 182, 186, 193, 195, 202, 203, 208, 216, 230, 232, 248, 249, 251, 252, 253, 254, 258, 268, 273, 285, 289, 304, 307, 311, 313, 320, 321, 322, 323, 324, 325, 330, 336, 346, 354, 366, 367, 376, 377, 402, 409, 410, 414, 415, 421, 423, 426, 428, 432, 438], [3, 4, 7, 16, 35, 36, 52, 53, 54, 59, 71, 72, 73, 74, 80, 87, 92, 99, 100, 101, 102, 112, 127, 132, 142, 148, 154, 157, 164, 176, 179, 181, 188, 192, 196, 199, 200, 207, 210, 212, 217, 231, 236, 239, 241, 246, 261, 267, 276, 280, 282, 287, 288, 291, 293, 301, 302, 303, 309, 315, 317, 318, 319, 327, 339, 343, 344, 345, 353, 365, 375, 384, 392, 398, 408, 412, 418, 420, 422, 430, 434, 441]], "centers": [[0.011561480474700138, 0.02379449546507808, 0.024626840832391535, 0.016918937044787866, -0.018350880577929392, -0.013348681344480444, -0.03350447736668172, 0.013631615419396349, 0.020157888656938287, 0.015030496057224145], [-0.0233490058076114, -0.019949856533418273, -0.029411377943340426, -0.0276759467361909, -0.03248645476653793, -0.03331350006077185, 0.027659199675051264, -0.03966455072393795, -0.03965287059598682, -0.03174426014101974], [0.015337159246522443, 0.023445331526445064, 0.029641795490282504, 0.017714082601754905, 0.0524684615200512, 0.05627697150107448, -0.04096235827529385, 0.07155502919559185, 0.04424484758385441, 0.03797645341083229], [0.016369274226112087, -0.015580125761011055, -0.0034325596530171503, 0.015252526385761429, 0.042679670509988415, 0.03364036490011783, 0.030276808451715573, -0.006345375999464299, 0.00996402783067165, 0.0071560028302416374]]}