{"clusters": [[16, 23, 32, 36, 71, 96, 97, 107, 108, 113, 114, 116, 121, 129, 130, 135, 137, 138, 139, 147, 159, 163, 167, 172, 183, 184, 197, 205, 207, 208, 215, 225, 234, 240, 249, 250, 254, 256, 262, 274, 290, 300, 302, 310, 313, 316, 319, 322, 332, 333, 350, 359, 360, 362, 365, 368, 369, 382, 390, 394, 399, 403, 407, 408, 412, 416, 420, 428, 432, 437, 440], [1, 5, 6, 10, 12, 14, 19, 20, 21, 22, 24, 26, 27, 28, 30, 31, 33, 34, 37, 41, 43, 46, 47, 48, 54, 55, 57, 58, 60, 62, 63, 69, 70, 77, 79, 82, 83, 84, 85, 88, 89, 90, 93, 94, 104, 106, 110, 111, 119, 120, 124, 126, 128, 131, 133, 134, 136, 143, 145, 151, 156, 158, 160, 162, 165, 166, 170, 171, 173, 175, 178, 187, 189, 194, 198, 201, 211, 213, 214, 219, 220, 221, 223, 224, 226, 228, 229, 233, 237, 242, 244, 245, 247, 255, 257, 260, 263, 266, 269, 272, 277, 283, 286, 292, 296, 297, 308, 312, 314, 334, 335, 338, 340, 343, 348, 351, 352, 358, 361, 370, 373, 374, 379, 380, 386, 387, 389, 391, 393, 395, 396, 400, 401, 404, 406, 411, 413, 417, 419, 425, 429, 433, 435, 436], [11, 15, 17, 38, 40, 44, 65, 91, 103, 109, 115, 117, 118, 122, 123, 141, 144, 146, 152, 155, 161, 168, 169, 177, 182, 186, 193, 195, 203, 206, 216, 230, 232, 248, 251, 252, 253, 258, 268, 273, 285, 289, 304, 307, 311, 320, 321, 323, 324, 325, 330, 336, 346, 354, 366, 367, 376, 377, 402, 409, 410, 414, 415, 421, 423, 426, 438], [3, 4, 7, 35, 52, 53, 59, 72, 73, 74, 80, 87, 92, 99, 100, 101, 102, 112, 127, 132, 142, 148, 154, 157, 164, 176, 179, 181, 188, 192, 196, 199, 200, 202, 210, 212, 217, 231, 236, 239, 241, 246, 261, 267, 276, 280, 282, 287, 288, 291, 293, 301, 303, 309, 315, 317, 318, 327, 339, 344, 345, 353, 375, 384, 392, 398, 418, 422, 430, 434, 441], [0, 2, 8, 9, 13, 18, 25, 29, 39, 42, 45, 49, 50, 51, 56, 61, 64, 66, 67, 68, 75, 76, 78, 81, 86, 95, 98, 105, 125, 140, 149, 150, 153, 174, 180, 185, 190, 191, 204, 209, 218, 222, 227, 235, 238, 243, 259, 264, 265, 270, 271, 275, 278, 279, 281, 284, 294, 295, 298, 299, 305, 306, 326, 328, 329, 331, 337, 341, 342, 347, 349, 355, 356, 357, 363, 364, 371, 372, 378, 381, 383, 385, 388, 397, 405, 424, 427, 431, 439]], "centers": [[0.019145776477406666, -0.004364838515380107, 0.04985545415774338, 0.03926450929774759, 0.001958130605036632, -0.0050496062591162865, -0.02608159175674403, 0.01968873873351045, 0.04089435187617773, 0.045535590174927], [-0.027864756837167, -0.02875467729918765, -0.02773225638915182, -0.028535416156990605, -0.030186868225158425, -0.032787472478162376, 0.03437375295931247, -0.042945175222692526, -0.04261411858428916, -0.03329408461584745], [0.011563797440161946, 0.026494001736897338, 0.025597545417364018, 0.012091861629787504, 0.0528735928229408, 0.06237678061566136, -0.04351074528796975, 0.07485052317139287, 0.0379967957941863, 0.02859709830730467], [0.017610901075567408, -0.009735078247594633, -0.006570284977683484, 0.009765734577006668, 0.048779287019317344, 0.03969092890134874, 0.0320468023049687, -0.004338568563577941, 0.009839845994662292, 0.0009641861899450949], [0.0070564769640435974, 0.037827747245867106, -0.008930759940563344, -0.002047214805579934, -0.031437958944307745, -0.02154361991002667, -0.027619443154732318, 0.0008905404215659124, -0.00012899203261410272, -0.004754399143971349]]}