{"clusters": [[16, 23, 32, 36, 71, 96, 97, 107, 108, 113, 114, 116, 121, 129, 130, 135, 137, 138, 139, 147, 159, 163, 167, 172, 183, 184, 197, 205, 207, 208, 215, 225, 234, 240, 249, 250, 254, 256, 262, 274, 290, 300, 302, 310, 313, 316, 319, 322, 332, 333, 350, 359, 360, 362, 365, 368, 369, 382, 390, 394, 399, 403, 407, 408, 412, 416, 420, 428, 432, 437, 440], [1, 5, 6, 10, 12, 14, 19, 20, 21, 22, 24, 26, 27, 28, 30, 31, 33, 34, 37, 41, 43, 46, 47, 48, 54, 55, 57, 58, 60, 62, 63, 69, 70, 77, 79, 82, 83, 84, 85, 88, 89, 90, 93, 94, 104, 106, 110, 111, 119, 120, 124, 126, 128, 131, 133, 134, 136, 143, 145, 151, 156, 158, 160, 162, 165, 166, 170, 171, 173, 175, 178, 187, 189, 194, 198, 201, 211, 213, 214, 219, 220, 221, 223, 224, 226, 228, 229, 233, 237, 242, 244, 245, 247, 255, 257, 260, 263, 266, 269, 272, 277, 283, 286, 292, 296, 297, 308, 312, 314, 334, 335, 338, 340, 343, 348, 351, 352, 358, 361, 370, 373, 374, 379, 380, 386, 387, 389, 391, 393, 395, 396, 400, 401, 404, 406, 411, 413, 417, 419, 425, 429, 433, 435, 436], [11, 15, 17, 38, 40, 44, 65, 91, 103, 109, 115, 117, 118, 122, 123, 141, 144, 146, 152, 155, 161, 168, 169, 177, 182, 186, 193, 195, 203, 206, 216, 230, 232, 248, 251, 252, 253, 258, 268, 273, 285, 289, 304, 307, 311, 320, 321, 323, 324, 325, 330, 336, 346, 354, 366, 367, 376, 377, 402, 409, 410, 414, 415, 421, 423, 426, 438], [3, 4, 7, 35, 52, 53, 59, 72, 73, 74, 80, 87, 92, 99, 100, 101, 102, 112, 127, 132, 142, 148, 154, 157, 164, 176, 179, 181, 188, 192, 196, 199, 200, 202, 210, 212, 217, 231, 236, 239, 241, 246, 261, 267, 276, 280, 282, 287, 288, 291, 293, 301, 303, 309, 315, 317, 318, 327, 339, 344, 345, 353, 375, 384, 392, 398, 418, 422, 430, 434, 441], [0, 2, 8, 9, 13, 18, 25, 29, 39, 42, 45, 49, 50, 51, 56, 61, 64, 66, 67, 68, 75, 76, 78, 81, 86, 95, 98, 105, 125, 140, 149, 150, 153, 174, 180, 185, 190, 191, 204, 209, 218, 222, 227, 235, 238, 243, 259, 264, 265, 270, 271, 275, 278, 279, 281, 284, 294, 295, 298, 299, 305, 306, 326, 328, 329, 331, 337, 341, 342, 347, 349, 355, 356, 357, 363, 364, 371, 372, 378, 381, 383, 385, 388, 397, 405, 424, 427, 431, 439]], "centers": [[0.4025168997196016, -0.09176547470199915, 1.0481508997750821, 0.825489035150467, 0.041167338463162666, -0.10616189208219577, -0.5483340655347811, 0.4139320274502409, 0.8597545130993071, 0.9573309604728024], [-0.585822964494147, -0.6045324707809729, -0.5830373020996087, -0.5999227692475625, -0.6346425607012454, -0.6893171341014066, 0.7226667714018996, -0.9028706048539247, -0.8959105376098067, -0.6999680443562517], [0.24311491884867062, 0.557004488843081, 0.5381575740209529, 0.25421683266824285, 1.1116036314976228, 1.3113967133970863, -0.9147610345534906, 1.5736421327645955, 0.7988368850123425, 0.6012195621951465], [0.3702479923220215, -0.20466829952672744, -0.1381323313061642, 0.20531281194366427, 1.025525781350188, 0.8344539939247432, 0.6737454354460436, -0.0912131805932948, 0.2068709152728112, 0.020270853803566625], [0.14835393246450557, 0.7952828428113853, -0.18775847548711672, -0.04304022652591722, -0.660945236810216, -0.45292867098677686, -0.5806655396684188, 0.01872254018982034, -0.002711902184665761, -0.09995551790333411]]}