{"clusters": [[3, 9, 16, 53, 56, 71, 91, 97, 99, 107, 112, 114, 121, 129, 135, 137, 139, 147, 150, 159, 167, 177, 179, 184, 190, 205, 207, 208, 217, 218, 231, 234, 249, 250, 252, 253, 256, 259, 274, 285, 293, 300, 302, 310, 311, 314, 327, 328, 332, 360, 365, 369, 382, 394, 397, 398, 403, 407, 408, 412, 415, 416, 420, 430, 432, 440], [5, 6, 10, 18, 20, 21, 24, 26, 27, 28, 31, 34, 37, 41, 46, 47, 57, 60, 63, 64, 69, 77, 78, 79, 83, 84, 86, 88, 95, 104, 106, 110, 120, 126, 128, 131, 133, 136, 145, 156, 158, 160, 162, 165, 166, 171, 173, 175, 187, 191, 194, 198, 214, 219, 220, 221, 223, 224, 226, 228, 242, 244, 245, 263, 272, 277, 281, 283, 286, 292, 296, 297, 298, 308, 312, 331, 334, 338, 349, 351, 352, 358, 373, 374, 379, 380, 381, 385, 387, 391, 393, 395, 396, 401, 406, 411, 417, 419, 425, 427, 435, 436], [0, 2, 8, 11, 13, 17, 25, 29, 32, 39, 42, 44, 45, 49, 51, 61, 65, 66, 67, 68, 74, 75, 76, 81, 96, 103, 105, 108, 109, 113, 116, 118, 125, 130, 138, 140, 144, 146, 149, 153, 154, 157, 163, 172, 174, 176, 180, 183, 185, 195, 197, 204, 206, 209, 215, 222, 225, 235, 238, 240, 241, 243, 258, 262, 264, 265, 270, 271, 275, 278, 280, 284, 290, 294, 295, 299, 301, 305, 306, 307, 313, 316, 326, 330, 333, 337, 341, 342, 347, 350, 355, 357, 359, 362, 363, 364, 367, 368, 371, 377, 378, 388, 390, 392, 399, 402, 405, 410, 424, 437, 439], [7, 52, 59, 72, 73, 80, 87, 100, 132, 142, 148, 181, 188, 199, 200, 202, 212, 236, 239, 246, 267, 276, 282, 287, 288, 291, 303, 309, 317, 339, 344, 345, 353, 375, 384, 418, 422], [1, 4, 12, 14, 19, 22, 30, 33, 35, 36, 43, 48, 50, 54, 55, 58, 62, 70, 82, 85, 89, 90, 92, 93, 94, 98, 101, 102, 111, 119, 124, 127, 134, 143, 151, 164, 170, 178, 189, 192, 196, 201, 210, 211, 213, 227, 229, 233, 237, 247, 255, 257, 260, 261, 266, 269, 279, 315, 318, 319, 329, 335, 340, 343, 348, 356, 361, 370, 372, 383, 386, 389, 400, 404, 413, 429, 431, 433, 434, 441], [15, 23, 38, 40, 115, 117, 122, 123, 141, 152, 155, 161, 168, 169, 182, 186, 193, 203, 216, 230, 232, 248, 251, 254, 268, 273, 289, 304, 320, 321, 322, 323, 324, 325, 336, 346, 354, 366, 376, 409, 414, 421, 423, 426, 428, 438]], "centers": [[0.008245060365960446, -0.04464163650698896, 0.03545311556828535, 0.010691719356313759, 0.0063740407703133705, 0.006972695127045292, -0.021617821977845047, 0.01660750301513109, 0.025603135115413175, 0.022394241683596966], [-0.03838546664833067, -0.020343934189175295, -0.03390149772053219, -0.038445389413258306, -0.04970033038944302, -0.04545246012374909, 0.011246209596873363, -0.03902669222772006, -0.04242846502148117, -0.03742265523357485], [0.01772060087906224, 0.0506801187398187, 0.014097694931623862, 0.019049821363154026, -0.011708864667134975, -0.0020276302265136857, -0.03311879412709902, 0.018325022015440593, 0.012599936565474874, 0.015751944108456616], [0.028454588373966853, -0.008573945332521217, -0.0059729136874015695, 0.008690192435051886, 0.06964589757046882, 0.05682171133141105, 0.029734391807540603, 0.004867748384298271, 0.02465298304528416, -0.0006299021583220859], [0.0018413353845040058, -0.020811197695287102, -0.020756417133200422, -0.004924655239392603, 0.0027308928616671937, -0.009886316567707071, 0.06046736089577959, -0.04154139508270483, -0.029116224878537038, -0.01759434882336979], [0.00443544164789515, 0.029957998033990935, 0.031189438688407362, 0.02551481239956709, 0.06854481191073317, 0.06716352207684459, -0.043080703234280184, 0.08682075828070462, 0.0577487211611604, 0.04394520374773696]]}