{"clusters": [[3, 9, 16, 53, 56, 71, 91, 97, 99, 107, 112, 114, 121, 129, 135, 137, 139, 147, 150, 159, 167, 177, 179, 184, 190, 205, 207, 208, 217, 218, 231, 234, 249, 250, 252, 253, 256, 259, 274, 285, 293, 300, 302, 310, 311, 314, 327, 328, 332, 360, 365, 369, 382, 394, 397, 398, 403, 407, 408, 412, 415, 416, 420, 430, 432, 440], [5, 6, 10, 18, 20, 21, 24, 26, 27, 28, 31, 34, 37, 41, 46, 47, 57, 60, 63, 64, 69, 77, 78, 79, 83, 84, 86, 88, 95, 104, 106, 110, 120, 126, 128, 131, 133, 136, 145, 156, 158, 160, 162, 165, 166, 171, 173, 175, 187, 191, 194, 198, 214, 219, 220, 221, 223, 224, 226, 228, 242, 244, 245, 263, 272, 277, 281, 283, 286, 292, 296, 297, 298, 308, 312, 331, 334, 338, 349, 351, 352, 358, 373, 374, 379, 380, 381, 385, 387, 391, 393, 395, 396, 401, 406, 411, 417, 419, 425, 427, 435, 436], [0, 2, 8, 11, 13, 17, 25, 29, 32, 39, 42, 44, 45, 49, 51, 61, 65, 66, 67, 68, 74, 75, 76, 81, 96, 103, 105, 108, 109, 113, 116, 118, 125, 130, 138, 140, 144, 146, 149, 153, 154, 157, 163, 172, 174, 176, 180, 183, 185, 195, 197, 204, 206, 209, 215, 222, 225, 235, 238, 240, 241, 243, 258, 262, 264, 265, 270, 271, 275, 278, 280, 284, 290, 294, 295, 299, 301, 305, 306, 307, 313, 316, 326, 330, 333, 337, 341, 342, 347, 350, 355, 357, 359, 362, 363, 364, 367, 368, 371, 377, 378, 388, 390, 392, 399, 402, 405, 410, 424, 437, 439], [7, 52, 59, 72, 73, 80, 87, 100, 132, 142, 148, 181, 188, 199, 200, 202, 212, 236, 239, 246, 267, 276, 282, 287, 288, 291, 303, 309, 317, 339, 344, 345, 353, 375, 384, 418, 422], [1, 4, 12, 14, 19, 22, 30, 33, 35, 36, 43, 48, 50, 54, 55, 58, 62, 70, 82, 85, 89, 90, 92, 93, 94, 98, 101, 102, 111, 119, 124, 127, 134, 143, 151, 164, 170, 178, 189, 192, 196, 201, 210, 211, 213, 227, 229, 233, 237, 247, 255, 257, 260, 261, 266, 269, 279, 315, 318, 319, 329, 335, 340, 343, 348, 356, 361, 370, 372, 383, 386, 389, 400, 404, 413, 429, 431, 433, 434, 441], [15, 23, 38, 40, 115, 117, 122, 123, 141, 152, 155, 161, 168, 169, 182, 186, 193, 203, 216, 230, 232, 248, 251, 254, 268, 273, 289, 304, 320, 321, 322, 323, 324, 325, 336, 346, 354, 366, 376, 409, 414, 421, 423, 426, 428, 438]], "centers": [[0.17334246748486962, -0.9385366608874595, 0.7453590707478674, 0.22478052708146887, 0.13400653311609492, 0.1465925202114565, -0.45448868012642646, 0.34915275615085006, 0.5382750906926795, 0.47081196966285876], [-0.8070082217772049, -0.42770672307753776, -0.7127381735821234, -0.8082680257653274, -1.044889609309199, -0.95558325123197, 0.23643801680607382, -0.8204892175750312, -0.8920073949709294, -0.7867662709668078], [0.372554298616503, 1.0654884797514652, 0.29638706289955086, 0.4004995589684045, -0.24616478264087444, -0.04262848433006814, -0.6962827728727852, 0.38526152531098024, 0.26489849648999353, 0.3311656601953124], [0.598223462422762, -0.18025687794300235, -0.12557331913815384, 0.1827008333170308, 1.4642211456576892, 1.1946080697678916, 0.6251297887835958, 0.10233854921344894, 0.5182992873617578, -0.013242934502737185], [0.03871185956805229, -0.4375303757277293, -0.43637868036331406, -0.1035349473283298, 0.0574137345352322, -0.20784790312245188, 1.2712534626483876, -0.873357817503533, -0.6121335733485088, -0.3699000011477651], [0.09324982055989697, 0.6298308404821334, 0.6557203976379131, 0.5364182119289086, 1.441072145323045, 1.4120321895810108, -0.9057199181273975, 1.8253019142731144, 1.2140973353570501, 0.9238950006001861]]}