{"clusters": [[3, 9, 16, 53, 56, 71, 91, 97, 99, 107, 112, 114, 121, 129, 135, 137, 139, 147, 150, 159, 177, 179, 184, 190, 205, 207, 208, 217, 218, 231, 234, 249, 250, 252, 253, 256, 259, 274, 285, 293, 300, 302, 310, 311, 314, 327, 328, 332, 360, 365, 367, 369, 382, 397, 398, 403, 407, 408, 412, 415, 416, 420, 430, 432, 440], [5, 6, 10, 18, 20, 21, 24, 26, 27, 28, 31, 34, 37, 41, 46, 47, 57, 60, 63, 64, 69, 77, 78, 79, 83, 84, 86, 88, 95, 104, 106, 110, 120, 126, 128, 131, 133, 136, 145, 156, 158, 160, 162, 165, 166, 171, 173, 175, 187, 191, 194, 198, 214, 219, 220, 221, 223, 224, 226, 228, 242, 244, 245, 263, 272, 277, 283, 286, 292, 296, 297, 298, 308, 312, 334, 338, 349, 351, 352, 358, 373, 374, 379, 380, 381, 385, 387, 391, 393, 395, 396, 401, 406, 411, 417, 419, 425, 427, 435, 436], [0, 2, 8, 11, 13, 17, 25, 29, 32, 39, 42, 44, 45, 49, 51, 61, 65, 66, 67, 68, 73, 74, 75, 76, 81, 96, 103, 105, 108, 109, 118, 125, 130, 132, 140, 144, 146, 149, 153, 154, 157, 163, 174, 176, 180, 183, 185, 195, 197, 204, 206, 209, 222, 225, 235, 238, 240, 241, 243, 258, 262, 264, 265, 270, 271, 275, 278, 280, 281, 284, 290, 294, 295, 299, 301, 305, 306, 307, 316, 326, 330, 331, 333, 337, 341, 342, 347, 355, 357, 359, 362, 363, 364, 377, 378, 388, 392, 399, 402, 405, 410, 424, 437, 439], [7, 52, 59, 72, 80, 87, 100, 142, 148, 181, 188, 199, 200, 202, 212, 236, 239, 246, 267, 276, 282, 287, 288, 291, 303, 309, 317, 339, 344, 345, 353, 375, 384, 418, 422], [1, 4, 12, 14, 19, 22, 30, 33, 35, 36, 43, 48, 50, 54, 55, 58, 62, 70, 82, 85, 89, 90, 92, 93, 94, 98, 101, 102, 111, 119, 124, 127, 134, 143, 151, 164, 170, 178, 189, 192, 196, 201, 210, 211, 213, 227, 229, 233, 237, 247, 255, 257, 260, 261, 266, 269, 279, 315, 318, 319, 329, 335, 340, 343, 348, 356, 361, 370, 372, 383, 386, 389, 400, 404, 413, 429, 431, 433, 434, 441], [23, 113, 116, 117, 138, 167, 169, 172, 215, 254, 268, 273, 313, 321, 322, 323, 350, 368, 371, 390, 394, 426, 428], [15, 38, 40, 115, 122, 123, 141, 152, 155, 161, 168, 182, 186, 193, 203, 216, 230, 232, 248, 251, 289, 304, 320, 324, 325, 336, 346, 354, 366, 376, 409, 414, 421, 423, 438]], "centers": [[0.006612534926900847, -0.04317514796473039, 0.03727132675212594, 0.009636922218123881, 0.006411566757355219, 0.008415404398150002, -0.020659652139089053, 0.015693662669709976, 0.02331923587388218, 0.0214808540049411], [-0.03904288488172107, -0.02176441524775517, -0.03342070900130101, -0.03827459602392808, -0.04974106938583289, -0.045593069923258504, 0.011934170543401788, -0.03975538083231081, -0.043105756302299646, -0.03814955438823703], [0.016769671288020913, 0.0506801187398187, 0.006841790104730732, 0.013397596364220424, -0.014309754074516024, -0.001684235703142782, -0.03324094132728658, 0.017249186842017518, 0.006629155499089983, 0.010313096515329063], [0.029254027338090856, -0.011959891850940643, -0.005128142061927348, 0.00951080974876538, 0.07155310635847735, 0.05718225523606602, 0.03159937589980401, 0.00423971695255693, 0.02657753208314131, -0.0010776975004663787], [0.0018413353845040058, -0.020811197695287102, -0.020756417133200422, -0.004924655239392603, 0.0027308928616671937, -0.009886316567707071, 0.06046736089577959, -0.04154139508270483, -0.029116224878537038, -0.01759434882336979], [0.03902352515977699, 0.02995799803399094, 0.039624489701388314, 0.05989362267118614, 0.02953953958259681, 6.792173502440705e-06, -0.03939906543019309, 0.0550697503618247, 0.08315804775981268, 0.07293995215157992], [-0.009666027494261506, 0.03161576769045715, 0.03247210200117495, 0.01403572550980649, 0.07552371317785764, 0.08505246833533443, -0.04087629401493861, 0.08771005237386317, 0.04548121129769773, 0.03182246599450645]]}