{"clusters": [[3, 9, 16, 53, 56, 71, 91, 97, 99, 107, 112, 114, 121, 129, 135, 137, 139, 147, 150, 159, 177, 179, 184, 190, 205, 207, 208, 217, 218, 231, 234, 249, 250, 252, 253, 256, 259, 274, 285, 293, 300, 302, 310, 311, 314, 327, 328, 332, 360, 365, 367, 369, 382, 397, 398, 403, 407, 408, 412, 415, 416, 420, 430, 432, 440], [5, 6, 10, 18, 20, 21, 24, 26, 27, 28, 31, 34, 37, 41, 46, 47, 57, 60, 63, 64, 69, 77, 78, 79, 83, 84, 86, 88, 95, 104, 106, 110, 120, 126, 128, 131, 133, 136, 145, 156, 158, 160, 162, 165, 166, 171, 173, 175, 187, 191, 194, 198, 214, 219, 220, 221, 223, 224, 226, 228, 242, 244, 245, 263, 272, 277, 283, 286, 292, 296, 297, 298, 308, 312, 334, 338, 349, 351, 352, 358, 373, 374, 379, 380, 381, 385, 387, 391, 393, 395, 396, 401, 406, 411, 417, 419, 425, 427, 435, 436], [0, 2, 8, 11, 13, 17, 25, 29, 32, 39, 42, 44, 45, 49, 51, 61, 65, 66, 67, 68, 73, 74, 75, 76, 81, 96, 103, 105, 108, 109, 118, 125, 130, 132, 140, 144, 146, 149, 153, 154, 157, 163, 174, 176, 180, 183, 185, 195, 197, 204, 206, 209, 222, 225, 235, 238, 240, 241, 243, 258, 262, 264, 265, 270, 271, 275, 278, 280, 281, 284, 290, 294, 295, 299, 301, 305, 306, 307, 316, 326, 330, 331, 333, 337, 341, 342, 347, 355, 357, 359, 362, 363, 364, 377, 378, 388, 392, 399, 402, 405, 410, 424, 437, 439], [7, 52, 59, 72, 80, 87, 100, 142, 148, 181, 188, 199, 200, 202, 212, 236, 239, 246, 267, 276, 282, 287, 288, 291, 303, 309, 317, 339, 344, 345, 353, 375, 384, 418, 422], [1, 4, 12, 14, 19, 22, 30, 33, 35, 36, 43, 48, 50, 54, 55, 58, 62, 70, 82, 85, 89, 90, 92, 93, 94, 98, 101, 102, 111, 119, 124, 127, 134, 143, 151, 164, 170, 178, 189, 192, 196, 201, 210, 211, 213, 227, 229, 233, 237, 247, 255, 257, 260, 261, 266, 269, 279, 315, 318, 319, 329, 335, 340, 343, 348, 356, 361, 370, 372, 383, 386, 389, 400, 404, 413, 429, 431, 433, 434, 441], [23, 113, 116, 117, 138, 167, 169, 172, 215, 254, 268, 273, 313, 321, 322, 323, 350, 368, 371, 390, 394, 426, 428], [15, 38, 40, 115, 122, 123, 141, 152, 155, 161, 168, 182, 186, 193, 203, 216, 230, 232, 248, 251, 289, 304, 320, 324, 325, 336, 346, 354, 366, 376, 409, 414, 421, 423, 438]], "centers": [[0.13902058562131156, -0.9077055048776298, 0.7835847718375366, 0.2026046871828715, 0.1347954718139235, 0.17692374567452887, -0.43434431286318087, 0.3299403631141047, 0.4902588588591049, 0.45160909339986266], [-0.820829648630052, -0.45757062713411784, -0.702630169609892, -0.8046773003827904, -1.0457460976602406, -0.9585394029783103, 0.2509015674304928, -0.8358090181758066, -0.9062466287196297, -0.8020484505372566], [0.35256214884450177, 1.0654884797514652, 0.14384039972149537, 0.2816683334094305, -0.3008453510684857, -0.035409027908905884, -0.6988507706965846, 0.3626433860505228, 0.1393700131411078, 0.21682043769590292], [0.6150307041522353, -0.2514423269541147, -0.10781301278243041, 0.19995332434877236, 1.5043179142255816, 1.20218807128341, 0.6643388339602224, 0.08913494448478662, 0.5587606138057766, -0.022657292444369523], [0.03871185956805229, -0.4375303757277293, -0.43637868036331406, -0.1035349473283298, 0.0574137345352322, -0.20784790312245188, 1.2712534626483876, -0.873357817503533, -0.6121335733485088, -0.3699000011477651], [0.8204226337844921, 0.6298308404821332, 0.8330571897355411, 1.2591913072332692, 0.6210332553481301, 0.00014279727039186957, -0.8283179158351238, 1.1577751996704297, 1.7482978353222105, 1.5334746773208798], [-0.20321659057211353, 0.6646834516236799, 0.6826868495156161, 0.29508423041445053, 1.5877951421577334, 1.7881257471191603, -0.8593748683076763, 1.8439982519087055, 0.95618771004896, 0.6690290346101322]]}