{"clusters": [[16, 36, 53, 71, 91, 114, 121, 129, 130, 135, 137, 139, 150, 159, 177, 184, 199, 205, 207, 208, 211, 217, 231, 234, 249, 250, 253, 259, 274, 300, 302, 303, 310, 311, 317, 318, 319, 327, 332, 360, 365, 382, 397, 399, 403, 407, 408, 412, 416, 432], [5, 6, 10, 20, 21, 26, 27, 28, 31, 34, 41, 46, 47, 57, 60, 64, 69, 77, 78, 83, 84, 86, 88, 106, 110, 126, 131, 133, 136, 145, 160, 165, 166, 171, 173, 187, 191, 194, 198, 214, 219, 220, 223, 224, 226, 242, 244, 245, 263, 272, 277, 283, 286, 292, 296, 297, 298, 308, 334, 349, 351, 352, 358, 373, 374, 379, 380, 381, 385, 391, 393, 396, 401, 406, 411, 419, 425, 427, 436], [0, 2, 8, 11, 13, 17, 29, 32, 39, 40, 44, 45, 49, 51, 61, 65, 66, 67, 68, 73, 74, 75, 76, 81, 96, 103, 105, 108, 109, 116, 118, 125, 132, 140, 144, 146, 153, 154, 157, 163, 174, 176, 180, 183, 185, 190, 195, 197, 204, 206, 209, 222, 225, 232, 235, 238, 240, 241, 243, 258, 262, 264, 265, 270, 271, 275, 278, 280, 284, 290, 294, 299, 301, 305, 306, 307, 316, 326, 330, 331, 333, 337, 341, 342, 345, 347, 355, 357, 359, 362, 363, 364, 367, 377, 378, 388, 392, 402, 405, 410, 420, 424, 437, 438, 439], [7, 35, 59, 72, 80, 87, 100, 142, 181, 188, 200, 202, 212, 236, 239, 246, 267, 276, 282, 287, 288, 291, 309, 339, 375, 384, 418, 422], [1, 4, 12, 14, 19, 22, 30, 33, 37, 43, 48, 50, 54, 55, 58, 62, 70, 82, 85, 89, 90, 92, 93, 94, 98, 101, 102, 104, 111, 119, 124, 127, 128, 134, 143, 151, 156, 164, 170, 175, 178, 189, 192, 196, 201, 210, 213, 227, 229, 233, 237, 247, 255, 257, 260, 261, 266, 269, 279, 312, 315, 329, 335, 340, 343, 348, 356, 361, 370, 372, 383, 386, 389, 400, 404, 413, 429, 431, 433, 434, 441], [23, 113, 117, 138, 167, 169, 172, 215, 254, 268, 273, 313, 321, 322, 323, 350, 368, 371, 390, 394, 426, 428], [15, 38, 115, 122, 123, 141, 152, 155, 161, 168, 182, 186, 193, 203, 216, 230, 248, 251, 289, 304, 320, 324, 325, 336, 346, 354, 366, 376, 409, 414, 421, 423], [3, 9, 18, 24, 25, 42, 52, 56, 63, 79, 95, 97, 99, 107, 112, 120, 147, 148, 149, 158, 162, 179, 218, 221, 228, 252, 256, 281, 285, 293, 295, 314, 328, 338, 344, 353, 369, 387, 395, 398, 415, 417, 430, 435, 440]], "centers": [[0.027686846463508132, -0.040828766297116716, 0.03654007271430829, 0.03364697276753386, 0.00924602964524954, 0.0018019497685872255, -0.007725775330423163, 0.0037694912408239084, 0.03197125340303682, 0.03288757920117822], [-0.03839132703550656, -0.0156831285839082, -0.03956355566288171, -0.038109134853972534, -0.05791335850730823, -0.0556748648310496, 0.015878183294792788, -0.04653729303622742, -0.04682276504256202, -0.03861881839947463], [0.021297038350143266, 0.04886446625892713, 0.007856927209113986, 0.013926428028886524, -0.011161316888813496, 0.002399168620714402, -0.03326757588649197, 0.01920048567338977, 0.005523713180396714, 0.013005466009971621], [0.04028137620725736, -0.007193804088600256, -0.0036269038161646657, 0.008387778110745604, 0.07597581197412383, 0.06094674710172162, 0.04127682384197572, -0.0006681321239389796, 0.0240420544788712, -0.0010776975004663793], [-0.002823785755833145, -0.022282212436750184, -0.021721125470933328, -0.007498307344242229, 0.00035057935234085696, -0.010337192362228107, 0.05750330157110023, -0.04134299461182263, -0.031886295173700806, -0.020663215381721865], [0.038571252585835825, 0.029016083456453314, 0.03876820421976752, 0.059430944396819, 0.0302655858536239, -0.0009295588594769304, -0.040221249366678945, 0.05601342724746554, 0.08593777490997914, 0.07498644766286189], [-0.010963362655339919, 0.029828484779579507, 0.03626657790056102, 0.01713840778999258, 0.0781073103749978, 0.08647533665859063, -0.0417901291127388, 0.09203604984797643, 0.049167341458969845, 0.029470340996439588], [-0.044100185636307195, -0.031932069140748, 0.007134964200895333, -0.03594236991495396, -0.0008045415656551494, 0.009785495830543691, -0.021474647174352764, 0.014710263568076774, -0.0007539490394771015, -0.0188427338240908]]}