{"clusters": [[16, 36, 53, 71, 91, 114, 121, 129, 130, 135, 137, 139, 150, 159, 177, 184, 199, 205, 207, 208, 211, 217, 231, 234, 249, 250, 253, 259, 274, 300, 302, 303, 310, 311, 317, 318, 319, 327, 332, 360, 365, 382, 397, 399, 403, 407, 408, 412, 416, 432], [5, 6, 10, 20, 21, 26, 27, 28, 31, 34, 41, 46, 47, 57, 60, 64, 69, 77, 78, 83, 84, 86, 88, 106, 110, 126, 131, 133, 136, 145, 160, 165, 166, 171, 173, 187, 191, 194, 198, 214, 219, 220, 223, 224, 226, 242, 244, 245, 263, 272, 277, 283, 286, 292, 296, 297, 298, 308, 334, 349, 351, 352, 358, 373, 374, 379, 380, 381, 385, 391, 393, 396, 401, 406, 411, 419, 425, 427, 436], [0, 2, 8, 11, 13, 17, 29, 32, 39, 40, 44, 45, 49, 51, 61, 65, 66, 67, 68, 73, 74, 75, 76, 81, 96, 103, 105, 108, 109, 116, 118, 125, 132, 140, 144, 146, 153, 154, 157, 163, 174, 176, 180, 183, 185, 190, 195, 197, 204, 206, 209, 222, 225, 232, 235, 238, 240, 241, 243, 258, 262, 264, 265, 270, 271, 275, 278, 280, 284, 290, 294, 299, 301, 305, 306, 307, 316, 326, 330, 331, 333, 337, 341, 342, 345, 347, 355, 357, 359, 362, 363, 364, 367, 377, 378, 388, 392, 402, 405, 410, 420, 424, 437, 438, 439], [7, 35, 59, 72, 80, 87, 100, 142, 181, 188, 200, 202, 212, 236, 239, 246, 267, 276, 282, 287, 288, 291, 309, 339, 375, 384, 418, 422], [1, 4, 12, 14, 19, 22, 30, 33, 37, 43, 48, 50, 54, 55, 58, 62, 70, 82, 85, 89, 90, 92, 93, 94, 98, 101, 102, 104, 111, 119, 124, 127, 128, 134, 143, 151, 156, 164, 170, 175, 178, 189, 192, 196, 201, 210, 213, 227, 229, 233, 237, 247, 255, 257, 260, 261, 266, 269, 279, 312, 315, 329, 335, 340, 343, 348, 356, 361, 370, 372, 383, 386, 389, 400, 404, 413, 429, 431, 433, 434, 441], [23, 113, 117, 138, 167, 169, 172, 215, 254, 268, 273, 313, 321, 322, 323, 350, 368, 371, 390, 394, 426, 428], [15, 38, 115, 122, 123, 141, 152, 155, 161, 168, 182, 186, 193, 203, 216, 230, 248, 251, 289, 304, 320, 324, 325, 336, 346, 354, 366, 376, 409, 414, 421, 423], [3, 9, 18, 24, 25, 42, 52, 56, 63, 79, 95, 97, 99, 107, 112, 120, 147, 148, 149, 158, 162, 179, 218, 221, 228, 252, 256, 281, 285, 293, 295, 314, 328, 338, 344, 353, 369, 387, 395, 398, 415, 417, 430, 435, 440]], "centers": [[0.5820826130846681, -0.8583756552619032, 0.7682110360918422, 0.707387092882856, 0.19438664145657916, 0.03788382441203526, -0.16242512481024768, 0.07924901502778173, 0.6721571107406361, 0.6914217574284433], [-0.8071314293619156, -0.3297188966427239, -0.8317761249379517, -0.8011986784928357, -1.2175586373433576, -1.170497002853242, 0.3338196871013169, -0.9783905571231851, -0.9843922623598514, -0.8119141613991924], [0.44774459056414595, 1.0273165723107238, 0.16518243515833636, 0.2927863824677255, -0.23465324982639682, 0.050439631751372685, -0.6994107302369774, 0.4036670946975623, 0.11612941929711698, 0.27342426481996734], [0.8468674376574673, -0.15124106992216846, -0.07625128609362641, 0.1763429362427486, 1.5972999750410986, 1.2813319804673244, 0.8677955256999124, -0.014046673502561521, 0.5054552497854882, -0.02265729244436954], [-0.05936669579588236, -0.46845668962647785, -0.4566605116954673, -0.15764288426279607, 0.007370508800022265, -0.21732702386656963, 1.2089376839510437, -0.8691866864691424, -0.6703709662550024, -0.4344192257495302], [0.810914147434731, 0.6100282205153454, 0.8150548184165394, 1.2494640535600814, 0.6362975040669884, -0.019542855870334844, -0.8456033432245049, 1.1776148700433426, 1.8067382519786839, 1.576499781550178], [-0.2304915003962585, 0.6271079802367, 0.7624611369091766, 0.3603143898550577, 1.642112162684131, 1.818039840541393, -0.8785871510195086, 1.9349471404810659, 1.0336841587424355, 0.6195784383863615], [-0.9271533082156409, -0.6713333088022708, 0.1500040321239481, -0.7556450543447574, -0.016914517783344497, 0.20572826850755688, -0.4514786022595044, 0.30926558097384665, -0.015850870831739364, -0.39614579278435036]]}