{"clusters": [[16, 36, 53, 71, 114, 129, 130, 135, 137, 138, 139, 150, 159, 163, 183, 184, 190, 205, 207, 208, 215, 217, 231, 234, 249, 250, 259, 274, 300, 302, 310, 319, 327, 332, 350, 360, 362, 365, 382, 403, 404, 408, 412, 416, 432], [0, 2, 8, 13, 21, 29, 42, 45, 50, 51, 64, 67, 68, 75, 76, 98, 105, 110, 125, 140, 153, 174, 185, 191, 209, 220, 222, 235, 243, 264, 265, 270, 271, 275, 279, 281, 284, 294, 298, 299, 306, 329, 331, 341, 347, 349, 355, 357, 363, 380, 381, 383, 385, 388, 397, 405, 427, 431, 439], [11, 17, 32, 39, 40, 44, 49, 61, 65, 66, 73, 74, 81, 96, 103, 108, 109, 113, 116, 118, 121, 122, 132, 144, 146, 154, 157, 176, 180, 182, 195, 197, 203, 204, 206, 225, 232, 238, 240, 241, 258, 262, 278, 280, 290, 301, 304, 305, 307, 313, 316, 326, 330, 333, 337, 342, 345, 359, 364, 367, 368, 375, 377, 378, 392, 399, 402, 410, 420, 421, 423, 424, 426, 437, 438], [7, 59, 72, 80, 87, 91, 100, 142, 181, 188, 199, 200, 202, 212, 236, 239, 246, 253, 267, 276, 282, 287, 288, 291, 303, 309, 311, 317, 339, 384, 418, 422], [1, 4, 12, 14, 19, 22, 30, 33, 35, 37, 43, 48, 54, 55, 58, 62, 70, 82, 85, 89, 90, 92, 93, 94, 101, 102, 104, 111, 119, 124, 127, 128, 134, 143, 151, 156, 164, 170, 175, 178, 189, 192, 196, 201, 210, 211, 213, 227, 229, 233, 237, 247, 255, 257, 260, 261, 266, 269, 312, 315, 318, 335, 340, 343, 348, 356, 361, 370, 372, 386, 389, 400, 413, 429, 433, 434, 441], [23, 117, 167, 169, 172, 177, 254, 268, 273, 321, 322, 323, 371, 390, 394, 428], [15, 38, 115, 123, 141, 152, 155, 161, 168, 186, 193, 216, 230, 248, 251, 289, 320, 324, 325, 336, 346, 354, 366, 376, 409, 414], [3, 9, 18, 24, 25, 52, 56, 63, 79, 95, 97, 99, 107, 112, 120, 147, 148, 149, 158, 162, 179, 218, 221, 228, 252, 256, 285, 293, 295, 314, 328, 338, 344, 353, 369, 387, 395, 398, 407, 415, 417, 430, 435, 440], [5, 6, 10, 20, 26, 27, 28, 31, 34, 41, 46, 47, 57, 60, 69, 77, 78, 83, 84, 86, 88, 106, 126, 131, 133, 136, 145, 160, 165, 166, 171, 173, 187, 194, 198, 214, 219, 223, 224, 226, 242, 244, 245, 263, 272, 277, 283, 286, 292, 296, 297, 308, 334, 351, 352, 358, 373, 374, 379, 391, 393, 396, 401, 406, 411, 419, 425, 436]], "centers": [[0.3270076564092645, -0.6267994167880725, 0.932015498412243, 1.0201318618891158, -0.016271678844373173, -0.1565875003332007, -0.20981235065807294, 0.008944146497722233, 0.6288220762935376, 0.8501059907335127], [0.28662229840524234, 0.963588896329147, -0.2195752679151449, 0.10528977698841839, -0.8782642181289365, -0.6790613030167373, -0.4322957331414949, -0.297890515297938, -0.25111786457871493, -0.12597588171906357], [0.5113133137276198, 1.0120478093344272, 0.23812509239468355, 0.35239255890436744, 0.23507834629347352, 0.5432166656655866, -0.7772550296852067, 0.8161571318617352, 0.31182107768893513, 0.4592009282015125], [0.9150547122178297, -0.3749045900827629, 0.009026071594392233, 0.1688031227289525, 1.5580408826967695, 1.2804502524238313, 0.6573588319677941, 0.10381283442270225, 0.5892744635506679, 0.06442551851572967], [-0.03262442730837052, -0.5481421529707865, -0.45006278564097724, -0.19034659940899304, 0.0815984624746217, -0.17442773837091258, 1.3010456943748454, -0.8750353626060516, -0.6699839120329611, -0.436583380904062], [1.0105168966023372, 0.3139790520118677, 0.7603367899205065, 1.084136503093893, 0.809535293131858, -0.022685013988963706, -1.0043654047444521, 1.523772271809681, 2.109107515902956, 1.4577504938773154], [-0.4302277631084585, 0.5259432495794465, 0.89357147541501, 0.2538290213574331, 1.7761116304555524, 1.877814219366793, -0.846956525082762, 2.0061493197529883, 1.1782530881949607, 0.7443413117811191], [-0.8622775934137252, -0.7563525571930131, 0.24598732205779933, -0.7635291100164633, 0.02224021759037262, 0.2551715396440772, -0.44452024043726973, 0.3200014218368122, -0.04607224303167017, -0.3808843102575047], [-0.9380347493637837, -0.5259432495794466, -0.8632474634983155, -0.8771020894420533, -1.1960512951055797, -1.1891386026322408, 0.436393189394447, -1.0382841188773837, -0.9777759369256074, -0.8768372175971072]]}