{"clusters": [[16, 36, 53, 71, 114, 129, 130, 135, 137, 138, 139, 150, 159, 163, 183, 184, 190, 205, 207, 208, 215, 217, 231, 234, 249, 250, 259, 274, 300, 302, 310, 319, 327, 332, 350, 360, 362, 365, 382, 403, 404, 408, 412, 416, 432], [0, 2, 8, 13, 21, 29, 42, 45, 50, 51, 64, 67, 68, 75, 76, 98, 105, 110, 125, 140, 153, 174, 185, 191, 209, 220, 222, 235, 243, 264, 265, 270, 271, 275, 279, 281, 284, 294, 298, 299, 306, 329, 331, 341, 347, 349, 355, 357, 363, 380, 381, 383, 385, 388, 397, 405, 427, 431, 439], [11, 17, 32, 39, 40, 44, 49, 61, 65, 66, 73, 74, 81, 96, 103, 108, 109, 113, 116, 118, 121, 122, 132, 144, 146, 154, 157, 176, 180, 182, 195, 197, 203, 204, 206, 225, 232, 238, 240, 241, 258, 262, 278, 280, 290, 301, 304, 305, 307, 313, 316, 326, 330, 333, 337, 342, 345, 359, 364, 367, 368, 375, 377, 378, 392, 399, 402, 410, 420, 421, 423, 424, 426, 437, 438], [7, 59, 72, 80, 87, 91, 100, 142, 181, 188, 199, 200, 202, 212, 236, 239, 246, 253, 267, 276, 282, 287, 288, 291, 303, 309, 311, 317, 339, 384, 418, 422], [1, 4, 12, 14, 19, 22, 30, 33, 35, 37, 43, 48, 54, 55, 58, 62, 70, 82, 85, 89, 90, 92, 93, 94, 101, 102, 104, 111, 119, 124, 127, 128, 134, 143, 151, 156, 164, 170, 175, 178, 189, 192, 196, 201, 210, 211, 213, 227, 229, 233, 237, 247, 255, 257, 260, 261, 266, 269, 312, 315, 318, 335, 340, 343, 348, 356, 361, 370, 372, 386, 389, 400, 413, 429, 433, 434, 441], [23, 117, 167, 169, 172, 177, 254, 268, 273, 321, 322, 323, 371, 390, 394, 428], [15, 38, 115, 123, 141, 152, 155, 161, 168, 186, 193, 216, 230, 248, 251, 289, 320, 324, 325, 336, 346, 354, 366, 376, 409, 414], [3, 9, 18, 24, 25, 52, 56, 63, 79, 95, 97, 99, 107, 112, 120, 147, 148, 149, 158, 162, 179, 218, 221, 228, 252, 256, 285, 293, 295, 314, 328, 338, 344, 353, 369, 387, 395, 398, 407, 415, 417, 430, 435, 440], [5, 6, 10, 20, 26, 27, 28, 31, 34, 41, 46, 47, 57, 60, 69, 77, 78, 83, 84, 86, 88, 106, 126, 131, 133, 136, 145, 160, 165, 166, 171, 173, 187, 194, 198, 214, 219, 223, 224, 226, 242, 244, 245, 263, 272, 277, 283, 286, 292, 296, 297, 308, 334, 351, 352, 358, 373, 374, 379, 391, 393, 396, 401, 406, 411, 419, 425, 436]], "centers": [[0.015554168037102824, -0.029813807913041154, 0.04433145643949622, 0.04852272443421691, -0.0007739648354729092, -0.007448107849940237, -0.009979755808258692, 0.00042542966455819234, 0.0299100160146368, 0.040435418468210346], [0.01363323244944502, 0.045833249828964084, -0.010444130426322985, 0.005008123974373637, -0.04177476876154602, -0.03229965234024047, -0.020562211138537605, -0.014169206869590903, -0.011944458749576316, -0.005992061636710954], [0.02432069416556335, 0.048138205266570505, 0.011326455599321075, 0.016761604717179066, 0.011181536665785797, 0.02583818186734575, -0.036970251620888114, 0.03882063592348746, 0.014831816151161229, 0.021841960761618998], [0.043524714109953386, -0.017832392843824336, 0.00042932644402104633, 0.008029145754397265, 0.07410844738085087, 0.0609048075755891, 0.03126737106211402, 0.004937872980557386, 0.02802892790549772, 0.003064409414368332], [-0.0015517857595165319, -0.026072463406961552, -0.02140730364534928, -0.009053864441611397, 0.0038812430596762565, -0.00829668143781118, 0.061884432849268284, -0.04162118776615729, -0.03186788488179753, -0.020766153745005397], [0.04806538717372783, 0.014934460522265816, 0.03616553301863465, 0.051567114756404415, 0.03850566717489658, -0.00107901607987648, -0.04777279054438026, 0.07247845578374473, 0.10032001412717752, 0.06933812005172364], [-0.020463847834929525, 0.025016569250293545, 0.04250286074150172, 0.012073415326843836, 0.0844810150811362, 0.08931851391863645, -0.04028561366395321, 0.09542279214375099, 0.05604378418921122, 0.035404705710962395], [-0.041014362568319876, -0.03597602239364287, 0.011700423727985793, -0.03631737620097837, 0.0010578592727180968, 0.012137272409740836, -0.021143671654591398, 0.015220915442824206, -0.002191433123706812, -0.018116819127400065], [-0.04461776301037403, -0.025016569250293323, -0.04106049458380975, -0.04171949193691436, -0.05689035856023909, -0.0565615553098807, 0.02075710725743163, -0.04938613925008927, -0.046508058534700934, -0.04170689326803625]]}