{"clusters": [[0, 4, 7, 11, 17, 19, 20, 21, 23, 24, 26, 27, 28, 31, 36, 37, 39, 40, 43, 44, 46, 48, 49], [50, 51, 52, 54, 56, 58, 63, 65, 73, 74, 75, 76, 77, 78, 85, 86, 87, 91, 97], [105, 107, 118, 122, 130, 135], [53, 55, 57, 59, 60, 61, 62, 64, 66, 67, 69, 71, 79, 80, 81, 82, 84, 88, 89, 90, 92, 93, 94, 95, 96, 98, 99, 106], [102, 109, 120, 125, 129, 143], [117, 131], [68, 70, 72, 83, 101, 113, 114, 119, 121, 123, 126, 127, 133, 134, 138, 142, 146, 149], [100, 103, 104, 108, 110, 111, 112, 115, 116, 124, 128, 132, 136, 137, 139, 140, 141, 144, 145, 147, 148], [1, 2, 3, 6, 8, 9, 12, 13, 22, 25, 29, 30, 34, 35, 38, 41, 42, 45, 47], [5, 10, 14, 15, 16, 18, 32, 33]], "centers": [[5.1, 3.513043478260869, 1.526086956521739, 0.2739130434782609], [6.442105263157895, 2.978947368421052, 4.594736842105263, 1.4315789473684213], [7.566666666666666, 2.85, 6.449999999999999, 2.0666666666666664], [5.532142857142857, 2.6357142857142857, 3.960714285714286, 1.2285714285714289], [7.066666666666666, 3.1999999999999997, 5.8999999999999995, 2.0999999999999996], [7.800000000000001, 3.8, 6.550000000000001, 2.1], [6.016666666666666, 2.7055555555555557, 4.983333333333332, 1.7722222222222224], [6.533333333333334, 3.0571428571428574, 5.5, 2.138095238095238], [4.678947368421052, 3.08421052631579, 1.3789473684210527, 0.20000000000000007], [5.512500000000001, 3.9999999999999996, 1.475, 0.275]]}