{"clusters": [[0, 4, 6, 7, 11, 17, 20, 22, 23, 24, 26, 27, 28, 31, 35, 36, 37, 39, 40, 43, 49], [50, 51, 52, 54, 56, 58, 65, 74, 75, 76, 77, 86], [109, 117, 131], [53, 57, 59, 60, 62, 67, 68, 69, 79, 80, 81, 82, 87, 89, 90, 92, 93, 94, 98, 106, 119], [1, 2, 3, 8, 9, 12, 13, 25, 29, 30, 34, 38, 41, 42, 45, 47], [100, 104, 110, 112, 115, 116, 120, 124, 136, 137, 139, 140, 141, 143, 144, 145, 147, 148], [5, 10, 14, 15, 16, 18, 19, 21, 32, 33, 44, 46, 48], [102, 105, 107, 118, 122, 125, 129, 130, 135], [72, 83, 101, 103, 108, 111, 113, 114, 121, 123, 126, 128, 132, 133, 134, 142, 146], [55, 61, 63, 64, 66, 70, 71, 73, 78, 84, 85, 88, 91, 95, 96, 97, 99, 127, 138, 149]], "centers": [[-0.9756898520010221, 0.8765015919067299, -1.3050414528191048, -1.2339577047327925], [0.9572261765048437, -0.055247223902077, 0.49751694358373805, 0.3409273573118783], [2.128515590793473, 1.556130139908448, 1.5016448190573932, 1.3610767855617103], [-0.36408060119021096, -1.4145043199055127, 0.10777458760474498, 0.0008775478952677564], [-1.4232176115860555, -0.07443028775696406, -1.3331218482585632, -1.3236713065258845], [0.9101053379989794, 0.23889308853952684, 0.9964232464920322, 1.3245122899255153], [-0.5744599806418254, 1.9574988605645496, -1.2702727704214056, -1.2040632159928706], [1.9265691400540537, -0.31102140863390637, 1.4258615831725892, 1.0393092239631967], [0.3608901866743246, -0.8361107643480739, 0.822939074147897, 0.860358280614291], [0.03231143211830544, -0.21254834751215218, 0.3876312515507718, 0.336539617835535]]}