{"clusters": [[0, 1, 2, 3, 4, 5, 6, 7, 8, 9, 10, 11, 12, 13, 14, 15, 16, 17, 18, 19, 20, 21, 22, 23, 24, 25, 26, 27, 28, 29, 30, 31, 32, 33, 34, 35, 36, 37, 38, 39, 40, 41, 42, 43, 44, 45, 46, 47, 48, 49], [53, 54, 55, 57, 58, 59, 60, 61, 62, 63, 64, 66, 67, 68, 69, 71, 72, 73, 74, 78, 79, 80, 81, 82, 83, 84, 87, 88, 89, 90, 91, 92, 93, 94, 95, 96, 97, 98, 99, 101, 106, 108, 111, 113, 114, 119, 121, 123, 126, 127, 133, 134, 138, 142, 146, 149], [50, 51, 52, 56, 65, 70, 75, 76, 77, 85, 86, 100, 102, 103, 104, 105, 107, 109, 110, 112, 115, 116, 117, 118, 120, 122, 124, 125, 128, 129, 130, 131, 132, 135, 136, 137, 139, 140, 141, 143, 144, 145, 147, 148]], "centers": [[-1.0145789685148416, 0.853262680265381, -1.30498732193633, -1.254893490234203], [-0.011395549720297339, -0.876008313121894, 0.377075729409674, 0.3111534108652626], [1.1674340729563293, 0.14530298912628925, 1.0030255738607836, 1.030001897801256]]}