{"clusters": [[0, 1, 2, 3, 4, 5, 6, 7, 8, 9, 10, 11, 12, 13, 14, 15, 16, 17, 18, 19, 20, 21, 22, 23, 24, 25, 26, 27, 28, 29, 30, 31, 32, 33, 34, 35, 36, 37, 38, 39, 40, 41, 42, 43, 44, 45, 46, 47, 48, 49], [50, 51, 52, 54, 56, 58, 63, 65, 68, 70, 72, 73, 74, 75, 76, 77, 78, 83, 85, 86, 91, 101, 103, 110, 111, 113, 114, 115, 116, 119, 121, 123, 126, 127, 128, 132, 133, 134, 137, 138, 141, 142, 145, 146, 147, 148, 149], [100, 102, 104, 105, 107, 108, 109, 112, 117, 118, 120, 122, 124, 125, 129, 130, 131, 135, 136, 139, 140, 143, 144], [53, 55, 57, 59, 60, 61, 62, 64, 66, 67, 69, 71, 79, 80, 81, 82, 84, 87, 88, 89, 90, 92, 93, 94, 95, 96, 97, 98, 99, 106]], "centers": [[5.005999999999999, 3.428000000000001, 1.4620000000000002, 0.2459999999999999], [6.293617021276596, 2.8999999999999995, 4.951063829787233, 1.7297872340425529], [7.086956521739132, 3.1260869565217386, 6.013043478260869, 2.143478260869565], [5.579999999999998, 2.6333333333333337, 3.986666666666667, 1.2333333333333334]]}