{"clusters": [[0, 1, 2, 3, 4, 5, 6, 7, 8, 9, 10, 11, 12, 13, 14, 15, 16, 17, 18, 19, 20, 21, 22, 23, 24, 25, 26, 27, 28, 29, 30, 31, 32, 33, 34, 35, 36, 37, 38, 39, 40, 41, 42, 43, 44, 45, 46, 47, 48, 49], [50, 51, 52, 54, 56, 58, 63, 65, 68, 70, 72, 73, 74, 75, 76, 77, 78, 83, 85, 86, 87, 91, 97, 101, 113, 114, 119, 121, 123, 126, 127, 133, 134, 138, 142, 146, 149], [105, 107, 109, 117, 118, 122, 125, 130, 131, 135], [53, 55, 57, 59, 60, 61, 62, 64, 66, 67, 69, 71, 79, 80, 81, 82, 84, 88, 89, 90, 92, 93, 94, 95, 96, 98, 99, 106], [100, 102, 103, 104, 108, 110, 111, 112, 115, 116, 120, 124, 128, 129, 132, 136, 137, 139, 140, 141, 143, 144, 145, 147, 148]], "centers": [[5.005999999999999, 3.428000000000001, 1.4620000000000002, 0.2459999999999999], [6.235135135135136, 2.8459459459459455, 4.783783783783784, 1.5972972972972967], [7.540000000000001, 3.15, 6.390000000000001, 2.0900000000000003], [5.532142857142857, 2.6357142857142857, 3.960714285714286, 1.2285714285714289], [6.6080000000000005, 3.0640000000000005, 5.552, 2.1279999999999997]]}