{"clusters": [[0, 4, 5, 7, 10, 14, 15, 16, 17, 18, 19, 20, 21, 22, 26, 27, 28, 31, 32, 33, 36, 37, 39, 40, 43, 44, 46, 48], [50, 51, 52, 54, 56, 58, 61, 63, 65, 66, 70, 71, 72, 73, 74, 75, 76, 77, 78, 83, 84, 85, 86, 88, 91, 95, 96, 97, 101, 103, 108, 111, 114, 116, 121, 123, 126, 127, 128, 132, 133, 134, 137, 138, 142, 146, 147, 149], [100, 102, 104, 105, 107, 109, 110, 112, 115, 117, 118, 120, 122, 124, 125, 129, 130, 131, 135, 136, 139, 140, 141, 143, 144, 145, 148], [53, 55, 57, 59, 60, 62, 64, 67, 68, 69, 79, 80, 81, 82, 87, 89, 90, 92, 93, 94, 98, 99, 106, 113, 119], [1, 2, 3, 6, 8, 9, 11, 12, 13, 23, 24, 25, 29, 30, 34, 35, 38, 41, 42, 45, 47, 49]], "centers": [[-0.749221332243245, 1.4300700060049039, -1.2975984564375618, -1.2214213062289545], [0.4447870577535684, -0.342993181725385, 0.6100076843502441, 0.554829656783617], [1.401508368131565, 0.23463018546066305, 1.2027220552895548, 1.2830725282044948], [-0.3384622514392675, -1.3013790519155495, 0.13982007020746218, 0.05879570898300015], [-1.352306869224146, 0.11914426568780673, -1.314391332571126, -1.297494451695427]]}