{"clusters": [[0, 1, 2, 3, 4, 5, 6, 7, 8, 9, 10, 11, 12, 13, 14, 15, 16, 17, 18, 19, 20, 21, 22, 23, 24, 25, 26, 27, 28, 29, 30, 31, 32, 33, 34, 35, 36, 37, 38, 39, 40, 41, 42, 43, 44, 45, 46, 47, 48, 49], [50, 51, 52, 54, 56, 58, 63, 65, 68, 73, 74, 75, 76, 77, 78, 85, 86, 87, 91, 97], [102, 105, 107, 118, 122, 125, 129, 130, 135], [53, 55, 57, 59, 60, 61, 62, 64, 66, 67, 69, 71, 79, 80, 81, 82, 84, 88, 89, 90, 92, 93, 94, 95, 96, 98, 99, 106], [100, 103, 104, 108, 110, 112, 115, 116, 120, 124, 128, 132, 136, 137, 139, 140, 141, 143, 144, 145, 147, 148], [109, 117, 131], [70, 72, 83, 101, 111, 113, 114, 119, 121, 123, 126, 127, 133, 134, 138, 142, 146, 149]], "centers": [[5.005999999999999, 3.428000000000001, 1.4620000000000002, 0.2459999999999999], [6.43, 2.9399999999999995, 4.59, 1.435], [7.433333333333334, 2.9222222222222225, 6.2666666666666675, 1.9888888888888892], [5.532142857142857, 2.6357142857142857, 3.960714285714286, 1.2285714285714289], [6.568181818181818, 3.0863636363636364, 5.536363636363637, 2.1636363636363636], [7.6000000000000005, 3.733333333333333, 6.400000000000001, 2.2333333333333334], [6.027777777777777, 2.7333333333333334, 5.027777777777776, 1.7944444444444443]]}