{"clusters": [[0, 4, 6, 7, 11, 17, 20, 22, 23, 24, 26, 27, 28, 31, 35, 36, 37, 39, 40, 43, 49], [50, 51, 52, 54, 55, 56, 58, 61, 63, 65, 66, 70, 71, 72, 73, 74, 75, 76, 77, 78, 83, 84, 85, 86, 88, 91, 95, 96, 97, 101, 103, 108, 111, 114, 116, 121, 123, 126, 127, 133, 134, 137, 138, 142, 146, 149], [109, 117, 131], [53, 57, 59, 60, 62, 64, 67, 68, 69, 79, 80, 81, 82, 87, 89, 90, 92, 93, 94, 98, 99, 106, 113, 119], [1, 2, 3, 8, 9, 12, 13, 25, 29, 30, 34, 38, 41, 42, 45, 47], [100, 102, 104, 105, 107, 110, 112, 115, 118, 120, 122, 124, 125, 128, 129, 130, 132, 135, 136, 139, 140, 141, 143, 144, 145, 147, 148], [5, 10, 14, 15, 16, 18, 19, 21, 32, 33, 44, 46, 48]], "centers": [[-0.9756898520010221, 0.8765015919067299, -1.3050414528191048, -1.2339577047327925], [0.4137268156017991, -0.34215913547082466, 0.5823612185417251, 0.5045137312668534], [2.128515590793473, 1.556130139908448, 1.5016448190573932, 1.3610767855617103], [-0.3453284307644078, -1.3309209702520757, 0.12807366864531755, 0.055724291349559786], [-1.4232176115860555, -0.07443028775696406, -1.3331218482585632, -1.3236713065258845], [1.2444389064453507, 0.012959225359744166, 1.1437795384902627, 1.2635714638651907], [-0.5744599806418254, 1.9574988605645496, -1.2702727704214056, -1.2040632159928706]]}