{"clusters": [[0, 4, 6, 7, 11, 17, 20, 22, 23, 24, 26, 27, 28, 31, 35, 36, 37, 39, 40, 43, 49], [54, 55, 58, 61, 63, 64, 66, 70, 71, 72, 73, 74, 75, 76, 78, 83, 84, 88, 91, 95, 96, 97, 99, 101, 103, 108, 111, 113, 114, 121, 123, 126, 127, 133, 134, 138, 142, 146, 149], [109, 117, 131], [53, 57, 59, 60, 62, 67, 68, 69, 79, 80, 81, 82, 87, 89, 90, 92, 93, 94, 98, 106, 119], [1, 2, 3, 8, 9, 12, 13, 25, 29, 30, 34, 38, 41, 42, 45, 47], [50, 51, 52, 56, 65, 77, 85, 86, 100, 104, 110, 112, 115, 116, 120, 124, 128, 132, 136, 137, 139, 140, 141, 143, 144, 145, 147, 148], [5, 10, 14, 15, 16, 18, 19, 21, 32, 33, 44, 46, 48], [102, 105, 107, 118, 122, 125, 129, 130, 135]], "centers": [[-0.9756898520010221, 0.8765015919067299, -1.3050414528191048, -1.2339577047327925], [0.24886016468042071, -0.5156407564193699, 0.549982260734756, 0.5004048113558964], [2.128515590793473, 1.556130139908448, 1.5016448190573932, 1.3610767855617103], [-0.36408060119021096, -1.4145043199055127, 0.10777458760474498, 0.0008775478952677564], [-1.4232176115860555, -0.07443028775696406, -1.3331218482585632, -1.3236713065258845], [0.8908723426904632, 0.18865173082434608, 0.8642536743834155, 1.063337321095553], [-0.5744599806418254, 1.9574988605645496, -1.2702727704214056, -1.2040632159928706], [1.9265691400540537, -0.31102140863390637, 1.4258615831725892, 1.0393092239631967]]}