{"clusters": [[0, 1, 2, 3, 4, 5, 6, 7, 8, 9, 10, 11, 12, 13, 14, 15, 16, 17, 18, 19, 20, 21, 22, 23, 24, 25, 26, 27, 28, 29, 30, 31, 32, 33, 34, 35, 36, 37, 38, 39, 40, 41, 42, 43, 44, 45, 46, 47, 48, 49], [53, 55, 57, 59, 60, 62, 64, 67, 68, 69, 71, 72, 73, 79, 80, 81, 82, 83, 84, 87, 88, 89, 90, 92, 93, 94, 95, 96, 98, 99, 101, 106, 113, 119, 121, 134, 142, 146], [50, 51, 52, 54, 56, 58, 61, 63, 65, 66, 70, 74, 75, 76, 77, 78, 85, 86, 91, 97, 100, 102, 103, 104, 105, 107, 108, 109, 110, 111, 112, 114, 115, 116, 117, 118, 120, 122, 123, 124, 125, 126, 127, 128, 129, 130, 131, 132, 133, 135, 136, 137, 138, 139, 140, 141, 143, 144, 145, 147, 148, 149]], "centers": [[-1.0218490407414607, 0.7888075857129598, -1.2833890997091604, -1.3154442950077407], [-0.1736739476359015, -1.0527665443562113, 0.22280271350132272, 0.13250973218556866], [0.7956690159133086, -0.1319794793216258, 0.8480144095509573, 0.7906706536370729]]}