{"clusters": [[0, 1, 2, 3, 4, 5, 6, 7, 8, 9, 10, 11, 12, 13, 14, 15, 16, 17, 18, 19, 20, 21, 22, 23, 24, 25, 26, 27, 28, 29, 30, 31, 32, 33, 34, 35, 36, 37, 38, 39, 40, 42, 43, 44, 45, 46, 47, 48, 49], [54, 61, 63, 66, 71, 72, 73, 74, 76, 78, 83, 84, 97, 101, 103, 108, 111, 113, 114, 121, 123, 126, 128, 132, 133, 134, 142, 146, 149], [50, 51, 52, 56, 58, 65, 70, 75, 77, 85, 86, 91, 100, 102, 104, 105, 107, 109, 110, 112, 115, 116, 117, 118, 120, 122, 124, 125, 127, 129, 130, 131, 135, 136, 137, 138, 139, 140, 141, 143, 144, 145, 147, 148], [41, 53, 55, 57, 59, 60, 62, 64, 67, 68, 69, 79, 80, 81, 82, 87, 88, 89, 90, 92, 93, 94, 95, 96, 98, 99, 106, 119]], "centers": [[-1.0218490407414607, 0.7888075857129598, -1.2833890997091604, -1.3154442950077407], [0.310997534138703, -0.5923730118389191, 0.6490834153533465, 0.5274062850564712], [1.0380047568006114, 0.09821728693702086, 0.9901079768349651, 1.0539350222176747], [-0.29484181807955345, -1.282963310614858, 0.13754657313091806, 0.0008775478952676988]]}