{"clusters": [[0, 4, 6, 7, 11, 17, 20, 22, 23, 24, 26, 27, 28, 31, 35, 37, 39, 40, 43, 49], [54, 58, 71, 73, 74, 75, 76, 97, 107, 118, 122, 129, 130], [50, 51, 52, 56, 65, 70, 77, 85, 86, 100, 102, 104, 105, 109, 110, 112, 115, 116, 117, 120, 124, 125, 131, 135, 136, 137, 139, 140, 141, 143, 144, 145, 147, 148], [53, 55, 57, 59, 60, 62, 64, 67, 68, 69, 79, 80, 81, 82, 87, 89, 90, 92, 93, 94, 95, 96, 98, 99, 106, 119], [1, 2, 3, 8, 9, 12, 13, 25, 29, 30, 34, 38, 41, 42, 45, 47], [61, 66, 84, 88, 114, 121, 127, 138, 149], [5, 10, 14, 15, 16, 18, 19, 21, 32, 33, 36, 44, 46, 48], [63, 72, 78, 83, 91, 101, 103, 108, 111, 113, 123, 126, 128, 132, 133, 134, 142, 146]], "centers": [[-1.0218490407414607, 0.7888075857129598, -1.311807813165962, -1.3154442950077407], [0.9168368863569595, -0.5923730118389191, 0.5354085615261401, 0.2641419164758693], [1.0380047568006114, 0.3284140531956675, 0.9901079768349651, 1.1855672065079756], [-0.29484181807955345, -1.282963310614858, 0.13754657313091806, 0.0008775478952676988], [-1.3853526520724144, -0.016881096192302464, -1.3402265266227635, -1.3154442950077407], [-0.052506077192250644, -0.1319794793216258, 0.5922459884397431, 0.7906706536370729], [-0.5371775589668552, 1.7095946507475455, -1.2833890997091604, -1.2496282028625902], [0.49274933980418034, -0.8225697780975647, 0.7627582691805523, 0.7906706536370729]]}