{"clusters": [[0, 4, 6, 7, 11, 17, 20, 22, 23, 24, 26, 27, 28, 31, 35, 37, 39, 40, 43, 49], [54, 63, 71, 72, 73, 74, 76, 78, 83, 97, 103, 108, 111, 123, 126, 128, 132, 133, 134, 146], [50, 51, 52, 65, 86, 117, 125, 131], [53, 55, 57, 59, 60, 62, 64, 67, 68, 69, 79, 80, 81, 82, 87, 89, 90, 92, 93, 94, 95, 96, 98, 99, 106, 119], [1, 2, 3, 8, 9, 12, 13, 25, 29, 30, 34, 38, 41, 42, 45, 47], [56, 70, 85, 100, 104, 109, 110, 115, 120, 124, 127, 136, 137, 139, 140, 141, 143, 144, 145, 147, 148], [5, 10, 14, 15, 16, 18, 19, 21, 32, 33, 36, 44, 46, 48], [58, 75, 77, 91, 102, 105, 107, 112, 116, 118, 122, 129, 130, 135], [61, 66, 84, 88, 101, 113, 114, 121, 138, 142, 149]], "centers": [[-1.0218490407414607, 0.7888075857129598, -1.311807813165962, -1.3154442950077407], [0.5533332750260058, -0.5923730118389191, 0.6490834153533465, 0.3957741007661703], [1.3409244329097396, 0.3284140531956675, 0.5922459884397433, 0.3957741007661703], [-0.29484181807955345, -1.282963310614858, 0.13754657313091806, 0.0008775478952676988], [-1.3853526520724144, -0.016881096192302464, -1.3402265266227635, -1.3154442950077407], [0.7956690159133086, 0.3284140531956675, 0.9332705499213622, 1.448831575088577], [-0.5371775589668552, 1.7095946507475455, -1.2833890997091604, -1.2496282028625902], [1.5832601737970418, -0.1319794793216258, 1.1890389710325762, 0.8564867457822233], [-0.052506077192250644, -0.1319794793216258, 0.6490834153533465, 0.7906706536370729]]}