{"clusters": [[1, 2, 5, 6, 7, 8, 10, 11, 14, 18, 30, 33, 35, 37, 38, 49, 51, 53, 55, 61, 65, 66, 67, 75, 83, 84, 87, 103, 106, 107, 113, 117, 119, 126, 146, 151, 154, 155, 156, 158, 160, 162, 163, 168, 188, 190, 217, 224, 228, 230, 247, 250, 251, 253, 256, 275, 276, 295, 303, 306, 314, 315, 316, 324, 325, 327, 330, 339, 349, 356, 357, 363, 364, 365, 369, 372, 374, 375, 377, 384, 385, 388, 390, 392, 399, 400, 401, 403, 407, 409, 434], [0, 15, 28, 36, 56, 57, 58, 59, 79, 82, 85, 86, 89, 96, 99, 100, 111, 120, 121, 122, 123, 125, 132, 133, 134, 135, 136, 140, 141, 142, 148, 150, 161, 166, 171, 173, 191, 195, 197, 204, 206, 207, 211, 214, 223, 225, 229, 231, 233, 235, 239, 240, 242, 257, 266, 273, 277, 278, 279, 282, 283, 296, 300, 302, 304, 305, 308, 310, 313, 335, 340, 343, 345, 346, 347, 351, 353, 359, 378, 379, 404, 405, 406, 410, 412, 416, 427, 430, 432, 433], [25, 32, 39, 42, 43, 73, 74, 81, 90, 91, 93, 98, 110, 115, 131, 137, 138, 139, 145, 147, 149, 169, 172, 175, 176, 177, 179, 181, 182, 184, 185, 189, 193, 194, 200, 202, 203, 205, 208, 227, 236, 241, 243, 244, 245, 254, 255, 259, 260, 262, 265, 267, 269, 274, 280, 284, 285, 291, 299, 309, 311, 312, 317, 321, 333, 337, 338, 344, 354, 355, 360, 368, 402, 411, 415, 418, 426, 428, 429, 431], [13, 17, 19, 20, 21, 22, 23, 26, 27, 29, 31, 34, 44, 45, 46, 48, 50, 63, 64, 68, 69, 71, 72, 92, 95, 105, 116, 118, 124, 127, 128, 143, 152, 165, 186, 192, 199, 201, 209, 212, 213, 219, 226, 232, 249, 252, 258, 270, 271, 287, 293, 298, 326, 328, 334, 336, 341, 342, 350, 352, 362, 370, 376, 380, 391, 395, 414, 417, 419, 421, 422, 423, 424], [3, 4, 16, 54, 76, 77, 78, 88, 97, 101, 102, 104, 153, 157, 159, 164, 167, 215, 216, 221, 288, 289, 290, 292, 294, 320, 322, 323, 358, 361, 367, 373, 381, 382, 383, 386, 387, 394, 396, 397, 398, 413, 420], [9, 12, 24, 40, 41, 47, 52, 60, 62, 70, 80, 94, 108, 109, 112, 114, 129, 130, 144, 170, 174, 178, 180, 183, 187, 196, 198, 210, 218, 220, 222, 234, 237, 238, 246, 248, 261, 263, 264, 268, 272, 281, 286, 297, 301, 307, 318, 319, 329, 331, 332, 348, 366, 371, 389, 393, 408, 425]], "centers": [[-0.16843038421330372, 0.9182702973433554, -0.8683503083805056, -0.352180362530249, -0.8888888888888854, 1.1094003924504579, -0.1610695384807916, 1.242521488394789, -1.1790292151214443, -0.1610695384807913, -1.1462241435400158, 1.2073222927802065, -0.18898223650461426, -0.9572353730777872, 1.0256153238192356, -0.16106953848079136, -0.732872753960898, 0.7741218934265786, -0.18235722297072837, 1.1790292151214439, -1.104258916695732, -0.1889822365046142, 1.2015907059889768, -1.119770516830429, -0.23080027108556914, 1.0543483700546503, -0.9528351047490323, -0.1278872166673276, 1.0256153238192354, -0.9931270663228443, -0.22522130823072536, 0.8048150549829887, -0.7254762501100135, -0.27700663036708634, -1.0739950402747, 1.242521488394789, -0.2469323991623966, -0.9268086959962989, 1.0398748544506025, -0.20166768818859027, -0.8009428406336285, 0.8683503083805055, -0.26229004707778764, 0.931102996289654, -0.8164965809277287, -0.5605349193140373, 2.452779858091232, -1.2729815111425848], [-0.16843038421330372, 0.9182702973433554, -0.8683503083805056, -0.352180362530249, 1.1249999999999956, -0.901387818865997, -0.1610695384807916, 1.242521488394789, -1.1790292151214443, -0.1610695384807913, -1.1462241435400158, 1.2073222927802065, -0.18898223650461426, -0.9572353730777872, 1.0256153238192356, -0.16106953848079136, -0.732872753960898, 0.7741218934265786, -0.18235722297072837, 1.1790292151214439, -1.104258916695732, -0.1889822365046142, 1.2015907059889768, -1.119770516830429, -0.23080027108556914, 1.0543483700546503, -0.9528351047490323, -0.1278872166673276, -0.9750244334066274, 1.0069204977995505, -0.22522130823072536, 0.8048150549829887, -0.7254762501100135, -0.27700663036708634, -1.0739950402747, 1.242521488394789, -0.2469323991623966, -0.9268086959962989, 1.0398748544506025, -0.20166768818859027, -0.8009428406336285, 0.8683503083805055, -0.26229004707778764, 0.931102996289654, -0.8164965809277287, -0.5605349193140373, -0.40770067346288574, 0.7855573637534168], [-0.16843038421330372, -1.0890039707187533, 1.1516089651249486, -0.352180362530249, 1.1249999999999956, -0.901387818865997, -0.1610695384807916, -0.8048150549829883, 0.8481554037632525, -0.1610695384807913, 0.8724297124919961, -0.828279247372467, -0.18898223650461426, 1.0446751427339311, -0.9750244334066274, -0.16106953848079136, 1.3644933511245667, -1.2917862270676648, -0.18235722297072837, -0.8481554037632522, 0.905584718294408, -0.1889822365046142, -0.8322301387783576, 0.8930401229267474, -0.23080027108556914, -0.9484531189137902, 1.0494995356656007, -0.1278872166673276, -0.9750244334066274, 1.0069204977995505, -0.22522130823072536, 0.8048150549829887, -0.7254762501100135, -0.27700663036708634, 0.931102996289654, -0.8048150549829883, -0.2469323991623966, 1.0789713177270346, -0.9616541795583003, -0.20166768818859027, 1.2485285456935975, -1.1516089651249486, -0.26229004707778764, -1.0739950402747, 1.224744871391593, -0.5605349193140373, -0.40770067346288574, 0.7855573637534168], [-0.16843038421330372, -1.0890039707187533, 1.1516089651249486, -0.352180362530249, -0.8888888888888854, 1.1094003924504579, -0.1610695384807916, -0.8048150549829883, 0.8481554037632525, -0.1610695384807913, 0.8724297124919961, -0.828279247372467, -0.18898223650461426, 1.0446751427339311, -0.9750244334066274, -0.16106953848079136, 1.3644933511245667, -1.2917862270676648, -0.18235722297072837, -0.8481554037632522, 0.905584718294408, -0.1889822365046142, -0.8322301387783576, 0.8930401229267474, -0.23080027108556914, -0.9484531189137902, 1.0494995356656007, -0.1278872166673276, 1.0256153238192354, -0.9931270663228443, -0.22522130823072536, -1.2425214883947895, 1.3784048752090254, -0.27700663036708634, 0.931102996289654, -0.8048150549829883, -0.2469323991623966, 1.0789713177270346, -0.9616541795583003, -0.20166768818859027, 1.2485285456935975, -1.1516089651249486, -0.26229004707778764, -1.0739950402747, 1.224744871391593, -0.5605349193140373, -0.40770067346288574, 0.7855573637534168], [-0.16843038421330372, -1.0890039707187533, 1.1516089651249486, -0.352180362530249, -0.8888888888888854, 1.1094003924504579, -0.1610695384807916, -0.8048150549829883, 0.8481554037632525, -0.1610695384807913, 0.8724297124919961, -0.828279247372467, -0.18898223650461426, -0.9572353730777872, 1.0256153238192356, -0.16106953848079136, -0.732872753960898, 0.7741218934265786, -0.18235722297072837, 1.1790292151214439, -1.104258916695732, -0.1889822365046142, -0.8322301387783576, 0.8930401229267474, -0.23080027108556914, 1.0543483700546503, -0.9528351047490323, -0.1278872166673276, -0.9750244334066274, 1.0069204977995505, -0.22522130823072536, -1.2425214883947895, 1.3784048752090254, -0.27700663036708634, 0.931102996289654, -0.8048150549829883, -0.2469323991623966, -0.9268086959962989, 1.0398748544506025, -0.20166768818859027, -0.8009428406336285, 0.8683503083805055, -0.26229004707778764, 0.931102996289654, -0.8164965809277287, 1.7840101758937148, -0.40770067346288574, -1.2729815111425848], [-0.16843038421330372, -1.0890039707187533, 1.1516089651249486, -0.352180362530249, 1.1249999999999956, -0.901387818865997, -0.1610695384807916, -0.8048150549829883, 0.8481554037632525, -0.1610695384807913, 0.8724297124919961, -0.828279247372467, -0.18898223650461426, 1.0446751427339311, -0.9750244334066274, -0.16106953848079136, 1.3644933511245667, -1.2917862270676648, -0.18235722297072837, -0.8481554037632522, 0.905584718294408, -0.1889822365046142, -0.8322301387783576, 0.8930401229267474, -0.23080027108556914, -0.9484531189137902, 1.0494995356656007, -0.1278872166673276, 1.0256153238192354, -0.9931270663228443, -0.22522130823072536, 0.8048150549829887, -0.7254762501100135, -0.27700663036708634, 0.931102996289654, -0.8048150549829883, -0.2469323991623966, 1.0789713177270346, -0.9616541795583003, -0.20166768818859027, 1.2485285456935975, -1.1516089651249486, -0.26229004707778764, -1.0739950402747, 