{"clusters": [[2, 10, 18, 30, 35, 38, 49, 53, 55, 61, 67, 75, 83, 84, 87, 113, 119, 126, 151, 154, 155, 156, 158, 168, 217, 224, 247, 250, 251, 256, 275, 276, 303, 306, 316, 324, 330, 339, 356, 357, 363, 365, 372, 375, 385, 399, 401, 403, 407, 409, 434], [28, 36, 79, 82, 85, 86, 89, 96, 99, 100, 111, 120, 121, 122, 125, 132, 133, 134, 135, 140, 141, 142, 161, 166, 171, 173, 195, 197, 204, 206, 207, 223, 235, 239, 240, 242, 257, 266, 273, 277, 278, 279, 282, 283, 296, 300, 302, 305, 308, 310, 335, 340, 343, 345, 346, 347, 351, 353, 359, 378, 379, 405, 406, 410, 412, 427, 430], [9, 12, 24, 40, 41, 47, 52, 60, 62, 70, 80, 94, 108, 109, 114, 130, 170, 174, 178, 187, 218, 220, 222, 237, 238, 246, 263, 264, 268, 272, 281, 297, 307, 318, 319, 329, 331, 332, 348, 366, 371, 389, 408], [13, 17, 19, 20, 21, 22, 23, 26, 27, 29, 31, 34, 44, 45, 46, 48, 50, 63, 64, 68, 69, 71, 72, 92, 105, 116, 118, 124, 143, 186, 199, 201, 209, 212, 213, 219, 232, 249, 252, 258, 270, 271, 287, 293, 298, 326, 328, 334, 350, 352, 362, 376, 380, 391, 395, 414, 417, 419, 421, 423], [25, 32, 39, 42, 43, 73, 81, 90, 91, 93, 98, 110, 139, 147, 149, 169, 172, 175, 176, 179, 182, 185, 189, 193, 200, 203, 208, 227, 236, 241, 243, 244, 245, 254, 255, 259, 260, 262, 265, 267, 269, 274, 280, 291, 309, 312, 317, 321, 333, 337, 338, 355, 360, 402, 418, 426, 429, 431], [95, 103, 104, 107, 115, 129, 157, 180, 183, 188, 248, 261, 290, 295, 315, 341, 370, 373, 377, 390, 393, 394, 400, 413, 428, 433], [0, 1, 5, 6, 7, 8, 11, 14, 15, 33, 37, 51, 56, 57, 58, 59, 65, 66, 77, 106, 117, 123, 136, 146, 148, 150, 160, 162, 163, 190, 191, 211, 214, 225, 228, 229, 230, 231, 233, 253, 304, 313, 314, 325, 327, 349, 364, 369, 374, 384, 388, 392, 397, 398, 404, 416, 432], [16, 74, 112, 127, 128, 131, 137, 138, 144, 145, 152, 153, 159, 165, 167, 177, 181, 184, 192, 194, 196, 198, 202, 205, 210, 226, 234, 284, 285, 286, 292, 299, 301, 311, 336, 342, 344, 354, 368, 411, 415, 422, 424, 425], [3, 4, 54, 76, 78, 88, 97, 101, 102, 164, 215, 216, 221, 288, 289, 294, 320, 322, 323, 358, 361, 367, 381, 382, 383, 386, 387, 396, 420]], "centers": [[-0.16843038421330372, 0.9182702973433554, -0.8683503083805056, -0.352180362530249, -0.8888888888888854, 1.1094003924504579, -0.1610695384807916, 1.242521488394789, -1.1790292151214443, -0.1610695384807913, -1.1462241435400158, 1.2073222927802065, -0.18898223650461426, -0.9572353730777872, 1.0256153238192356, -0.16106953848079136, -0.732872753960898, 0.7741218934265786, -0.18235722297072837, 1.1790292151214439, -1.104258916695732, -0.1889822365046142, 1.2015907059889768, -1.119770516830429, -0.23080027108556914, 1.0543483700546503, -0.9528351047490323, -0.1278872166673276, 1.0256153238192354, -0.9931270663228443, -0.22522130823072536, 0.8048150549829887, -0.7254762501100135, -0.27700663036708634, -1.0739950402747, 1.242521488394789, -0.2469323991623966, -0.9268086959962989, 1.0398748544506025, -0.20166768818859027, -0.8009428406336285, 0.8683503083805055, -0.26229004707778764, 0.931102996289654, -0.8164965809277287, -0.5605349193140373, 2.452779858091232, -1.2729815111425848], [-0.16843038421330372, 0.9182702973433554, -0.8683503083805056, -0.352180362530249, 1.1249999999999956, -0.901387818865997, -0.1610695384807916, 1.242521488394789, -1.1790292151214443, -0.1610695384807913, -1.1462241435400158, 1.2073222927802065, -0.18898223650461426, -0.9572353730777872, 1.0256153238192356, -0.16106953848079136, -0.732872753960898, 0.7741218934265786, -0.18235722297072837, 1.1790292151214439, -1.104258916695732, -0.1889822365046142, 1.2015907059889768, -1.119770516830429, -0.23080027108556914, 1.0543483700546503, -0.9528351047490323, -0.1278872166673276, -0.9750244334066274, 1.0069204977995505, -0.22522130823072536, 0.8048150549829887, -0.7254762501100135, -0.27700663036708634, -1.0739950402747, 1.242521488394789, -0.2469323991623966, -0.9268086959962989, 1.0398748544506025, -0.20166768818859027, -0.8009428406336285, 0.8683503083805055, -0.26229004707778764, 0.931102996289654, -0.8164965809277287, -0.5605349193140373, -0.40770067346288574, 0.7855573637534168], [-0.16843038421330372, -1.0890039707187533, 1.1516089651249486, -0.352180362530249, 1.1249999999999956, -0.901387818865997, -0.1610695384807916, -0.8048150549829883, 0.8481554037632525, -0.1610695384807913, 0.8724297124919961, -0.828279247372467, -0.18898223650461426, 1.0446751427339311, -0.9750244334066274, -0.16106953848079136, 1.3644933511245667, -1.2917862270676648, -0.18235722297072837, -0.8481554037632522, 0.905584718294408, -0.1889822365046142, -0.8322301387783576, 0.8930401229267474, -0.23080027108556914, -0.9484531189137902, 1.0494995356656007, -0.1278872166673276, 1.0256153238192354, -0.9931270663228443, -0.22522130823072536, 0.8048150549829887, -0.7254762501100135, -0.27700663036708634, 0.931102996289654, -0.8048150549829883, -0.2469323991623966, 1.0789713177270346, -0.9616541795583003, -0.20166768818859027, 1.2485285456935975, -1.1516089651249486, -0.26229004707778764, -1.0739950402747, 1.224744871391593, 1.7840101758937148, -0.40770067346288574, -1.2729815111425848], [-0.16843038421330372, -1.0890039707187533, 1.1516089651249486, -0.352180362530249, -0.8888888888888854, 1.1094003924504579, -0.1610695384807916, -0.8048150549829883, 0.8481554037632525, -0.1610695384807913, 0.8724297124919961, -0.828279247372467, -0.18898223650461426, 1.0446751427339311, -0.9750244334066274, -0.16106953848079136, 1.3644933511245667, -1.2917862270676648, -0.18235722297072837, -0.8481554037632522, 0.905584718294408, -0.1889822365046142, -0.8322301387783576, 0.8930401229267474, -0.23080027108556914, -0.9484531189137902, 1.0494995356656007, -0.1278872166673276, 1.0256153238192354, -0.9931270663228443, -0.22522130823072536, -1.2425214883947895, 1.3784048752090254, -0.27700663036708634, 0.931102996289654, -0.8048150549829883, -0.2469323991623966, 1.0789713177270346, -0.9616541795583003, -0.20166768818859027, 1.2485285456935975, -1.1516089651249486, -0.26229004707778764, -1.0739950402747, 1.224744871391593, -0.5605349193140373, -0.40770067346288574, 0.7855573637534168], [-0.16843038421330372, -1.0890039707187533, 1.1516089651249486, -0.352180362530249, 1.1249999999999956, -0.901387818865997, -0.1610695384807916, -0.8048150549829883, 0.8481554037632525, -0.1610695384807913, 0.8724297124919961, -0.828279247372467, -0.18898223650461426, 1.0446751427339311, -0.9750244334066274, -0.16106953848079136, 1.3644933511245667, -1.2917862270676648, -0.18235722297072837, -0.8481554037632522, 0.905584718294408, -0.1889822365046142, -0.8322301387783576, 0.8930401229267474, -0.23080027108556914, -0.9484531189137902, 1.0494995356656007, -0.1278872166673276, -0.9750244334066274, 1.0069204977995505, -0.22522130823072536, 0.8048150549829887, -0.7254762501100135, -0.27700663036708634, 0.931102996289654, -0.8048150549829883, -0.2469323991623966, 1.0789713177270346, -0.9616541795583003, -0.20166768818859027, 1.2485285456935975, -1.1516089651249486, -0.26229004707778764, -1.0739950402747, 1.224744871391593, -0.5605349193140373, -0.40770067346288574, 0.7855573637534168], [5.937171043518956, -1.0890039707187533, -0.8683503083805056, 2.839454172900133, -0.8888888888888854, -0.901387818865997, 6.208498574168695, -0.8048150549829883, -1.1790292151214443, 6.208498574168683, -1.1462241435400158, -0.828279247372467, 5.2915026221292, -0.9572353730777872, -0.9750244334066274, 6.208498574168686, -0.732872753960898, -1.2917862270676648, 5.4837422050483315, -0.8481554037632522, -1.104258916695732, 5.291502622129198, -0.8322301387783576, -1.119770516830429, 4.332750543560912, -0.9484531189137902, -0.9528351047490323, 7.819389819088032, -0.9750244334066274, -0.9931270663228443, 4.440077219405729, -1.2425214883947895, -0.7254762501100135, 3.6100218925258996, -1.0739950402747, -0.8048150549829883, 4.049691346263304, -0.9268086959962989, -0.9616541795583003, 4.958652568401807, -0.8009428406336285, -1.1516089651249486, 3.8125731843092705, -1.0739950402747, -0.8164965809277287, 