{"clusters": [[3, 394, 322], [402, 143, 115, 124, 127, 128, 137, 301, 147, 192, 140, 208, 236, 333, 193, 200, 258, 212, 431, 110, 280, 149, 177, 181, 344, 184, 131, 194, 336, 210, 422, 226, 145, 138, 311, 205, 284, 285, 246, 176, 298, 219, 118, 243, 172, 175, 186, 415, 368, 271, 354, 398, 22, 182, 17, 68, 376, 317, 267, 309, 28, 429, 290, 244, 93, 249, 81, 227, 259, 42, 269, 43, 189, 337, 26, 116, 185, 262, 265, 260, 254, 426, 179, 25, 90, 203, 255, 338, 91, 245, 169, 241, 39, 16, 237, 139, 408, 291, 360, 411, 202, 74, 94, 355, 73, 326, 395, 287, 370, 20, 105, 48, 418, 92, 21, 46, 414, 419, 270, 34, 69, 23, 201, 64, 328, 63, 27, 29, 19, 50, 312, 321, 32, 209, 417, 380, 252, 98, 383, 71], [129, 95], [180, 178, 144, 112, 425, 318, 220, 198, 286, 196, 234, 352, 232, 12, 157, 165, 130, 218, 108, 109, 331, 114, 174, 329, 261, 170, 47, 366, 389, 263, 319, 187, 264, 268, 24, 70, 332, 222, 272, 348, 307, 80, 281, 391, 199, 371, 60, 45, 238, 40, 52, 9, 62, 41, 44, 31, 72, 13, 297, 216, 367], [365, 399, 295, 400, 14, 224, 403, 434, 38, 67, 330, 217, 158, 55, 401, 372, 75, 315, 36, 188, 53, 363, 413], [248, 183, 107], [393, 104, 428], [120, 84, 113, 171, 121, 111, 125, 197, 96, 316, 173, 242, 161, 240, 257, 256, 223, 79, 343, 273, 300, 433, 134, 195, 357, 303, 306, 83, 87, 356, 119, 409, 405, 283, 378, 278, 379, 276, 407, 410, 99, 359, 89, 266, 122, 206, 235, 132, 279, 308, 86, 305, 135, 133, 412, 346, 82, 310, 340, 335, 239, 345, 302, 427, 141, 142, 85, 296, 168, 430, 204, 353, 277, 351, 207, 103, 100, 274, 339, 282, 347, 406, 166, 167], [2, 341, 386, 153, 275, 350, 373, 159, 424, 213, 320, 152, 334, 294, 423, 299, 342, 221, 76, 162, 88, 421, 77, 229, 97, 292, 102, 101, 361, 54, 293, 362, 358, 4, 78, 323, 396, 289, 288, 387, 381, 420], [390, 190, 49, 126, 225, 432, 325, 160, 10, 377, 247, 51, 191, 18, 6, 7, 369, 228, 1, 251, 35, 250, 154, 30, 61, 327, 146, 253, 374, 106, 8, 230, 33, 11, 375, 324, 0, 15, 304, 59, 57, 58, 211, 233, 136, 56, 148, 231, 163, 66, 314, 5, 388, 313, 215, 349, 123, 151, 397, 385, 164, 155, 37, 382, 364, 392, 416, 214, 404, 150, 156, 65, 117, 384]], "centers": [[-0.16843038421330372, -1.0890039707187533, 1.1516089651249486, -0.352180362530249, -0.8888888888888854, 1.1094003924504579, 6.208498574168695, -0.8048150549829883, -1.1790292151214443, 6.208498574168683, -1.1462241435400158, -0.828279247372467, 5.2915026221292, -0.9572353730777872, -0.9750244334066274, -0.16106953848079136, -0.732872753960898, 0.7741218934265786, -0.18235722297072837, 1.1790292151214439, -1.104258916695732, -0.1889822365046142, 1.2015907059889768, -1.119770516830429, -0.23080027108556914, 1.0543483700546503, -0.9528351047490323, -0.1278872166673276, 1.0256153238192354, -0.9931270663228443, -0.22522130823072536, -1.2425214883947895, 1.3784048752090254, -0.27700663036708634, 0.931102996289654, -0.8048150549829883, -0.2469323991623966, -0.9268086959962989, 1.0398748544506025, -0.20166768818859027, 1.2485285456935975, -1.1516089651249486, -0.26229004707778764, 0.931102996289654, -0.8164965809277287, -0.5605349193140373, -0.40770067346288574, 0.7855573637534168], [-0.16843038421330372, -1.0890039707187533, 1.1516089651249486, -0.352180362530249, 1.1249999999999956, -0.901387818865997, -0.1610695384807916, -0.8048150549829883, 0.8481554037632525, -0.1610695384807913, 0.8724297124919961, -0.828279247372467, -0.18898223650461426, 1.0446751427339311, -0.9750244334066274, -0.16106953848079136, 1.3644933511245667, -1.2917862270676648, -0.18235722297072837, -0.8481554037632522, 0.905584718294408, -0.1889822365046142, -0.8322301387783576, 0.8930401229267474, -0.23080027108556914, -0.9484531189137902, 1.0494995356656007, -0.1278872166673276, 1.0256153238192354, -0.9931270663228443, -0.22522130823072536, 0.8048150549829887, -0.7254762501100135, -0.27700663036708634, 0.931102996289654, -0.8048150549829883, -0.2469323991623966, 1.0789713177270346, -0.9616541795583003, -0.20166768818859027, 1.2485285456935975, -1.1516089651249486, -0.26229004707778764, 0.931102996289654, -0.8164965809277287, -0.5605349193140373, -0.40770067346288574, 0.7855573637534168], [2.884370329652826, -1.0890039707187533, 0.14162932837222147, 1.2436369051849419, 0.11805555555555508, -0.901387818865997, -0.1610695384807916, -0.8048150549829883, 0.8481554037632525, -0.1610695384807913, 0.8724297124919961, -0.828279247372467, -0.18898223650461426, 0.043719884828071987, 0.025295445206304112, -0.16106953848079136, 0.31581029858183435, -0.2588321668205431, -0.18235722297072837, 0.16543690567909586, -0.09933709920066197, 2.551260192812292, -0.8322301387783576, -0.11336519695184083, 4.332750543560912, -0.9484531189137902, -0.9528351047490323, -0.1278872166673276, 1.0256153238192354, -0.9931270663228443, 2.1074279555875015, -1.2425214883947895, 0.326464312549506, 3.6100218925258996, -1.0739950402747, -0.8048150549829883, 4.049691346263304, -0.9268086959962989, -0.9616541795583003, 4.958652568401807, -0.8009428406336285, -1.1516089651249486, 1.7751415686157415, -1.0739950402747, 0.20412414523193212, 0.6117376282898388, -0.40770067346288574, -0.24371207369458403], [-0.16843038421330372, -1.0890039707187533, 1.1516089651249486, -0.352180362530249, 1.1249999999999956, -0.901387818865997, -0.1610695384807916, -0.8048150549829883, 0.8481554037632525, -0.1610695384807913, 0.8724297124919961, -0.828279247372467, -0.18898223650461426, 1.0446751427339311, -0.9750244334066274, -0.16106953848079136, 1.3644933511245667, -1.2917862270676648, -0.18235722297072837, -0.8481554037632522, 0.905584718294408, -0.1889822365046142, -0.8322301387783576, 0.8930401229267474, -0.23080027108556914, -0.9484531189137902, 1.0494995356656007, -0.1278872166673276, 1.0256153238192354, -0.9931270663228443, -0.22522130823072536, 0.8048150549829887, -0.7254762501100135, -0.27700663036708634, 0.931102996289654, -0.8048150549829883, -0.2469323991623966, 1.0789713177270346, -0.9616541795583003, -0.20166768818859027, 1.2485285456935975, -1.1516089651249486, -0.26229004707778764, -1.0739950402747, 1.224744871391593, 1.7840101758937148, -0.40770067346288574, -1.2729815111425848], [-0.16843038421330372, 0.9182702973433554, -0.8683503083805056, -0.352180362530249, -0.8888888888888854, 1.1094003924504579, -0.1610695384807916, 1.242521488394789, -1.1790292151214443, -0.1610695384807913, -1.1462241435400158, 1.2073222927802065, -0.18898223650461426, -0.9572353730777872, 1.0256153238192356, -0.16106953848079136, -0.732872753960898, 0.7741218934265786, -0.18235722297072837, 1.1790292151214439, -1.104258916695732, -0.1889822365046142, 1.2015907059889768, -1.119770516830429, -0.23080027108556914, 1.0543483700546503, -0.9528351047490323, -0.1278872166673276, -0.9750244334066274, 1.0069204977995505, -0.22522130823072536, 0.8048150549829887, -0.7254762501100135, -0.27700663036708634, -1.0739950402747, 1.242521488394789, -0.2469323991623966, -0.9268086959962989, 1.0398748544506025, -0.20166768818859027, -0.8009428406336285, 0.8683503083805055, -0.26229004707778764, 0.931102996289654, -0.8164965809277287, -0.5605349193140373, 2.452779858091232, -1.2729815111425848], [5.937171043518956, -1.0890039707187533, -0.8683503083805056, 2.839454172900133, -0.8888888888888854, -0.901387818865997, 6.208498574168695, -0.8048150549829883, -1.1790292151214443, 6.208498574168683, -1.1462241435400158, -0.828279247372467, 5.2915026221292, -0.9572353730777872, -0.9750244334066274, 6.208498574168686, -0.732872753960898, -1.2917862270676648, 5.4837422050483315, -0.8481554037632522, -1.104258916695732, 5.291502622129198, -0.8322301387783576, -1.119770516830429, -0.23080027108556914, -0.9484531189137902, 1.0494995356656007, 7.819389819088032, -0.9750244334066274, -0.9931270663228443, 4.440077219405729, -1.2425214883947895, -0.7254762501100135, 3.6100218925258996, -1.0739950402747, -0.8048150549829883, 4.049691346263304, -0.9268086959962989, -0.9616541795583003, 4.958652568401807, -0.8009428406336285, -1.1516089651249486, 3.8125731843092705, -1.0739950402747, -0.8164965809277287, 