{"clusters": [[390, 2, 120, 190, 49, 126, 225, 432, 113, 84, 125, 121, 171, 111, 197, 96, 173, 242, 161, 240, 257, 256, 223, 79, 343, 273, 300, 433, 134, 195, 409, 83, 306, 87, 303, 356, 119, 357, 405, 283, 278, 378, 379, 276, 407, 410, 99, 359, 89, 122, 266, 235, 206, 132, 305, 86, 279, 308, 135, 412, 82, 346, 133, 310, 340, 335, 239, 345, 302, 427, 141, 142, 275, 85, 296, 168, 430, 204, 353, 325, 160, 365, 399, 10, 377, 295, 247, 400, 51, 191, 18, 6, 7, 369, 14, 228, 1, 251, 35, 61, 30, 154, 250, 33, 106, 146, 253, 230, 374, 327, 8, 11, 375, 324, 0, 224, 403, 15, 434, 304, 59, 158, 67, 217, 330, 38, 58, 211, 57, 233, 136, 55, 401, 56, 148, 231, 163, 66, 314, 373, 5, 76, 162, 388, 372, 313, 75, 215, 77, 315, 229, 349, 36, 123, 207, 188, 103, 100, 274, 339, 282, 347, 406, 394, 151, 397, 385, 164, 155, 37, 382, 364, 392, 416, 53, 404, 214, 150, 363, 156, 65, 4, 78, 117, 384], [393, 104, 180, 178, 316, 425, 208, 220, 318, 333, 193, 236, 200, 212, 258, 198, 196, 246, 352, 232, 12, 157, 130, 218, 22, 331, 174, 114, 109, 108, 182, 17, 68, 376, 329, 317, 267, 28, 429, 261, 170, 244, 93, 47, 249, 81, 366, 389, 227, 42, 259, 269, 264, 24, 319, 268, 263, 187, 189, 43, 337, 70, 332, 222, 116, 26, 185, 262, 265, 260, 254, 272, 203, 25, 90, 179, 426, 338, 255, 348, 91, 245, 169, 241, 39, 139, 307, 408, 80, 95, 102, 361, 355, 73, 281, 391, 199, 326, 287, 371, 322, 60, 105, 45, 238, 40, 21, 9, 52, 62, 414, 46, 419, 41, 23, 69, 201, 34, 270, 64, 44, 328, 63, 72, 31, 27, 50, 19, 29, 417, 54, 380, 358, 387, 381], [428, 402, 143, 144, 341, 115, 124, 127, 128, 112, 137, 386, 301, 147, 192, 140, 431, 110, 280, 149, 177, 344, 184, 181, 286, 131, 194, 336, 210, 422, 226, 145, 138, 311, 205, 234, 284, 285, 153, 176, 277, 351, 298, 350, 3, 159, 424, 219, 118, 243, 172, 175, 186, 213, 320, 152, 334, 415, 368, 294, 271, 423, 354, 299, 165, 342, 221, 398, 88, 421, 309, 97, 290, 16, 237, 292, 291, 360, 411, 202, 74, 94, 101, 166, 167, 395, 370, 20, 48, 418, 92, 312, 321, 32, 209, 13, 252, 297, 98, 293, 362, 216, 323, 396, 289, 288, 383, 367, 71, 413, 420], [248, 183, 129, 107]], "centers": [[-0.16843038421330372, 0.9182702973433554, -0.8683503083805056, -0.352180362530249, -0.8888888888888854, 1.1094003924504579, -0.1610695384807916, 1.242521488394789, -1.1790292151214443, -0.1610695384807913, -1.1462241435400158, 1.2073222927802065, -0.18898223650461426, -0.9572353730777872, 1.0256153238192356, -0.16106953848079136, -0.732872753960898, 0.7741218934265786, -0.18235722297072837, 1.1790292151214439, -1.104258916695732, -0.1889822365046142, 1.2015907059889768, -1.119770516830429, -0.23080027108556914, 1.0543483700546503, -0.9528351047490323, -0.1278872166673276, 1.0256153238192354, -0.9931270663228443, -0.22522130823072536, 0.8048150549829887, -0.7254762501100135, -0.27700663036708634, 0.931102996289654, -0.8048150549829883, -0.2469323991623966, -0.9268086959962989, 1.0398748544506025, -0.20166768818859027, -0.8009428406336285, 0.8683503083805055, 3.8125731843092705, -1.0739950402747, -0.8164965809277287, -0.5605349193140373, -0.40770067346288574, 0.7855573637534168], [-0.16843038421330372, -1.0890039707187533, 1.1516089651249486, -0.352180362530249, 1.1249999999999956, -0.901387818865997, -0.1610695384807916, -0.8048150549829883, 0.8481554037632525, -0.1610695384807913, 0.8724297124919961, -0.828279247372467, -0.18898223650461426, 1.0446751427339311, -0.9750244334066274, -0.16106953848079136, 1.3644933511245667, -1.2917862270676648, -0.18235722297072837, -0.8481554037632522, 0.905584718294408, -0.1889822365046142, -0.8322301387783576, 0.8930401229267474, -0.23080027108556914, -0.9484531189137902, 1.0494995356656007, -0.1278872166673276, -0.9750244334066274, 1.0069204977995505, -0.22522130823072536, 0.8048150549829887, -0.7254762501100135, -0.27700663036708634, 0.931102996289654, -0.8048150549829883, 4.049691346263304, -0.9268086959962989, -0.9616541795583003, -0.20166768818859027, 1.2485285456935975, -1.1516089651249486, -0.26229004707778764, -1.0739950402747, 1.224744871391593, -0.5605349193140373, -0.40770067346288574, 0.7855573637534168], [-0.16843038421330372, 0.9182702973433554, -0.8683503083805056, -0.352180362530249, -0.8888888888888854, 1.1094003924504579, -0.1610695384807916, -0.8048150549829883, 0.8481554037632525, -0.1610695384807913, 0.8724297124919961, -0.828279247372467, -0.18898223650461426, 1.0446751427339311, -0.9750244334066274, -0.16106953848079136, -0.732872753960898, 0.7741218934265786, -0.18235722297072837, 1.1790292151214439, -1.104258916695732, -0.1889822365046142, -0.8322301387783576, 0.8930401229267474, -0.23080027108556914, -0.9484531189137902, 1.0494995356656007, -0.1278872166673276, -0.9750244334066274, 1.0069204977995505, -0.22522130823072536, -1.2425214883947895, 1.3784048752090254, -0.27700663036708634, 0.931102996289654, -0.8048150549829883, -0.2469323991623966, -0.9268086959962989, 1.0398748544506025, -0.20166768818859027, 1.2485285456935975, -1.1516089651249486, -0.26229004707778764, -1.0739950402747, 1.224744871391593, -0.5605349193140373, -0.40770067346288574, 0.7855573637534168], [5.937171043518956, -1.0890039707187533, -0.8683503083805056, 2.839454172900133, -0.8888888888888854, -0.901387818865997, 3.0237145178439517, -0.8048150549829883, -0.1654369056790959, 3.023714517843946, -0.13689721552400985, -0.828279247372467, 2.551260192812293, 0.043719884828071987, -0.9750244334066274, 3.0237145178439473, 0.31581029858183435, -1.2917862270676648, 2.6506924910388014, -0.8481554037632522, -0.09933709920066197, 2.551260192812292, -0.8322301387783576, -0.11336519695184083, 2.050975136237671, -0.9484531189137902, 0.0483322154582842, 3.845751301210352, 0.025295445206304, -0.9931270663228443, 4.440077219405729, -1.2425214883947895, -0.7254762501100135, 3.6100218925258996, -1.0739950402747, -0.8048150549829883, 4.049691346263304, -0.9268086959962989, -0.9616541795583003, 4.958652568401807, -0.8009428406336285, -1.1516089651249486, 3.8125731843092705, -1.0739950402747, -0.8164965809277287, 1.7840101758937148, -0.40770067346288574, -1.2729815111425848]]}