{"clusters": [[393, 104, 143, 144, 341, 115, 127, 128, 112, 137, 386, 316, 192, 198, 286, 131, 194, 336, 422, 226, 196, 145, 138, 311, 205, 234, 284, 285, 153, 351, 298, 350, 352, 3, 159, 424, 219, 118, 243, 232, 172, 186, 157, 213, 320, 152, 334, 415, 368, 294, 271, 423, 354, 299, 165, 342, 221, 76, 88, 421, 77, 16, 292, 411, 202, 74, 102, 167, 287, 322, 370, 417, 54, 380, 13, 297, 98, 293, 362, 358, 323, 396, 289, 288, 387, 383, 367, 381], [428, 178, 402, 124, 301, 147, 140, 425, 208, 318, 220, 333, 236, 193, 200, 258, 212, 431, 110, 280, 149, 177, 344, 181, 184, 210, 246, 176, 12, 175, 130, 218, 22, 174, 108, 114, 109, 331, 182, 68, 17, 376, 329, 317, 267, 309, 28, 429, 290, 261, 170, 244, 93, 47, 249, 81, 366, 389, 227, 269, 259, 42, 24, 268, 264, 319, 263, 187, 189, 337, 43, 70, 222, 332, 116, 26, 185, 262, 260, 254, 265, 272, 203, 90, 25, 179, 426, 338, 255, 348, 91, 245, 169, 241, 39, 237, 139, 307, 408, 291, 360, 80, 94, 101, 361, 355, 73, 281, 166, 391, 199, 326, 395, 371, 20, 60, 105, 45, 238, 48, 418, 92, 40, 21, 52, 9, 62, 46, 419, 414, 41, 34, 69, 201, 23, 270, 64, 44, 63, 328, 72, 31, 50, 19, 27, 29, 312, 321, 32, 209, 252, 71], [248, 183, 107], [129, 180], [390, 2, 120, 190, 49, 126, 225, 432, 113, 84, 121, 111, 125, 171, 197, 96, 173, 242, 161, 240, 257, 256, 223, 79, 343, 273, 300, 433, 195, 134, 356, 357, 87, 303, 83, 119, 306, 409, 405, 278, 283, 379, 378, 276, 407, 410, 99, 359, 89, 122, 206, 235, 266, 132, 305, 279, 308, 86, 135, 412, 133, 346, 82, 310, 340, 335, 239, 345, 302, 427, 141, 142, 275, 85, 296, 168, 430, 204, 353, 277, 325, 160, 365, 399, 10, 377, 295, 247, 400, 51, 191, 18, 6, 7, 369, 14, 228, 1, 154, 250, 35, 61, 30, 251, 106, 33, 230, 374, 327, 8, 253, 146, 11, 375, 324, 0, 224, 403, 15, 434, 304, 59, 38, 217, 67, 330, 158, 233, 57, 58, 211, 136, 55, 401, 56, 148, 231, 163, 66, 314, 373, 5, 398, 162, 388, 372, 313, 75, 215, 315, 229, 349, 36, 123, 207, 188, 103, 100, 97, 274, 339, 282, 347, 95, 406, 394, 151, 397, 385, 164, 155, 37, 382, 364, 392, 416, 53, 214, 150, 404, 363, 156, 65, 216, 4, 78, 117, 384, 413, 420]], "centers": [[-0.16843038421330372, 0.9182702973433554, -0.8683503083805056, -0.352180362530249, -0.8888888888888854, 1.1094003924504579, -0.1610695384807916, -0.8048150549829883, 0.8481554037632525, -0.1610695384807913, 0.8724297124919961, -0.828279247372467, -0.18898223650461426, 1.0446751427339311, -0.9750244334066274, -0.16106953848079136, -0.732872753960898, 0.7741218934265786, -0.18235722297072837, 1.1790292151214439, -1.104258916695732, -0.1889822365046142, -0.8322301387783576, 0.8930401229267474, -0.23080027108556914, -0.9484531189137902, 1.0494995356656007, -0.1278872166673276, 0.025295445206304, 0.006896715738353099, -0.22522130823072536, -0.2188532167059004, 0.326464312549506, -0.27700663036708634, 0.931102996289654, -0.8048150549829883, -0.2469323991623966, -0.9268086959962989, 1.0398748544506025, -0.20166768818859027, 0.2237928525299845, -0.14162932837222153, -0.26229004707778764, -0.07144602199252303, 0.20412414523193212, -0.5605349193140373, -0.40770067346288574, 0.7855573637534168], [-0.16843038421330372, -1.0890039707187533, 1.1516089651249486, -0.352180362530249, 1.1249999999999956, -0.901387818865997, -0.1610695384807916, -0.8048150549829883, 0.8481554037632525, -0.1610695384807913, 0.8724297124919961, -0.828279247372467, -0.18898223650461426, 1.0446751427339311, -0.9750244334066274, -0.16106953848079136, 1.3644933511245667, -1.2917862270676648, -0.18235722297072837, -0.8481554037632522, 0.905584718294408, -0.1889822365046142, -0.8322301387783576, 0.8930401229267474, -0.23080027108556914, -0.9484531189137902, 1.0494995356656007, -0.1278872166673276, 0.025295445206304, 0.006896715738353099, -0.22522130823072536, -0.2188532167059004, 0.326464312549506, 1.6665076310794067, -0.07144602199252303, -0.8048150549829883, -0.2469323991623966, 1.0789713177270346, -0.9616541795583003, -0.20166768818859027, 1.2485285456935975, -1.1516089651249486, -0.26229004707778764, -1.0739950402747, 1.224744871391593, -0.5605349193140373, -0.40770067346288574, 0.7855573637534168], [5.937171043518956, -1.0890039707187533, -0.8683503083805056, 2.839454172900133, -0.8888888888888854, -0.901387818865997, 6.208498574168695, -0.8048150549829883, -1.1790292151214443, 6.208498574168683, -1.1462241435400158, -0.828279247372467, 5.2915026221292, -0.9572353730777872, -0.9750244334066274, 6.208498574168686, -0.732872753960898, -1.2917862270676648, 5.4837422050483315, -0.8481554037632522, -1.104258916695732, 5.291502622129198, -0.8322301387783576, -1.119770516830429, -0.23080027108556914, -0.9484531189137902, 1.0494995356656007, 7.819389819088032, -0.9750244334066274, -0.9931270663228443, 4.440077219405729, -1.2425214883947895, -0.7254762501100135, 3.6100218925258996, -1.0739950402747, -0.8048150549829883, 4.049691346263304, -0.9268086959962989, -0.9616541795583003, 4.958652568401807, -0.8009428406336285, -1.1516089651249486, 3.8125731843092705, -1.0739950402747, -0.8164965809277287, 1.7840101758937148, -0.40770067346288574, -1.2729815111425848], [5.937171043518956, -1.0890039707187533, -0.8683503083805056, 2.839454172900133, -0.8888888888888854, -0.901387818865997, -0.1610695384807916, -0.8048150549829883, 0.8481554037632525, -0.1610695384807913, 0.8724297124919961, -0.828279247372467, -0.18898223650461426, 1.0446751427339311, -0.9750244334066274, -0.16106953848079136, 1.3644933511245667, -1.2917862270676648, -0.18235722297072837, -0.8481554037632522, 0.905584718294408, -0.1889822365046142, -0.8322301387783576, 0.8930401229267474, 2.050975136237671, -0.9484531189137902, 0.0483322154582842, 3.845751301210352, 0.025295445206304, -0.9931270663228443, 4.440077219405729, -1.2425214883947895, -0.7254762501100135, 1.6665076310794067, -0.07144602199252303, -0.8048150549829883, 1.901379473550454, 0.07608131086536785, -0.9616541795583003, 2.3784924401066085, 0.2237928525299845, -1.1516089651249486, 3.8125731843092705, -1.0739950402747, -0.8164965809277287, 1.7840101758937148, -0.40770067346288574, -1.2729815111425848], [-0.16843038421330372, 0.9182702973433554, -0.8683503083805056, -0.352180362530249, -0.8888888888888854, 1.1094003924504579, -0.1610695384807916, 1.242521488394789, -1.1790292151214443, -0.1610695384807913, -1.1462241435400158, 1.2073222927802065, -0.18898223650461426, -0.9572353730777872, 1.0256153238192356, -0.16106953848079136, -0.732872753960898, 0.7741218934265786, -0.18235722297072837, 1.1790292151214439, -1.104258916695732, -0.1889822365046142, 1.2015907059889768, -1.119770516830429, -0.23080027108556914, 1.0543483700546503, -0.9528351047490323, -0.1278872166673276, 1.0256153238192354, -0.9931270663228443, -0.22522130823072536, 0.8048150549829887, -0.7254762501100135, -0.27700663036708634, -0.07144602199252303, 0.21885321670590036, 1.901379473550454, -0.9268086959962989, 0.039110337446151056, 2.3784924401066085, -0.8009428406336285, -0.14162932837222153, -0.26229004707778764, 0.931102996289654, -0.8164965809277287, 0.6117376282898388, -0.40770067346288574, -0.24371207369458403]]}