{"clusters": [[2, 120, 49, 126, 225, 432, 84, 113, 125, 171, 121, 111, 197, 96, 173, 242, 161, 240, 257, 223, 79, 343, 273, 300, 433, 356, 119, 303, 306, 357, 87, 83, 409, 379, 378, 278, 283, 405, 276, 407, 410, 99, 359, 89, 235, 122, 266, 206, 86, 279, 135, 308, 305, 346, 133, 82, 412, 310, 340, 239, 345, 302, 427, 141, 142, 275, 85, 296, 168, 430, 204, 353, 277, 325, 160, 365, 399, 10, 377, 247, 51, 18, 6, 7, 369, 35, 61, 30, 154, 251, 250, 327, 146, 8, 230, 374, 253, 106, 33, 11, 324, 0, 224, 434, 158, 38, 217, 67, 330, 57, 58, 211, 233, 136, 55, 401, 56, 148, 231, 163, 66, 314, 373, 342, 5, 398, 162, 88, 313, 75, 215, 77, 229, 349, 123, 207, 103, 100, 97, 339, 282, 347, 394, 151, 397, 385, 155, 37, 382, 364, 392, 416, 53, 150, 404, 214, 363, 156, 65, 216, 4, 78, 117, 384, 420], [129, 95], [428, 180, 178, 402, 143, 144, 115, 124, 127, 112, 137, 301, 147, 192, 140, 425, 208, 318, 220, 333, 236, 193, 200, 258, 212, 431, 110, 280, 149, 177, 198, 344, 184, 181, 131, 194, 336, 210, 422, 226, 196, 145, 138, 311, 205, 234, 284, 285, 246, 176, 351, 298, 350, 118, 243, 232, 12, 172, 175, 186, 334, 415, 368, 271, 354, 299, 130, 218, 22, 114, 331, 108, 109, 174, 182, 17, 68, 376, 329, 317, 267, 309, 274, 28, 429, 261, 170, 244, 93, 47, 249, 81, 366, 389, 227, 269, 42, 259, 187, 263, 319, 264, 24, 268, 337, 43, 189, 70, 222, 332, 26, 116, 185, 262, 260, 254, 265, 272, 25, 179, 426, 90, 203, 338, 255, 348, 91, 245, 169, 241, 39, 237, 292, 139, 307, 408, 291, 360, 80, 411, 202, 74, 94, 102, 101, 355, 73, 281, 166, 167, 391, 199, 326, 395, 371, 370, 20, 60, 105, 45, 238, 48, 418, 92, 40, 21, 9, 52, 62, 414, 419, 46, 41, 69, 34, 270, 201, 23, 64, 44, 63, 328, 31, 72, 19, 50, 29, 27, 312, 321, 32, 209, 417, 13, 252, 297, 98, 293, 367, 71], [286, 153, 290, 16, 406, 361, 54, 362, 358, 323, 413], [341, 128, 386, 316, 352, 3, 159, 424, 219, 157, 213, 320, 152, 294, 423, 165, 221, 421, 287, 322, 380, 396, 289, 288, 387, 383, 381], [248, 183, 107], [393, 104], [390, 190, 256, 134, 195, 132, 335, 295, 400, 191, 14, 228, 1, 375, 403, 15, 59, 304, 76, 388, 372, 315, 36, 188, 164]], "centers": [[-0.16843038421330372, 0.9182702973433554, -0.8683503083805056, -0.352180362530249, -0.8888888888888854, 1.1094003924504579, -0.1610695384807916, 1.242521488394789, -1.1790292151214443, -0.1610695384807913, -1.1462241435400158, 1.2073222927802065, -0.18898223650461426, -0.9572353730777872, 1.0256153238192356, -0.16106953848079136, -0.732872753960898, 0.7741218934265786, -0.18235722297072837, 1.1790292151214439, -1.104258916695732, -0.1889822365046142, 1.2015907059889768, -1.119770516830429, -0.23080027108556914, 1.0543483700546503, -0.9528351047490323, -0.1278872166673276, 1.0256153238192354, -0.9931270663228443, -0.22522130823072536, 0.8048150549829887, -0.7254762501100135, -0.27700663036708634, 0.931102996289654, -0.8048150549829883, 4.049691346263304, -0.9268086959962989, -0.9616541795583003, -0.20166768818859027, -0.8009428406336285, 0.8683503083805055, -0.26229004707778764, -1.0739950402747, 1.224744871391593, -0.5605349193140373, -0.40770067346288574, 0.7855573637534168], [2.884370329652826, -1.0890039707187533, 0.14162932837222147, 1.2436369051849419, 0.11805555555555508, -0.901387818865997, -0.1610695384807916, -0.8048150549829883, 0.8481554037632525, -0.1610695384807913, 0.8724297124919961, -0.828279247372467, -0.18898223650461426, 0.043719884828071987, 0.025295445206304112, -0.16106953848079136, 0.31581029858183435, -0.2588321668205431, -0.18235722297072837, 0.16543690567909586, -0.09933709920066197, 2.551260192812292, -0.8322301387783576, -0.11336519695184083, 4.332750543560912, -0.9484531189137902, -0.9528351047490323, -0.1278872166673276, 1.0256153238192354, -0.9931270663228443, 2.1074279555875015, -1.2425214883947895, 0.326464312549506, 3.6100218925258996, -1.0739950402747, -0.8048150549829883, 4.049691346263304, -0.9268086959962989, -0.9616541795583003, 4.958652568401807, -0.8009428406336285, -1.1516089651249486, 1.7751415686157415, -1.0739950402747, 0.20412414523193212, 0.6117376282898388, -0.40770067346288574, -0.24371207369458403], [-0.16843038421330372, -1.0890039707187533, 1.1516089651249486, -0.352180362530249, 1.1249999999999956, -0.901387818865997, -0.1610695384807916, -0.8048150549829883, 0.8481554037632525, -0.1610695384807913, 0.8724297124919961, -0.828279247372467, -0.18898223650461426, 1.0446751427339311, -0.9750244334066274, -0.16106953848079136, 1.3644933511245667, -1.2917862270676648, -0.18235722297072837, -0.8481554037632522, 0.905584718294408, -0.1889822365046142, -0.8322301387783576, 0.8930401229267474, -0.23080027108556914, -0.9484531189137902, 1.0494995356656007, -0.1278872166673276, 1.0256153238192354, -0.9931270663228443, -0.22522130823072536, 0.8048150549829887, -0.7254762501100135, -0.27700663036708634, 0.931102996289654, -0.8048150549829883, -0.2469323991623966, 1.0789713177270346, -0.9616541795583003, -0.20166768818859027, 1.2485285456935975, -1.1516089651249486, -0.26229004707778764, -1.0739950402747, 1.224744871391593, 1.7840101758937148, -0.40770067346288574, -1.2729815111425848], [-0.16843038421330372, -1.0890039707187533, 1.1516089651249486, -0.352180362530249, 1.1249999999999956, -0.901387818865997, -0.1610695384807916, -0.8048150549829883, 0.8481554037632525, -0.1610695384807913, 0.8724297124919961, -0.828279247372467, -0.18898223650461426, -0.9572353730777872, 1.0256153238192356, -0.16106953848079136, -0.732872753960898, 0.7741218934265786, -0.18235722297072837, -0.8481554037632522, 0.905584718294408, -0.1889822365046142, 1.2015907059889768, -1.119770516830429, -0.23080027108556914, -0.9484531189137902, 1.0494995356656007, -0.1278872166673276, -0.9750244334066274, 1.0069204977995505, -0.22522130823072536, 0.8048150549829887, -0.7254762501100135, -0.27700663036708634, 0.931102996289654, -0.8048150549829883, -0.2469323991623966, -0.9268086959962989, 1.0398748544506025, -0.20166768818859027, -0.8009428406336285, 0.8683503083805055, -0.26229004707778764, 0.931102996289654, -0.8164965809277287, 1.7840101758937148, -0.40770067346288574, -1.2729815111425848], [-0.16843038421330372, 0.9182702973433554, -0.8683503083805056, -0.352180362530249, -0.8888888888888854, 1.1094003924504579, -0.1610695384807916, -0.8048150549829883, 0.8481554037632525, -0.1610695384807913, 0.8724297124919961, -0.828279247372467, -0.18898223650461426, 1.0446751427339311, -0.9750244334066274, -0.16106953848079136, -0.732872753960898, 0.7741218934265786, -0.18235722297072837, -0.8481554037632522, 0.905584718294408, -0.1889822365046142, -0.8322301387783576, 0.8930401229267474, -0.23080027108556914, 1.0543483700546503, -0.9528351047490323, -0.1278872166673276, -0.9750244334066274, 1.0069204977995505, -0.22522130823072536, -1.2425214883947895, 1.3784048752090254, -0.27700663036708634, 0.931102996289654, -0.8048150549829883, -0.2469323991623966, -0.9268086959962989, 1.0398748544506025, -0.20166768818859027, -0.8009428406336285, 0.8683503083805055, -0.26229004707778764, 0.931102996289654, -0.8164965809277287, 1.7840101758937148, -0.40770067346288574, -1.2729815111425848], [5.937171043518956, -1.0890039707187533, -0.8683503083805056, 2.839454172900133, -0.8888888888888854, -0.901387818865997, 6.208498574168695, -0.8048150549829883, -1.1790292151214443, 6.208498574168683, -1.1462241435400158, -0.828279247372467, 5.2915026221292, -0.9572353730777872, -0.9750244334066274, 6.208498574168686, -0.732872753960898, -1.2917862270676648, 5.4837422050483315, -0.8481554037632522, -1.104258916695732, 5.291502622129198, -0.8322301387783576, -1.119770516830429, -0.23080027108556914, -0.9484531189137902, 1.0494995356656007, 7.819389819088032, -0.9750244334066274, -0.9931270663228443, 4.440077219405729, -1.2425214883947895, -0.7254762501100135, 3.6100218925258996, -1.0739950402747, -0.8048150549829883, 4.049691346263304, -0.9268086959962989, -0.9616541795583003, 4.958652568401807, -0.8009428406336285, -1.1516089651249486, 3.8125731843092705, -1.0739950402747, -0.8164965809277287, 