{"clusters": [[131, 117, 135, 122, 118, 105, 130, 107, 109, 125, 129, 102, 50, 120, 139, 141, 52, 143, 112, 76, 144, 124, 140, 86, 65, 145, 77, 108, 75, 58, 110, 104, 116, 147, 54, 115, 51, 137, 74, 132, 128, 111, 136, 100, 56, 103, 133, 123, 146, 72, 87, 148, 97, 126, 68, 127, 91, 63, 73, 71, 134, 85, 138, 78, 83, 119, 62, 70, 149, 61, 14, 114, 101, 142, 67, 82, 92, 15, 18, 95, 96, 55, 99, 79, 113, 66, 88, 64, 121, 94, 69, 33, 36, 90, 89, 80, 81, 53, 5, 16, 10, 20, 31, 84, 48, 32, 27, 28, 59, 44, 46, 19, 21, 17, 0, 39, 23, 98, 4, 43, 40, 26, 7, 49, 35, 25, 93, 60, 37, 34, 9, 1, 106, 57, 24, 11, 30, 45, 12, 29, 2, 22, 6, 47, 3, 41, 42, 38, 8, 13]], "centers": [[-0.052506077192250644, -0.8225697780975647, 0.13754657313091795, -0.13075463639503315]]}