{"clusters": [[36, 20, 31, 27, 28, 17, 0, 39, 23, 4, 43, 40, 26, 7, 49, 35, 25, 37, 34, 9, 1, 24, 11, 30, 45, 12, 29, 2, 22, 6, 47, 3, 42, 38, 8, 13], [120, 139, 141, 143, 112, 144, 124, 140, 145, 110, 104, 116, 147, 115, 137, 132, 128, 136, 100, 148, 127, 85, 138, 70, 114], [131, 117, 109], [134, 83, 67, 82, 92, 95, 96, 55, 99, 79, 66, 88, 64, 94, 90, 84], [50, 52, 76, 86, 65, 77, 75, 58, 51, 74, 56], [135, 122, 118, 105, 130, 107, 125, 129, 102], [14, 15, 18, 33, 5, 16, 10, 48, 32, 44, 46, 19, 21], [54, 111, 103, 133, 123, 97, 126, 91, 63, 73, 71, 78, 149, 61, 142, 101, 121], [69, 89, 80, 81, 53, 59, 98, 93, 60, 106, 57, 41], [108, 146, 72, 87, 68, 119, 62, 113]], "centers": [[-1.1430169111851116, 0.673709202583637, -1.311807813165962, -1.3812603871528912], [0.7956690159133086, -0.1319794793216258, 0.8195956960941558, 1.0539350222176747], [2.249683461237124, 1.7095946507475455, 1.672157099798203, 1.3171993907982766], [-0.1736739476359015, -0.5923730118389191, 0.3080588538717274, 0.13250973218556866], [1.0380047568006114, -0.1319794793216258, 0.7059208422669494, 0.659038469346772], [1.8861798499061706, -0.5923730118389191, 1.3311325383165837, 0.9223028379273737], [-0.5371775589668552, 1.4793978844888998, -1.2833890997091604, -1.3154442950077407], [0.310997534138703, -0.36217624558027245, 0.5354085615261401, 0.2641419164758693], [-0.8400972350759839, -1.0527665443562113, -0.1750592748938992, 0.06669364004041817], [0.49274933980418034, -1.8584552262614742, 0.3933149942421323, 0.2641419164758695]]}