{"clusters": [[14, 15, 18, 33, 36, 5, 16, 10, 20, 31, 48, 32, 27, 28, 44, 46, 19, 21, 17, 0, 39, 23, 4, 43, 40, 26, 7, 49, 35, 25, 37, 34, 9, 1, 24, 11, 30, 45, 12, 29, 2, 22, 6, 47, 3, 42, 38, 8, 13], [65, 75, 58, 54, 51, 74, 133, 146, 72, 87, 97, 68, 91, 63, 73, 71, 134, 138, 78, 83, 119, 62, 70, 149, 61, 142, 101, 67, 82, 92, 95, 96, 55, 99, 79, 113, 66, 88, 64, 121, 94, 69, 90, 89, 80, 81, 53, 84, 59, 98, 93, 60, 106, 57, 41], [131, 117, 135, 122, 118, 105, 130, 107, 109, 125, 129, 102, 50, 120, 139, 141, 52, 143, 112, 76, 144, 124, 140, 86, 145, 77, 108, 110, 104, 116, 147, 115, 137, 132, 128, 111, 136, 100, 56, 103, 123, 148, 126, 127, 85, 114]], "centers": [[-1.0218490407414607, 1.0190043519716065, -1.3970639535363667, -1.18381211071744], [-0.052506077192250644, -0.8225697780975647, 0.194384000044521, -0.262386820685334], [1.0380047568006114, 0.09821728693702086, 0.7911769826373541, 0.9881189300725242]]}