{"clusters": [[14, 15, 18, 33, 36, 5, 16, 10, 20, 31, 48, 32, 27, 28, 44, 46, 19, 21, 17, 0, 39, 23, 4, 43, 40, 26, 7, 49, 35, 25, 37, 34, 9, 1, 24, 11, 30, 45, 12, 29, 2, 22, 6, 47, 3, 42, 38, 8, 13], [127, 91, 63, 73, 71, 138, 78, 70, 149, 61, 67, 82, 95, 96, 55, 99, 79, 66, 88, 64, 94, 90, 84, 59, 98, 106, 57, 41], [131, 117, 135, 122, 118, 105, 130, 107, 109, 125, 129, 102, 50, 120, 139, 141, 52, 143, 112, 76, 144, 124, 140, 86, 65, 145, 77, 75, 58, 110, 104, 116, 147, 115, 51, 137, 74, 136, 100, 56, 103, 148, 97, 85], [108, 54, 132, 128, 111, 133, 123, 146, 72, 87, 126, 68, 134, 83, 119, 62, 114, 101, 142, 92, 113, 121, 69, 89, 80, 81, 53, 93, 60]], "centers": [[-1.0218490407414607, 1.0190043519716065, -1.3970639535363667, -1.18381211071744], [-0.1736739476359015, -0.4772746287095958, 0.33647756732852907, 0.13250973218556866], [1.0380047568006114, 0.32841405319566697, 1.0753641172053698, 1.383015482943427], [0.18982966369505214, -1.973553609390797, 0.7059208422669494, 0.3957741007661703]]}