{"clusters": [[14, 15, 18, 33, 36, 5, 16, 10, 20, 31, 48, 32, 27, 28, 44, 46, 19, 21, 17, 0, 39, 23, 4, 43, 40, 26, 7, 49, 35, 25, 37, 34, 9, 1, 24, 11, 30, 45, 12, 29, 2, 22, 6, 47, 3, 41, 42, 38, 8, 13], [68, 62, 67, 82, 92, 95, 96, 99, 79, 66, 88, 64, 94, 69, 90, 89, 80, 81, 53, 84, 59, 98, 93, 60, 106, 57], [131, 117, 135, 122, 118, 105, 130, 107, 109, 125, 129, 102, 120, 139, 141, 143, 112, 144, 124, 140, 145, 108, 110, 104, 116, 147, 115, 137, 132, 128, 111, 136, 100, 103, 148, 134, 149, 114], [50, 52, 76, 86, 65, 77, 75, 58, 54, 51, 74, 56, 133, 123, 146, 72, 87, 97, 126, 127, 91, 63, 73, 71, 85, 138, 78, 83, 119, 70, 61, 101, 142, 55, 113, 121]], "centers": [[5.0, 3.45, 1.4500000000000002, 0.35], [5.6, 2.6, 4.05, 1.2000000000000002], [6.7, 3.2, 5.65, 2.25], [6.2, 2.8499999999999996, 4.55, 1.55]]}