{"clusters": [[14, 15, 18, 33, 36, 5, 16, 10, 20, 31, 48, 32, 27, 28, 44, 46, 19, 21, 17, 0, 39, 23, 4, 43, 40, 26, 7, 49, 35, 25, 37, 34, 9, 1, 24, 11, 30, 45, 12, 29, 2, 22, 6, 47, 3, 42, 38, 8, 13], [135, 122, 118, 105, 130, 129, 50, 52, 76, 86, 65, 108, 75, 58, 54, 51, 74, 111, 56, 133, 123, 97, 91, 63, 85], [131, 117, 109], [107, 125, 102, 120, 139, 141, 143, 112, 144, 124, 140, 145, 77, 110, 104, 116, 147, 115, 137, 132, 128, 136, 100, 103, 148, 126, 127, 138, 78, 70, 149, 61, 114], [146, 72, 87, 68, 73, 71, 134, 83, 119, 62, 101, 142, 67, 82, 92, 95, 96, 55, 99, 79, 113, 66, 88, 64, 121, 94, 69, 90, 89, 80, 81, 53, 84, 59, 98, 93, 60, 106, 57, 41]], "centers": [[-1.0218490407414607, 1.0190043519716065, -1.3970639535363667, -1.18381211071744], [0.9168368863569595, -0.1319794793216258, 0.3648962807853308, 0.2641419164758693], [2.249683461237124, 1.7095946507475455, 1.672157099798203, 1.3171993907982766], [0.7956690159133086, -0.1319794793216258, 0.8195956960941558, 1.0539350222176747], [-0.1736739476359015, -1.1678649274855346, 0.2796401404149259, 0.39577410076617037]]}