{"clusters": [[14, 15, 18, 33, 36, 5, 16, 10, 20, 31, 48, 32, 27, 28, 44, 46, 19, 21, 17, 0, 39, 23, 4, 43, 40, 26, 7, 49, 35, 25, 37, 34, 9, 1, 24, 11, 30, 45, 12, 29, 2, 22, 6, 47, 3, 42, 38, 8, 13], [135, 122, 118, 105, 130, 107, 125, 129, 102, 50, 120, 139, 141, 52, 143, 112, 144, 124, 140, 145, 77, 110, 104, 116, 147, 115, 137, 132, 128, 136, 100, 56, 148, 85, 114], [131, 117, 109], [108, 146, 72, 87, 68, 119, 62, 113], [67, 82, 92, 79, 94, 69, 90, 89, 80, 81, 53, 59, 98, 93, 60, 106, 57, 41], [76, 86, 65, 75, 58, 54, 51, 74, 111, 103, 133, 123, 97, 126, 127, 91, 63, 73, 71, 134, 138, 78, 83, 70, 149, 61, 101, 142, 95, 96, 55, 99, 66, 88, 64, 121, 84]], "centers": [[-1.0218490407414607, 1.0190043519716065, -1.3970639535363667, -1.18381211071744], [1.0380047568006114, 0.5586108194543131, 1.1037828306621715, 1.1855672065079756], [2.249683461237124, 1.7095946507475455, 1.672157099798203, 1.3171993907982766], [0.49274933980418034, -1.8584552262614742, 0.3933149942421323, 0.2641419164758695], [-0.4160096885232043, -1.5131600768735047, -0.00454699415308977, -0.19657072854018348], [0.310997534138703, -0.5923730118389191, 0.13754657313091806, 0.13250973218556866]]}