{"clusters": [[14, 15, 18, 33, 36, 5, 16, 10, 20, 31, 48, 32, 27, 28, 44, 46, 19, 21, 17, 0, 39, 23, 4, 43, 40, 26, 7, 49, 35, 25, 37, 34, 9, 1, 24, 11, 30, 45, 12, 29, 2, 22, 6, 47, 3, 41, 42, 38, 8, 13], [50, 76, 86, 65, 75, 58, 54, 51, 74, 123, 72, 87, 97, 126, 68, 127, 63, 73, 71, 138, 119, 62, 113, 121], [122, 118, 105, 107], [82, 92, 79, 64, 69, 89, 80, 81, 53, 59, 98, 93, 60, 106, 57], [129, 139, 141, 52, 112, 124, 145, 77, 108, 110, 104, 116, 147, 115, 137, 132, 128, 111, 136, 100, 103, 133, 146, 148, 134, 83, 149, 114, 101, 142], [131, 117, 135, 130, 109, 125, 102, 120, 143, 144, 140], [56, 91, 85, 78, 70, 61, 67, 95, 96, 55, 99, 66, 88, 94, 90, 84]], "centers": [[5.0, 3.45, 1.4500000000000002, 0.35], [6.25, 2.5999999999999996, 4.35, 1.3], [7.65, 2.8, 6.75, 2.2], [5.5, 2.4, 3.7, 1.0], [6.4, 2.95, 5.55, 2.0], [7.2, 3.2, 6.0, 1.8], [5.7, 2.95, 4.2, 1.25]]}