{"clusters": [[36, 20, 31, 27, 28, 17, 0, 39, 23, 4, 43, 40, 26, 7, 49, 35, 25, 37, 34, 9, 1, 24, 11, 30, 45, 12, 29, 2, 22, 6, 47, 3, 42, 38, 8, 13], [135, 122, 118, 105, 130, 107, 125, 129, 102, 120, 139, 141, 143, 112, 144, 124, 140, 145, 110, 104, 116, 147, 115, 137, 132, 128, 136, 100, 56, 148, 127, 85, 114], [131, 117, 109], [50, 52, 76, 86, 65, 77, 108, 75, 58, 54, 51, 74, 103, 133, 123, 97, 126, 91, 63, 73, 71, 134, 138, 78, 83, 70, 149, 61, 67, 82, 92, 95, 96, 55, 99, 66, 88, 64, 121, 94, 84], [79, 69, 90, 89, 80, 81, 53, 59, 98, 93, 60, 106, 57, 41], [111, 146, 72, 87, 68, 119, 62, 101, 142, 113], [14, 15, 18, 33, 5, 16, 10, 48, 32, 44, 46, 19, 21]], "centers": [[-1.1430169111851116, 0.673709202583637, -1.311807813165962, -1.3812603871528912], [1.0380047568006114, 0.09821728693702086, 1.0469454037485681, 1.580463759378878], [2.249683461237124, 1.7095946507475455, 1.672157099798203, 1.3171993907982766], [0.310997534138703, -0.5923730118389191, 0.13754657313091806, 0.13250973218556866], [-0.5977614941886811, -1.282963310614858, 0.10912785967411648, 0.198325824330719], [0.3109975341387035, -1.973553609390797, 0.5638272749829416, 0.3957741007661703], [-0.5371775589668552, 1.4793978844888998, -1.2833890997091604, -1.3154442950077407]]}