{"clusters": [[36, 20, 31, 27, 28, 17, 0, 39, 23, 4, 43, 40, 26, 7, 49, 35, 25, 37, 34, 9, 1, 24, 11, 30, 45, 12, 29, 2, 22, 6, 47, 3, 42, 38, 8, 13], [67, 82, 92, 96, 55, 99, 79, 66, 88, 64, 94, 69, 90, 89, 84, 59, 41], [131, 117, 109], [119, 62, 80, 81, 53, 98, 93, 60, 106, 57], [76, 108, 146, 72, 87, 68, 134, 113], [50, 52, 86, 65, 77, 75, 58, 54, 51, 74, 111, 103, 133, 123, 97, 126, 127, 91, 63, 73, 71, 138, 78, 83, 70, 149, 61, 114, 101, 142, 95, 121], [14, 15, 18, 33, 5, 16, 10, 48, 32, 44, 46, 19, 21], [135, 122, 118, 105, 130, 107, 125, 129, 102, 120, 139, 141, 143, 112, 144, 124, 140, 145, 110, 104, 116, 147, 115, 137, 132, 128, 136, 100, 56, 148, 85]], "centers": [[-1.1430169111851116, 0.673709202583637, -1.311807813165962, -1.3812603871528912], [-0.29484181807955345, -0.1319794793216258, 0.194384000044521, 0.13250973218556866], [2.249683461237124, 1.7095946507475455, 1.672157099798203, 1.3171993907982766], [-0.6583454294105071, -1.5131600768735045, -0.1466405614370976, 0.0008775478952678384], [0.5533332750260058, -1.5131600768735045, 0.5069898480693387, 0.2641419164758695], [0.37158146936052894, -0.36217624558027245, 0.6206647018965448, 0.7906706536370729], [-0.5371775589668552, 1.4793978844888998, -1.2833890997091604, -1.3154442950077407], [1.0380047568006114, 0.5586108194543131, 1.1037828306621715, 1.1855672065079756]]}