{"clusters": [[36, 20, 31, 27, 28, 17, 0, 39, 23, 4, 43, 40, 26, 7, 49, 35, 25, 37, 34, 9, 1, 24, 11, 30, 45, 12, 29, 2, 22, 6, 47, 3, 42, 38, 8, 13], [56, 91, 63, 73, 71, 85, 78, 70, 149, 61, 67, 82, 95, 96, 55, 99, 66, 88, 64, 84], [131, 117, 109], [108, 132, 128, 111, 123, 146, 126, 83, 114, 101, 142, 121], [79, 94, 69, 89, 80, 81, 53, 59, 98, 93, 60, 106, 57, 41], [72, 87, 68, 134, 119, 62, 92, 113, 90], [14, 15, 18, 33, 5, 16, 10, 48, 32, 44, 46, 19, 21], [135, 122, 105, 130, 107, 125, 102, 120, 139, 141, 143, 112, 144, 124, 140, 145, 110, 104, 116, 147, 115, 137, 136, 100, 148], [118, 129, 50, 52, 76, 86, 65, 77, 75, 58, 54, 51, 74, 103, 133, 97, 127, 138]], "centers": [[-1.1430169111851116, 0.673709202583637, -1.311807813165962, -1.3812603871528912], [0.008077858029575322, -0.47727462870959525, 0.22280271350132272, 0.06669364004041817], [2.249683461237124, 1.7095946507475455, 1.672157099798203, 1.3171993907982766], [0.49274933980418034, -0.9376681612268885, 0.6490834153533462, 0.8564867457822233], [-0.5977614941886811, -1.282963310614858, 0.10912785967411648, 0.198325824330719], [0.18982966369505214, -1.973553609390797, 0.7059208422669494, 0.3957741007661703], [-0.5371775589668552, 1.4793978844888998, -1.2833890997091604, -1.3154442950077407], [1.0380047568006114, 0.5586108194543131, 1.1037828306621715, 1.712095943669179], [0.9168368863569595, -0.24707786245094912, 0.42173370769893376, 0.198325824330719]]}