{"clusters": [[14, 15, 18, 33, 36, 5, 16, 10, 20, 31, 48, 32, 27, 28, 44, 46, 19, 21, 17, 0, 4, 43, 40, 37], [133, 123, 146, 72, 87, 126, 68, 127, 91, 63, 138, 78, 83, 119, 70, 149, 101, 142, 55, 113, 66, 121, 90, 84], [122, 118], [71, 62, 61, 67, 82, 92, 95, 96, 99, 79, 88, 64, 94, 69, 89, 80, 81, 53, 59, 98, 93, 60, 106, 57], [109, 102, 120, 139, 143, 144, 140, 104, 136, 100], [131, 117, 135, 105, 130, 107, 125, 129], [50, 76, 86, 65, 75, 58, 54, 51, 74, 56, 97, 73, 85], [141, 52, 112, 124, 145, 77, 108, 110, 116, 147, 115, 137, 132, 128, 111, 103, 148, 134, 114], [39, 23, 26, 7, 49, 35, 25, 34, 9, 1, 24, 11, 30, 45, 12, 29, 2, 22, 6, 47, 3, 41, 42, 38, 8, 13]], "centers": [[5.2, 3.8, 1.5, 0.15000000000000002], [6.0, 2.8, 4.8, 1.55], [7.7, 2.7, 6.800000000000001, 2.15], [5.6, 2.8, 3.9000000000000004, 1.3], [6.75, 3.25, 5.800000000000001, 2.4], [7.5, 2.9, 6.35, 2.0], [6.5, 2.8, 4.6, 1.5], [6.5, 3.0, 5.2, 2.0], [4.8, 3.05, 1.5, 0.25]]}