{"clusters": [[23, 26, 7, 49, 24, 11, 22, 6], [62, 79, 69, 90, 89, 80, 81, 53, 98, 93, 60, 106, 57, 41], [131, 117, 109], [74, 97, 91, 63, 73, 71, 78, 61, 67, 82, 92, 95, 96, 55, 99, 66, 88, 64, 121, 94, 84, 59], [35, 25, 34, 9, 1, 30, 45, 12, 29, 2, 47, 3, 42, 38, 8, 13], [135, 122, 118, 105, 130, 107, 125, 129, 102], [14, 15, 18, 33, 36, 5, 16, 10, 20, 31, 48, 32, 27, 28, 44, 46, 19, 21, 17, 0, 39, 4, 43, 40, 37], [87, 68, 119], [76, 108, 58, 54, 133, 123, 146, 72, 134, 83, 101, 142, 113], [50, 120, 139, 141, 52, 143, 112, 144, 124, 140, 86, 65, 145, 77, 75, 110, 104, 116, 147, 115, 51, 137, 132, 128, 111, 136, 100, 56, 103, 148, 126, 127, 85, 138, 70, 149, 114]], "centers": [[-1.143016911185112, 0.6737092025836364, -1.1981329593387557, -1.3154442950077407], [-0.4160096885232043, -1.628258460002828, 0.052290432760513414, -0.06493854424988266], [2.249683461237124, 1.7095946507475455, 1.672157099798203, 1.3171993907982766], [-0.11309001241407607, -0.5923730118389186, 0.19438400004452125, 0.0008775478952676988], [-1.3247687168505888, 0.09821728693702086, -1.2833890997091604, -1.3812603871528912], [1.8861798499061706, -0.5923730118389191, 1.3311325383165837, 0.9223028379273737], [-0.779513299854158, 1.0190043519716065, -1.2833890997091604, -1.3154442950077407], [0.4321654045823549, -1.973553609390797, 0.42173370769893376, 0.3957741007661703], [0.5533332750260058, -1.282963310614858, 0.7059208422669494, 0.9223028379273737], [0.7956690159133086, -0.1319794793216258, 0.8195956960941558, 1.0539350222176747]]}