{"clusters": [[14, 15, 18, 33, 36, 5, 16, 10, 20, 31, 48, 32, 27, 28, 44, 46, 19, 21, 17, 0, 39, 23, 4, 43, 40, 26, 7, 49, 35, 25, 37, 34, 9, 1, 24, 11, 30, 45, 12, 29, 2, 22, 6, 47, 3, 41, 42, 38, 8, 13], [131, 117, 135, 122, 118, 105, 130, 107, 109, 125, 129, 102, 50, 120, 139, 141, 52, 143, 112, 76, 144, 124, 140, 86, 65, 145, 77, 75, 58, 110, 104, 116, 147, 54, 115, 51, 137, 74, 132, 128, 111, 136, 100, 56, 103, 133, 123, 148, 126, 127, 85, 138, 70], [108, 146, 72, 87, 68, 119, 62, 113, 53, 60], [97, 91, 63, 73, 71, 134, 78, 83, 149, 61, 114, 101, 142, 67, 82, 92, 95, 96, 55, 99, 79, 66, 88, 64, 121, 94, 69, 90, 89, 80, 81, 84, 59, 98, 93, 106, 57]], "centers": [[-1.0218490407414607, 0.9039059688422832, -1.311807813165962, -1.1179960185722895], [1.0380047568006114, -0.1319794793216258, 0.7059208422669494, 0.659038469346772], [0.3109975341387035, -1.973553609390797, 0.5638272749829416, 0.3957741007661703], [-0.1736739476359015, -0.5923730118389191, 0.42173370769893376, 0.13250973218556866]]}