{"clusters": [[14, 15, 18, 33, 36, 5, 16, 10, 20, 31, 48, 32, 27, 44, 46, 19, 21, 17, 0, 4, 43, 40, 37, 22], [118, 108, 132, 128, 111, 133, 123, 146, 72, 87, 126, 68, 134, 83, 119, 62, 114, 101, 142, 113, 121, 53], [131, 117, 135, 122, 105, 130, 107, 109, 125, 129, 102, 50, 120, 139, 141, 52, 143, 112, 76, 144, 124, 140, 86, 65, 145, 77, 75, 58, 110, 104, 116, 147, 54, 115, 51, 137, 74, 136, 100, 56, 103, 148, 127, 91, 85, 138, 70], [97, 63, 73, 71, 78, 149, 61, 67, 82, 92, 95, 96, 55, 99, 79, 66, 88, 64, 94, 69, 90, 89, 80, 81, 84, 59, 98, 93, 60, 106, 57], [28, 39, 23, 26, 7, 49, 35, 25, 34, 9, 1, 24, 11, 30, 45, 12, 29, 2, 6, 47, 3, 41, 42, 38, 8, 13]], "centers": [[-0.779513299854158, 1.7095946507475452, -1.2833890997091604, -1.3812603871528912], [0.4321654045823549, -1.2829633106148581, 0.5069898480693384, 0.5932223772016216], [1.0380047568006114, 0.09821728693702086, 0.3648962807853308, 0.2641419164758693], [-0.29484181807955345, -0.1319794793216258, 0.42173370769893376, 0.3957741007661703], [-1.2641847816287635, 0.4435124363249904, -1.2265516727955572, -1.3154442950077407]]}