{"clusters": [[14, 15, 18, 33, 36, 5, 16, 10, 20, 31, 48, 32, 27, 28, 44, 46, 19, 21, 17, 0, 39, 4, 43, 40, 26, 7, 37, 24, 11, 22], [51, 74, 97, 91, 63, 73, 71, 85, 138, 78, 70, 149, 61, 67, 82, 92, 95, 96, 55, 99, 79, 66, 88, 64, 94, 69, 90, 89, 80, 81, 84, 59, 98, 93, 60, 106, 57], [131, 117, 109, 50, 120, 139, 141, 52, 143, 112, 144, 124, 140, 86, 65, 145, 77, 110, 104, 116, 147, 115, 137, 132, 128, 136, 100, 56, 103, 148, 127, 114], [135, 122, 118, 105, 130, 107, 125, 129, 102], [23, 49, 35, 25, 34, 9, 1, 30, 45, 12, 29, 2, 6, 47, 3, 41, 42, 38, 8, 13], [76, 108, 75, 58, 54, 111, 133, 123, 146, 72, 87, 126, 68, 134, 83, 119, 62, 101, 142, 113, 121, 53]], "centers": [[-0.9006811702978099, 1.7095946507475455, -1.1412955324251526, -1.1838121107174397], [-0.1736739476359015, -0.5923730118389191, 0.42173370769893376, 0.13250973218556866], [1.0380047568006114, -0.1319794793216258, 0.7627582691805526, 1.0539350222176744], [1.8861798499061706, -0.5923730118389191, 1.3311325383165837, 0.9223028379273737], [-1.3247687168505888, 0.09821728693702086, -1.2833890997091604, -1.3812603871528912], [0.49274933980418034, -1.1678649274855353, 0.478571134612537, 0.46159019291132075]]}