{"clusters": [[14, 15, 18, 33, 36, 5, 16, 10, 20, 31, 48, 32, 27, 28, 44, 46, 19, 21, 17, 0, 39, 23, 4, 43, 40, 26, 7, 49, 35, 25, 37, 34, 9, 1, 24, 11, 30, 45, 12, 29, 2, 22, 6, 47, 3, 41, 42, 38, 8, 13], [133, 123, 146, 72, 126, 68, 127, 134, 138, 83, 119, 70, 149, 114, 142, 101, 113, 66, 121], [135, 122, 118, 105, 130, 107, 125, 129, 102], [71, 62, 67, 82, 92, 95, 96, 55, 99, 79, 88, 64, 94, 69, 90, 89, 80, 81, 53, 84, 59, 98, 93, 60, 106, 57], [120, 139, 141, 143, 112, 144, 124, 140, 145, 77, 108, 110, 104, 116, 147, 115, 137, 132, 128, 111, 136, 100, 103, 148], [131, 117, 109], [50, 52, 76, 86, 65, 75, 58, 54, 51, 74, 56, 87, 97, 91, 63, 73, 85, 78, 61]], "centers": [[5.0, 3.45, 1.4500000000000002, 0.35], [6.0, 2.7, 5.1, 1.6], [7.4, 2.8, 6.1, 1.9], [5.6, 2.6, 4.05, 1.2000000000000002], [6.5, 3.1, 5.449999999999999, 2.1], [7.7, 3.8, 6.7, 2.2], [6.4, 2.9, 4.3, 1.3]]}