{"clusters": [[35, 25, 34, 9, 1, 30, 45, 12, 29, 2, 47, 3, 41, 42, 38, 8, 13], [108, 123, 146, 72, 87, 68, 134, 83, 119, 62, 113], [50, 124, 86, 65, 77, 75, 58, 110, 116, 147, 54, 115, 137, 136, 100, 103, 148], [51, 74, 56, 133, 97, 126, 127, 91, 63, 73, 71, 85, 138, 78, 70, 149, 61, 114, 101, 142, 95, 96, 66, 88, 64, 121, 84], [67, 82, 92, 55, 99, 79, 94, 69, 90, 89, 80, 81, 53, 59, 98, 93, 60, 106, 57], [131, 117, 135, 122, 118, 105, 130, 107, 109, 125, 129, 102, 120, 139, 141, 52, 143, 112, 76, 144, 140, 145, 104, 132, 128, 111], [14, 15, 18, 33, 36, 5, 16, 10, 20, 31, 48, 32, 27, 28, 44, 46, 19, 21, 17, 0, 39, 23, 4, 43, 40, 26, 7, 49, 37, 24, 11, 22, 6]], "centers": [[-1.3853526520724144, 0.3284140531956675, -1.2265516727955572, -1.3154442950077407], [0.4321654045823549, -1.973553609390797, 0.42173370769893376, 0.3957741007661703], [0.7956690159133086, -0.1319794793216258, 0.9901079768349651, 0.7906706536370729], [0.18982966369505214, -0.36217624558027245, 0.42173370769893376, 0.3957741007661703], [-0.4160096885232043, -1.282963310614858, 0.13754657313091806, 0.13250973218556866], [1.2803404976879142, 0.2133156700663442, 1.018526690291767, 1.3171993907982764], [-0.9006811702978099, 1.7095946507475455, -1.2833890997091604, -1.18381211071744]]}