{"clusters": [[20, 31, 28, 39, 23, 26, 7, 49, 35, 25, 34, 9, 1, 24, 11, 30, 45, 12, 29, 2, 6, 47, 3, 41, 42, 38, 8, 13], [72, 87, 68, 119, 62, 113], [65, 75, 51, 137, 74, 56, 133, 97, 126, 127, 91, 63, 73, 71, 85, 138, 78, 83, 70, 149, 114, 101, 142, 121], [130, 107, 129, 50, 52, 76, 86, 77, 108, 58, 116, 54, 132, 128, 111, 103, 123, 146, 134], [92, 79, 69, 90, 89, 80, 81, 53, 98, 93, 60, 106, 57], [61, 67, 82, 95, 96, 55, 99, 66, 88, 64, 94, 84, 59], [14, 15, 18, 33, 36, 5, 16, 10, 48, 32, 27, 44, 46, 19, 21, 17, 0, 4, 43, 40, 37, 22], [131, 117, 135, 122, 118, 105, 109, 125, 102, 120, 139, 141, 143, 112, 144, 124, 140, 145, 110, 104, 147, 115, 136, 100, 148]], "centers": [[-1.2641847816287635, 0.7888075857129598, -1.1412955324251526, -1.3154442950077407], [0.3109975341387035, -1.973553609390797, 0.5638272749829416, 0.3957741007661703], [0.310997534138703, -0.4772746287095958, 0.5354085615261401, 0.1325097321855685], [0.9168368863569595, -0.36217624558027245, 0.4785711346125367, 0.13250973218556866], [-0.4160096885232043, -1.5131600768735047, -0.03296570760989124, -0.262386820685334], [-0.1736739476359015, -0.5923730118389191, 0.194384000044521, 0.13250973218556866], [-0.8400972350759839, 1.364299501359576, -1.1697142458819543, -1.1838121107174397], [1.1591726272442622, 0.3284140531956675, 1.2174576844893779, 1.448831575088577]]}