{"clusters": [[23, 26, 7, 49, 24, 11, 22, 6], [79, 113, 69, 90, 89, 80, 81, 53, 98, 93, 60, 106, 57], [131, 117, 135, 122, 118, 105, 130, 107, 109, 125], [108, 146, 72, 87, 68, 134, 119, 62], [35, 25, 34, 9, 1, 30, 45, 12, 29, 2, 47, 3, 41, 42, 38, 8, 13], [97, 63, 73, 71, 78, 83, 61, 142, 101, 67, 82, 92, 95, 96, 55, 99, 66, 88, 64, 121, 94, 84, 59], [14, 15, 18, 33, 36, 5, 16, 10, 20, 31, 48, 32, 27, 28, 44, 46, 19, 21, 17, 0, 39, 4, 43, 40, 37], [129, 102, 50, 120, 139, 141, 52, 143, 112, 76, 144, 124, 140, 86, 145, 77, 110, 104, 116, 147, 54, 115, 137, 132, 128, 111, 136, 100, 103, 123, 148, 126, 114], [65, 75, 58, 51, 74, 56, 133, 127, 91, 85, 138, 70, 149]], "centers": [[-1.143016911185112, 0.6737092025836364, -1.1981329593387557, -1.3154442950077407], [-0.4160096885232043, -1.5131600768735047, -0.03296570760989124, -0.262386820685334], [2.1890995260152986, -0.5923730118389186, 1.7005758132550044, 1.3171993907982764], [0.49274933980418034, -1.8584552262614742, 0.3933149942421323, 0.2641419164758695], [-1.3853526520724144, 0.3284140531956675, -1.2265516727955572, -1.3154442950077407], [-0.052506077192250644, -1.0527665443562113, 0.13754657313091806, 0.0008775478952676988], [-0.779513299854158, 1.0190043519716065, -1.2833890997091604, -1.3154442950077407], [0.7956690159133086, 0.3284140531956675, 0.7627582691805523, 1.0539350222176747], [0.5533332750260058, -0.5923730118389191, 0.7627582691805523, 0.3957741007661703]]}