{"clusters": [[83, 131, 132, 133, 135, 136, 137, 138, 139, 140, 141, 142, 143, 144, 145, 146, 147, 148, 149, 153, 154, 155, 156, 157, 160, 161, 162, 163, 164, 165, 167, 170, 171, 172, 173, 174, 175, 176], [0, 3, 5, 6, 8, 9, 10, 13, 14, 20, 29, 39, 40, 42, 44, 46, 47, 48, 49, 50, 52, 54, 56, 58, 66], [25, 79, 82, 86, 87, 88, 89, 91, 96, 112, 113, 114, 121, 122, 127, 129], [69, 78, 95], [1, 11, 21, 22, 23, 24, 27, 32, 35, 36, 37, 38, 41, 43, 65, 71, 74, 76, 81, 85, 94, 98, 100], [63, 67, 80, 84, 93, 97, 99, 102, 103, 104, 105, 106, 108, 109, 110, 111, 115, 116, 117, 119, 120, 123, 124, 125, 126, 128], [59], [150, 151, 152, 158, 159, 166, 168, 169, 177], [60, 61, 62, 64, 68, 70, 72, 75, 77, 90, 92, 101, 107, 118, 130, 134], [2, 4, 7, 12, 15, 16, 17, 18, 19, 26, 28, 30, 31, 33, 34, 45, 51, 53, 55, 57, 73]], "centers": [[0.10585950467555548, 1.0981907938803481, 0.0694860636262321, 0.4598480199777653, -0.19803815974321995, -1.1070538041610183, -1.3194830057508287, 0.8714200377743646, -0.9301794960921952, 0.7942506644343974, -1.151454581140165, -1.2616848001247363, -0.3546473315167919], [1.228572327201655, -0.40892893306083117, -0.22559614109308435, -1.217638773789168, 0.45346773250606026, 1.2166305405161133, 1.1918393535043306, -0.7788186440459888, 1.0090272192191463, 0.463503113476964, 0.29724466278615364, 0.9196621482601104, 1.119243637867588], [-1.218271397140798, -0.12968837004456407, 0.9494131948265015, 1.2495777941066655, -0.31975668116103445, -0.19646565191770615, 0.043401819822401586, 0.6196135982876164, -0.12531584877908752, -0.9037857171679248, 0.532186651012242, 0.30217746046045785, -0.6544716071298894], [-0.820155792788468, -0.9901358977293703, -1.4615887478819347, -0.7892321847899623, 3.505407605141373, -0.339340214973248, -0.23017911201458205, -0.7401411749408243, 2.2002108165414604, -0.9118964043484591, 0.91790684643478, 0.08236604732196424, 0.17442557558143754], [0.026090220206539453, -0.4213557133024729, -0.2002312537263607, -0.476326518911835, -0.210811524914696, 0.4195611618093774, 0.5254149733620732, -0.7401411749408243, 0.040322756899841876, -0.4469777096173136, 0.6769211401662584, 0.6307623230200254, 0.27365255439307445], [-1.0882716371198273, -0.15139628169046665, -0.7084947934755095, 0.17937940572226005, -0.7515012131964025, 0.25927441729684336, 0.3135074822359091, -0.21018546845179104, 0.4930519204438872, -1.00939102358524, 0.15124752983117856, 0.6783082659513803, -0.9884453879661963], [-0.7789802939543566, -1.253450420437522, -3.6791622340370096, -2.6710181364687156, -0.8244150669255967, -0.5049144749628477, -1.4650581804897744, -0.6595631143050646, -2.0515133394236544, -1.3444663873102853, 0.4060506629356774, -1.1182103457236228, -0.7225401607925931], [0.6552995821005783, 0.4979901169697308, 1.1296418092003693, 1.352800760206065, 0.5018369227165381, -0.5155966852847573, -0.9106454460433694, 0.14621749205252976, 0.03930705595479534, 2.0555336787696694, -1.426881956070635, -1.3787275761099853, -0.4960872727139425], [-0.4902371083801388, -0.6043277582784347, -0.6497984538430238, -0.28187566656806456, -0.2978150122147491, -0.8884725893339165, -0.6411779889715186, 0.6095413407081465, -0.9192289702784113, -0.6650611578208669, 0.2349444530231199, -0.7244919109454375, -0.6246169783304578], [0.8398050316381988, -0.3044922379503512, 0.9109015673687463, -0.1600636295174309, 0.7737743054666901, 0.8944550772073179, 0.9535454615605539, -0.44085123543657495, 0.38972388199587615, 0.25892634953488425, 0.6776478215270381, 0.6116958071689542, 1.4300259639460993]]}