{"clusters": [[83, 131, 132, 133, 135, 136, 137, 138, 139, 140, 141, 142, 143, 144, 145, 146, 147, 148, 149, 153, 154, 155, 156, 157, 160, 161, 162, 163, 164, 165, 167, 170, 171, 172, 173, 174, 175, 176], [0, 3, 5, 6, 8, 9, 10, 13, 14, 20, 29, 39, 40, 42, 44, 46, 47, 48, 49, 50, 52, 54, 56, 58, 66], [25, 79, 82, 86, 87, 88, 89, 91, 96, 112, 113, 114, 121, 122, 127, 129], [69, 78, 95], [1, 11, 21, 22, 23, 24, 27, 32, 35, 36, 37, 38, 41, 43, 65, 71, 74, 76, 81, 85, 94, 98, 100], [63, 67, 80, 84, 93, 97, 99, 102, 103, 104, 105, 106, 108, 109, 110, 111, 115, 116, 117, 119, 120, 123, 124, 125, 126, 128], [59], [150, 151, 152, 158, 159, 166, 168, 169, 177], [60, 61, 62, 64, 68, 70, 72, 75, 77, 90, 92, 101, 107, 118, 130, 134], [2, 4, 7, 12, 15, 16, 17, 18, 19, 26, 28, 30, 31, 33, 34, 45, 51, 53, 55, 57, 73]], "centers": [[0.10585950467556329, 1.0981907938803481, 0.06948606362622808, 0.4598480199777656, -0.19803815974321995, -1.1070538041610185, -1.3194830057508278, 0.8714200377743645, -0.9301794960921971, 0.794250664434397, -1.1514545811401646, -1.261684800124734, -0.35464733151679206], [1.2285723272016629, -0.40892893306083095, -0.22559614109308843, -1.2176387737891685, 0.45346773250606026, 1.2166305405161126, 1.1918393535043317, -0.7788186440459891, 1.0090272192191452, 0.46350311347696355, 0.2972446627861553, 0.9196621482601125, 1.119243637867588], [-1.2182713971407901, -0.12968837004456385, 0.9494131948264977, 1.2495777941066664, -0.31975668116103445, -0.19646565191770643, 0.043401819822402536, 0.6196135982876159, -0.1253158487790891, -0.9037857171679253, 0.5321866510122435, 0.30217746046045996, -0.6544716071298894], [-0.8201557927884598, -0.9901358977293698, -1.4615887478819392, -0.7892321847899627, 3.505407605141373, -0.33934021497324823, -0.23017911201458108, -0.7401411749408248, 2.20021081654146, -0.9118964043484595, 0.917906846434782, 0.08236604732196635, 0.17442557558143745], [0.026090220206547176, -0.4213557133024725, -0.20023125372636477, -0.4763265189118351, -0.210811524914696, 0.41956116180937725, 0.5254149733620741, -0.7401411749408248, 0.04032275689984035, -0.44697770961731403, 0.6769211401662601, 0.6307623230200273, 0.27365255439307445], [-1.0882716371198193, -0.15139628169046648, -0.7084947934755135, 0.17937940572226002, -0.7515012131964025, 0.2592744172968431, 0.31350748223591, -0.21018546845179137, 0.4930519204438859, -1.0093910235852406, 0.15124752983118006, 0.6783082659513823, -0.9884453879661963], [-0.7789802939543485, -1.2534504204375216, -3.6791622340370145, -2.671018136468717, -0.8244150669255967, -0.5049144749628479, -1.4650581804897735, -0.6595631143050651, -2.0515133394236567, -1.3444663873102858, 0.40605066293567893, -1.1182103457236205, -0.7225401607925932], [0.655299582100586, 0.4979901169697309, 1.1296418092003653, 1.3528007602060659, 0.5018369227165381, -0.5155966852847575, -0.9106454460433682, 0.1462174920525293, 0.03930705595479383, 2.055533678769669, -1.4268819560706338, -1.3787275761099833, -0.49608727271394254], [-0.4902371083801309, -0.6043277582784341, -0.649798453843028, -0.2818756665680648, -0.2978150122147491, -0.8884725893339167, -0.6411779889715176, 0.6095413407081461, -0.9192289702784133, -0.6650611578208674, 0.23494445302312134, -0.7244919109454355, -0.6246169783304578], [0.8398050316382066, -0.304492237950351, 0.9109015673687422, -0.160063629517431, 0.7737743054666901, 0.8944550772073175, 0.9535454615605546, -0.4408512354365753, 0.3897238819958748, 0.25892634953488375, 0.6776478215270396, 0.6116958071689564, 1.4300259639460993]]}