{"clusters": [[59, 60, 61, 62, 64, 67, 68, 70, 72, 75, 76, 77, 82, 83, 86, 87, 88, 89, 90, 91, 92, 96, 101, 102, 103, 104, 105, 106, 107, 108, 111, 112, 113, 114, 115, 116, 117, 118, 119, 122, 125, 126, 127, 128, 129, 130, 131, 132, 133, 134, 135, 136, 137, 138, 139, 140, 141, 142, 143, 144, 145, 146, 147, 148, 149, 150, 151, 152, 153, 154, 155, 156, 157, 158, 159, 160, 161, 162, 163, 164, 165, 166, 167, 168, 169, 170, 171, 172, 173, 174, 175, 176, 177], [0, 1, 2, 3, 4, 5, 6, 7, 8, 9, 10, 11, 12, 13, 14, 15, 16, 17, 18, 19, 20, 21, 22, 23, 24, 25, 26, 27, 28, 29, 30, 31, 32, 33, 34, 35, 36, 37, 38, 39, 40, 41, 42, 43, 44, 45, 46, 47, 48, 49, 50, 51, 52, 53, 54, 55, 56, 57, 58, 63, 65, 66, 69, 71, 73, 74, 78, 79, 80, 81, 84, 85, 93, 94, 95, 97, 98, 99, 100, 109, 110, 120, 121, 123, 124]], "centers": [[-0.33773833548041016, 0.26997080826583636, -0.08710195577199238, 0.4516228962500942, -0.32310691448401546, -0.7445750323463367, -0.7789063001481078, 0.5603713951051429, -0.6029353956441535, 0.08087495834833901, -0.46735997128574175, -0.6613686265229745, -0.5815321477218447], [0.3695254729373899, -0.2953798255143854, 0.09529978690347375, -0.49412858060304377, 0.3535169770236878, 0.814652682449522, 0.8522151283973411, -0.6131122322915094, 0.6596822564106618, -0.08848671913406495, 0.5113467921126355, 0.7236150854898427, 0.6362645851544887]]}