{"clusters": [[61, 83, 118, 130, 131, 132, 133, 134, 135, 136, 137, 138, 139, 140, 141, 142, 143, 144, 145, 146, 147, 148, 149, 150, 151, 152, 153, 154, 155, 156, 157, 158, 159, 160, 161, 162, 163, 164, 165, 166, 167, 168, 169, 170, 171, 172, 173, 174, 175, 176, 177], [0, 1, 2, 3, 4, 5, 6, 7, 8, 9, 10, 11, 12, 13, 14, 15, 16, 17, 18, 19, 20, 21, 22, 23, 24, 25, 26, 28, 29, 30, 31, 32, 33, 34, 35, 36, 37, 39, 40, 41, 42, 43, 44, 45, 46, 47, 48, 49, 50, 51, 52, 53, 54, 55, 56, 57, 58, 66, 71, 73, 121], [27, 38, 59, 60, 62, 63, 64, 65, 67, 68, 69, 70, 72, 74, 75, 76, 77, 78, 79, 80, 81, 82, 84, 85, 86, 87, 88, 89, 90, 91, 92, 93, 94, 95, 96, 97, 98, 99, 100, 101, 102, 103, 104, 105, 106, 107, 108, 109, 110, 111, 112, 113, 114, 115, 116, 117, 119, 120, 122, 123, 124, 125, 126, 127, 128, 129]], "centers": [[0.16490746461351558, 0.8715470612840811, 0.18689832973819195, 0.5243674579494929, -0.07547276689239117, -0.979330286318247, -1.2152476372257826, 0.7260635362353478, -0.7797063884392603, 0.9415387376956255, -1.16478864978594, -1.292411626283179, -0.40708795750950216], [0.871819705204769, -0.3070780123510142, 0.3884531930988167, -0.5808376819444775, 0.4831645224766393, 0.9240500533450673, 1.0098020824265876, -0.5763431500419034, 0.5823573940162735, 0.1986029289600984, 0.48732431455450415, 0.8119738032499576, 1.0609851520883293], [-0.9332012532239425, -0.38965365715267036, -0.5034463575102368, 0.13164179156347003, -0.38824128423580373, -0.09729104017906764, 0.005753067734743269, -0.02836830599161581, 0.0642609814455995, -0.9111099134703465, 0.4496581507766393, 0.24822107488173792, -0.6660395218849015]]}