{"clusters": [[83, 118, 130, 131, 132, 133, 134, 135, 136, 137, 138, 139, 140, 141, 142, 143, 144, 145, 146, 147, 148, 149, 150, 151, 152, 153, 154, 155, 156, 157, 158, 159, 160, 161, 162, 163, 164, 165, 166, 167, 168, 169, 170, 171, 172, 173, 174, 175, 176, 177], [0, 1, 2, 3, 5, 6, 7, 8, 9, 10, 11, 12, 13, 14, 15, 16, 17, 18, 19, 20, 22, 23, 26, 28, 29, 30, 31, 32, 33, 34, 35, 36, 37, 39, 40, 41, 42, 44, 45, 46, 47, 48, 49, 50, 51, 52, 53, 54, 55, 56, 57, 58, 66], [27, 38, 59, 60, 61, 62, 63, 64, 65, 67, 68, 69, 70, 72, 75, 76, 77, 78, 80, 81, 82, 84, 85, 86, 87, 88, 89, 90, 91, 92, 93, 94, 95, 96, 97, 98, 99, 100, 101, 103, 104, 105, 106, 107, 108, 111, 112, 113, 114, 115, 116, 117, 119, 125, 126, 127, 128, 129], [4, 21, 24, 25, 43, 71, 73, 74, 79, 102, 109, 110, 120, 121, 122, 123, 124]], "centers": [[0.1771147889737545, 0.906506640495507, 0.21596904098526296, 0.551039830794001, -0.07734512264247419, -0.9901004677839843, -1.2271180672957727, 0.713487038928276, -0.7612785859403961, 0.9543835214906444, -1.1900631618383826, -1.2893984149437674, -0.39632062220979203], [0.9949068095915022, -0.36645761034580343, 0.22584535831526736, -0.8364468062190763, 0.43810028436858656, 0.9402071855671947, 1.0179598943028052, -0.6185139136038293, 0.6037205726159312, 0.2894238936166578, 0.4714468437924375, 0.7765950159976058, 1.2364642515378006], [-0.8961174889134622, -0.5887153841729181, -0.5979619383344292, 0.04241918178559804, -0.4043455979953343, -0.24577878663652214, -0.08443083956488777, 0.06980726213930911, -0.1109291234858077, -0.877514548806149, 0.568382195416823, 0.12473933178239893, -0.6675252862049513], [-0.5653521176503029, 0.48484785915185524, 0.7007962578484626, 0.8423162733144888, 0.24117563201870668, 0.8193654222974232, 0.7235892742060956, -0.4083491605582858, 0.7353310653265881, -0.7154587414975596, 0.09119459039673457, 0.9456178621139145, -0.411771036536864]]}