{"clusters": [[83, 118, 130, 131, 132, 133, 134, 135, 136, 137, 138, 139, 140, 141, 142, 143, 144, 145, 146, 147, 148, 149, 150, 151, 152, 153, 154, 155, 156, 157, 158, 159, 160, 161, 162, 163, 164, 165, 166, 167, 168, 169, 170, 171, 172, 173, 174, 175, 176, 177], [0, 1, 2, 3, 5, 6, 7, 8, 9, 10, 11, 12, 13, 14, 15, 16, 17, 18, 19, 20, 22, 23, 26, 28, 29, 30, 31, 32, 33, 34, 35, 36, 37, 39, 40, 41, 42, 44, 45, 46, 47, 48, 49, 50, 51, 52, 53, 54, 55, 56, 57, 58, 66], [27, 38, 59, 60, 61, 62, 63, 64, 65, 67, 68, 69, 70, 72, 75, 76, 77, 78, 80, 81, 82, 84, 85, 86, 87, 88, 89, 90, 91, 92, 93, 94, 95, 96, 97, 98, 99, 100, 101, 103, 104, 105, 106, 107, 108, 111, 112, 113, 114, 115, 116, 117, 119, 125, 126, 127, 128, 129], [4, 21, 24, 25, 43, 71, 73, 74, 79, 102, 109, 110, 120, 121, 122, 123, 124]], "centers": [[0.17711478897374672, 0.906506640495507, 0.21596904098526692, 0.551039830794001, -0.07734512264247419, -0.9901004677839843, -1.2271180672957736, 0.7134870389282763, -0.7612785859403941, 0.9543835214906449, -1.1900631618383832, -1.2893984149437705, -0.39632062220979186], [0.9949068095914947, -0.3664576103458037, 0.22584535831527128, -0.8364468062190757, 0.43810028436858656, 0.9402071855671948, 1.0179598943028039, -0.6185139136038288, 0.6037205726159324, 0.2894238936166582, 0.47144684379243573, 0.7765950159976034, 1.2364642515378006], [-0.8961174889134703, -0.5887153841729184, -0.5979619383344251, 0.042419181785598115, -0.4043455979953343, -0.24577878663652197, -0.08443083956488877, 0.06980726213930949, -0.1109291234858061, -0.8775145488061483, 0.5683821954168207, 0.1247393317823968, -0.6675252862049513], [-0.5653521176503107, 0.4848478591518552, 0.7007962578484663, 0.8423162733144886, 0.24117563201870668, 0.8193654222974234, 0.7235892742060949, -0.40834916055828546, 0.7353310653265893, -0.7154587414975593, 0.09119459039673321, 0.9456178621139124, -0.411771036536864]]}