{"clusters": [[83, 118, 130, 131, 132, 133, 134, 135, 136, 137, 138, 139, 140, 141, 142, 143, 144, 145, 146, 147, 148, 149, 150, 151, 152, 153, 154, 155, 156, 157, 158, 159, 160, 161, 162, 163, 164, 165, 166, 167, 168, 169, 170, 171, 172, 173, 174, 175, 176, 177], [0, 1, 2, 3, 5, 6, 7, 8, 9, 10, 11, 12, 13, 14, 15, 16, 17, 18, 19, 20, 22, 26, 27, 28, 29, 30, 31, 32, 33, 34, 35, 36, 37, 38, 39, 40, 42, 44, 45, 46, 47, 48, 49, 50, 51, 52, 53, 54, 55, 56, 57, 58, 66], [59, 60, 61, 62, 64, 67, 68, 70, 72, 75, 76, 77, 80, 82, 85, 86, 87, 88, 89, 90, 91, 92, 94, 96, 97, 100, 101, 103, 104, 105, 106, 107, 108, 111, 112, 113, 114, 115, 116, 117, 119, 125, 127, 128, 129], [69, 73, 78, 95], [4, 21, 23, 24, 25, 41, 43, 63, 65, 71, 74, 79, 81, 84, 93, 98, 99, 102, 109, 110, 120, 121, 122, 123, 124, 126]], "centers": [[0.1771147889737545, 0.906506640495507, 0.21596904098526296, 0.551039830794001, -0.07734512264247419, -0.9901004677839843, -1.2271180672957727, 0.713487038928276, -0.7612785859403961, 0.9543835214906444, -1.1900631618383826, -1.2893984149437674, -0.39632062220979203], [0.9974705670660792, -0.4040578402179367, 0.19825787973983613, -0.8596763999622004, 0.4473737444515449, 0.9362769383732845, 1.0137924852666873, -0.6154732320704045, 0.5964477705660219, 0.28485334285328756, 0.4880028389460474, 0.7454146746021932, 1.251785872355622], [-0.9642700387078561, -0.563047721124708, -0.5834946312029519, 0.19103149003843783, -0.6137750450412576, -0.42693433961290744, -0.2533818984863824, 0.2643986476516431, -0.4220750983326297, -0.9352551834283984, 0.5460555161746715, 0.0776579046041406, -0.7924574899868768], [-0.6183958485013066, -0.8921410043351429, -0.8828264369348726, 0.19670353989278871, 3.3181720301330713, 0.14803563096387998, 0.04340181982240261, -0.861008265894464, 1.811832167679262, -0.8686394060522769, 1.075119817080935, 0.3754479315066245, 0.3203815386008803], [-0.6098440141280684, 0.1921324990279922, 0.3262478644768126, 0.331831786422912, -0.21139859298014846, 0.7116249390054024, 0.7251338383943076, -0.44262218182417445, 0.699932623510447, -0.6636677833565192, 0.18330885121518983, 0.7679440600022971, -0.4672907395904795]]}