{"clusters": [[83, 118, 130, 131, 132, 133, 134, 135, 136, 137, 138, 139, 140, 141, 142, 143, 144, 145, 146, 147, 148, 149, 150, 151, 152, 153, 154, 155, 156, 157, 158, 159, 160, 161, 162, 163, 164, 165, 166, 167, 168, 169, 170, 171, 172, 173, 174, 175, 176, 177], [0, 1, 2, 3, 5, 6, 7, 8, 9, 10, 11, 12, 13, 14, 15, 16, 17, 18, 19, 20, 22, 26, 27, 28, 29, 30, 31, 32, 33, 34, 35, 36, 37, 38, 39, 40, 42, 44, 45, 46, 47, 48, 49, 50, 51, 52, 53, 54, 55, 56, 57, 58, 66], [59, 60, 61, 62, 64, 67, 68, 70, 72, 75, 76, 77, 80, 82, 85, 86, 87, 88, 89, 90, 91, 92, 94, 96, 97, 100, 101, 103, 104, 105, 106, 107, 108, 111, 112, 113, 114, 115, 116, 117, 119, 125, 127, 128, 129], [69, 73, 78, 95], [4, 21, 23, 24, 25, 41, 43, 63, 65, 71, 74, 79, 81, 84, 93, 98, 99, 102, 109, 110, 120, 121, 122, 123, 124, 126]], "centers": [[0.17711478897374672, 0.906506640495507, 0.21596904098526692, 0.551039830794001, -0.07734512264247419, -0.9901004677839843, -1.2271180672957736, 0.7134870389282763, -0.7612785859403941, 0.9543835214906449, -1.1900631618383832, -1.2893984149437705, -0.39632062220979186], [0.9974705670660715, -0.4040578402179371, 0.19825787973984013, -0.8596763999621998, 0.4473737444515449, 0.9362769383732846, 1.0137924852666858, -0.6154732320704039, 0.596447770566023, 0.28485334285328795, 0.4880028389460456, 0.7454146746021909, 1.251785872355622], [-0.9642700387078637, -0.5630477211247086, -0.5834946312029478, 0.19103149003843775, -0.6137750450412576, -0.42693433961290705, -0.25338189848638343, 0.26439864765164356, -0.42207509833262785, -0.9352551834283978, 0.5460555161746697, 0.07765790460413846, -0.7924574899868768], [-0.6183958485013147, -0.8921410043351432, -0.8828264369348684, 0.19670353989278871, 3.3181720301330713, 0.1480356309638802, 0.04340181982240164, -0.8610082658944636, 1.8118321676792624, -0.8686394060522764, 1.0751198170809335, 0.37544793150662226, 0.3203815386008804], [-0.6098440141280764, 0.19213249902799198, 0.32624786447681664, 0.33183178642291195, -0.2113985929801484, 0.7116249390054025, 0.7251338383943065, -0.44262218182417395, 0.6999326235104485, -0.6636677833565188, 0.18330885121518836, 0.7679440600022951, -0.46729073959047945]]}