{"clusters": [[83, 118, 130, 131, 132, 133, 134, 135, 136, 137, 138, 139, 140, 141, 142, 143, 144, 145, 146, 147, 148, 149, 150, 151, 152, 153, 154, 155, 156, 157, 158, 159, 160, 161, 162, 163, 164, 165, 166, 167, 168, 169, 170, 171, 172, 173, 174, 175, 176, 177], [0, 2, 3, 5, 6, 8, 9, 10, 11, 12, 13, 14, 15, 16, 17, 18, 20, 29, 30, 31, 39, 40, 42, 44, 46, 47, 48, 49, 50, 51, 52, 53, 54, 55, 56, 57, 58, 66], [60, 64, 77, 79, 82, 86, 87, 88, 89, 90, 91, 92, 96, 105, 107, 112, 113, 114, 115, 121, 122, 127, 129], [69, 78, 95], [1, 4, 7, 19, 21, 22, 23, 24, 25, 26, 28, 32, 33, 34, 35, 36, 37, 38, 41, 43, 45, 65, 68, 71, 73, 74, 109, 120], [27, 59, 61, 62, 63, 67, 70, 72, 75, 76, 80, 81, 84, 85, 93, 94, 97, 98, 99, 100, 101, 102, 103, 104, 106, 108, 110, 111, 116, 117, 119, 123, 124, 125, 126, 128]], "centers": [[0.17711478897374672, 0.906506640495507, 0.21596904098526692, 0.551039830794001, -0.07734512264247419, -0.9901004677839843, -1.2271180672957736, 0.7134870389282763, -0.7612785859403941, 0.9543835214906449, -1.1900631618383832, -1.2893984149437705, -0.39632062220979186], [1.124628031092213, -0.4462622708318806, 0.10507754091992999, -0.9206727208884643, 0.44127278387065116, 1.0927787451575088, 1.1449910958188316, -0.697731669343056, 0.8910658497792118, 0.4879228273572193, 0.46262424111189376, 0.739523651936391, 1.3485540038365995], [-1.2113230317125416, -0.23831048926572893, 0.4354802090987921, 0.8266492302385322, -0.48250662560608976, -0.4526645331708983, -0.14418717971001763, 0.8749234317150498, -0.2659110780317114, -0.9440570422121427, 0.6216025215769144, 0.07868141389062233, -0.779030310590474], [-0.820155792788468, -0.9901358977293703, -1.4615887478819347, -0.7892321847899623, 3.505407605141373, -0.339340214973248, -0.23017911201458205, -0.7401411749408243, 2.2002108165414604, -0.9118964043484591, 0.91790684643478, 0.08236604732196424, 0.17442557558143754], [0.2511424536633628, -0.23139681038039345, 0.6223907311597948, -0.1700731292604032, 0.4018107747582343, 0.6281628341825699, 0.6178142088169596, -0.4063177808783922, 0.060373781806074535, -0.39497527470907656, 0.5000650639865328, 0.762860818002005, 0.5312405168642937], [-0.7861860062503254, -0.37324183600591565, -1.0513782678422599, -0.12360045188231836, -0.6547328270743233, 0.05056046177645465, 0.1265079540603436, -0.43573516809462204, 0.05634120722068116, -0.8542204066202157, 0.30197323895752615, 0.35975412244720295, -0.803037085851801]]}