{"clusters": [[83, 118, 130, 131, 132, 133, 134, 135, 136, 137, 138, 139, 140, 141, 142, 143, 144, 145, 146, 147, 148, 149, 150, 151, 152, 153, 154, 155, 156, 157, 158, 159, 160, 161, 162, 163, 164, 165, 166, 167, 168, 169, 170, 171, 172, 173, 174, 175, 176, 177], [0, 2, 3, 5, 6, 8, 9, 10, 11, 12, 13, 14, 15, 16, 17, 18, 20, 29, 30, 31, 39, 40, 42, 44, 46, 47, 48, 49, 50, 51, 52, 53, 54, 55, 56, 57, 58, 66], [60, 64, 77, 79, 82, 86, 87, 88, 89, 90, 91, 92, 96, 105, 107, 112, 113, 114, 115, 121, 122, 127, 129], [69, 78, 95], [1, 4, 7, 19, 21, 22, 23, 24, 25, 26, 28, 32, 33, 34, 35, 36, 37, 38, 41, 43, 45, 65, 68, 71, 73, 74, 109, 120], [27, 59, 61, 62, 63, 67, 70, 72, 75, 76, 80, 81, 84, 85, 93, 94, 97, 98, 99, 100, 101, 102, 103, 104, 106, 108, 110, 111, 116, 117, 119, 123, 124, 125, 126, 128]], "centers": [[0.1771147889737545, 0.906506640495507, 0.21596904098526296, 0.551039830794001, -0.07734512264247419, -0.9901004677839843, -1.2271180672957727, 0.713487038928276, -0.7612785859403961, 0.9543835214906444, -1.1900631618383826, -1.2893984149437674, -0.39632062220979203], [1.1246280310922208, -0.44626227083188025, 0.10507754091992583, -0.9206727208884647, 0.44127278387065116, 1.0927787451575086, 1.1449910958188327, -0.6977316693430565, 0.8910658497792107, 0.48792282735721904, 0.4626242411118954, 0.739523651936393, 1.3485540038365995], [-1.2113230317125334, -0.23831048926572862, 0.435480209098788, 0.8266492302385325, -0.48250662560608976, -0.45266453317089844, -0.14418717971001663, 0.8749234317150494, -0.2659110780317132, -0.944057042212143, 0.621602521576916, 0.07868141389062447, -0.779030310590474], [-0.8201557927884598, -0.9901358977293698, -1.4615887478819392, -0.7892321847899627, 3.505407605141373, -0.33934021497324823, -0.23017911201458108, -0.7401411749408248, 2.20021081654146, -0.9118964043484595, 0.917906846434782, 0.08236604732196635, 0.17442557558143745], [0.2511424536633707, -0.23139681038039323, 0.6223907311597908, -0.17007312926040322, 0.4018107747582343, 0.6281628341825697, 0.6178142088169608, -0.40631778087839276, 0.06037378180607302, -0.39497527470907723, 0.5000650639865346, 0.7628608180020073, 0.5312405168642936], [-0.7861860062503175, -0.3732418360059154, -1.0513782678422638, -0.12360045188231844, -0.6547328270743233, 0.05056046177645444, 0.12650795406034454, -0.43573516809462237, 0.05634120722067956, -0.8542204066202161, 0.3019732389575276, 0.35975412244720506, -0.803037085851801]]}