{"clusters": [[83, 131, 132, 133, 135, 136, 137, 138, 139, 140, 141, 142, 143, 144, 145, 146, 147, 148, 149, 150, 151, 152, 153, 154, 155, 156, 157, 158, 159, 160, 161, 162, 163, 164, 165, 166, 167, 168, 169, 170, 171, 172, 173, 174, 175, 176, 177], [0, 2, 3, 5, 6, 7, 8, 9, 10, 11, 12, 13, 14, 15, 16, 17, 18, 20, 26, 29, 30, 31, 33, 39, 40, 42, 44, 45, 46, 47, 48, 49, 50, 51, 52, 53, 54, 55, 56, 57, 58], [64, 72, 79, 82, 86, 87, 88, 89, 90, 91, 96, 102, 105, 107, 112, 113, 114, 117, 121, 122, 127, 128, 129], [69, 78, 95], [1, 4, 19, 21, 22, 23, 24, 25, 27, 28, 32, 34, 35, 36, 37, 38, 41, 43, 65, 71, 73, 74], [63, 66, 67, 80, 81, 84, 85, 93, 94, 97, 98, 99, 100, 103, 104, 106, 108, 109, 110, 111, 115, 116, 119, 120, 123, 124, 125, 126], [59, 60, 61, 62, 68, 70, 75, 76, 77, 92, 101, 118, 130, 134]], "centers": [[0.21107143439524068, 0.9832587493655491, 0.27249461065106695, 0.6308389702342487, -0.06401952693177695, -0.9937960579932237, -1.2411949624025915, 0.7325514651893326, -0.7445331350619204, 1.0357729437751944, -1.2041959933608934, -1.284097246589997, -0.3817315755758206], [1.1420073687259185, -0.38140351582562987, 0.23740182037705257, -0.8634489633719993, 0.5456013355741696, 1.0669336926488835, 1.0997094901842617, -0.626152698919506, 0.7509665937195268, 0.4523871199635838, 0.44029330657046045, 0.7582716092030094, 1.4100609265465693], [-1.0647024510815046, -0.22582126289221974, 0.47044433955417553, 1.032931964071957, -0.47334836378503153, -0.37951461466216907, -0.03724289841753895, 0.5911485225195492, -0.20039836707620495, -0.9468781507966763, 0.4022355857915845, 0.24940276287613292, -0.8461815916002098], [-0.820155792788468, -0.9901358977293703, -1.4615887478819347, -0.7892321847899623, 3.505407605141373, -0.339340214973248, -0.23017911201458205, -0.7401411749408243, 2.2002108165414604, -0.9118964043484591, 0.91790684643478, 0.08236604732196424, 0.17442557558143754], [0.2906468689408964, -0.23093049186320078, 0.5410949998545166, -0.1499891330228811, 0.3053814140904037, 0.562821002213486, 0.6272997385637203, -0.5789850536693053, 0.14496303835203025, -0.40952535595415623, 0.6134521294963527, 0.760980618150406, 0.517820150394454], [-1.0538267486720596, -0.26794452416537246, -0.8841319158317419, -0.0821325243757196, -0.7918160159196871, 0.418142949103596, 0.40877399484453314, -0.4753846899947577, 0.5071552350084527, -0.8898044373614802, 0.36844490251533485, 0.6564231629882998, -0.8669796982222235], [-0.4772227096414997, -0.7020287738571392, -1.1517550896907236, -0.7170207937870925, -0.252677864668105, -0.8127910367407439, -0.7465048549310388, 0.42248512851799064, -1.0841126018173843, -0.6279451083899461, 0.19483164190808816, -0.8458106599065568, -0.5749161296243566]]}