{"clusters": [[83, 131, 132, 133, 135, 136, 137, 138, 139, 140, 141, 142, 143, 144, 145, 146, 147, 148, 149, 150, 151, 152, 153, 154, 155, 156, 157, 158, 159, 160, 161, 162, 163, 164, 165, 166, 167, 168, 169, 170, 171, 172, 173, 174, 175, 176, 177], [0, 2, 3, 5, 6, 7, 8, 9, 10, 11, 12, 13, 14, 15, 16, 17, 18, 20, 26, 29, 30, 31, 33, 39, 40, 42, 44, 45, 46, 47, 48, 49, 50, 51, 52, 53, 54, 55, 56, 57, 58], [64, 72, 79, 82, 86, 87, 88, 89, 90, 91, 96, 102, 105, 107, 112, 113, 114, 117, 121, 122, 127, 128, 129], [69, 78, 95], [1, 4, 19, 21, 22, 23, 24, 25, 27, 28, 32, 34, 35, 36, 37, 38, 41, 43, 65, 71, 73, 74], [63, 66, 67, 80, 81, 84, 85, 93, 94, 97, 98, 99, 100, 103, 104, 106, 108, 109, 110, 111, 115, 116, 119, 120, 123, 124, 125, 126], [59, 60, 61, 62, 68, 70, 75, 76, 77, 92, 101, 118, 130, 134]], "centers": [[0.21107143439524848, 0.9832587493655491, 0.2724946106510629, 0.6308389702342488, -0.06401952693177695, -0.993796057993224, -1.2411949624025909, 0.732551465189332, -0.7445331350619221, 1.0357729437751937, -1.2041959933608926, -1.2840972465899945, -0.3817315755758207], [1.142007368725926, -0.3814035158256296, 0.23740182037704852, -0.8634489633719996, 0.5456013355741696, 1.0669336926488833, 1.0997094901842628, -0.6261526989195065, 0.7509665937195257, 0.45238711996358355, 0.4402933065704619, 0.7582716092030115, 1.4100609265465693], [-1.0647024510814966, -0.22582126289221943, 0.4704443395541714, 1.0329319640719574, -0.47334836378503153, -0.3795146146621692, -0.03724289841753798, 0.5911485225195489, -0.20039836707620662, -0.9468781507966769, 0.40223558579158597, 0.24940276287613503, -0.8461815916002098], [-0.8201557927884598, -0.9901358977293698, -1.4615887478819392, -0.7892321847899627, 3.505407605141373, -0.33934021497324823, -0.23017911201458108, -0.7401411749408248, 2.20021081654146, -0.9118964043484595, 0.917906846434782, 0.08236604732196635, 0.17442557558143745], [0.2906468689409042, -0.2309304918632005, 0.5410949998545125, -0.1499891330228812, 0.3053814140904037, 0.5628210022134857, 0.6272997385637215, -0.5789850536693059, 0.14496303835202878, -0.4095253559541568, 0.6134521294963545, 0.760980618150408, 0.5178201503944538], [-1.0538267486720516, -0.26794452416537207, -0.8841319158317461, -0.08213252437571968, -0.7918160159196871, 0.4181429491035958, 0.4087739948445341, -0.47538468999475797, 0.5071552350084514, -0.8898044373614808, 0.36844490251533635, 0.6564231629883018, -0.8669796982222238], [-0.4772227096414919, -0.7020287738571385, -1.151755089690728, -0.7170207937870928, -0.252677864668105, -0.8127910367407442, -0.7465048549310378, 0.4224851285179903, -1.0841126018173863, -0.6279451083899464, 0.19483164190808955, -0.8458106599065546, -0.5749161296243567]]}