{"clusters": [[83, 131, 132, 133, 134, 135, 136, 137, 138, 139, 140, 141, 142, 143, 144, 145, 146, 147, 148, 149, 153, 154, 155, 156, 157, 160, 161, 162, 163, 164, 165, 167, 170, 171, 172, 173, 174, 175, 176], [0, 2, 3, 5, 6, 7, 8, 9, 10, 11, 12, 13, 14, 15, 16, 17, 18, 20, 26, 29, 30, 31, 33, 39, 40, 42, 44, 45, 46, 47, 48, 49, 50, 51, 52, 53, 54, 55, 56, 57, 58], [64, 72, 82, 86, 87, 88, 89, 90, 91, 92, 96, 105, 107, 112, 113, 114, 117, 121, 122, 127, 129], [69, 78, 95], [1, 4, 19, 21, 22, 23, 24, 25, 27, 28, 32, 34, 35, 36, 37, 38, 41, 43, 65, 71, 73, 74], [63, 66, 67, 79, 80, 81, 84, 85, 93, 94, 97, 98, 99, 100, 102, 103, 104, 106, 108, 109, 110, 111, 115, 116, 119, 120, 123, 124, 125, 126, 128], [59, 60, 61, 62, 68, 70, 75, 76, 77, 101, 118, 130], [150, 151, 152, 158, 159, 166, 168, 169, 177]], "centers": [[0.0876055892005213, 1.0447974023255002, 0.056783630635060846, 0.43269674537132313, -0.21950013228339216, -1.0907926256952776, -1.3229582751743039, 0.8982793913196179, -0.9216437016117092, 0.7782321487580307, -1.145267308592373, -1.2692330775184952, -0.3534655018567156], [1.142007368725926, -0.3814035158256296, 0.23740182037704852, -0.8634489633719996, 0.5456013355741696, 1.0669336926488833, 1.0997094901842628, -0.6261526989195065, 0.7509665937195257, 0.45238711996358355, 0.4402933065704619, 0.7582716092030115, 1.4100609265465693], [-1.090737642269774, -0.3220180422215103, 0.48618576625269905, 1.005328126271463, -0.5435617044131446, -0.5407761810435445, -0.11687429620791423, 0.6987527649834513, -0.24936966264095398, -0.9201358325953515, 0.4394780055315386, 0.1381911681190441, -0.813677338740318], [-0.8201557927884598, -0.9901358977293698, -1.4615887478819392, -0.7892321847899627, 3.505407605141373, -0.33934021497324823, -0.23017911201458108, -0.7401411749408248, 2.20021081654146, -0.9118964043484595, 0.917906846434782, 0.08236604732196635, 0.17442557558143745], [0.2906468689409042, -0.2309304918632005, 0.5410949998545125, -0.1499891330228812, 0.3053814140904037, 0.5628210022134857, 0.6272997385637215, -0.5789850536693059, 0.14496303835202878, -0.4095253559541568, 0.6134521294963545, 0.760980618150408, 0.5178201503944538], [-1.0152745275862411, -0.21476729035598857, -0.7914429141537572, 0.022828842744708876, -0.7428769939381106, 0.415133962440339, 0.4023199230580784, -0.40743176328349545, 0.47996563450860485, -0.910919633419191, 0.3338718647095378, 0.6591894680414021, -0.8855656950883275], [-0.4742816025819123, -0.6767018493921094, -1.275775584893671, -0.8167583090831364, -0.09302610204941947, -0.7866577722032152, -0.7020434715132319, 0.186506522370409, -1.2192733775760891, -0.6743433887052567, 0.3022169799972892, -0.7921714625141818, -0.5781764446424534], [0.655299582100586, 0.4979901169697309, 1.1296418092003653, 1.3528007602060659, 0.5018369227165381, -0.5155966852847575, -0.9106454460433682, 0.1462174920525293, 0.03930705595479383, 2.055533678769669, -1.4268819560706338, -1.3787275761099833, -0.49608727271394254]]}