{"clusters": [[83, 131, 132, 133, 134, 135, 136, 137, 138, 139, 140, 141, 142, 143, 144, 145, 146, 147, 148, 149, 153, 154, 155, 156, 157, 160, 161, 162, 163, 164, 165, 167, 170, 171, 172, 173, 174, 175, 176], [0, 2, 3, 5, 6, 7, 8, 9, 10, 11, 12, 13, 14, 15, 16, 17, 18, 20, 26, 29, 30, 31, 33, 39, 40, 42, 44, 45, 46, 47, 48, 49, 50, 51, 52, 53, 54, 55, 56, 57, 58], [64, 72, 82, 86, 87, 88, 89, 90, 91, 92, 96, 105, 107, 112, 113, 114, 117, 121, 122, 127, 129], [69, 78, 95], [1, 4, 19, 21, 22, 23, 24, 25, 27, 28, 32, 34, 35, 36, 37, 38, 41, 43, 65, 71, 73, 74], [63, 66, 67, 79, 80, 81, 84, 85, 93, 94, 97, 98, 99, 100, 102, 103, 104, 106, 108, 109, 110, 111, 115, 116, 119, 120, 123, 124, 125, 126, 128], [59, 60, 61, 62, 68, 70, 75, 76, 77, 101, 118, 130], [150, 151, 152, 158, 159, 166, 168, 169, 177]], "centers": [[0.0876055892005135, 1.0447974023254998, 0.05678363063506486, 0.4326967453713229, -0.21950013228339216, -1.0907926256952774, -1.322958275174305, 0.8982793913196181, -0.9216437016117072, 0.7782321487580309, -1.1452673085923737, -1.269233077518498, -0.3534655018567155], [1.1420073687259185, -0.38140351582562987, 0.23740182037705257, -0.8634489633719993, 0.5456013355741696, 1.0669336926488835, 1.0997094901842617, -0.626152698919506, 0.7509665937195268, 0.4523871199635838, 0.44029330657046045, 0.7582716092030094, 1.4100609265465693], [-1.0907376422697819, -0.3220180422215109, 0.48618576625270304, 1.0053281262714626, -0.5435617044131446, -0.5407761810435444, -0.11687429620791519, 0.6987527649834516, -0.24936966264095228, -0.9201358325953509, 0.439478005531537, 0.13819116811904197, -0.813677338740318], [-0.820155792788468, -0.9901358977293703, -1.4615887478819347, -0.7892321847899623, 3.505407605141373, -0.339340214973248, -0.23017911201458205, -0.7401411749408243, 2.2002108165414604, -0.9118964043484591, 0.91790684643478, 0.08236604732196424, 0.17442557558143754], [0.2906468689408964, -0.23093049186320078, 0.5410949998545166, -0.1499891330228811, 0.3053814140904037, 0.562821002213486, 0.6272997385637203, -0.5789850536693053, 0.14496303835203025, -0.40952535595415623, 0.6134521294963527, 0.760980618150406, 0.517820150394454], [-1.0152745275862491, -0.21476729035598893, -0.791442914153753, 0.022828842744708953, -0.7428769939381106, 0.4151339624403392, 0.40231992305807746, -0.4074317632834951, 0.47996563450860613, -0.9109196334191906, 0.33387186470953634, 0.6591894680414001, -0.8855656950883275], [-0.47428160258192015, -0.67670184939211, -1.2757755848936665, -0.8167583090831357, -0.09302610204941943, -0.786657772203215, -0.702043471513233, 0.18650652237040943, -1.2192733775760871, -0.6743433887052562, 0.30221697999728775, -0.792171462514184, -0.5781764446424533], [0.6552995821005783, 0.4979901169697308, 1.1296418092003693, 1.352800760206065, 0.5018369227165381, -0.5155966852847573, -0.9106454460433694, 0.14621749205252976, 0.03930705595479534, 2.0555336787696694, -1.426881956070635, -1.3787275761099853, -0.4960872727139425]]}