{"clusters": [[83, 131, 132, 133, 135, 136, 137, 138, 139, 140, 141, 142, 143, 144, 145, 146, 147, 148, 149, 153, 154, 155, 156, 157, 160, 161, 162, 163, 164, 165, 167, 170, 171, 172, 173, 174, 175, 176], [0, 2, 3, 5, 6, 8, 9, 10, 11, 12, 13, 14, 15, 16, 17, 18, 20, 29, 30, 31, 39, 40, 42, 44, 46, 47, 48, 49, 50, 51, 52, 53, 54, 55, 56, 57, 58], [79, 82, 86, 87, 88, 89, 91, 96, 102, 105, 107, 112, 113, 114, 117, 121, 122, 127, 128, 129], [69, 78, 95], [1, 4, 7, 19, 21, 22, 23, 24, 25, 26, 27, 28, 32, 33, 34, 35, 36, 37, 38, 41, 43, 45, 65, 73], [63, 66, 67, 71, 74, 80, 81, 84, 85, 93, 94, 97, 98, 99, 100, 103, 104, 106, 108, 109, 110, 111, 115, 116, 119, 120, 123, 124, 125, 126], [59], [150, 151, 152, 158, 159, 166, 168, 169, 177], [60, 61, 62, 64, 68, 70, 72, 75, 76, 77, 90, 92, 101, 118, 130, 134]], "centers": [[0.10585950467555548, 1.0981907938803481, 0.0694860636262321, 0.4598480199777653, -0.19803815974321995, -1.1070538041610183, -1.3194830057508287, 0.8714200377743646, -0.9301794960921952, 0.7942506644343974, -1.151454581140165, -1.2616848001247363, -0.3546473315167919], [1.1513716054416527, -0.42614465652339617, 0.1737646724100318, -0.9090756546855472, 0.4944571421700397, 1.0926533849368036, 1.1447126128730907, -0.6944076810664742, 0.8825172742932879, 0.4982817401070947, 0.4558528861950494, 0.7378158619036093, 1.4060787349696833], [-1.1464716210488135, -0.1668291826935974, 0.5427565184505366, 1.1426012656036515, -0.4487736945651921, -0.3150381864909033, 0.007259017818249597, 0.6175991467717225, -0.13648538510914696, -0.957316252559451, 0.3226912273372519, 0.3260124329694511, -0.824443960427986], [-0.820155792788468, -0.9901358977293703, -1.4615887478819347, -0.7892321847899623, 3.505407605141373, -0.339340214973248, -0.23017911201458205, -0.7401411749408243, 2.2002108165414604, -0.9118964043484591, 0.91790684643478, 0.08236604732196424, 0.17442557558143754], [0.45165242745019496, -0.12875330426790163, 0.5975866321192064, -0.29876669738433, 0.48623395813251297, 0.5379363077135829, 0.6495467284337002, -0.4010418364320032, 0.030546635303768246, -0.3071996156664059, 0.5321866510122419, 0.7927070798739367, 0.7420615844879617], [-0.9910341129500373, -0.3121010017558791, -0.7963167020354127, -0.006489304889544826, -0.7682443944231063, 0.48318997981379586, 0.4130289014296781, -0.5467538294150016, 0.49309684567799505, -0.88132812555249, 0.40751310917424605, 0.6628800444298893, -0.8301760491574768], [-0.7789802939543566, -1.253450420437522, -3.6791622340370096, -2.6710181364687156, -0.8244150669255967, -0.5049144749628477, -1.4650581804897744, -0.6595631143050646, -2.0515133394236544, -1.3444663873102853, 0.4060506629356774, -1.1182103457236228, -0.7225401607925931], [0.6552995821005783, 0.4979901169697308, 1.1296418092003693, 1.352800760206065, 0.5018369227165381, -0.5155966852847573, -0.9106454460433694, 0.14621749205252976, 0.03930705595479534, 2.0555336787696694, -1.426881956070635, -1.3787275761099853, -0.4960872727139425], [-0.4663038496828108, -0.6520161128882207, -0.7800199738061137, -0.4038664446855371, -0.28903834463623496, -0.8313895279262117, -0.6242360505320723, 0.48867424975450746, -0.9378448641618438, -0.6299148467052187, 0.3199491406399352, -0.7191952503878835, -0.643723940762094]]}