{"clusters": [[83, 131, 132, 133, 135, 136, 137, 138, 139, 140, 141, 142, 143, 144, 145, 146, 147, 148, 149, 153, 154, 155, 156, 157, 160, 161, 162, 163, 164, 165, 167, 170, 171, 172, 173, 174, 175, 176], [0, 2, 3, 5, 6, 8, 9, 10, 11, 12, 13, 14, 15, 16, 17, 18, 20, 29, 30, 31, 39, 40, 42, 44, 46, 47, 48, 49, 50, 51, 52, 53, 54, 55, 56, 57, 58], [79, 82, 86, 87, 88, 89, 91, 96, 102, 105, 107, 112, 113, 114, 117, 121, 122, 127, 128, 129], [69, 78, 95], [1, 4, 7, 19, 21, 22, 23, 24, 25, 26, 27, 28, 32, 33, 34, 35, 36, 37, 38, 41, 43, 45, 65, 73], [63, 66, 67, 71, 74, 80, 81, 84, 85, 93, 94, 97, 98, 99, 100, 103, 104, 106, 108, 109, 110, 111, 115, 116, 119, 120, 123, 124, 125, 126], [59], [150, 151, 152, 158, 159, 166, 168, 169, 177], [60, 61, 62, 64, 68, 70, 72, 75, 76, 77, 90, 92, 101, 118, 130, 134]], "centers": [[0.10585950467556329, 1.0981907938803481, 0.06948606362622808, 0.4598480199777656, -0.19803815974321995, -1.1070538041610185, -1.3194830057508278, 0.8714200377743645, -0.9301794960921971, 0.794250664434397, -1.1514545811401646, -1.261684800124734, -0.35464733151679206], [1.1513716054416603, -0.42614465652339584, 0.17376467241002763, -0.9090756546855476, 0.4944571421700397, 1.0926533849368034, 1.1447126128730918, -0.6944076810664748, 0.8825172742932867, 0.4982817401070944, 0.4558528861950509, 0.7378158619036113, 1.4060787349696833], [-1.1464716210488057, -0.1668291826935972, 0.5427565184505326, 1.1426012656036517, -0.4487736945651921, -0.3150381864909036, 0.007259017818250585, 0.617599146771722, -0.13648538510914854, -0.9573162525594515, 0.3226912273372535, 0.32601243296945315, -0.8244439604279862], [-0.8201557927884598, -0.9901358977293698, -1.4615887478819392, -0.7892321847899627, 3.505407605141373, -0.33934021497324823, -0.23017911201458108, -0.7401411749408248, 2.20021081654146, -0.9118964043484595, 0.917906846434782, 0.08236604732196635, 0.17442557558143745], [0.4516524274502028, -0.12875330426790144, 0.5975866321192022, -0.29876669738433015, 0.48623395813251297, 0.5379363077135827, 0.6495467284337013, -0.4010418364320038, 0.03054663530376671, -0.3071996156664066, 0.5321866510122436, 0.792707079873939, 0.7420615844879617], [-0.9910341129500293, -0.3121010017558788, -0.7963167020354167, -0.0064893048895448965, -0.7682443944231063, 0.48318997981379574, 0.41302890142967896, -0.5467538294150022, 0.4930968456779938, -0.8813281255524907, 0.4075131091742476, 0.6628800444298916, -0.8301760491574768], [-0.7789802939543485, -1.2534504204375216, -3.6791622340370145, -2.671018136468717, -0.8244150669255967, -0.5049144749628479, -1.4650581804897735, -0.6595631143050651, -2.0515133394236567, -1.3444663873102858, 0.40605066293567893, -1.1182103457236205, -0.7225401607925932], [0.655299582100586, 0.4979901169697309, 1.1296418092003653, 1.3528007602060659, 0.5018369227165381, -0.5155966852847575, -0.9106454460433682, 0.1462174920525293, 0.03930705595479383, 2.055533678769669, -1.4268819560706338, -1.3787275761099833, -0.49608727271394254], [-0.4663038496828028, -0.65201611288822, -0.780019973806118, -0.4038664446855372, -0.28903834463623496, -0.8313895279262119, -0.6242360505320713, 0.48867424975450696, -0.9378448641618458, -0.629914846705219, 0.3199491406399367, -0.7191952503878815, -0.643723940762094]]}