{"clusters": [[393, 104, 428, 2, 120, 144, 190, 49, 126, 225, 432, 84, 113, 125, 171, 121, 111, 341, 124, 127, 128, 112, 137, 386, 197, 301, 96, 147, 316, 242, 161, 140, 240, 257, 256, 223, 79, 343, 273, 300, 134, 195, 119, 83, 306, 409, 87, 303, 356, 357, 379, 378, 405, 278, 283, 276, 407, 89, 266, 122, 206, 235, 132, 308, 135, 86, 279, 305, 82, 346, 133, 412, 310, 335, 239, 345, 302, 427, 141, 142, 425, 208, 318, 220, 236, 333, 193, 200, 431, 110, 280, 149, 177, 198, 131, 194, 336, 210, 196, 145, 138, 311, 205, 234, 284, 246, 176, 296, 168, 430, 204, 277, 351, 160, 365, 399, 352, 400, 51, 191, 18, 6, 7, 369, 14, 228, 1, 250, 61, 251, 30, 35, 154, 253, 146, 33, 374, 8, 327, 106, 230, 11, 375, 324, 224, 403, 15, 434, 59, 304, 330, 38, 158, 67, 217, 211, 58, 233, 57, 55, 401, 231, 163, 373, 3, 159, 232, 12, 172, 175, 157, 320, 368, 294, 354, 299, 165, 5, 221, 76, 398, 388, 372, 313, 75, 215, 315, 229, 349, 36, 123, 207, 188, 22, 108, 331, 109, 114, 174, 182, 68, 17, 376, 329, 317, 267, 309, 274, 28, 339, 282, 347, 429, 244, 366, 227, 259, 269, 42, 264, 319, 263, 268, 187, 24, 337, 43, 189, 70, 222, 332, 185, 262, 260, 265, 254, 272, 426, 25, 203, 179, 90, 255, 338, 348, 237, 139, 307, 408, 291, 360, 80, 95, 94, 406, 361, 355, 73, 281, 166, 394, 151, 391, 385, 164, 155, 37, 382, 416, 53, 404, 214, 150, 363, 156, 65, 395, 287, 371, 322, 370, 48, 418, 92, 21, 52, 9, 62, 419, 414, 46, 41, 270, 34, 23, 201, 69, 64, 44, 31, 72, 312, 321, 32, 252, 297, 98, 358, 4, 289, 387, 367, 381, 117, 420], [325, 243, 334, 415, 47, 249, 81, 16, 102, 199, 45, 238, 13, 216, 323], [377, 295, 247, 290, 54, 380], [115, 130], [99, 359, 275, 10, 0, 271, 218, 40, 413], [248, 183, 180, 107, 433, 170, 389], [390, 129, 178, 402, 143], [424, 342, 261, 397, 20, 60], [286, 103], [192, 173, 410, 340, 212, 258, 181, 184, 344, 422, 226, 285, 153, 85, 353, 298, 350, 136, 56, 148, 66, 314, 219, 118, 186, 213, 152, 423, 162, 88, 421, 77, 100, 97, 93, 26, 116, 245, 91, 169, 241, 39, 292, 411, 202, 74, 101, 167, 326, 364, 392, 105, 328, 63, 19, 27, 29, 50, 209, 417, 293, 362, 78, 396, 288, 383, 71, 384]], "centers": [[-0.16843038421330372, 0.9182702973433554, -0.8683503083805056, -0.352180362530249, -0.8888888888888854, 1.1094003924504579, -0.1610695384807916, 1.242521488394789, -1.1790292151214443, -0.1610695384807913, -1.1462241435400158, 1.2073222927802065, -0.18898223650461426, -0.9572353730777872, 1.0256153238192356, -0.16106953848079136, -0.732872753960898, 0.7741218934265786, -0.18235722297072837, 1.1790292151214439, -1.104258916695732, -0.1889822365046142, 1.2015907059889768, -1.119770516830429, -0.23080027108556914, 1.0543483700546503, -0.9528351047490323, -0.1278872166673276, -0.9750244334066274, 1.0069204977995505, -0.22522130823072536, 0.8048150549829887, -0.7254762501100135, -0.27700663036708634, -1.0739950402747, 1.242521488394789, -0.2469323991623966, -0.9268086959962989, 1.0398748544506025, -0.20166768818859027, -0.8009428406336285, 0.8683503083805055, -0.26229004707778764, 0.931102996289654, -0.8164965809277287, -0.5605349193140373, -0.40770067346288574, 0.7855573637534168], [-0.16843038421330372, -1.0890039707187533, 1.1516089651249486, -0.352180362530249, 1.1249999999999956, -0.901387818865997, -0.1610695384807916, -0.8048150549829883, 0.8481554037632525, -0.1610695384807913, 0.8724297124919961, -0.828279247372467, -0.18898223650461426, 1.0446751427339311, -0.9750244334066274, -0.16106953848079136, -0.732872753960898, 0.7741218934265786, -0.18235722297072837, 1.1790292151214439, -1.104258916695732, -0.1889822365046142, -0.8322301387783576, 0.8930401229267474, 4.332750543560912, -0.9484531189137902, -0.9528351047490323, -0.1278872166673276, -0.9750244334066274, 1.0069204977995505, -0.22522130823072536, -1.2425214883947895, 1.3784048752090254, -0.27700663036708634, -1.0739950402747, 1.242521488394789, 4.049691346263304, -0.9268086959962989, -0.9616541795583003, -0.20166768818859027, 1.2485285456935975, -1.1516089651249486, -0.26229004707778764, 0.931102996289654, -0.8164965809277287, -0.5605349193140373, -0.40770067346288574, 0.7855573637534168], [-0.16843038421330372, -0.08536683668769895, 0.14162932837222147, -0.352180362530249, 0.11805555555555508, 0.10400628679223045, -0.1610695384807916, 0.21885321670590036, -0.1654369056790959, -0.1610695384807913, -0.13689721552400985, 0.18952152270386974, 2.551260192812293, -0.9572353730777872, 0.025295445206304112, -0.16106953848079136, -0.732872753960898, 0.7741218934265786, 5.4837422050483315, -0.8481554037632522, -1.104258916695732, -0.1889822365046142, 0.18468028360530958, -0.11336519695184083, -0.23080027108556914, 0.052947625570430035, 0.0483322154582842, -0.1278872166673276, 0.025295445206304, 0.006896715738353099, -0.22522130823072536, 0.8048150549829887, -0.7254762501100135, 1.6665076310794067, -0.07144602199252303, -0.8048150549829883, -0.2469323991623966, -0.9268086959962989, 1.0398748544506025, -0.20166768818859027, -0.8009428406336285, 0.8683503083805055, -0.26229004707778764, 0.931102996289654, -0.8164965809277287, -0.5605349193140373, 1.0225395923141731, -0.24371207369458403], [-0.16843038421330372, -0.08536683668769895, 0.14162932837222147, 2.839454172900133, -0.8888888888888854, -0.901387818865997, -0.1610695384807916, -0.8048150549829883, 0.8481554037632525, -0.1610695384807913, 0.8724297124919961, -0.828279247372467, 5.2915026221292, -0.9572353730777872, -0.9750244334066274, 6.208498574168686, -0.732872753960898, -1.2917862270676648, -0.18235722297072837, -0.8481554037632522, 0.905584718294408, -0.1889822365046142, -0.8322301387783576, 0.8930401229267474, -0.23080027108556914, -0.9484531189137902, 1.0494995356656007, -0.1278872166673276, 0.025295445206304, 0.006896715738353099, 2.1074279555875015, -0.2188532167059004, -0.7254762501100135, 1.6665076310794067, -0.07144602199252303, -0.8048150549829883, -0.2469323991623966, 1.0789713177270346, -0.9616541795583003, -0.20166768818859027, 1.2485285456935975, -1.1516089651249486, -0.26229004707778764, -1.0739950402747, 1.224744871391593, 0.6117376282898388, -0.40770067346288574, -0.24371207369458403], [-0.16843038421330372, 0.9182702973433554, -0.8683503083805056, -0.352180362530249, -0.8888888888888854, 1.1094003924504579, -0.1610695384807916, 1.242521488394789, -1.1790292151214443, -0.1610695384807913, -1.1462241435400158, 1.2073222927802065, -0.18898223650461426, -0.9572353730777872, 1.0256153238192356, -0.16106953848079136, -0.732872753960898, 0.7741218934265786, -0.18235722297072837, 1.1790292151214439, -1.104258916695732, -0.1889822365046142, 1.2015907059889768, -1.119770516830429, -0.23080027108556914, 1.0543483700546503, -0.9528351047490323, -0.1278872166673276, -0.9750244334066274, 1.0069204977995505, 4.440077219405729, -1.2425214883947895, -0.7254762501100135, -0.27700663036708634, -1.0739950402747, 1.242521488394789, -0.2469323991623966, -0.9268086959962989, 1.0398748544506025, -0.20166768818859027, -0.8009428406336285, 0.8683503083805055, -0.26229004707778764, 0.931102996289654, -0.8164965809277287, -0.5605349193140373, -0.40770067346288574, 0.7855573637534168], [-0.16843038421330372, 0.9182702973433554, -0.8683503083805056, 2.839454172900133, -0.8888888888888854, -0.901387818865997, 6.208498574168695, -0.8048150549829883, -1.1790292151214443, 6.208498574168683, -1.1462241435400158, -0.828279247372467, 5.2915026221292, -0.9572353730777872, -0.9750244334066274, 6.208498574168686, -0.732872753960898, -1.2917862270676648, 5.4837422050483315, -0.8481554037632522, -1.104258916695732, 5.291502622129198, -0.8322301387783576, -1.119770516830429, 4.332750543560912, -0.9484531189137902, -0.9528351047490323, 7.819389819088032, -0.9750244334066274, -0.9931270663228443, 4.440077219405729, -1.2425214883947895, -0.7254762501100135, 3.6100218925258996, -1.0739950402747, -0.8048150549829883, 4.049691346263304, -0.9268086959962989, -0.9616541795583003, -0.20166768818859027, -0.8009428406336285, 0.8683503083805055, 3.8125731843092705, -1.0739950402747, -0.8164965809277287, 