{"clusters": [[248, 183, 393, 104, 428, 390, 129, 180, 178, 402, 143, 2, 107, 120, 144, 190, 49, 126, 225, 432, 84, 113, 125, 171, 111, 121, 341, 115, 124, 127, 128, 112, 137, 386, 197, 301, 96, 147, 316, 192, 173, 242, 161, 140, 240, 257, 256, 223, 79, 343, 273, 300, 433, 134, 195, 83, 87, 409, 119, 357, 303, 356, 306, 379, 283, 278, 378, 405, 276, 407, 410, 99, 359, 89, 122, 266, 206, 235, 132, 86, 279, 135, 305, 308, 82, 133, 346, 412, 310, 340, 335, 239, 345, 302, 427, 141, 142, 425, 208, 318, 220, 193, 236, 333, 200, 212, 258, 431, 110, 280, 149, 177, 198, 184, 344, 181, 131, 194, 336, 210, 422, 226, 196, 145, 138, 311, 205, 234, 284, 285, 153, 246, 275, 85, 176, 296, 168, 430, 204, 353, 277, 351, 298, 350, 160, 365, 399, 352, 10, 400, 51, 191, 18, 6, 7, 369, 14, 228, 1, 251, 250, 154, 61, 35, 30, 230, 8, 146, 253, 106, 374, 33, 327, 11, 375, 324, 0, 224, 403, 15, 434, 59, 304, 217, 38, 67, 158, 330, 211, 57, 58, 233, 136, 55, 401, 148, 56, 231, 163, 66, 314, 373, 3, 159, 424, 219, 118, 232, 12, 172, 175, 186, 157, 213, 320, 152, 368, 294, 271, 423, 354, 299, 165, 342, 5, 221, 76, 398, 162, 88, 421, 388, 372, 313, 75, 215, 77, 315, 229, 349, 36, 123, 207, 188, 130, 218, 22, 114, 108, 174, 331, 109, 182, 17, 68, 376, 329, 317, 267, 309, 100, 97, 274, 28, 339, 282, 347, 429, 261, 170, 244, 93, 366, 389, 227, 42, 259, 269, 264, 263, 187, 268, 319, 24, 337, 189, 43, 70, 332, 222, 116, 26, 185, 262, 254, 265, 260, 272, 25, 203, 90, 179, 426, 255, 338, 348, 245, 91, 169, 241, 39, 237, 292, 139, 307, 408, 291, 360, 80, 411, 202, 74, 95, 94, 406, 101, 361, 355, 73, 281, 166, 167, 394, 151, 391, 397, 385, 164, 326, 155, 37, 382, 364, 392, 416, 53, 150, 214, 404, 363, 156, 65, 395, 287, 371, 322, 370, 20, 60, 105, 48, 418, 92, 40, 21, 52, 9, 62, 419, 414, 46, 41, 69, 201, 23, 270, 34, 64, 44, 328, 63, 31, 72, 29, 50, 19, 27, 312, 321, 32, 209, 417, 252, 297, 98, 293, 362, 358, 4, 78, 396, 289, 288, 387, 383, 367, 381, 71, 117, 384, 413, 420], [325, 243, 334, 415, 47, 249, 81, 16, 102, 199, 45, 238, 13, 216, 323], [286, 377, 295, 247, 103, 290, 54, 380]], "centers": [[-0.16843038421330372, 0.9182702973433554, -0.8683503083805056, -0.352180362530249, -0.8888888888888854, 1.1094003924504579, -0.1610695384807916, -0.8048150549829883, 0.8481554037632525, -0.1610695384807913, 0.8724297124919961, -0.828279247372467, -0.18898223650461426, 1.0446751427339311, -0.9750244334066274, -0.16106953848079136, 1.3644933511245667, -1.2917862270676648, -0.18235722297072837, 1.1790292151214439, -1.104258916695732, -0.1889822365046142, -0.8322301387783576, 0.8930401229267474, -0.23080027108556914, -0.9484531189137902, 1.0494995356656007, -0.1278872166673276, 0.025295445206304, 0.006896715738353099, -0.22522130823072536, -1.2425214883947895, 1.3784048752090254, -0.27700663036708634, 0.931102996289654, -0.8048150549829883, -0.2469323991623966, 1.0789713177270346, -0.9616541795583003, -0.20166768818859027, 0.2237928525299845, -0.14162932837222153, -0.26229004707778764, -1.0739950402747, 1.224744871391593, -0.5605349193140373, -0.40770067346288574, 0.7855573637534168], [-0.16843038421330372, -1.0890039707187533, 1.1516089651249486, -0.352180362530249, 1.1249999999999956, -0.901387818865997, -0.1610695384807916, -0.8048150549829883, 0.8481554037632525, -0.1610695384807913, 0.8724297124919961, -0.828279247372467, -0.18898223650461426, 1.0446751427339311, -0.9750244334066274, -0.16106953848079136, -0.732872753960898, 0.7741218934265786, -0.18235722297072837, 1.1790292151214439, -1.104258916695732, -0.1889822365046142, -0.8322301387783576, 0.8930401229267474, 4.332750543560912, -0.9484531189137902, -0.9528351047490323, -0.1278872166673276, -0.9750244334066274, 1.0069204977995505, -0.22522130823072536, -1.2425214883947895, 1.3784048752090254, -0.27700663036708634, -1.0739950402747, 1.242521488394789, 4.049691346263304, -0.9268086959962989, -0.9616541795583003, -0.20166768818859027, 1.2485285456935975, -1.1516089651249486, -0.26229004707778764, 0.931102996289654, -0.8164965809277287, -0.5605349193140373, -0.40770067346288574, 0.7855573637534168], [-0.16843038421330372, -0.08536683668769895, 0.14162932837222147, -0.352180362530249, 0.11805555555555508, 0.10400628679223045, -0.1610695384807916, 1.242521488394789, -1.1790292151214443, -0.1610695384807913, -0.13689721552400985, 0.18952152270386974, -0.18898223650461426, -0.9572353730777872, 1.0256153238192356, -0.16106953848079136, -0.732872753960898, 0.7741218934265786, 5.4837422050483315, -0.8481554037632522, -1.104258916695732, -0.1889822365046142, 1.2015907059889768, -1.119770516830429, 2.050975136237671, 0.052947625570430035, -0.9528351047490323, -0.1278872166673276, 1.0256153238192354, -0.9931270663228443, -0.22522130823072536, 0.8048150549829887, -0.7254762501100135, 1.6665076310794067, -0.07144602199252303, -0.8048150549829883, -0.2469323991623966, 0.07608131086536785, 0.039110337446151056, -0.20166768818859027, -0.8009428406336285, 0.8683503083805055, 1.7751415686157415, -0.07144602199252303, -0.8164965809277287, -0.5605349193140373, 2.452779858091232, -1.2729815111425848]]}