{"clusters": [[91, 97, 107, 121, 129, 135, 141, 147, 177, 179, 184, 190, 249, 252, 253, 256, 285, 300, 302, 311, 325, 336, 365, 369, 382, 403, 407, 415, 420, 432, 440], [6, 21, 42, 62, 64, 68, 75, 76, 86, 88, 98, 105, 110, 133, 166, 170, 173, 174, 191, 201, 220, 222, 226, 229, 242, 243, 244, 257, 263, 265, 279, 281, 294, 295, 298, 299, 306, 329, 331, 334, 347, 349, 351, 355, 356, 372, 381, 383, 385, 389, 396, 427, 431], [0, 2, 8, 11, 13, 25, 32, 39, 44, 45, 49, 51, 61, 66, 67, 108, 125, 140, 149, 153, 180, 185, 204, 209, 225, 235, 238, 258, 264, 271, 278, 284, 305, 326, 330, 333, 337, 341, 342, 357, 363, 377, 378, 388, 402, 405, 424, 439], [59, 72, 80, 87, 99, 100, 181, 188, 199, 200, 202, 210, 212, 231, 236, 239, 246, 267, 276, 282, 287, 288, 291, 317, 318, 339, 353, 384, 398, 418], [16, 29, 36, 53, 71, 85, 92, 137, 139, 145, 150, 159, 205, 207, 211, 217, 234, 250, 259, 270, 274, 303, 310, 319, 327, 340, 343, 360, 380, 400, 404, 412, 416], [23, 74, 96, 113, 114, 116, 117, 130, 138, 163, 167, 169, 172, 176, 183, 197, 208, 215, 240, 251, 254, 262, 268, 273, 275, 280, 290, 313, 316, 321, 322, 323, 332, 350, 359, 362, 364, 366, 367, 368, 371, 375, 390, 394, 399, 408, 428, 437], [7, 15, 17, 38, 40, 65, 73, 81, 103, 109, 115, 118, 122, 123, 132, 142, 144, 146, 148, 152, 154, 155, 157, 161, 168, 182, 186, 193, 195, 203, 206, 216, 230, 232, 241, 248, 289, 301, 304, 307, 309, 320, 324, 345, 346, 354, 376, 392, 409, 410, 414, 421, 422, 423, 426, 438], [3, 9, 22, 24, 30, 52, 54, 56, 63, 79, 102, 112, 134, 162, 196, 218, 221, 228, 293, 314, 328, 338, 344, 395, 413, 417, 429, 430], [5, 10, 18, 19, 20, 26, 27, 28, 31, 34, 37, 41, 46, 47, 50, 57, 60, 69, 77, 78, 83, 84, 93, 94, 95, 104, 106, 120, 124, 126, 128, 131, 136, 156, 158, 160, 165, 171, 187, 189, 194, 198, 219, 223, 224, 245, 247, 272, 277, 283, 297, 308, 312, 358, 373, 374, 379, 387, 391, 393, 397, 406, 411, 419, 425, 435, 436], [1, 4, 12, 14, 33, 35, 43, 48, 55, 58, 70, 82, 89, 90, 101, 111, 119, 127, 143, 151, 164, 175, 178, 192, 213, 214, 227, 233, 237, 255, 260, 261, 266, 269, 286, 292, 296, 315, 335, 348, 352, 361, 370, 386, 401, 433, 434, 441]], "centers": [[0.19200565113775478, -0.938536660887461, 0.9104116255716748, -0.44610516553486, 0.34494159463769525, 0.47039247744693785, -0.7726275551395613, 0.847683041045807, 0.6652699856068615, 0.7470423915255388], [-0.4127702373719598, 1.0654884797514652, -0.6379645128478767, -0.4346949446763583, -0.9051845120394948, -0.7278411940399693, -0.006993141716536996, -0.5679920459553606, -0.7739762218286131, -0.3792038958093039], [0.47433762764268755, 1.0654884797514652, 0.18770725719692727, 0.1994650315259279, -0.5193333260232378, -0.14983019786062565, -1.0559667396059682, 0.6099425912011809, 0.16777528046545534, -0.06801292315275463], [0.8005000909564207, -0.6045324707809733, -0.24603719017852624, 0.07943119799922914, 1.4722218843440773, 1.114187693751524, 0.7491124555184268, 0.02127077253965291, 0.5859684710729222, -0.14167046742317174], [0.3515385450026165, -0.8170805917578291, 0.8075015846790479, 1.315266063469991, -0.11976874801878057, -0.2850801546573222, 0.24037020408830176, -0.42265232895387506, 0.20275891304774482, 0.21220240984195834], [0.6079846857809978, 0.6897337658816665, 0.9501117875749832, 1.2027629044986778, 0.3659764252415403, 0.05933528801238889, -0.6383184355705758, 0.7641331669529511, 1.1831151837837826, 1.1783598087136644], [0.047712579810020195, 0.9223438268486851, 0.281448283046153, 0.32541582366848065, 1.2176232267110698, 1.4652016684703564, -0.5696702311565953, 1.1888614749723885, 0.5221844224568402, 0.5185001756648181], [-1.2314806909423786, -0.938536660887461, 0.137397325338278, -0.6612226512269217, 0.10442133194752135, 0.25406002792864374, 0.11036164612552225, -0.1342959275479672, -0.34359618778089673, -0.417640042156248], [-0.8636764965227517, -0.9385366608874594, -0.771032028866952, -0.880131254264652, -1.0143702804023669, -0.9816506794090609, 0.3340682860128921, -0.9152916329609653, -0.8074232110442925, -0.9012838627283554], [0.37569337044536305, -0.6045324707809733, -0.7550307286637397, -0.35345463790811266, 0.026677997765658545, -0.3973998385168822, 1.701479592056274, -1.0481717868254556, -0.7133281167369422, -0.33470403171805835]]}