{"clusters": [[91, 97, 107, 121, 129, 135, 141, 147, 177, 179, 184, 190, 249, 252, 253, 256, 285, 300, 302, 311, 325, 336, 365, 369, 382, 403, 407, 415, 420, 432, 440], [6, 21, 42, 62, 64, 68, 75, 76, 86, 88, 98, 105, 110, 133, 166, 170, 173, 174, 191, 201, 220, 222, 226, 229, 242, 243, 244, 257, 263, 265, 279, 281, 294, 295, 298, 299, 306, 329, 331, 334, 347, 349, 351, 355, 356, 372, 381, 383, 385, 389, 396, 427, 431], [0, 2, 8, 11, 13, 25, 32, 39, 44, 45, 49, 51, 61, 66, 67, 108, 125, 140, 149, 153, 180, 185, 204, 209, 225, 235, 238, 258, 264, 271, 278, 284, 305, 326, 330, 333, 337, 341, 342, 357, 363, 377, 378, 388, 402, 405, 424, 439], [59, 72, 80, 87, 99, 100, 181, 188, 199, 200, 202, 210, 212, 231, 236, 239, 246, 267, 276, 282, 287, 288, 291, 317, 318, 339, 353, 384, 398, 418], [16, 29, 36, 53, 71, 85, 92, 137, 139, 145, 150, 159, 205, 207, 211, 217, 234, 250, 259, 270, 274, 303, 310, 319, 327, 340, 343, 360, 380, 400, 404, 412, 416], [23, 74, 96, 113, 114, 116, 117, 130, 138, 163, 167, 169, 172, 176, 183, 197, 208, 215, 240, 251, 254, 262, 268, 273, 275, 280, 290, 313, 316, 321, 322, 323, 332, 350, 359, 362, 364, 366, 367, 368, 371, 375, 390, 394, 399, 408, 428, 437], [7, 15, 17, 38, 40, 65, 73, 81, 103, 109, 115, 118, 122, 123, 132, 142, 144, 146, 148, 152, 154, 155, 157, 161, 168, 182, 186, 193, 195, 203, 206, 216, 230, 232, 241, 248, 289, 301, 304, 307, 309, 320, 324, 345, 346, 354, 376, 392, 409, 410, 414, 421, 422, 423, 426, 438], [3, 9, 22, 24, 30, 52, 54, 56, 63, 79, 102, 112, 134, 162, 196, 218, 221, 228, 293, 314, 328, 338, 344, 395, 413, 417, 429, 430], [5, 10, 18, 19, 20, 26, 27, 28, 31, 34, 37, 41, 46, 47, 50, 57, 60, 69, 77, 78, 83, 84, 93, 94, 95, 104, 106, 120, 124, 126, 128, 131, 136, 156, 158, 160, 165, 171, 187, 189, 194, 198, 219, 223, 224, 245, 247, 272, 277, 283, 297, 308, 312, 358, 373, 374, 379, 387, 391, 393, 397, 406, 411, 419, 425, 435, 436], [1, 4, 12, 14, 33, 35, 43, 48, 55, 58, 70, 82, 89, 90, 101, 111, 119, 127, 143, 151, 164, 175, 178, 192, 213, 214, 227, 233, 237, 255, 260, 261, 266, 269, 286, 292, 296, 315, 335, 348, 352, 361, 370, 386, 401, 433, 434, 441]], "centers": [[0.00913277748497794, -0.044641636506989026, 0.04330386499988214, -0.021219058853669467, 0.016407198488545358, 0.022374288473666973, -0.036750145102708305, 0.040320170504285664, 0.03164366626700589, 0.03553318297258877], [-0.019633478014848885, 0.0506801187398187, -0.030344877375367316, -0.02067632999367155, -0.04305523656370953, -0.03461987514522983, -0.000332629830630963, -0.027016626532652473, -0.036814294635285745, -0.01803688996309151], [0.022561940132194716, 0.0506801187398187, 0.00892832373493607, 0.009487584027688296, -0.024702167248717825, -0.007126695748186823, -0.05022721574710498, 0.029012010485330145, 0.00798025628355844, -0.003235044851942795], [0.03807590643342405, -0.02875467729918773, -0.01170279571260085, 0.0037781568010816415, 0.07002645390152083, 0.05299650413014593, 0.03563164587570889, 0.0010117474740309789, 0.027871677879327383, -0.006738576950740485], [0.01672098341833941, -0.03886456043142492, 0.038408933528473896, 0.06256082683002075, -0.005696818394814726, -0.013559880151654723, 0.011433244672482065, -0.020103521177477848, 0.009644257994430335, 0.010093439330451464], [0.028918882421478942, 0.03280728963104226, 0.045192209137387244, 0.05720959726384014, 0.017407723349145924, 0.0028222918399181114, -0.030361711762551827, 0.03634610825941708, 0.05627505049236575, 0.05604886036662896], [0.002269455987659888, 0.043871421936475294, 0.013387129635812409, 0.015478452274943072, 0.05791643071023391, 0.06969253628455786, -0.02709644966249844, 0.05654837369133214, 0.024837780076580968, 0.024662538327435025], [-0.058575563066917656, -0.044641636506989026, 0.006535324308998116, -0.03145115420248827, 0.004966816256244032, 0.012084403188919226, 0.005249368187695137, -0.006387805859704892, -0.01634320401037859, -0.019865111007038094], [-0.041080901603718446, -0.04464163650698896, -0.03667425365715791, -0.041863574614305316, -0.04824867394993023, -0.046692361239868925, 0.015890007939166388, -0.043535983280497445, -0.03840520567482658, -0.04286970159641059], [0.017869911299627787, -0.028754677299187736, -0.03591314942215059, -0.016812122663682958, 0.001268942949828492, -0.01890238269673069, 0.08093113102349685, -0.049856447653409686, -0.03392955845483636, -0.015920247278624095]]}