{"clusters": [[0, 2, 3, 7, 8, 11, 13, 15, 16, 17, 23, 25, 32, 38, 39, 40, 44, 49, 51, 53, 59, 61, 65, 66, 67, 71, 72, 73, 74, 75, 80, 81, 91, 96, 97, 99, 100, 103, 107, 108, 109, 113, 114, 115, 116, 117, 118, 121, 122, 123, 125, 129, 130, 132, 135, 137, 138, 139, 140, 141, 142, 144, 146, 147, 148, 149, 150, 152, 153, 154, 155, 157, 159, 161, 163, 167, 168, 169, 172, 176, 177, 179, 180, 182, 183, 184, 185, 186, 188, 190, 193, 195, 197, 199, 202, 203, 204, 206, 207, 208, 209, 212, 215, 216, 217, 225, 230, 232, 234, 235, 236, 238, 239, 240, 241, 248, 249, 250, 251, 252, 253, 254, 256, 258, 262, 267, 268, 270, 271, 273, 274, 275, 276, 278, 280, 282, 285, 287, 288, 289, 290, 291, 293, 300, 301, 302, 303, 304, 305, 307, 309, 310, 311, 313, 316, 317, 318, 320, 321, 322, 323, 324, 325, 326, 327, 330, 332, 333, 336, 337, 339, 341, 342, 344, 345, 346, 350, 353, 354, 357, 359, 360, 362, 363, 364, 365, 366, 367, 368, 369, 371, 375, 376, 377, 378, 382, 384, 388, 390, 392, 394, 398, 399, 402, 403, 405, 407, 408, 409, 410, 412, 414, 415, 416, 418, 420, 421, 422, 423, 424, 426, 428, 432, 437, 438, 440], [1, 4, 5, 6, 9, 10, 12, 14, 18, 19, 20, 21, 22, 24, 26, 27, 28, 29, 30, 31, 33, 34, 35, 36, 37, 41, 42, 43, 45, 46, 47, 48, 50, 52, 54, 55, 56, 57, 58, 60, 62, 63, 64, 68, 69, 70, 76, 77, 78, 79, 82, 83, 84, 85, 86, 87, 88, 89, 90, 92, 93, 94, 95, 98, 101, 102, 104, 105, 106, 110, 111, 112, 119, 120, 124, 126, 127, 128, 131, 133, 134, 136, 143, 145, 151, 156, 158, 160, 162, 164, 165, 166, 170, 171, 173, 174, 175, 178, 181, 187, 189, 191, 192, 194, 196, 198, 200, 201, 205, 210, 211, 213, 214, 218, 219, 220, 221, 222, 223, 224, 226, 227, 228, 229, 231, 233, 237, 242, 243, 244, 245, 246, 247, 255, 257, 259, 260, 261, 263, 264, 265, 266, 269, 272, 277, 279, 281, 283, 284, 286, 292, 294, 295, 296, 297, 298, 299, 306, 308, 312, 314, 315, 319, 328, 329, 331, 334, 335, 338, 340, 343, 347, 348, 349, 351, 352, 355, 356, 358, 361, 370, 372, 373, 374, 379, 380, 381, 383, 385, 386, 387, 389, 391, 393, 395, 396, 397, 400, 401, 404, 406, 411, 413, 417, 419, 425, 427, 429, 430, 431, 433, 434, 435, 436, 439, 441]], "centers": [[0.017020041960700113, 0.015250793780828267, 0.024082472772234242, 0.020719653451170775, 0.02436714272818166, 0.026083841755039885, -0.025041527929875882, 0.03373574854907828, 0.030141660861574528, 0.024526388163357015], [-0.01780800686628879, -0.015956849048458847, -0.02519740206724675, -0.02167889666650249, -0.02549525118781986, -0.02729142702147665, 0.02620085792662843, -0.03529758875968296, -0.03153710812368524, -0.025661869096846465]]}