{"clusters": [[3, 9, 16, 36, 52, 53, 56, 71, 80, 87, 91, 92, 97, 99, 100, 107, 114, 117, 121, 129, 135, 137, 139, 141, 147, 150, 159, 167, 169, 177, 179, 184, 188, 190, 199, 200, 205, 207, 208, 211, 212, 217, 231, 234, 236, 239, 246, 248, 249, 250, 252, 253, 256, 259, 267, 274, 276, 282, 285, 287, 291, 293, 300, 302, 303, 310, 311, 317, 318, 319, 320, 321, 324, 325, 327, 332, 336, 339, 344, 353, 360, 365, 369, 376, 382, 394, 398, 403, 407, 408, 412, 415, 416, 418, 420, 430, 432, 440], [1, 4, 5, 6, 10, 12, 14, 18, 19, 20, 21, 22, 24, 26, 27, 28, 29, 30, 31, 33, 34, 35, 37, 41, 42, 43, 46, 47, 48, 50, 54, 55, 57, 58, 60, 62, 63, 64, 68, 69, 70, 76, 77, 78, 79, 82, 83, 84, 85, 86, 88, 89, 90, 93, 94, 95, 98, 101, 102, 104, 105, 106, 110, 111, 112, 119, 120, 124, 126, 127, 128, 131, 133, 134, 136, 143, 145, 151, 156, 158, 160, 162, 164, 165, 166, 170, 171, 173, 174, 175, 178, 181, 187, 189, 191, 192, 194, 196, 198, 201, 210, 213, 214, 218, 219, 220, 221, 222, 223, 224, 226, 227, 228, 229, 233, 237, 242, 243, 244, 245, 247, 255, 257, 260, 261, 263, 264, 266, 269, 272, 277, 279, 281, 283, 286, 292, 294, 295, 296, 297, 298, 299, 306, 308, 312, 314, 315, 328, 329, 331, 334, 335, 338, 340, 343, 347, 348, 349, 351, 352, 355, 356, 358, 361, 370, 372, 373, 374, 379, 380, 381, 383, 385, 386, 387, 389, 391, 393, 395, 396, 397, 400, 401, 404, 406, 411, 413, 417, 419, 425, 427, 429, 431, 433, 434, 435, 436, 441], [0, 2, 7, 8, 11, 13, 15, 17, 23, 25, 32, 38, 39, 40, 44, 45, 49, 51, 59, 61, 65, 66, 67, 72, 73, 74, 75, 81, 96, 103, 108, 109, 113, 115, 116, 118, 122, 123, 125, 130, 132, 138, 140, 142, 144, 146, 148, 149, 152, 153, 154, 155, 157, 161, 163, 168, 172, 176, 180, 182, 183, 185, 186, 193, 195, 197, 202, 203, 204, 206, 209, 215, 216, 225, 230, 232, 235, 238, 240, 241, 251, 254, 258, 262, 265, 268, 270, 271, 273, 275, 278, 280, 284, 288, 289, 290, 301, 304, 305, 307, 309, 313, 316, 322, 323, 326, 330, 333, 337, 341, 342, 345, 346, 350, 354, 357, 359, 362, 363, 364, 366, 367, 368, 371, 375, 377, 378, 384, 388, 390, 392, 399, 402, 405, 409, 410, 414, 421, 422, 423, 424, 426, 428, 437, 438, 439]], "centers": [[0.015502274630659686, -0.04464163650698892, 0.025919444515274514, 0.01387412137850489, 0.02941806015988962, 0.02330502383763293, -0.008368934914157557, 0.020448346026275106, 0.032844276101051735, 0.02111216097186241], [-0.020136439551853937, -0.015274833122871428, -0.02681502742728854, -0.024583215056279608, -0.028045628455293677, -0.029445047576978273, 0.02757294979342941, -0.03735199964750503, -0.03536967696327157, -0.027248282098740233], [0.01690268573604297, 0.0506801187398187, 0.018967601836341566, 0.02402611428801329, 0.01828811327725291, 0.024289226603792662, -0.0317759482021355, 0.036929849449528845, 0.025920938224825565, 0.02278197315279381]]}