{"clusters": [[0, 2, 8, 13, 23, 29, 32, 44, 51, 71, 74, 96, 108, 113, 114, 116, 117, 121, 125, 129, 130, 135, 137, 138, 139, 140, 145, 150, 153, 159, 163, 167, 172, 176, 180, 183, 184, 190, 197, 204, 205, 207, 208, 209, 215, 217, 225, 234, 235, 238, 240, 249, 250, 254, 256, 262, 268, 270, 271, 274, 275, 280, 290, 300, 302, 303, 310, 313, 316, 321, 322, 327, 332, 333, 337, 341, 342, 350, 357, 359, 360, 362, 365, 367, 368, 369, 371, 375, 382, 388, 390, 394, 399, 403, 404, 405, 408, 412, 416, 428, 437, 439], [5, 6, 9, 10, 18, 19, 20, 21, 22, 24, 26, 27, 28, 30, 31, 34, 37, 41, 42, 45, 46, 47, 50, 56, 57, 60, 62, 63, 64, 68, 69, 76, 77, 78, 79, 83, 84, 86, 88, 93, 94, 95, 98, 104, 105, 106, 110, 112, 120, 124, 126, 128, 131, 133, 136, 156, 158, 160, 162, 165, 166, 170, 171, 173, 174, 187, 191, 194, 198, 201, 218, 219, 220, 221, 222, 223, 224, 226, 228, 229, 242, 243, 244, 245, 247, 257, 263, 264, 265, 272, 277, 279, 281, 283, 284, 292, 294, 295, 297, 298, 299, 306, 308, 312, 314, 328, 329, 331, 334, 338, 347, 349, 351, 352, 355, 356, 358, 363, 372, 373, 374, 379, 380, 381, 383, 385, 387, 389, 391, 393, 395, 396, 397, 406, 411, 417, 419, 425, 427, 435, 436], [3, 7, 11, 15, 17, 25, 38, 39, 40, 49, 59, 61, 65, 66, 67, 72, 73, 75, 81, 91, 97, 99, 100, 103, 107, 109, 115, 118, 122, 123, 132, 141, 142, 144, 146, 147, 148, 149, 152, 154, 155, 157, 161, 168, 169, 177, 179, 182, 185, 186, 193, 195, 202, 203, 206, 216, 230, 232, 236, 239, 241, 248, 251, 252, 253, 258, 267, 273, 276, 278, 282, 285, 287, 289, 291, 293, 301, 304, 305, 307, 309, 311, 317, 320, 323, 324, 325, 326, 330, 336, 339, 344, 345, 346, 353, 354, 364, 366, 376, 377, 378, 384, 392, 398, 402, 407, 409, 410, 414, 415, 420, 421, 422, 423, 424, 426, 430, 432, 438, 440], [1, 4, 12, 14, 16, 33, 35, 36, 43, 48, 52, 53, 54, 55, 58, 70, 80, 82, 85, 87, 89, 90, 92, 101, 102, 111, 119, 127, 134, 143, 151, 164, 175, 178, 181, 188, 189, 192, 196, 199, 200, 210, 211, 212, 213, 214, 227, 231, 233, 237, 246, 255, 259, 260, 261, 266, 269, 286, 288, 296, 315, 318, 319, 335, 340, 343, 348, 361, 370, 386, 400, 401, 413, 418, 429, 431, 433, 434, 441]], "centers": [[0.027534422301053598, 0.013299038250874487, 0.0414819467409026, 0.04592744500791518, -0.004428783407845057, -0.007932976285220897, -0.027122231439837965, 0.016426286280704833, 0.03364172232280327, 0.03234342005746463], [-0.03359588059307524, -0.006783350735207241, -0.02763224663997965, -0.03210664841067882, -0.04226203371169154, -0.037032790269914, 0.006392652875590448, -0.03233299516370269, -0.03488307824118771, -0.03180566794668698], [0.00632146614076146, 0.018906200324216135, 0.011892306938108551, -0.0010514257083654914, 0.0451331734418987, 0.05219275641155282, -0.02729368025914592, 0.049429093156629994, 0.027785553314962092, 0.0173891958281717], [0.014809267747146908, -0.03378219603583368, -0.02230491928997868, -0.0003973529100977091, 0.012591162631909148, -0.0029410602561503016, 0.06506766053800671, -0.038582532422091594, -0.023382380287520096, -0.01140674892100357]]}