{"clusters": [[0, 2, 8, 13, 23, 32, 44, 51, 61, 71, 96, 108, 113, 114, 116, 117, 121, 125, 129, 130, 135, 137, 138, 139, 140, 145, 150, 159, 163, 167, 172, 176, 180, 183, 184, 185, 190, 197, 204, 205, 208, 209, 215, 225, 234, 235, 238, 240, 249, 250, 254, 256, 262, 268, 270, 271, 275, 280, 290, 300, 302, 310, 313, 316, 321, 322, 323, 327, 332, 333, 337, 341, 342, 350, 357, 359, 360, 362, 364, 367, 368, 369, 371, 382, 388, 390, 394, 399, 403, 405, 412, 416, 424, 428, 437], [5, 6, 9, 10, 18, 20, 21, 24, 25, 26, 27, 28, 34, 41, 42, 45, 46, 47, 50, 56, 57, 60, 64, 68, 69, 75, 76, 77, 78, 83, 86, 88, 95, 98, 105, 106, 110, 120, 126, 133, 136, 156, 162, 166, 171, 173, 174, 187, 191, 194, 198, 201, 218, 219, 220, 221, 222, 223, 224, 226, 242, 243, 244, 245, 257, 263, 264, 265, 272, 277, 279, 281, 283, 284, 294, 295, 298, 299, 306, 308, 328, 329, 331, 334, 347, 349, 351, 352, 355, 363, 373, 374, 379, 380, 381, 383, 385, 387, 391, 393, 396, 397, 411, 419, 425, 427, 439], [3, 7, 11, 15, 17, 38, 39, 40, 49, 59, 65, 66, 67, 72, 73, 81, 91, 97, 99, 100, 103, 107, 109, 115, 118, 122, 123, 132, 141, 142, 144, 146, 147, 148, 149, 152, 154, 155, 157, 161, 168, 169, 177, 179, 182, 186, 193, 195, 202, 203, 206, 216, 230, 232, 236, 241, 248, 251, 252, 253, 258, 267, 273, 278, 282, 285, 287, 289, 304, 305, 307, 309, 311, 317, 320, 324, 325, 326, 330, 336, 339, 344, 345, 346, 353, 354, 366, 376, 377, 378, 384, 392, 398, 402, 407, 409, 410, 414, 415, 420, 421, 422, 423, 426, 430, 432, 438, 440], [1, 4, 12, 14, 19, 22, 30, 31, 33, 37, 43, 52, 54, 55, 62, 63, 70, 79, 82, 84, 85, 89, 90, 93, 94, 102, 104, 111, 112, 124, 127, 128, 131, 134, 143, 151, 158, 160, 165, 170, 175, 178, 181, 189, 196, 210, 213, 214, 228, 229, 233, 237, 246, 247, 255, 260, 266, 269, 286, 292, 293, 296, 297, 312, 314, 315, 335, 338, 348, 356, 358, 370, 372, 386, 389, 395, 401, 406, 413, 417, 418, 429, 433, 435, 436, 441], [16, 29, 35, 36, 48, 53, 58, 74, 80, 87, 92, 101, 119, 153, 164, 188, 192, 199, 200, 207, 211, 212, 217, 227, 231, 239, 259, 261, 274, 276, 288, 291, 301, 303, 318, 319, 340, 343, 361, 365, 375, 400, 404, 408, 431, 434]], "centers": [[0.5094911583484909, 0.3693534308979434, 0.9359643820153516, 0.8667041495157038, -0.12768581705663967, -0.1875687768786395, -0.7014282260360741, 0.4770474301761555, 0.7662184306234795, 0.6868384515884383], [-0.6598036791422859, 0.05411130597107249, -0.6052675749142351, -0.5859815519668978, -1.0868208023322699, -0.9407699184900854, -0.051624520220457694, -0.660349514219062, -0.6886815601540804, -0.53782943578776], [0.16337840110130156, 0.3974800995384906, 0.26355431264423834, -0.03968668812187152, 1.003324448275967, 1.1814376359052898, -0.5985424066148242, 1.0954830753149243, 0.5706165760267985, 0.37163432384719025], [-0.32994977622011745, -0.7521157175722105, -0.5201668778699065, -0.6968726938143205, 0.01376982924546827, -0.13563916093117004, 1.082001066927367, -0.7669737625179767, -0.7567771559931349, -0.6788161471204662], [0.7158292839371185, -0.41574749376426284, -0.1713586966174139, 0.9691379530795627, 0.4103637552395433, 0.05545909226563333, 0.9510868107752934, -0.5872725304948061, 0.09466133112546579, 0.22912561750548227]]}