{"clusters": [[0, 2, 8, 13, 23, 32, 44, 51, 61, 71, 96, 108, 113, 114, 116, 117, 121, 125, 129, 130, 135, 137, 138, 139, 140, 145, 150, 159, 163, 167, 172, 176, 180, 183, 184, 185, 190, 197, 204, 205, 208, 209, 215, 225, 234, 235, 238, 240, 249, 250, 254, 256, 262, 268, 270, 271, 275, 280, 290, 300, 302, 310, 313, 316, 321, 322, 323, 327, 332, 333, 337, 341, 342, 350, 357, 359, 360, 362, 364, 367, 368, 369, 371, 382, 388, 390, 394, 399, 403, 405, 412, 416, 424, 428, 437], [5, 6, 9, 10, 18, 20, 21, 24, 25, 26, 27, 28, 34, 41, 42, 45, 46, 47, 50, 56, 57, 60, 64, 68, 69, 75, 76, 77, 78, 83, 86, 88, 95, 98, 105, 106, 110, 120, 126, 133, 136, 156, 162, 166, 171, 173, 174, 187, 191, 194, 198, 201, 218, 219, 220, 221, 222, 223, 224, 226, 242, 243, 244, 245, 257, 263, 264, 265, 272, 277, 279, 281, 283, 284, 294, 295, 298, 299, 306, 308, 328, 329, 331, 334, 347, 349, 351, 352, 355, 363, 373, 374, 379, 380, 381, 383, 385, 387, 391, 393, 396, 397, 411, 419, 425, 427, 439], [3, 7, 11, 15, 17, 38, 39, 40, 49, 59, 65, 66, 67, 72, 73, 81, 91, 97, 99, 100, 103, 107, 109, 115, 118, 122, 123, 132, 141, 142, 144, 146, 147, 148, 149, 152, 154, 155, 157, 161, 168, 169, 177, 179, 182, 186, 193, 195, 202, 203, 206, 216, 230, 232, 236, 241, 248, 251, 252, 253, 258, 267, 273, 278, 282, 285, 287, 289, 304, 305, 307, 309, 311, 317, 320, 324, 325, 326, 330, 336, 339, 344, 345, 346, 353, 354, 366, 376, 377, 378, 384, 392, 398, 402, 407, 409, 410, 414, 415, 420, 421, 422, 423, 426, 430, 432, 438, 440], [1, 4, 12, 14, 19, 22, 30, 31, 33, 37, 43, 52, 54, 55, 62, 63, 70, 79, 82, 84, 85, 89, 90, 93, 94, 102, 104, 111, 112, 124, 127, 128, 131, 134, 143, 151, 158, 160, 165, 170, 175, 178, 181, 189, 196, 210, 213, 214, 228, 229, 233, 237, 246, 247, 255, 260, 266, 269, 286, 292, 293, 296, 297, 312, 314, 315, 335, 338, 348, 356, 358, 370, 372, 386, 389, 395, 401, 406, 413, 417, 418, 429, 433, 435, 436, 441], [16, 29, 35, 36, 48, 53, 58, 74, 80, 87, 92, 101, 119, 153, 164, 188, 192, 199, 200, 207, 211, 212, 217, 227, 231, 239, 259, 261, 274, 276, 288, 291, 301, 303, 318, 319, 340, 343, 361, 365, 375, 400, 404, 408, 431, 434]], "centers": [[0.024234023072696922, 0.0175683511277697, 0.044519285678102365, 0.04122491237070494, -0.00607339496653293, -0.008921736897905368, -0.03336353837562107, 0.022690832294584788, 0.036445294137478906, 0.032669573574081644], [-0.03138366058326761, 0.0025738123535793043, -0.028789642637125825, -0.027872300074002532, -0.051694793850753415, -0.04474786173854059, -0.0024555280177874987, -0.03140962331024785, -0.03275724130839613, -0.025581937473273586], [0.007771118059640563, 0.018906200324216124, 0.01253600026000964, -0.0018877032503210513, 0.047723277294419886, 0.05619525767687012, -0.028469759002118174, 0.05210681615944943, 0.027141462697648167, 0.01767684214170188], [-0.015694110405504932, -0.035774496484030104, -0.024741815266853054, -0.03314685380482505, 0.0006549639854858385, -0.006451696956277109, 0.05146554241607717, -0.036481221611895584, -0.03599621849901501, -0.03228799146340698], [0.0340485268464241, -0.019775091659995695, -0.008150702008245532, 0.04609719154241272, 0.01951901333265382, 0.0026379200100601573, 0.04523858626159114, -0.02793370566057344, 0.004502580358848018, 0.01089839423155571]]}