{"clusters": [[3, 9, 27, 30, 56, 91, 97, 107, 112, 135, 145, 147, 150, 162, 179, 184, 205, 252, 256, 293, 300, 310, 311, 314, 325, 327, 328, 360, 369, 382, 403, 407, 415, 417, 440], [5, 6, 10, 18, 20, 21, 22, 24, 26, 28, 31, 34, 37, 41, 42, 46, 47, 57, 60, 62, 64, 68, 69, 76, 77, 78, 83, 84, 86, 88, 90, 95, 98, 104, 105, 106, 110, 120, 126, 131, 133, 136, 156, 160, 165, 166, 170, 171, 173, 174, 187, 191, 194, 198, 201, 214, 218, 219, 220, 221, 222, 223, 224, 226, 229, 242, 243, 244, 245, 257, 263, 264, 266, 272, 277, 279, 281, 283, 284, 286, 292, 294, 295, 296, 297, 298, 299, 306, 308, 312, 329, 331, 334, 347, 349, 351, 352, 355, 356, 358, 373, 374, 379, 381, 383, 385, 387, 389, 391, 393, 395, 396, 401, 406, 411, 419, 425, 427, 435, 436], [2, 7, 8, 11, 13, 15, 17, 25, 39, 40, 44, 45, 49, 51, 59, 61, 65, 66, 67, 72, 73, 75, 81, 103, 109, 115, 118, 123, 132, 140, 142, 144, 146, 148, 149, 152, 153, 154, 157, 176, 180, 182, 183, 185, 186, 193, 195, 197, 202, 203, 204, 206, 209, 216, 230, 232, 235, 238, 241, 258, 265, 271, 273, 275, 278, 280, 282, 285, 288, 289, 301, 304, 305, 307, 309, 326, 330, 333, 337, 342, 345, 346, 359, 363, 364, 377, 378, 384, 388, 392, 402, 409, 410, 414, 420, 421, 423, 424, 426, 438, 439], [1, 4, 12, 14, 19, 35, 43, 52, 54, 55, 63, 70, 79, 82, 87, 89, 93, 94, 99, 100, 102, 111, 127, 128, 134, 143, 158, 178, 181, 188, 189, 192, 196, 200, 210, 213, 228, 237, 239, 246, 247, 255, 260, 267, 269, 276, 287, 315, 335, 338, 339, 344, 353, 370, 372, 386, 398, 413, 418, 429, 430, 433, 441], [16, 29, 33, 36, 48, 50, 53, 58, 74, 80, 85, 92, 101, 119, 124, 137, 151, 164, 175, 199, 207, 211, 212, 227, 231, 233, 259, 261, 270, 274, 318, 319, 340, 343, 348, 361, 380, 397, 400, 404, 431, 434], [0, 23, 32, 38, 71, 96, 108, 113, 114, 116, 117, 121, 122, 125, 129, 130, 138, 139, 141, 155, 159, 161, 163, 167, 168, 169, 172, 177, 190, 208, 215, 217, 225, 234, 236, 240, 248, 249, 250, 251, 253, 254, 262, 268, 290, 291, 302, 303, 313, 316, 317, 320, 321, 322, 323, 324, 332, 336, 341, 350, 354, 357, 362, 365, 366, 367, 368, 371, 375, 376, 390, 394, 399, 405, 408, 412, 416, 422, 428, 432, 437]], "centers": [[-0.32104420101242, -0.9385366608874609, 1.209686757714313, -0.5204220164729937, -0.037944534501125574, 0.08956484413462668, -0.4524614848282953, 0.25604312567592113, 0.23142752204682293, 0.22117457824390813], [-0.6498886971255275, -0.05342555710526857, -0.7169813137111257, -0.6944552775878844, -1.0083328714121007, -0.923152717499466, 0.2260039233598114, -0.7912521440424225, -0.8461590548628359, -0.6801325151931181], [0.37328318658219, 1.0059629805245665, -0.030859770050957077, 0.197066226107224, 0.44446562762301406, 0.7345721296980839, -0.6695155297288068, 0.8233856572321375, 0.27852005655977996, 0.2730793824003235], [-0.16321338949670097, -0.8112969694183217, -0.5890619051997507, -0.5680640645042577, 0.6309752985657636, 0.4026083436412382, 1.1012301357877212, -0.4851306687413731, -0.34083897686305303, -0.5493009587268745], [0.5968474309361387, -0.6045324707809733, -0.04253149262268195, 0.8016448169460629, -0.11976874801878047, -0.43023930964785845, 0.9055750744378075, -0.7913260299128033, -0.11876938428460748, 0.12040732556150756], [0.4535362998107547, 0.17481063946749795, 1.0581824767681203, 1.0341317136087014, 0.5273557838791705, 0.32293205940159886, -0.630554345834468, 0.8225397764571836, 1.1329600898974024, 0.9363287245483268]]}