{"clusters": [[3, 9, 27, 30, 56, 91, 97, 107, 112, 135, 145, 147, 150, 162, 179, 184, 205, 252, 256, 293, 300, 310, 311, 314, 325, 327, 328, 360, 369, 382, 403, 407, 415, 417, 440], [5, 6, 10, 18, 20, 21, 22, 24, 26, 28, 31, 34, 37, 41, 42, 46, 47, 57, 60, 62, 64, 68, 69, 76, 77, 78, 83, 84, 86, 88, 90, 95, 98, 104, 105, 106, 110, 120, 126, 131, 133, 136, 156, 160, 165, 166, 170, 171, 173, 174, 187, 191, 194, 198, 201, 214, 218, 219, 220, 221, 222, 223, 224, 226, 229, 242, 243, 244, 245, 257, 263, 264, 266, 272, 277, 279, 281, 283, 284, 286, 292, 294, 295, 296, 297, 298, 299, 306, 308, 312, 329, 331, 334, 347, 349, 351, 352, 355, 356, 358, 373, 374, 379, 381, 383, 385, 387, 389, 391, 393, 395, 396, 401, 406, 411, 419, 425, 427, 435, 436], [2, 7, 8, 11, 13, 15, 17, 25, 39, 40, 44, 45, 49, 51, 59, 61, 65, 66, 67, 72, 73, 75, 81, 103, 109, 115, 118, 123, 132, 140, 142, 144, 146, 148, 149, 152, 153, 154, 157, 176, 180, 182, 183, 185, 186, 193, 195, 197, 202, 203, 204, 206, 209, 216, 230, 232, 235, 238, 241, 258, 265, 271, 273, 275, 278, 280, 282, 285, 288, 289, 301, 304, 305, 307, 309, 326, 330, 333, 337, 342, 345, 346, 359, 363, 364, 377, 378, 384, 388, 392, 402, 409, 410, 414, 420, 421, 423, 424, 426, 438, 439], [1, 4, 12, 14, 19, 35, 43, 52, 54, 55, 63, 70, 79, 82, 87, 89, 93, 94, 99, 100, 102, 111, 127, 128, 134, 143, 158, 178, 181, 188, 189, 192, 196, 200, 210, 213, 228, 237, 239, 246, 247, 255, 260, 267, 269, 276, 287, 315, 335, 338, 339, 344, 353, 370, 372, 386, 398, 413, 418, 429, 430, 433, 441], [16, 29, 33, 36, 48, 50, 53, 58, 74, 80, 85, 92, 101, 119, 124, 137, 151, 164, 175, 199, 207, 211, 212, 227, 231, 233, 259, 261, 270, 274, 318, 319, 340, 343, 348, 361, 380, 397, 400, 404, 431, 434], [0, 23, 32, 38, 71, 96, 108, 113, 114, 116, 117, 121, 122, 125, 129, 130, 138, 139, 141, 155, 159, 161, 163, 167, 168, 169, 172, 177, 190, 208, 215, 217, 225, 234, 236, 240, 248, 249, 250, 251, 253, 254, 262, 268, 290, 291, 302, 303, 313, 316, 317, 320, 321, 322, 323, 324, 332, 336, 341, 350, 354, 357, 362, 365, 366, 367, 368, 371, 375, 376, 390, 394, 399, 405, 408, 412, 416, 422, 428, 432, 437]], "centers": [[-0.015270515390120257, -0.044641636506989026, 0.05753893137657646, -0.024753950972627503, -0.0018048374530458117, 0.004260165193635056, -0.02152139813059515, 0.012178729529573945, 0.011007884665004667, 0.010520201861070807], [-0.03091205298218897, -0.002541194606315605, -0.03410332331475891, -0.03303186904081527, -0.04796150368922607, -0.04390989694113976, 0.010749910383087109, -0.0376360264566711, -0.04024768187378921, -0.032350604707468436], [0.01775527054405725, 0.047848779475062046, -0.0014678495734011252, 0.00937348448952905, 0.02114107398792018, 0.034940033105514086, -0.03184560620751595, 0.03916446181278401, 0.013247848105465823, 0.012989061626150496], [-0.007763269258013177, -0.03858946157068375, -0.02801881753577887, -0.027020052105692614, 0.030012434353738425, 0.019150126021202085, 0.052380175949539885, -0.023075312744699344, -0.016212056861101443, -0.026127582175895333], [0.028389137230705234, -0.028754677299187733, -0.002023016801460946, 0.03813035549616053, -0.005696818394814722, -0.0204643970477999, 0.04307381372254204, -0.03763954084913553, -0.005649283509479029, 0.005727192431047782], [0.021572521865829045, 0.008314894185681945, 0.0503326076162899, 0.049188629473053185, 0.025083756655314246, 0.015360311656475844, -0.029992411674178897, 0.03912422736733565, 0.05388941595771402, 0.04453661568512077]]}