{"clusters": [[3, 9, 24, 27, 30, 56, 85, 97, 104, 107, 112, 135, 145, 147, 150, 162, 184, 205, 252, 256, 293, 300, 310, 314, 327, 328, 369, 403, 407, 416, 417, 440], [5, 6, 10, 18, 20, 21, 22, 26, 28, 31, 34, 37, 41, 46, 47, 57, 60, 62, 69, 77, 78, 79, 83, 86, 88, 95, 98, 106, 110, 120, 126, 128, 131, 133, 136, 156, 160, 165, 166, 171, 173, 187, 191, 194, 198, 201, 218, 219, 220, 221, 223, 224, 226, 228, 242, 244, 245, 257, 263, 272, 277, 281, 283, 295, 297, 298, 308, 312, 329, 334, 338, 351, 352, 355, 358, 373, 374, 379, 381, 383, 387, 389, 391, 393, 395, 396, 406, 411, 419, 425, 427, 435], [0, 2, 8, 11, 13, 25, 32, 39, 42, 44, 45, 49, 51, 61, 64, 66, 67, 68, 75, 76, 81, 105, 108, 109, 125, 140, 149, 153, 174, 180, 185, 204, 209, 222, 225, 235, 238, 243, 258, 264, 265, 271, 275, 278, 279, 284, 294, 299, 305, 306, 326, 330, 331, 333, 337, 341, 342, 347, 349, 357, 363, 364, 378, 385, 388, 402, 405, 424, 439], [1, 4, 12, 14, 19, 35, 43, 48, 52, 54, 55, 63, 70, 82, 84, 87, 89, 90, 93, 94, 102, 111, 127, 134, 143, 151, 158, 170, 178, 181, 189, 192, 196, 200, 210, 213, 214, 229, 233, 237, 246, 247, 255, 260, 266, 269, 286, 292, 296, 315, 335, 356, 370, 372, 386, 401, 413, 418, 429, 433, 436, 441], [16, 29, 33, 36, 50, 53, 58, 92, 101, 119, 124, 137, 164, 175, 199, 207, 211, 212, 227, 231, 259, 261, 270, 274, 318, 319, 340, 343, 348, 361, 380, 397, 400, 404, 431, 434], [23, 65, 71, 74, 96, 113, 114, 116, 117, 121, 129, 130, 138, 139, 159, 163, 167, 169, 172, 176, 177, 183, 190, 197, 208, 215, 217, 234, 240, 249, 250, 251, 254, 262, 268, 280, 290, 302, 303, 313, 316, 321, 322, 323, 332, 350, 359, 360, 362, 365, 366, 367, 368, 371, 375, 382, 390, 394, 399, 408, 412, 428, 432, 437], [7, 15, 17, 38, 40, 59, 72, 73, 80, 91, 99, 100, 103, 115, 118, 122, 123, 132, 141, 142, 144, 146, 148, 152, 154, 155, 157, 161, 168, 179, 182, 186, 188, 193, 195, 202, 203, 206, 216, 230, 232, 236, 239, 241, 248, 253, 267, 273, 276, 282, 285, 287, 288, 289, 291, 301, 304, 307, 309, 311, 317, 320, 324, 325, 336, 339, 344, 345, 346, 353, 354, 376, 377, 384, 392, 398, 409, 410, 414, 415, 420, 421, 422, 423, 426, 430, 438]], "centers": [[-0.024471865020068886, -0.044641636506989026, 0.06391919392106785, -0.01718270944141847, -0.010039669603512037, -0.0017053130034555362, -0.016478869209640173, 0.002885248131834945, -0.00166219540762015, 0.0016405601623938997], [-0.0461831919847904, -0.012522349412955993, -0.03828257868239421, -0.03731757776523616, -0.04842613704569109, -0.043922490955363915, 0.009862849100580625, -0.03872728351677679, -0.04116590956192732, -0.03628560627656141], [0.019807923208731523, 0.0506801187398187, -0.0003326593563992827, 0.002944882292359524, -0.030144908310098563, -0.013798970446262146, -0.04169341942404446, 0.016906504192188847, -2.1519305357463285e-05, 0.000783249084459353], [-0.0021163738472116523, -0.0308046075195492, -0.03207344390894989, -0.030159416619000713, 0.011768905789125421, -0.0007986976987584213, 0.06597942588230186, -0.0389636732357119, -0.03337829646535978, -0.028402241503166316], [0.025765637238302233, -0.03140250383382129, -0.0044994183521634935, 0.042943998781422354, -0.008295840460305747, -0.024352035788706858, 0.04327104431918956, -0.03835559831375138, -0.0036340348487579766, 0.008817335684972087], [0.02910807713246953, 0.010466253245071703, 0.04389546648599927, 0.05481273762720554, 0.016318427336403356, 0.0028989479737936757, -0.026430796398813034, 0.030059464176859847, 0.053892018271596676, 0.05024559599115739], [0.011562551072534209, 0.016714895605898703, 0.00966389950374846, 0.006847720051264962, 0.06185139605779478, 0.06653135655390661, -0.016783027505236456, 0.04800893019142586, 0.029806083113058143, 0.016776211615200477]]}