{"clusters": [[3, 9, 24, 27, 30, 56, 85, 97, 104, 107, 112, 135, 145, 147, 150, 162, 184, 205, 252, 256, 293, 300, 310, 314, 327, 328, 369, 403, 407, 416, 417, 440], [5, 6, 10, 18, 20, 21, 22, 26, 28, 31, 34, 37, 41, 46, 47, 57, 60, 62, 69, 77, 78, 79, 83, 86, 88, 95, 98, 106, 110, 120, 126, 128, 131, 133, 136, 156, 160, 165, 166, 171, 173, 187, 191, 194, 198, 201, 218, 219, 220, 221, 223, 224, 226, 228, 242, 244, 245, 257, 263, 272, 277, 281, 283, 295, 297, 298, 308, 312, 329, 334, 338, 351, 352, 355, 358, 373, 374, 379, 381, 383, 387, 389, 391, 393, 395, 396, 406, 411, 419, 425, 427, 435], [0, 2, 8, 11, 13, 25, 32, 39, 42, 44, 45, 49, 51, 61, 64, 66, 67, 68, 75, 76, 81, 105, 108, 109, 125, 140, 149, 153, 174, 180, 185, 204, 209, 222, 225, 235, 238, 243, 258, 264, 265, 271, 275, 278, 279, 284, 294, 299, 305, 306, 326, 330, 331, 333, 337, 341, 342, 347, 349, 357, 363, 364, 378, 385, 388, 402, 405, 424, 439], [1, 4, 12, 14, 19, 35, 43, 48, 52, 54, 55, 63, 70, 82, 84, 87, 89, 90, 93, 94, 102, 111, 127, 134, 143, 151, 158, 170, 178, 181, 189, 192, 196, 200, 210, 213, 214, 229, 233, 237, 246, 247, 255, 260, 266, 269, 286, 292, 296, 315, 335, 356, 370, 372, 386, 401, 413, 418, 429, 433, 436, 441], [16, 29, 33, 36, 50, 53, 58, 92, 101, 119, 124, 137, 164, 175, 199, 207, 211, 212, 227, 231, 259, 261, 270, 274, 318, 319, 340, 343, 348, 361, 380, 397, 400, 404, 431, 434], [23, 65, 71, 74, 96, 113, 114, 116, 117, 121, 129, 130, 138, 139, 159, 163, 167, 169, 172, 176, 177, 183, 190, 197, 208, 215, 217, 234, 240, 249, 250, 251, 254, 262, 268, 280, 290, 302, 303, 313, 316, 321, 322, 323, 332, 350, 359, 360, 362, 365, 366, 367, 368, 371, 375, 382, 390, 394, 399, 408, 412, 428, 432, 437], [7, 15, 17, 38, 40, 59, 72, 73, 80, 91, 99, 100, 103, 115, 118, 122, 123, 132, 141, 142, 144, 146, 148, 152, 154, 155, 157, 161, 168, 179, 182, 186, 188, 193, 195, 202, 203, 206, 216, 230, 232, 236, 239, 241, 248, 253, 267, 273, 276, 282, 285, 287, 288, 289, 291, 301, 304, 307, 309, 311, 317, 320, 324, 325, 336, 339, 344, 345, 346, 353, 354, 376, 377, 384, 392, 398, 409, 410, 414, 415, 420, 421, 422, 423, 426, 430, 438]], "centers": [[-0.514491498940168, -0.938536660887461, 1.3438240961417303, -0.3612457787389482, -0.21107196606957276, -0.035852152771789436, -0.3464483852601279, 0.06065886825318158, -0.034945657231127504, 0.03449080224819555], [-0.9709460088395678, -0.26326732001999675, -0.8048451261661635, -0.7845571437039369, -1.0181012283325583, -0.9234174914858597, 0.20735452787997002, -0.8141945099030725, -0.8654636864980264, -0.7628611856052124], [0.4164377375486059, 1.0654884797514652, -0.006993762460260361, 0.06191260468116723, -0.6337604040051031, -0.2901067402466819, -0.8765539462491495, 0.3554388959135196, -0.00045241748678470476, 0.016466869001471963], [-0.04449421211160542, -0.6476297856334228, -0.6743055430942986, -0.6340654237323735, 0.2474270749437158, -0.016791657517618123, 1.387137992693231, -0.8191643191403015, -0.701738497104685, -0.5971229324876047], [0.5416915021806453, -0.6601998357987212, -0.09459485374182028, 0.9028458715925619, -0.1744100578313558, -0.5119722336202208, 0.9097216102748935, -0.8063802760029731, -0.07640120746844556, 0.18537386707142275], [0.611962276797019, 0.22004037354441813, 0.9228493345537243, 1.1523718163576602, 0.3430752880406813, 0.06094689093632846, -0.5556756727064294, 0.6319640439749526, 1.133014800413708, 1.0563531621081088], [0.24308871546987235, 0.35141055607552596, 0.2031718521336018, 0.1439650697079616, 1.3003511356090656, 1.3987416705622135, -0.35284294723111315, 1.0093299565213418, 0.6266370121687339, 0.35269965134916126]]}