{"clusters": [[71, 97, 107, 114, 121, 129, 135, 139, 141, 147, 150, 159, 167, 177, 184, 190, 205, 208, 234, 249, 250, 253, 256, 293, 300, 302, 310, 327, 332, 360, 365, 366, 367, 369, 382, 394, 403, 407, 412, 416, 420, 432, 440], [5, 6, 10, 20, 21, 26, 28, 31, 34, 41, 47, 57, 60, 62, 64, 69, 76, 78, 86, 88, 98, 110, 126, 133, 136, 156, 165, 166, 171, 173, 174, 187, 191, 194, 201, 219, 220, 222, 224, 226, 229, 242, 243, 244, 245, 257, 263, 265, 272, 277, 279, 281, 283, 295, 298, 306, 308, 329, 334, 351, 352, 355, 356, 358, 372, 373, 379, 381, 383, 385, 389, 391, 396, 411, 419, 425, 427], [0, 2, 8, 11, 13, 25, 32, 39, 42, 44, 45, 49, 51, 61, 66, 67, 68, 75, 81, 105, 108, 125, 140, 149, 153, 180, 185, 209, 225, 235, 238, 258, 264, 271, 278, 284, 294, 299, 305, 326, 331, 333, 341, 347, 349, 357, 363, 377, 378, 388, 402, 405, 424, 439], [1, 4, 12, 14, 33, 35, 43, 48, 54, 55, 58, 70, 82, 85, 87, 89, 90, 111, 127, 143, 151, 164, 170, 175, 178, 181, 189, 192, 196, 200, 210, 213, 214, 233, 237, 246, 255, 260, 266, 269, 286, 288, 292, 296, 315, 335, 348, 370, 386, 401, 429, 433, 434, 436, 441], [16, 29, 36, 50, 53, 92, 101, 119, 124, 137, 145, 199, 207, 211, 212, 217, 227, 231, 259, 261, 270, 274, 303, 318, 319, 340, 343, 361, 380, 397, 400, 404, 431], [17, 23, 38, 40, 65, 74, 96, 109, 113, 116, 117, 118, 122, 130, 138, 146, 152, 154, 163, 168, 169, 172, 176, 183, 195, 197, 203, 204, 215, 216, 240, 241, 251, 254, 262, 268, 273, 275, 280, 290, 301, 307, 313, 316, 321, 322, 323, 330, 337, 342, 350, 359, 362, 364, 368, 371, 375, 390, 399, 408, 421, 426, 428, 437], [7, 15, 59, 72, 73, 80, 91, 99, 100, 103, 115, 123, 132, 142, 144, 148, 155, 157, 161, 179, 182, 186, 188, 193, 202, 206, 230, 232, 236, 239, 248, 252, 267, 276, 282, 285, 287, 289, 291, 304, 309, 311, 317, 320, 324, 325, 336, 339, 345, 346, 353, 354, 376, 384, 392, 398, 409, 410, 414, 415, 418, 422, 423, 438], [3, 9, 18, 19, 22, 24, 27, 30, 37, 46, 52, 56, 63, 77, 79, 83, 84, 93, 94, 95, 102, 104, 106, 112, 120, 128, 131, 134, 158, 160, 162, 198, 218, 221, 223, 228, 247, 297, 312, 314, 328, 338, 344, 374, 387, 393, 395, 406, 413, 417, 430, 435]], "centers": [[0.011465450338745926, -0.0402080664955096, 0.059039274429586765, 0.01600079256859389, 0.0061427759664508036, 0.005247675226627158, -0.027646860629886857, 0.022294540453011685, 0.031935830744000034, 0.038898450631077885], [-0.034291807642731736, 0.008589993046423092, -0.03900223581246995, -0.028161051580250365, -0.053890907467132196, -0.05101501186167155, 0.011536840541428232, -0.04268988256555049, -0.040365957501432945, -0.028028289245040264], [0.019913214178326297, 0.0506801187398187, 0.0018177579697495703, -0.0012926391787361153, -0.027482738649665946, -0.01016902004015596, -0.04687794802255355, 0.024475393518386783, 0.003530748152158572, -0.007444269239934547], [0.014959752654208713, -0.03250977674830441, -0.03211263707527283, -0.022175524002084626, 0.009363611071314, -0.006756967052960307, 0.07347441991044627, -0.043176785666978086, -0.03401237282051601, -0.022014165179085467], [0.024316291088653012, -0.030198946318078762, 0.006793112694634117, 0.05372760303375513, -0.0058219050182875525, -0.01956663700961757, 0.03307681236923635, -0.03377930021724659, 0.0013652581913525428, 0.009591365765016959], [0.026780982187285134, 0.04472250903689322, 0.02851980361954203, 0.050419491167259335, 0.02076877486214763, 0.017391850220990466, -0.03178067633287706, 0.04053592302553595, 0.04110196107167411, 0.052640251551296216], [0.009696699784833798, 0.008976850819340328, 0.009877022904133316, 0.0003902763962145518, 0.07112004976694525, 0.07291698685204694, -0.0097483750990435, 0.04565018774693143, 0.032157495361977394, 0.007141795908658743], [-0.055531815189002916, -0.044641636506989005, -0.010558656741865735, -0.043365630715000894, -0.016042925463211677, -0.0098230846667688, 0.006867670519161974, -0.01960935581749627, -0.025359627337275877, -0.03931253056047908]]}