{"clusters": [[71, 97, 107, 114, 121, 129, 135, 139, 141, 147, 150, 159, 167, 177, 184, 190, 205, 208, 234, 249, 250, 253, 256, 293, 300, 302, 310, 327, 332, 360, 365, 366, 367, 369, 382, 394, 403, 407, 412, 416, 420, 432, 440], [5, 6, 10, 20, 21, 26, 28, 31, 34, 41, 47, 57, 60, 62, 64, 69, 76, 78, 86, 88, 98, 110, 126, 133, 136, 156, 165, 166, 171, 173, 174, 187, 191, 194, 201, 219, 220, 222, 224, 226, 229, 242, 243, 244, 245, 257, 263, 265, 272, 277, 279, 281, 283, 295, 298, 306, 308, 329, 334, 351, 352, 355, 356, 358, 372, 373, 379, 381, 383, 385, 389, 391, 396, 411, 419, 425, 427], [0, 2, 8, 11, 13, 25, 32, 39, 42, 44, 45, 49, 51, 61, 66, 67, 68, 75, 81, 105, 108, 125, 140, 149, 153, 180, 185, 209, 225, 235, 238, 258, 264, 271, 278, 284, 294, 299, 305, 326, 331, 333, 341, 347, 349, 357, 363, 377, 378, 388, 402, 405, 424, 439], [1, 4, 12, 14, 33, 35, 43, 48, 54, 55, 58, 70, 82, 85, 87, 89, 90, 111, 127, 143, 151, 164, 170, 175, 178, 181, 189, 192, 196, 200, 210, 213, 214, 233, 237, 246, 255, 260, 266, 269, 286, 288, 292, 296, 315, 335, 348, 370, 386, 401, 429, 433, 434, 436, 441], [16, 29, 36, 50, 53, 92, 101, 119, 124, 137, 145, 199, 207, 211, 212, 217, 227, 231, 259, 261, 270, 274, 303, 318, 319, 340, 343, 361, 380, 397, 400, 404, 431], [17, 23, 38, 40, 65, 74, 96, 109, 113, 116, 117, 118, 122, 130, 138, 146, 152, 154, 163, 168, 169, 172, 176, 183, 195, 197, 203, 204, 215, 216, 240, 241, 251, 254, 262, 268, 273, 275, 280, 290, 301, 307, 313, 316, 321, 322, 323, 330, 337, 342, 350, 359, 362, 364, 368, 371, 375, 390, 399, 408, 421, 426, 428, 437], [7, 15, 59, 72, 73, 80, 91, 99, 100, 103, 115, 123, 132, 142, 144, 148, 155, 157, 161, 179, 182, 186, 188, 193, 202, 206, 230, 232, 236, 239, 248, 252, 267, 276, 282, 285, 287, 289, 291, 304, 309, 311, 317, 320, 324, 325, 336, 339, 345, 346, 353, 354, 376, 384, 392, 398, 409, 410, 414, 415, 418, 422, 423, 438], [3, 9, 18, 19, 22, 24, 27, 30, 37, 46, 52, 56, 63, 77, 79, 83, 84, 93, 94, 95, 102, 104, 106, 112, 120, 128, 131, 134, 158, 160, 162, 198, 218, 221, 223, 228, 247, 297, 312, 314, 328, 338, 344, 374, 387, 393, 395, 406, 413, 417, 430, 435]], "centers": [[0.241047289447215, -0.8453261892298362, 1.2412296640532738, 0.3363973994665196, 0.12914446904808113, 0.1103260536573148, -0.581241959074045, 0.46871587132596115, 0.6714123919817946, 0.8177930924030983], [-0.7209439697795197, 0.18059426180700422, -0.8199750508887786, -0.5920522047409652, -1.1329914470872604, -1.0725292044410597, 0.2425481825077811, -0.8975033840992446, -0.8486456575351136, -0.5892610364834564], [0.4186513534183917, 1.0654884797514652, 0.038216172809073225, -0.027176182449168865, -0.5777914920359561, -0.2137914032674776, -0.9855524180761919, 0.5145656813691692, 0.07422972902534232, -0.1565067981793369], [0.31451078863529247, -0.6834789157152337, -0.6751295322292975, -0.4662136937360665, 0.1968586493764422, -0.14205709718144602, 1.544711218474158, -0.9077399355956942, -0.7150691890703079, -0.4628213187517802], [0.5112207443367015, -0.6348964880633812, 0.14281701577978956, 1.129558167987244, -0.12239854367820922, -0.4113649857107881, 0.6954001569580308, -0.7101691181963603, 0.02870290975916484, 0.2016469176043706], [0.5630379072999588, 0.9402369084615325, 0.5995945344445143, 1.0600090988231448, 0.4366384867362953, 0.3656427118326577, -0.6681504572873894, 0.8522189780480398, 0.8641192464817892, 1.1066979121944163], [0.20386143855325012, 0.1887274807219349, 0.20765251503499074, 0.008205091353873886, 1.4952134207707286, 1.5329918595475611, -0.2049478498195654, 0.9597402364535578, 0.6760726236997959, 0.1501476605545771], [-1.167489556354961, -0.9385366608874599, -0.22198304581451464, -0.9117101753687599, -0.33728319284960934, -0.20651852853380132, 0.1443845042759719, -0.4122630972147841, -0.5331556328305557, -0.8264986243837468]]}