{"clusters": [[91, 97, 107, 121, 129, 135, 141, 147, 177, 179, 184, 190, 249, 252, 253, 256, 267, 285, 300, 302, 311, 325, 336, 353, 365, 369, 382, 403, 407, 415, 420, 432, 440], [6, 21, 42, 45, 48, 62, 64, 68, 75, 76, 86, 88, 98, 105, 110, 133, 166, 170, 173, 174, 191, 201, 220, 222, 226, 229, 242, 243, 244, 257, 263, 265, 266, 279, 281, 294, 295, 298, 299, 306, 329, 334, 347, 349, 351, 352, 355, 356, 372, 381, 383, 385, 389, 396, 427, 431], [0, 2, 8, 11, 13, 25, 32, 39, 44, 49, 51, 61, 66, 67, 108, 109, 125, 140, 149, 153, 180, 185, 204, 209, 225, 235, 238, 258, 264, 271, 275, 278, 284, 305, 326, 330, 331, 333, 337, 341, 342, 357, 363, 364, 378, 388, 402, 405, 424, 439], [4, 14, 35, 43, 58, 80, 82, 87, 99, 100, 101, 111, 127, 143, 164, 178, 181, 188, 192, 196, 199, 200, 210, 212, 227, 231, 239, 246, 260, 261, 269, 276, 288, 315, 318, 339, 348, 398, 418, 429, 433, 434, 441], [16, 29, 36, 53, 71, 85, 92, 137, 139, 145, 150, 159, 205, 207, 211, 217, 234, 250, 259, 270, 274, 291, 303, 310, 319, 327, 340, 343, 360, 380, 400, 404, 412, 416], [23, 74, 96, 113, 114, 116, 117, 130, 138, 163, 167, 169, 172, 176, 183, 197, 208, 215, 240, 251, 254, 262, 268, 280, 290, 313, 316, 321, 322, 323, 332, 350, 359, 362, 366, 367, 368, 371, 375, 390, 394, 399, 408, 428, 437], [7, 15, 17, 38, 40, 59, 65, 72, 73, 81, 103, 115, 118, 122, 123, 132, 142, 144, 146, 148, 152, 154, 155, 157, 161, 168, 182, 186, 193, 195, 202, 203, 206, 216, 230, 232, 236, 241, 248, 273, 282, 287, 289, 301, 304, 307, 309, 317, 320, 324, 345, 346, 354, 376, 377, 384, 392, 409, 410, 414, 421, 422, 423, 426, 438], [3, 9, 18, 22, 24, 27, 30, 52, 54, 56, 63, 77, 79, 95, 102, 104, 112, 120, 134, 162, 198, 218, 221, 228, 293, 312, 314, 328, 338, 344, 387, 395, 413, 417, 430, 435], [1, 5, 10, 12, 19, 20, 26, 28, 31, 33, 34, 37, 41, 46, 47, 50, 55, 57, 60, 69, 70, 78, 83, 84, 89, 90, 93, 94, 106, 119, 124, 126, 128, 131, 136, 151, 156, 158, 160, 165, 171, 175, 187, 189, 194, 213, 214, 219, 223, 224, 233, 237, 245, 247, 255, 272, 277, 283, 286, 292, 296, 297, 308, 335, 358, 361, 370, 373, 374, 379, 386, 391, 393, 397, 401, 406, 411, 419, 425, 436]], "centers": [[0.18491364134965846, -0.938536660887461, 0.8191747640915346, -0.49648261852931846, 0.42898194624868746, 0.4904842698613964, -0.7177727636812052, 0.8400236113743247, 0.7241749403203412, 0.7215049103055684], [-0.4009596867971649, 1.0654884797514652, -0.6734962680509958, -0.3945286704344952, -0.8558767294749561, -0.7188974771308799, 0.11036164612552173, -0.6097515034510002, -0.785210303878419, -0.39742438961193927], [0.48432933627493263, 1.0654884797514652, 0.16863534200976113, 0.15245680653946356, -0.5426924859681137, -0.1714078465409815, -1.0486780510567792, 0.5900368141471054, 0.14601882850000247, 0.09577533046136519], [0.5216617105216736, -0.6589052459145875, -0.43558822566985556, -0.07825728360308654, 0.8577201827870307, 0.431083678657549, 1.5140122425121485, -0.6193910321216637, -0.16170136603861018, -0.3223841766791296], [0.3872049867976125, -0.8206528290851712, 0.7952427267147233, 1.3156531341184552, -0.07807875212371876, -0.2502054267804392, 0.23833512470539434, -0.411824295382769, 0.2326837327357437, 0.16943714349702552], [0.6155155914379979, 0.6646834516236799, 1.0312146348312987, 1.2651590514432645, 0.370717362416455, 0.05284315708474559, -0.6355233632655769, 0.7669885479853913, 1.2002332550787524, 1.1616689366129787], [0.19071703008799873, 0.8188392316728287, 0.21081724734375218, 0.3354910033079552, 1.3190531448468352, 1.484977698065331, -0.4468477132334712, 1.106577480804878, 0.5993340816595312, 0.4154362334625908], [-1.2063271629934444, -0.9385366608874608, 0.1804687415318311, -0.6976052441877955, -0.18083844722107056, 0.02596024873647627, -0.018027389422772804, -0.21138351897902102, -0.5033027955471305, -0.4677472151293207], [-0.5016041040482593, -0.9385366608874601, -0.9082669581131002, -0.8017216934434005, -0.8653815623583195, -0.9652875616045083, 0.6878358703703769, -1.0159113686702643, -0.7879167094806455, -0.7585070450572079]]}