{"clusters": [[91, 97, 107, 121, 129, 135, 141, 147, 177, 179, 184, 190, 249, 252, 253, 256, 267, 285, 300, 302, 311, 325, 336, 353, 365, 369, 382, 403, 407, 415, 420, 432, 440], [6, 21, 42, 45, 48, 62, 64, 68, 75, 76, 86, 88, 98, 105, 110, 133, 166, 170, 173, 174, 191, 201, 220, 222, 226, 229, 242, 243, 244, 257, 263, 265, 266, 279, 281, 294, 295, 298, 299, 306, 329, 334, 347, 349, 351, 352, 355, 356, 372, 381, 383, 385, 389, 396, 427, 431], [0, 2, 8, 11, 13, 25, 32, 39, 44, 49, 51, 61, 66, 67, 108, 109, 125, 140, 149, 153, 180, 185, 204, 209, 225, 235, 238, 258, 264, 271, 275, 278, 284, 305, 326, 330, 331, 333, 337, 341, 342, 357, 363, 364, 378, 388, 402, 405, 424, 439], [4, 14, 35, 43, 58, 80, 82, 87, 99, 100, 101, 111, 127, 143, 164, 178, 181, 188, 192, 196, 199, 200, 210, 212, 227, 231, 239, 246, 260, 261, 269, 276, 288, 315, 318, 339, 348, 398, 418, 429, 433, 434, 441], [16, 29, 36, 53, 71, 85, 92, 137, 139, 145, 150, 159, 205, 207, 211, 217, 234, 250, 259, 270, 274, 291, 303, 310, 319, 327, 340, 343, 360, 380, 400, 404, 412, 416], [23, 74, 96, 113, 114, 116, 117, 130, 138, 163, 167, 169, 172, 176, 183, 197, 208, 215, 240, 251, 254, 262, 268, 280, 290, 313, 316, 321, 322, 323, 332, 350, 359, 362, 366, 367, 368, 371, 375, 390, 394, 399, 408, 428, 437], [7, 15, 17, 38, 40, 59, 65, 72, 73, 81, 103, 115, 118, 122, 123, 132, 142, 144, 146, 148, 152, 154, 155, 157, 161, 168, 182, 186, 193, 195, 202, 203, 206, 216, 230, 232, 236, 241, 248, 273, 282, 287, 289, 301, 304, 307, 309, 317, 320, 324, 345, 346, 354, 376, 377, 384, 392, 409, 410, 414, 421, 422, 423, 426, 438], [3, 9, 18, 22, 24, 27, 30, 52, 54, 56, 63, 77, 79, 95, 102, 104, 112, 120, 134, 162, 198, 218, 221, 228, 293, 312, 314, 328, 338, 344, 387, 395, 413, 417, 430, 435], [1, 5, 10, 12, 19, 20, 26, 28, 31, 33, 34, 37, 41, 46, 47, 50, 55, 57, 60, 69, 70, 78, 83, 84, 89, 90, 93, 94, 106, 119, 124, 126, 128, 131, 136, 151, 156, 158, 160, 165, 171, 175, 187, 189, 194, 213, 214, 219, 223, 224, 233, 237, 245, 247, 255, 272, 277, 283, 286, 292, 296, 297, 308, 335, 358, 361, 370, 373, 374, 379, 386, 391, 393, 397, 401, 406, 411, 419, 425, 436]], "centers": [[0.008795444979751295, -0.044641636506989026, 0.03896417005138221, -0.023615269932520676, 0.020404590369849138, 0.023329957581884882, -0.034140968750838184, 0.039955848587524496, 0.03444548923926302, 0.03431848886266657], [-0.01907170741208002, 0.0506801187398187, -0.032034950620597004, -0.0187658151578954, -0.04070990451868274, -0.034194465914119516, 0.005249368187695113, -0.02900292136794062, -0.037348645426530214, -0.018903550473237184], [0.02303719724620311, 0.0506801187398187, 0.008021165239419646, 0.00725163078245204, -0.025813249181715247, -0.008153039831702014, -0.04988052818722011, 0.02806518922552244, 0.00694540739507156, 0.004555567903708819], [0.02481291720528288, -0.03134092647255073, -0.020718819037599936, -0.0037223193874279152, 0.04079758865091182, 0.020504559585907866, 0.07201421853191194, -0.029461426989455235, -0.007691349636309647, -0.015334251532920732], [0.018417463051435882, -0.039034474433647395, 0.03782583911773797, 0.06257923790324929, -0.0037138275109366283, -0.011901058509367658, 0.011336445817561774, -0.0195884841427927, 0.011067636514120474, 0.00805930304696312], [0.029277091074287814, 0.03161576769045716, 0.04904987818515263, 0.06017747931620775, 0.017633226734239997, 0.0025134926623201, -0.03022876373073757, 0.03648192488486313, 0.05708927411121536, 0.055254956541285635], [0.009071484032206393, 0.038948210401750054, 0.010027553869259468, 0.015957679699882182, 0.06274095992155838, 0.07063318608708717, -0.02125437824590313, 0.05263452321425464, 0.028507415143908185, 0.019760286517240537], [-0.0573791317517009, -0.044641636506989026, 0.008584022655779665, -0.033181697672793734, -0.008601607762128219, 0.0012348031100128487, -0.0008574754714651678, -0.010054488664199977, -0.023939672671414572, -0.02224846617628822], [-0.023858874156459344, -0.04464163650698894, -0.043201853571770185, -0.038134012138242676, -0.04116200331494883, -0.04591404709659279, 0.032717015947473296, -0.04832197604365311, -0.03747737601337895, -0.03607850093081967]]}