{"clusters": [[0, 1, 2, 3, 7, 8, 9, 10, 12, 17, 18, 20, 23, 25, 27, 28, 30, 31, 34, 35, 36, 38, 39, 41, 45, 49], [50, 51, 56, 57, 59, 61, 64, 65, 67, 69, 71, 74, 75, 78, 79, 81, 82, 85, 86, 88, 91, 92, 93, 94, 95, 96, 97, 98, 99], [105, 107, 108, 118, 119, 122, 130], [52, 53, 54, 58, 60, 62, 68, 72, 73, 76, 77, 80, 87, 89, 129], [100, 106, 109, 114, 115, 120, 121, 124, 136, 140, 141, 143, 144, 145, 148], [55, 63, 66, 70, 83, 84, 90, 110, 116, 117, 125, 126, 127, 131, 133, 137, 138, 149], [134], [101, 102, 103, 104, 111, 112, 113, 123, 128, 132, 135, 139, 142, 146, 147], [4, 13, 14, 15, 16, 22, 32, 33, 37, 40], [5, 6, 11, 19, 21, 24, 26, 29, 42, 43, 44, 46, 47, 48]], "centers": [[4.996153846153846, 3.2346153846153842, 1.4576923076923074, 0.226923076923077], [5.886206896551721, 2.8448275862068972, 4.096551724137931, 1.289655172413793], [7.2, 2.685714285714286, 6.200000000000001, 1.9142857142857144], [6.206666666666666, 2.5866666666666664, 4.5, 1.3466666666666667], [6.406666666666667, 3.1466666666666665, 5.453333333333335, 2.2866666666666666], [6.272222222222222, 3.0499999999999994, 5.133333333333333, 1.7000000000000002], [6.1, 2.6, 5.6, 1.4], [6.459999999999999, 2.826666666666667, 5.406666666666667, 2.02], [5.140000000000001, 3.79, 1.31, 0.22000000000000003], [4.928571428571429, 3.528571428571428, 1.5785714285714285, 0.3000000000000001]]}