{"clusters": [[0, 1, 2, 3, 4, 6, 7, 9, 11, 12, 13, 17, 20, 22, 23, 24, 25, 26, 27, 28, 29, 30, 31, 34, 35, 37, 38, 39, 40, 42, 43, 45, 47, 49], [63, 68, 71, 72, 73, 83, 87, 97, 108, 119, 123, 133, 134, 146], [51, 56, 85, 109, 117, 131], [53, 55, 57, 59, 60, 62, 64, 67, 69, 79, 80, 81, 82, 88, 89, 90, 92, 93, 94, 95, 96, 98, 99, 106], [8, 41], [70, 100, 104, 110, 115, 120, 124, 127, 136, 137, 139, 140, 141, 143, 144, 145, 147, 148], [5, 10, 14, 15, 16, 18, 19, 21, 32, 33, 36, 44, 46, 48], [54, 58, 74, 76, 77, 91, 102, 103, 105, 107, 112, 116, 118, 122, 130, 135], [61, 66, 78, 84, 101, 111, 113, 114, 121, 126, 128, 132, 138, 142, 149], [50, 52, 65, 75, 86, 125, 129]], "centers": [[-1.1608357156621194, 0.5382993400785507, -1.3118078131659625, -1.2728574118549967], [0.4494751003600191, -1.0527665443562118, 0.6247245181046593, 0.3957741007661703], [1.3005351427618557, 1.0573704796813808, 0.9806350723493648, 0.9223028379273739], [-0.42105834979168977, -1.0911326720659857, 0.08307737233871505, -0.010091800795590647], [-1.6882723281815426, -1.052766544356212, -1.368645240079565, -1.2496282028625902], [0.8225952093452311, 0.26447050701270985, 0.9553739937210965, 1.3025735925437987], [-0.5631421026333524, 1.8904635385221964, -1.2793292835010457, -1.2120190073510757], [1.3409244329097394, -0.3621762455802724, 1.0291837078380672, 0.7906706536370729], [0.10097322536970797, -0.5156407564193699, 0.6718183861187874, 0.8608744852585668], [1.280340497687914, 0.09821728693702088, 0.6978012098507206, 0.4145786985219275]]}