{"clusters": [[0, 1, 2, 3, 4, 5, 6, 7, 8, 9, 10, 11, 12, 13, 14, 15, 16, 17, 18, 19, 20, 21, 22, 23, 24, 25, 26, 27, 28, 29, 30, 31, 32, 33, 34, 35, 36, 37, 38, 39, 40, 42, 43, 44, 45, 46, 47, 48, 49], [54, 61, 63, 66, 71, 72, 73, 74, 76, 78, 83, 84, 91, 97, 101, 103, 108, 111, 113, 114, 118, 121, 123, 126, 127, 128, 132, 133, 134, 138, 142, 146, 149], [50, 51, 52, 56, 58, 65, 70, 75, 77, 85, 86, 100, 102, 104, 105, 107, 109, 110, 112, 115, 116, 117, 120, 122, 124, 125, 129, 130, 131, 135, 136, 137, 139, 140, 141, 143, 144, 145, 147, 148], [41, 53, 55, 57, 59, 60, 62, 64, 67, 68, 69, 79, 80, 81, 82, 87, 88, 89, 90, 92, 93, 94, 95, 96, 98, 99, 106, 119]], "centers": [[-1.0020665312812727, 0.9062549154367593, -1.3031082070057172, -1.2563441306325043], [0.3844326071348556, -0.6063243310061094, 0.6869750332957483, 0.6550496152773687], [1.174318611049719, 0.23058042753574243, 0.9773195557794043, 1.0111545623233265], [-0.37706287302345926, -1.2007501798081983, 0.07461942190514316, -0.01792704986048951]]}