{"clusters": [[0, 1, 2, 3, 4, 5, 6, 7, 8, 9, 10, 11, 12, 13, 14, 15, 16, 17, 18, 19, 20, 21, 22, 23, 24, 25, 26, 27, 28, 29, 30, 31, 32, 33, 34, 35, 36, 37, 38, 39, 40, 41, 42, 43, 44, 45, 46, 47, 48, 49], [50, 51, 52, 54, 57, 58, 60, 61, 62, 64, 65, 67, 69, 71, 74, 75, 76, 79, 80, 81, 82, 86, 87, 88, 89, 92, 93, 95, 96, 97, 98, 99], [83, 100, 101, 102, 103, 104, 105, 106, 107, 108, 109, 111, 112, 113, 114, 115, 116, 117, 118, 119, 120, 121, 122, 124, 128, 130, 132, 134, 135, 136, 137, 140, 142, 143, 144, 145, 146, 148, 149], [53, 55, 56, 59, 63, 66, 68, 70, 72, 73, 77, 78, 84, 85, 90, 91, 94, 110, 123, 125, 126, 127, 129, 131, 133, 138, 139, 141, 147]], "centers": [[5.005999999999999, 3.428000000000001, 1.4620000000000002, 0.2459999999999999], [5.956249999999998, 2.734375, 4.09375, 1.25], [6.5487179487179485, 2.941025641025641, 5.620512820512819, 2.0615384615384613], [6.2137931034482765, 2.9310344827586206, 4.841379310344827, 1.6275862068965516]]}