{"clusters": [[0, 1, 2, 3, 4, 5, 6, 7, 8, 9, 10, 11, 12, 13, 14, 15, 16, 17, 18, 19, 20, 21, 22, 23, 24, 25, 26, 27, 28, 29, 30, 31, 32, 33, 34, 35, 36, 37, 38, 39, 40, 41, 42, 43, 44, 45, 46, 47, 48, 49], [50, 51, 56, 57, 59, 61, 64, 65, 67, 69, 71, 74, 75, 79, 81, 82, 85, 86, 88, 92, 93, 95, 96, 97, 98, 99], [72, 83, 102, 103, 105, 107, 108, 111, 118, 119, 122, 125, 129, 130, 134, 135, 146], [52, 53, 54, 55, 58, 60, 62, 63, 68, 73, 76, 77, 78, 80, 87, 89, 90, 91, 94, 131, 133], [66, 70, 84, 100, 101, 104, 106, 109, 110, 112, 113, 114, 115, 116, 117, 120, 121, 123, 124, 126, 127, 128, 132, 136, 137, 138, 139, 140, 141, 142, 143, 144, 145, 147, 148, 149]], "centers": [[5.005999999999999, 3.428000000000001, 1.4620000000000002, 0.2459999999999999], [5.884615384615382, 2.8423076923076924, 4.0576923076923075, 1.276923076923077], [6.882352941176471, 2.7588235294117647, 5.805882352941175, 1.8411764705882354], [6.133333333333334, 2.7047619047619045, 4.533333333333333, 1.3666666666666667], [6.316666666666667, 3.044444444444444, 5.311111111111111, 2.0666666666666655]]}