{"clusters": [[0, 4, 5, 7, 10, 14, 15, 16, 17, 18, 19, 20, 21, 22, 26, 27, 28, 31, 32, 33, 36, 37, 39, 40, 43, 44, 46, 48], [54, 58, 74, 75, 76, 77, 91, 97, 102, 105, 107, 116, 118, 122, 129, 130, 135], [50, 51, 52, 56, 65, 70, 85, 86, 100, 104, 109, 110, 112, 115, 117, 120, 124, 125, 131, 136, 137, 139, 140, 141, 143, 144, 145, 147, 148], [53, 55, 57, 59, 60, 62, 64, 67, 68, 69, 79, 80, 81, 82, 87, 88, 89, 90, 92, 93, 94, 95, 96, 98, 99, 106, 119], [1, 2, 3, 6, 8, 9, 11, 12, 13, 23, 24, 25, 29, 30, 34, 35, 38, 41, 42, 45, 47, 49], [61, 63, 66, 71, 72, 73, 78, 83, 84, 101, 103, 108, 111, 113, 114, 121, 123, 126, 127, 128, 132, 133, 134, 138, 142, 146, 149]], "centers": [[-0.749221332243245, 1.4300700060049039, -1.2975984564375618, -1.2214213062289545], [1.3373606720143376, -0.34863525932976375, 0.9566741962975513, 0.682267678339178], [1.0296483519424284, 0.4157300679834298, 0.9234709935569478, 1.0857083080808507], [-0.3307434093221164, -1.180653636722126, 0.12912621358816206, 0.025253878319397554], [-1.352306869224146, 0.11914426568780673, -1.314391332571126, -1.297494451695427], [0.2616328461801788, -0.6264762364698293, 0.6932903029528151, 0.7029158641102055]]}