{"clusters": [[0, 1, 2, 3, 4, 5, 6, 7, 8, 9, 10, 11, 12, 13, 14, 15, 16, 17, 18, 19, 20, 21, 22, 23, 24, 25, 26, 27, 28, 29, 30, 31, 32, 33, 34, 35, 36, 37, 38, 39, 40, 41, 42, 43, 44, 45, 46, 47, 48, 49], [50, 51, 56, 57, 59, 61, 64, 65, 67, 71, 74, 75, 79, 81, 82, 85, 86, 88, 92, 93, 95, 96, 97, 98, 99], [105, 107, 108, 118, 119, 122, 130, 134, 135, 146], [52, 53, 54, 55, 58, 60, 62, 63, 68, 69, 72, 73, 76, 77, 78, 80, 87, 89, 90, 91, 94, 129], [100, 101, 104, 106, 109, 113, 114, 115, 120, 121, 128, 132, 136, 140, 142, 143, 144, 145, 148], [66, 70, 83, 84, 102, 103, 110, 111, 112, 116, 117, 123, 124, 125, 126, 127, 131, 133, 137, 138, 139, 141, 147, 149]], "centers": [[5.005999999999999, 3.428000000000001, 1.4620000000000002, 0.2459999999999999], [5.895999999999999, 2.8560000000000003, 4.063999999999999, 1.284], [7.05, 2.6900000000000004, 6.010000000000001, 1.9], [6.077272727272727, 2.645454545454545, 4.468181818181818, 1.3363636363636362], [6.268421052631579, 3.0157894736842104, 5.431578947368421, 2.2210526315789467], [6.479166666666668, 3.058333333333333, 5.308333333333333, 1.8708333333333333]]}