{"clusters": [[0, 1, 2, 3, 4, 6, 7, 8, 9, 11, 12, 13, 17, 20, 22, 23, 24, 25, 26, 27, 28, 29, 30, 31, 34, 35, 37, 38, 39, 40, 42, 43, 45, 47, 49], [54, 58, 74, 75, 76, 77, 91, 97, 102, 105, 107, 116, 118, 122, 129, 130, 135], [50, 51, 52, 56, 65, 70, 85, 86, 100, 104, 109, 110, 112, 115, 117, 120, 124, 125, 131, 136, 137, 139, 140, 141, 143, 144, 145, 147, 148], [53, 55, 62, 67, 68, 69, 71, 79, 80, 81, 82, 87, 88, 89, 90, 92, 94, 95, 96, 99, 106, 119], [41, 57, 59, 60, 64, 93, 98], [61, 63, 66, 72, 73, 78, 83, 84, 101, 103, 108, 111, 113, 114, 121, 123, 126, 127, 128, 132, 133, 134, 138, 142, 146, 149], [5, 10, 14, 15, 16, 18, 19, 21, 32, 33, 36, 44, 46, 48]], "centers": [[-1.1776363027404408, 0.5125714662025843, -1.3126197764075855, -1.2740741799450754], [1.3373606720143376, -0.34863525932976375, 0.9566741962975513, 0.682267678339178], [1.0296483519424284, 0.4157300679834298, 0.9234709935569478, 1.0857083080808507], [-0.15715105621176748, -1.1050839912331765, 0.21505215528583144, 0.06071035893631361], [-0.9699199534084674, -1.414504319905513, -0.35775100425905215, -0.24358222292957668], [0.25973420433562017, -0.6277878989556336, 0.7146650617921189, 0.7248545614919222], [-0.5631421026333524, 1.8904635385221964, -1.2793292835010457, -1.2120190073510757]]}