{"clusters": [[0, 1, 2, 3, 4, 6, 7, 8, 9, 11, 12, 13, 17, 20, 22, 23, 24, 25, 26, 27, 28, 29, 30, 31, 34, 35, 37, 38, 39, 40, 42, 43, 45, 47, 49], [63, 68, 71, 72, 73, 78, 83, 87, 101, 108, 111, 113, 119, 121, 123, 126, 133, 134, 142, 146], [50, 51, 52, 56, 65, 85, 86, 109, 117, 124, 125, 131], [53, 55, 59, 60, 62, 67, 69, 79, 80, 81, 82, 84, 88, 89, 90, 92, 94, 95, 96, 99, 106], [41, 57, 64, 93, 98], [61, 66, 70, 100, 103, 104, 110, 112, 114, 115, 116, 120, 127, 128, 132, 136, 137, 138, 139, 140, 141, 143, 144, 145, 147, 148, 149], [5, 10, 14, 15, 16, 18, 19, 21, 32, 33, 36, 44, 46, 48], [54, 58, 74, 75, 76, 77, 91, 97, 102, 105, 107, 118, 122, 129, 130, 135]], "centers": [[-1.1776363027404408, 0.5125714662025843, -1.3126197764075855, -1.2740741799450754], [0.329172714705251, -0.9837075144786175, 0.6604509007360668, 0.5734775495580765], [1.2702431751509429, 0.6545261387287497, 0.8622237662793583, 0.7358239101827809], [-0.3467709054125464, -1.0198812920335474, 0.16461201451834814, 0.0322185441548632], [-0.9976154666527306, -1.3290026638665875, -0.4876651229187165, -0.3413661312595144], [0.6520626509430554, 0.04706244999065478, 0.8890636623218929, 1.1660661421686713], [-0.5631421026333524, 1.8904635385221964, -1.2793292835010457, -1.2120190073510757], [1.3712164005206522, -0.3621762455802724, 0.9545845850139633, 0.6754924923830596]]}