{"clusters": [[0, 1, 2, 3, 4, 5, 6, 7, 8, 9, 10, 11, 12, 13, 14, 15, 16, 17, 18, 19, 20, 21, 22, 23, 24, 25, 26, 27, 28, 29, 30, 31, 32, 33, 34, 35, 36, 37, 38, 39, 40, 41, 42, 43, 44, 45, 46, 47, 48, 49], [50, 51, 56, 57, 59, 61, 64, 65, 67, 69, 71, 74, 75, 78, 79, 81, 82, 85, 86, 88, 91, 92, 93, 94, 95, 96, 97, 98, 99], [105, 107, 108, 118, 119, 122, 130], [52, 53, 54, 58, 60, 62, 68, 72, 73, 76, 77, 80, 87, 89, 129], [100, 106, 109, 114, 115, 120, 121, 124, 136, 140, 141, 143, 144, 145, 148], [55, 63, 66, 70, 83, 84, 90, 110, 116, 117, 125, 126, 127, 131, 133, 137, 138, 149], [134], [101, 102, 103, 104, 111, 112, 113, 123, 128, 132, 135, 139, 142, 146, 147]], "centers": [[5.005999999999999, 3.428000000000001, 1.4620000000000002, 0.2459999999999999], [5.886206896551721, 2.8448275862068972, 4.096551724137931, 1.289655172413793], [7.2, 2.685714285714286, 6.200000000000001, 1.9142857142857144], [6.206666666666666, 2.5866666666666664, 4.5, 1.3466666666666667], [6.406666666666667, 3.1466666666666665, 5.453333333333335, 2.2866666666666666], [6.272222222222222, 3.0499999999999994, 5.133333333333333, 1.7000000000000002], [6.1, 2.6, 5.6, 1.4], [6.459999999999999, 2.826666666666667, 5.406666666666667, 2.02]]}