{"clusters": [[0, 1, 2, 3, 4, 6, 7, 9, 11, 12, 13, 17, 20, 22, 23, 24, 25, 26, 27, 28, 29, 30, 31, 34, 35, 37, 38, 39, 40, 42, 43, 45, 47, 49], [63, 68, 71, 72, 73, 83, 87, 97, 108, 119, 123, 133, 134, 146], [50, 51, 52, 56, 65, 85, 86, 109, 117, 125, 131], [53, 55, 57, 59, 60, 62, 64, 67, 69, 79, 80, 81, 82, 88, 89, 90, 92, 93, 94, 95, 96, 98, 99, 106], [8, 41], [70, 100, 104, 110, 115, 120, 124, 127, 136, 137, 139, 140, 141, 143, 144, 145, 147, 148], [5, 10, 14, 15, 16, 18, 19, 21, 32, 33, 36, 44, 46, 48], [54, 58, 74, 75, 76, 77, 91, 102, 105, 107, 112, 116, 118, 122, 129, 130, 135], [61, 66, 78, 84, 101, 103, 111, 113, 114, 121, 126, 128, 132, 138, 142, 149]], "centers": [[-1.1608357156621194, 0.5382993400785507, -1.3118078131659625, -1.2728574118549967], [0.4494751003600191, -1.0527665443562118, 0.6247245181046593, 0.3957741007661703], [1.2913557586373368, 0.6632457132082439, 0.840263851335466, 0.6949381559713996], [-0.42105834979168977, -1.0911326720659857, 0.08307737233871505, -0.010091800795590647], [-1.6882723281815426, -1.052766544356212, -1.368645240079565, -1.2496282028625902], [0.8225952093452311, 0.26447050701270985, 0.9553739937210965, 1.3025735925437987], [-0.5631421026333524, 1.8904635385221964, -1.2793292835010457, -1.2120190073510757], [1.3801258027591559, -0.3350942730792551, 0.9967947329424478, 0.7442122356522608], [0.1292457284732266, -0.5060492244919264, 0.6952638247206486, 0.8564867457822234]]}