{"clusters": [[71, 97, 114, 121, 129, 130, 135, 138, 147, 167, 177, 184, 208, 217, 234, 249, 250, 253, 256, 262, 300, 302, 310, 327, 332, 362, 365, 367, 382, 403, 407, 412, 432], [6, 21, 42, 45, 48, 62, 64, 68, 75, 76, 86, 88, 98, 101, 105, 110, 133, 170, 173, 174, 191, 192, 201, 220, 222, 226, 229, 243, 244, 257, 263, 264, 265, 279, 281, 284, 294, 295, 298, 299, 306, 329, 331, 334, 347, 349, 351, 355, 356, 372, 381, 383, 385, 389, 392, 396, 427, 431, 439], [0, 2, 8, 11, 13, 17, 32, 39, 44, 49, 51, 61, 65, 66, 67, 73, 74, 81, 96, 103, 108, 109, 116, 118, 125, 132, 140, 144, 146, 149, 153, 154, 157, 163, 176, 180, 183, 185, 195, 197, 204, 206, 209, 225, 232, 235, 238, 240, 241, 258, 271, 275, 278, 280, 285, 290, 301, 305, 307, 313, 316, 326, 330, 333, 337, 341, 342, 345, 357, 359, 363, 364, 375, 377, 378, 388, 399, 402, 410, 420, 421, 424, 437, 438], [7, 59, 72, 80, 87, 91, 100, 142, 181, 188, 199, 200, 202, 210, 212, 236, 239, 246, 267, 276, 282, 287, 288, 291, 303, 309, 311, 317, 318, 339, 384, 418], [16, 27, 29, 36, 50, 53, 85, 92, 104, 124, 137, 139, 145, 150, 159, 190, 205, 207, 211, 231, 259, 270, 274, 319, 340, 343, 360, 380, 397, 400, 404, 405, 416, 434], [23, 113, 117, 169, 172, 215, 254, 268, 273, 321, 322, 323, 350, 368, 371, 390, 394, 408, 428], [15, 38, 40, 115, 122, 123, 141, 152, 155, 161, 168, 182, 186, 193, 203, 216, 230, 248, 251, 289, 304, 320, 324, 325, 336, 346, 354, 366, 376, 409, 414, 422, 423, 426], [3, 4, 9, 18, 19, 22, 24, 25, 30, 37, 52, 54, 56, 63, 79, 99, 102, 107, 112, 120, 134, 148, 158, 162, 179, 189, 196, 218, 221, 228, 252, 293, 314, 328, 338, 344, 353, 369, 395, 398, 413, 415, 417, 429, 430, 435, 440], [5, 10, 20, 26, 28, 31, 34, 41, 46, 47, 57, 60, 69, 77, 78, 83, 84, 93, 94, 95, 106, 126, 128, 131, 136, 156, 160, 165, 166, 171, 187, 194, 198, 219, 223, 224, 242, 245, 247, 272, 283, 297, 308, 312, 358, 373, 374, 379, 387, 391, 393, 406, 411, 419, 425, 436], [1, 12, 14, 33, 35, 43, 55, 58, 70, 82, 89, 90, 111, 119, 127, 143, 151, 164, 175, 178, 213, 214, 227, 233, 237, 255, 260, 261, 266, 269, 277, 286, 292, 296, 315, 335, 348, 352, 361, 370, 386, 401, 433, 441]], "centers": [[0.41170864909951843, -0.6348964880633812, 1.4735594688033054, 0.5709722143084833, 0.16950877451838295, 0.09826313581540243, -0.46914815025753887, 0.3538545842660174, 0.7663437076825472, 1.0513640427301862], [-0.22725549414593638, 1.0654884797514652, -0.6120873804430967, -0.32450516116899586, -0.7885391560538504, -0.6058609382579766, 0.005878313733409411, -0.5319459250309314, -0.739129889514177, -0.31047336256673125], [0.5150227014637034, 1.0177735954505385, 0.17489373567796837, 0.3162244318238464, -0.04572747736938754, 0.23987400340667053, -0.7852900946850713, 0.6272826814062691, 0.27288326786598316, 0.2966463477426606], [0.9771051320677595, -0.43753037572772935, -0.05045564408835384, 0.15523145811717542, 1.5282091381851244, 1.2376570513796472, 0.7395984594033348, 0.031081430766206793, 0.5240029122329346, 0.007277423823164572], [0.16258808236347758, -0.7617109131840263, 0.6339589710259325, 0.9828368882210573, -0.40223974061389317, -0.4961211069890985, 0.19280453512170406, -0.5133630393110526, 0.0012767316871056386, 0.028567890473335786], [0.7924611701661469, 0.5381134427412212, 0.667387291854862, 1.3322360559651965, 0.6825957487027211, -0.06331256720702501, -0.8880077894563962, 1.2476226160318087, 1.9390068975750274, 1.5769164457174514], [-0.26643020510572, 0.6528950684434509, 0.7292630084784002, 0.3988117913639302, 1.6388684257586223, 1.8109358787164676, -0.819112818375813, 1.8322960339086238, 0.9969444644493144, 0.6791277135281941], [-0.8975081249041779, -0.8532589953283571, 0.024770345375666154, -0.6356468698933083, 0.11657714273498729, 0.2679375518585673, -0.06267535291997084, 0.031994442003596864, -0.19689225939827582, -0.45251286994953976], [-1.0351013402085345, -0.8669643344360697, -0.9199205187366586, -0.9701395885807049, -1.141021715975874, -1.0983932270501815, 0.3425676530023423, -0.9908640586110363, -0.934880185996092, -1.0676510239655597], [0.316246464715011, -0.7108065312694012, -0.7788491645973067, -0.4389058595428466, -0.016549268386201684, -0.49625313043946107, 1.8036560988701273, -1.1032419486243537, -0.6941907199874507, -0.3294262855992645]]}