{"clusters": [[71, 97, 114, 121, 129, 130, 135, 138, 147, 167, 177, 184, 208, 217, 234, 249, 250, 253, 256, 262, 300, 302, 310, 327, 332, 362, 365, 367, 382, 403, 407, 412, 432], [6, 21, 42, 45, 48, 62, 64, 68, 75, 76, 86, 88, 98, 101, 105, 110, 133, 170, 173, 174, 191, 192, 201, 220, 222, 226, 229, 243, 244, 257, 263, 264, 265, 279, 281, 284, 294, 295, 298, 299, 306, 329, 331, 334, 347, 349, 351, 355, 356, 372, 381, 383, 385, 389, 392, 396, 427, 431, 439], [0, 2, 8, 11, 13, 17, 32, 39, 44, 49, 51, 61, 65, 66, 67, 73, 74, 81, 96, 103, 108, 109, 116, 118, 125, 132, 140, 144, 146, 149, 153, 154, 157, 163, 176, 180, 183, 185, 195, 197, 204, 206, 209, 225, 232, 235, 238, 240, 241, 258, 271, 275, 278, 280, 285, 290, 301, 305, 307, 313, 316, 326, 330, 333, 337, 341, 342, 345, 357, 359, 363, 364, 375, 377, 378, 388, 399, 402, 410, 420, 421, 424, 437, 438], [7, 59, 72, 80, 87, 91, 100, 142, 181, 188, 199, 200, 202, 210, 212, 236, 239, 246, 267, 276, 282, 287, 288, 291, 303, 309, 311, 317, 318, 339, 384, 418], [16, 27, 29, 36, 50, 53, 85, 92, 104, 124, 137, 139, 145, 150, 159, 190, 205, 207, 211, 231, 259, 270, 274, 319, 340, 343, 360, 380, 397, 400, 404, 405, 416, 434], [23, 113, 117, 169, 172, 215, 254, 268, 273, 321, 322, 323, 350, 368, 371, 390, 394, 408, 428], [15, 38, 40, 115, 122, 123, 141, 152, 155, 161, 168, 182, 186, 193, 203, 216, 230, 248, 251, 289, 304, 320, 324, 325, 336, 346, 354, 366, 376, 409, 414, 422, 423, 426], [3, 4, 9, 18, 19, 22, 24, 25, 30, 37, 52, 54, 56, 63, 79, 99, 102, 107, 112, 120, 134, 148, 158, 162, 179, 189, 196, 218, 221, 228, 252, 293, 314, 328, 338, 344, 353, 369, 395, 398, 413, 415, 417, 429, 430, 435, 440], [5, 10, 20, 26, 28, 31, 34, 41, 46, 47, 57, 60, 69, 77, 78, 83, 84, 93, 94, 95, 106, 126, 128, 131, 136, 156, 160, 165, 166, 171, 187, 194, 198, 219, 223, 224, 242, 245, 247, 272, 283, 297, 308, 312, 358, 373, 374, 379, 387, 391, 393, 406, 411, 419, 425, 436], [1, 12, 14, 33, 35, 43, 55, 58, 70, 82, 89, 90, 111, 119, 127, 143, 151, 164, 175, 178, 213, 214, 227, 233, 237, 255, 260, 261, 266, 269, 277, 286, 292, 296, 315, 335, 348, 352, 361, 370, 386, 401, 433, 441]], "centers": [[0.019582983410051786, -0.030198946318078762, 0.07009007630618524, 0.027158378685653364, 0.008062710187196568, 0.004673900737090311, -0.022315101864982756, 0.016831146171954785, 0.03645125295951183, 0.050008287782495005], [-0.01080944153453402, 0.0506801187398187, -0.02911402770609047, -0.015435136477087786, -0.03750698277763406, -0.028817866053224665, 0.00027960287104005876, -0.025302087405034677, -0.03515682363216907, -0.014767711880004829], [0.024497131747470025, 0.04841055313870424, 0.008318846669348654, 0.015041262348517107, -0.0021750342934666006, 0.011409642812920352, -0.03735244068816953, 0.029836794466812554, 0.012979733409022046, 0.014110027853927544], [0.04647615160140677, -0.020811197695287078, -0.002399930249916318, 0.007383607499321717, 0.07268949599583095, 0.05886934257395714, 0.035179111228956526, 0.0014783928984409113, 0.02492427681449137, 0.0003461517515080531], [0.007733526430790129, -0.03623089339697658, 0.030154353180115077, 0.04674878343925048, -0.019132593363131636, -0.023598074582094317, 0.009170776521039968, -0.02441818966919844, 6.0727933460238234e-05, 0.0013588359788481545], [0.03769353396489569, 0.02559544630644826, 0.03174437625505083, 0.06336800705863425, 0.032467768777395566, -0.0030114717190776697, -0.04223822318757832, 0.05934335614564565, 0.09222915280074874, 0.0750062663562343], [-0.012672792514643242, 0.03105505148312299, 0.034687503961437716, 0.018969542444868665, 0.07795302154347157, 0.08613743565294642, -0.038961223594157185, 0.08715343462619715, 0.04741981241043949, 0.032302811166142746], [-0.042690108062649015, -0.04058539160286955, 0.001178205178865152, -0.030234638341938073, 0.005545009212615784, 0.012744489688162513, -0.0029811625263049947, 0.0015218204143653512, -0.009365209737025391, -0.02152384227156537], [-0.04923474990715308, -0.0412372881053173, -0.04375615692405179, -0.04614483448468413, -0.0542728684066653, -0.052245237961559, 0.016294281599956332, -0.04713059699823093, -0.04446771573245049, -0.050782980478482856], [0.015042310346277342, -0.03380961886530633, -0.03704607688617313, -0.0208766227884718, -0.0007871684235061509, -0.02360435429723715, 0.08579117183684662, -0.052475868127707166, -0.033019285319024004, -0.015669210495906836]]}