{"clusters": [[3, 9, 16, 36, 52, 53, 54, 56, 71, 80, 85, 87, 91, 92, 97, 99, 100, 102, 107, 112, 114, 121, 129, 135, 137, 139, 145, 147, 150, 159, 164, 167, 179, 181, 184, 188, 190, 196, 199, 200, 205, 207, 208, 210, 211, 212, 217, 231, 234, 236, 239, 246, 249, 250, 252, 253, 256, 259, 261, 267, 270, 274, 276, 282, 287, 291, 293, 300, 302, 303, 310, 311, 314, 317, 318, 319, 320, 327, 328, 332, 339, 340, 343, 344, 353, 360, 365, 369, 382, 397, 398, 400, 403, 404, 407, 408, 412, 415, 416, 418, 420, 430, 432, 434, 440], [1, 4, 5, 6, 10, 12, 14, 18, 19, 20, 21, 22, 24, 26, 27, 28, 29, 30, 31, 33, 34, 35, 37, 41, 42, 43, 45, 46, 47, 48, 50, 55, 57, 58, 60, 62, 63, 64, 68, 69, 70, 76, 77, 78, 79, 82, 83, 84, 86, 88, 89, 90, 93, 94, 95, 98, 101, 104, 105, 106, 110, 111, 119, 120, 124, 126, 127, 128, 131, 133, 134, 136, 143, 151, 156, 158, 160, 162, 165, 166, 170, 171, 173, 174, 175, 178, 187, 189, 191, 192, 194, 198, 201, 213, 214, 218, 219, 220, 221, 222, 223, 224, 226, 227, 228, 229, 233, 237, 242, 243, 244, 245, 247, 255, 257, 260, 263, 264, 266, 269, 272, 277, 279, 281, 283, 284, 286, 292, 294, 295, 296, 297, 298, 299, 306, 308, 312, 315, 329, 331, 334, 335, 338, 347, 348, 349, 351, 352, 355, 356, 358, 361, 370, 372, 373, 374, 379, 380, 381, 383, 385, 386, 387, 389, 391, 393, 395, 396, 401, 406, 411, 413, 417, 419, 425, 427, 429, 431, 433, 435, 436, 439, 441], [0, 2, 7, 8, 11, 13, 15, 17, 23, 25, 32, 38, 39, 40, 44, 49, 51, 59, 61, 65, 66, 67, 72, 73, 74, 75, 81, 96, 103, 108, 109, 113, 115, 116, 117, 118, 122, 123, 125, 130, 132, 138, 140, 141, 142, 144, 146, 148, 149, 152, 153, 154, 155, 157, 161, 163, 168, 169, 172, 176, 177, 180, 182, 183, 185, 186, 193, 195, 197, 202, 203, 204, 206, 209, 215, 216, 225, 230, 232, 235, 238, 240, 241, 248, 251, 254, 258, 262, 265, 268, 271, 273, 275, 278, 280, 285, 288, 289, 290, 301, 304, 305, 307, 309, 313, 316, 321, 322, 323, 324, 325, 326, 330, 333, 336, 337, 341, 342, 345, 346, 350, 354, 357, 359, 362, 363, 364, 366, 367, 368, 371, 375, 376, 377, 378, 384, 388, 390, 392, 394, 399, 402, 405, 409, 410, 414, 421, 422, 423, 424, 426, 428, 437, 438]], "centers": [[0.23463662847149347, -0.9194507071670903, 0.5165157072908013, 0.33414764606715497, 0.43895012408157, 0.33093103815599845, 0.10888732227233577, 0.041774101570436345, 0.3753183965037529, 0.26678938398491225], [-0.426423721460854, -0.23767540951646926, -0.6583323110920621, -0.5929323044928642, -0.6600696070526736, -0.6755826271458464, 0.5366164667116602, -0.7883736232069978, -0.7662072222914545, -0.6041610902216433], [0.3467447729729183, 0.9093306765847946, 0.4301341796383978, 0.4767604473061219, 0.4850842536498342, 0.5771679335150001, -0.7119089756287601, 0.9083512492336674, 0.6545940912106621, 0.5360298324165264]]}