{"clusters": [[0, 2, 3, 8, 9, 11, 13, 25, 29, 32, 39, 42, 44, 45, 49, 50, 51, 56, 61, 64, 66, 67, 68, 74, 75, 76, 81, 96, 105, 107, 108, 114, 116, 121, 125, 130, 132, 135, 137, 138, 139, 140, 145, 146, 147, 149, 150, 153, 154, 159, 163, 174, 176, 180, 183, 184, 185, 190, 197, 204, 205, 209, 211, 215, 222, 225, 234, 235, 238, 240, 241, 243, 250, 256, 259, 262, 264, 265, 270, 271, 274, 275, 278, 279, 280, 284, 290, 294, 295, 299, 300, 301, 305, 306, 310, 316, 326, 327, 328, 329, 330, 331, 332, 333, 337, 341, 342, 347, 350, 355, 357, 359, 360, 362, 363, 364, 365, 369, 375, 378, 380, 382, 383, 385, 388, 392, 397, 399, 403, 404, 405, 407, 412, 416, 420, 424, 431, 437, 439, 440], [1, 5, 6, 10, 18, 19, 20, 21, 22, 24, 26, 27, 28, 30, 31, 34, 37, 41, 46, 47, 55, 57, 60, 62, 63, 69, 77, 78, 79, 83, 84, 86, 88, 90, 93, 94, 95, 98, 104, 106, 110, 112, 120, 126, 128, 131, 133, 136, 156, 158, 160, 162, 165, 166, 170, 171, 173, 187, 191, 194, 198, 201, 214, 218, 219, 220, 221, 223, 224, 226, 228, 242, 244, 245, 247, 263, 266, 272, 277, 281, 283, 286, 292, 296, 297, 298, 308, 312, 334, 338, 349, 351, 352, 358, 370, 373, 374, 379, 381, 387, 389, 391, 393, 395, 396, 401, 406, 411, 417, 419, 425, 427, 435, 436], [7, 15, 17, 23, 38, 40, 59, 65, 71, 72, 73, 91, 97, 103, 109, 113, 115, 117, 118, 122, 123, 129, 141, 142, 144, 152, 155, 157, 161, 167, 168, 169, 172, 177, 179, 182, 186, 193, 195, 202, 203, 206, 208, 216, 217, 230, 232, 236, 248, 249, 251, 252, 253, 254, 258, 267, 268, 273, 276, 282, 285, 287, 289, 302, 303, 304, 307, 309, 311, 313, 317, 320, 321, 322, 323, 324, 325, 336, 345, 346, 353, 354, 366, 367, 368, 371, 376, 377, 384, 390, 394, 402, 408, 409, 410, 414, 415, 421, 422, 423, 426, 428, 432, 438], [4, 12, 14, 16, 33, 35, 36, 43, 48, 52, 53, 54, 58, 70, 80, 82, 85, 87, 89, 92, 99, 100, 101, 102, 111, 119, 124, 127, 134, 143, 148, 151, 164, 175, 178, 181, 188, 189, 192, 196, 199, 200, 207, 210, 212, 213, 227, 229, 231, 233, 237, 239, 246, 255, 257, 260, 261, 269, 288, 291, 293, 314, 315, 318, 319, 335, 339, 340, 343, 344, 348, 356, 361, 372, 386, 398, 400, 413, 418, 429, 430, 433, 434, 441]], "centers": [[0.311733706907743, 0.47859540285006535, 0.44508369680195276, 0.3672941031169312, -0.38673057596022026, -0.23150172743588543, -0.5588892379801715, 0.1529723364941451, 0.199365804348381, 0.27280224474168097], [-0.8749449837499155, -0.4287407917775575, -0.74188710811396, -0.8517172719708567, -0.9000568022308659, -0.8471615790460387, 0.3816566341098441, -0.8239719184312349, -0.9184139733345983, -0.8079303596985968], [0.3819351286551195, 0.35251799702415487, 0.47088089510538517, 0.42388081904590336, 1.1569464716404323, 1.1180449901770053, -0.6006097677871606, 1.2051341274827871, 0.9666607057690226, 0.7167092659957031], [0.1949970928604028, -0.652247355081899, -0.31795476569335684, 0.018940349851586793, 0.43364670283505513, 0.15130931992694943, 1.1571315818876964, -0.6287771150741602, -0.2826753934358037, -0.24554782049700444]]}