{"clusters": [[0, 2, 3, 8, 9, 11, 13, 25, 29, 32, 39, 42, 44, 45, 49, 50, 51, 56, 61, 64, 66, 67, 68, 74, 75, 76, 81, 96, 105, 107, 108, 114, 116, 121, 125, 130, 132, 135, 137, 138, 139, 140, 145, 146, 147, 149, 150, 153, 154, 159, 163, 174, 176, 180, 183, 184, 185, 190, 197, 204, 205, 209, 211, 215, 222, 225, 234, 235, 238, 240, 241, 243, 250, 256, 259, 262, 264, 265, 270, 271, 274, 275, 278, 279, 280, 284, 290, 294, 295, 299, 300, 301, 305, 306, 310, 316, 326, 327, 328, 329, 330, 331, 332, 333, 337, 341, 342, 347, 350, 355, 357, 359, 360, 362, 363, 364, 365, 369, 375, 378, 380, 382, 383, 385, 388, 392, 397, 399, 403, 404, 405, 407, 412, 416, 420, 424, 431, 437, 439, 440], [1, 5, 6, 10, 18, 19, 20, 21, 22, 24, 26, 27, 28, 30, 31, 34, 37, 41, 46, 47, 55, 57, 60, 62, 63, 69, 77, 78, 79, 83, 84, 86, 88, 90, 93, 94, 95, 98, 104, 106, 110, 112, 120, 126, 128, 131, 133, 136, 156, 158, 160, 162, 165, 166, 170, 171, 173, 187, 191, 194, 198, 201, 214, 218, 219, 220, 221, 223, 224, 226, 228, 242, 244, 245, 247, 263, 266, 272, 277, 281, 283, 286, 292, 296, 297, 298, 308, 312, 334, 338, 349, 351, 352, 358, 370, 373, 374, 379, 381, 387, 389, 391, 393, 395, 396, 401, 406, 411, 417, 419, 425, 427, 435, 436], [7, 15, 17, 23, 38, 40, 59, 65, 71, 72, 73, 91, 97, 103, 109, 113, 115, 117, 118, 122, 123, 129, 141, 142, 144, 152, 155, 157, 161, 167, 168, 169, 172, 177, 179, 182, 186, 193, 195, 202, 203, 206, 208, 216, 217, 230, 232, 236, 248, 249, 251, 252, 253, 254, 258, 267, 268, 273, 276, 282, 285, 287, 289, 302, 303, 304, 307, 309, 311, 313, 317, 320, 321, 322, 323, 324, 325, 336, 345, 346, 353, 354, 366, 367, 368, 371, 376, 377, 384, 390, 394, 402, 408, 409, 410, 414, 415, 421, 422, 423, 426, 428, 432, 438], [4, 12, 14, 16, 33, 35, 36, 43, 48, 52, 53, 54, 58, 70, 80, 82, 85, 87, 89, 92, 99, 100, 101, 102, 111, 119, 124, 127, 134, 143, 148, 151, 164, 175, 178, 181, 188, 189, 192, 196, 199, 200, 207, 210, 212, 213, 227, 229, 231, 233, 237, 239, 246, 255, 257, 260, 261, 269, 288, 291, 293, 314, 315, 318, 319, 335, 339, 340, 343, 344, 348, 356, 361, 372, 386, 398, 400, 413, 418, 429, 430, 433, 434, 441]], "centers": [[0.014827660346898914, 0.022764461846110747, 0.02117047254076663, 0.017470398894170583, -0.018394897629070855, -0.011011414255422323, -0.026583650111214868, 0.007276152041774575, 0.009482864272162234, 0.01297587953200852], [-0.04161688888236458, -0.020393119821397576, -0.0352879711468403, -0.04051205930101296, -0.042811336280503084, -0.04029536708635244, 0.01815355482683238, -0.03919234741431471, -0.043684497866899916, -0.03842932827634428], [0.018166801461489964, 0.016767571200089024, 0.02239752013256951, 0.020161954492261776, 0.055030331789254365, 0.053179977010963636, -0.028568093345176068, 0.05732238483937494, 0.045979360903949905, 0.03409038332452445], [0.009275065857483304, -0.031024242900302177, -0.01512356593756095, 0.0009009005706717447, 0.02062647021386641, 0.007197050410275456, 0.055039136585825016, -0.029907877427516445, -0.0134454973248462, -0.011679518770579036]]}