{"clusters": [[3, 9, 16, 36, 53, 56, 71, 80, 91, 97, 99, 100, 107, 112, 114, 121, 129, 135, 137, 139, 145, 147, 150, 159, 167, 169, 177, 179, 184, 188, 190, 199, 205, 207, 208, 217, 231, 234, 236, 239, 249, 250, 252, 253, 256, 259, 267, 274, 276, 282, 285, 291, 293, 300, 302, 303, 310, 311, 314, 317, 327, 328, 332, 339, 344, 353, 360, 365, 369, 382, 394, 397, 398, 403, 404, 407, 408, 412, 415, 416, 420, 430, 432, 440], [5, 6, 10, 18, 19, 20, 21, 22, 24, 26, 27, 28, 30, 31, 34, 37, 41, 46, 47, 57, 60, 62, 63, 69, 77, 78, 79, 83, 84, 86, 88, 93, 94, 95, 104, 106, 120, 126, 128, 131, 133, 136, 156, 158, 160, 162, 165, 166, 171, 173, 187, 194, 198, 218, 219, 220, 221, 223, 224, 226, 228, 242, 244, 245, 247, 263, 272, 277, 281, 283, 286, 292, 297, 308, 312, 334, 338, 351, 352, 358, 373, 374, 379, 381, 387, 389, 391, 393, 395, 396, 406, 411, 417, 419, 425, 435, 436], [7, 15, 17, 23, 38, 40, 59, 65, 72, 73, 103, 109, 113, 115, 116, 117, 118, 122, 123, 141, 142, 144, 146, 152, 155, 161, 168, 172, 182, 186, 193, 195, 202, 203, 206, 216, 230, 232, 248, 251, 254, 258, 262, 268, 273, 287, 289, 290, 304, 307, 309, 313, 320, 321, 322, 323, 324, 325, 330, 336, 345, 346, 350, 354, 366, 367, 368, 371, 375, 376, 377, 384, 390, 409, 410, 414, 421, 422, 423, 426, 428, 438], [1, 4, 12, 14, 33, 35, 43, 48, 50, 52, 54, 55, 58, 70, 82, 85, 87, 89, 90, 92, 101, 102, 110, 111, 119, 124, 127, 134, 143, 151, 164, 170, 175, 178, 181, 189, 192, 196, 200, 201, 210, 211, 212, 213, 214, 227, 229, 233, 237, 246, 255, 257, 260, 261, 266, 269, 288, 296, 315, 318, 319, 335, 340, 343, 348, 361, 370, 386, 400, 401, 413, 418, 429, 433, 434, 441], [0, 2, 8, 11, 13, 25, 29, 32, 39, 42, 44, 45, 49, 51, 61, 64, 66, 67, 68, 74, 75, 76, 81, 96, 98, 105, 108, 125, 130, 132, 138, 140, 148, 149, 153, 154, 157, 163, 174, 176, 180, 183, 185, 191, 197, 204, 209, 215, 222, 225, 235, 238, 240, 241, 243, 264, 265, 270, 271, 275, 278, 279, 280, 284, 294, 295, 298, 299, 301, 305, 306, 316, 326, 329, 331, 333, 337, 341, 342, 347, 349, 355, 356, 357, 359, 362, 363, 364, 372, 378, 380, 383, 385, 388, 392, 399, 402, 405, 424, 427, 431, 437, 439]], "centers": [[0.010745379040038845, -0.044641636506988935, 0.030439656376142363, 0.013879976600011966, 0.018202172320845384, 0.013480523414397568, -0.011865864699162032, 0.014092316226424645, 0.02972779533533379, 0.017709716006105332], [-0.048730527890940144, -0.024987666353008028, -0.03518465401912156, -0.04221709706039485, -0.04425186858647111, -0.04102239371499438, 0.015049898866468882, -0.03875916469583923, -0.04179591981333812, -0.04185823465167408], [0.013844217010159476, 0.03905551444142753, 0.02778455834048455, 0.025833055835644297, 0.05554986370804042, 0.05598847219758543, -0.03172735993175079, 0.06207470226850172, 0.04500148582008256, 0.03423123827355143], [0.013221695979079736, -0.028336599425298228, -0.02349349253134534, -0.005202500944576641, 0.008967942330749941, -0.004766751254897936, 0.06535279737659776, -0.04092087360271257, -0.03036480526142332, -0.012850001363680821], [0.016351210454511, 0.04975466480538368, 0.0035257471137960044, 0.011710872560411091, -0.024011686051064702, -0.013417217488200451, -0.02745899651976636, 0.005783934177339071, 0.0016958521975436033, 0.007206516329203035]]}