{"clusters": [[3, 9, 16, 36, 53, 56, 71, 80, 91, 97, 99, 100, 107, 112, 114, 121, 129, 135, 137, 139, 145, 147, 150, 159, 167, 169, 177, 179, 184, 188, 190, 199, 205, 207, 208, 217, 231, 234, 236, 239, 249, 250, 252, 253, 256, 259, 267, 274, 276, 282, 285, 291, 293, 300, 302, 303, 310, 311, 314, 317, 327, 328, 332, 339, 344, 353, 360, 365, 369, 382, 394, 397, 398, 403, 404, 407, 408, 412, 415, 416, 420, 430, 432, 440], [5, 6, 10, 18, 19, 20, 21, 22, 24, 26, 27, 28, 30, 31, 34, 37, 41, 46, 47, 57, 60, 62, 63, 69, 77, 78, 79, 83, 84, 86, 88, 93, 94, 95, 104, 106, 120, 126, 128, 131, 133, 136, 156, 158, 160, 162, 165, 166, 171, 173, 187, 194, 198, 218, 219, 220, 221, 223, 224, 226, 228, 242, 244, 245, 247, 263, 272, 277, 281, 283, 286, 292, 297, 308, 312, 334, 338, 351, 352, 358, 373, 374, 379, 381, 387, 389, 391, 393, 395, 396, 406, 411, 417, 419, 425, 435, 436], [7, 15, 17, 23, 38, 40, 59, 65, 72, 73, 103, 109, 113, 115, 116, 117, 118, 122, 123, 141, 142, 144, 146, 152, 155, 161, 168, 172, 182, 186, 193, 195, 202, 203, 206, 216, 230, 232, 248, 251, 254, 258, 262, 268, 273, 287, 289, 290, 304, 307, 309, 313, 320, 321, 322, 323, 324, 325, 330, 336, 345, 346, 350, 354, 366, 367, 368, 371, 375, 376, 377, 384, 390, 409, 410, 414, 421, 422, 423, 426, 428, 438], [1, 4, 12, 14, 33, 35, 43, 48, 50, 52, 54, 55, 58, 70, 82, 85, 87, 89, 90, 92, 101, 102, 110, 111, 119, 124, 127, 134, 143, 151, 164, 170, 175, 178, 181, 189, 192, 196, 200, 201, 210, 211, 212, 213, 214, 227, 229, 233, 237, 246, 255, 257, 260, 261, 266, 269, 288, 296, 315, 318, 319, 335, 340, 343, 348, 361, 370, 386, 400, 401, 413, 418, 429, 433, 434, 441], [0, 2, 8, 11, 13, 25, 29, 32, 39, 42, 44, 45, 49, 51, 61, 64, 66, 67, 68, 74, 75, 76, 81, 96, 98, 105, 108, 125, 130, 132, 138, 140, 148, 149, 153, 154, 157, 163, 174, 176, 180, 183, 185, 191, 197, 204, 209, 215, 222, 225, 235, 238, 240, 241, 243, 264, 265, 270, 271, 275, 278, 279, 280, 284, 294, 295, 298, 299, 301, 305, 306, 316, 326, 329, 331, 333, 337, 341, 342, 347, 349, 355, 356, 357, 359, 362, 363, 364, 372, 378, 380, 383, 385, 388, 392, 399, 402, 405, 424, 427, 431, 437, 439]], "centers": [[0.22590865732776702, -0.9385366608874604, 0.639957127229235, 0.29180979710122446, 0.38267875838803117, 0.28341177479869323, -0.24946551929272567, 0.29627398209848554, 0.6249911058973048, 0.3723254572675086], [-1.0245006793799756, -0.525335600961908, -0.7397149898931946, -0.8875636380673764, -0.9303422596229143, -0.8624464386034402, 0.31640600421577864, -0.814864773309248, -0.8787088935278214, -0.8800189879793663], [0.29105799477763544, 0.8210951699174502, 0.584136887657041, 0.543108897020583, 1.1678690047381068, 1.1770902201644384, -0.6670295441444375, 1.3050458798378286, 0.9461020594516061, 0.7196705717154998], [0.27797023958859113, -0.5957428868308019, -0.49392239528446696, -0.10937631876516138, 0.18854019047477544, -0.10021520616415511, 1.373963882795437, -0.8603121004687256, -0.638383472659887, -0.2701558078046516], [0.3437645136293798, 1.0460319249879806, 0.07412458821481804, 0.24620699617958333, -0.5048167901531992, -0.28208084391810423, -0.5772923423393294, 0.12160025246257726, 0.03565325071791022, 0.15150832947582865]]}