{"clusters": [[3, 16, 53, 71, 80, 91, 97, 99, 100, 107, 114, 117, 121, 129, 135, 147, 159, 167, 169, 177, 179, 184, 188, 190, 199, 207, 208, 217, 231, 234, 236, 239, 249, 250, 252, 253, 256, 267, 274, 276, 282, 285, 291, 300, 302, 303, 310, 311, 317, 327, 332, 339, 344, 353, 360, 365, 369, 382, 394, 398, 403, 407, 408, 412, 415, 416, 420, 430, 432, 440], [5, 6, 10, 20, 21, 22, 26, 28, 31, 34, 41, 46, 47, 57, 60, 63, 77, 78, 79, 83, 84, 86, 88, 93, 94, 95, 106, 126, 128, 131, 133, 136, 158, 160, 165, 166, 171, 173, 187, 191, 218, 219, 220, 221, 223, 224, 226, 228, 242, 245, 247, 263, 272, 277, 281, 283, 297, 298, 308, 312, 334, 338, 349, 351, 358, 373, 374, 381, 387, 389, 391, 393, 396, 406, 419, 425, 435, 436], [0, 2, 8, 11, 13, 17, 25, 32, 39, 42, 44, 45, 49, 51, 59, 61, 65, 66, 67, 68, 73, 74, 75, 81, 96, 103, 105, 108, 109, 113, 116, 118, 125, 130, 132, 138, 140, 142, 144, 146, 148, 149, 153, 154, 157, 163, 176, 180, 183, 185, 195, 197, 204, 206, 209, 215, 225, 235, 238, 240, 241, 243, 258, 264, 265, 271, 275, 278, 280, 284, 290, 294, 299, 301, 305, 307, 313, 316, 326, 330, 331, 333, 337, 341, 342, 345, 347, 359, 362, 363, 364, 368, 371, 372, 375, 377, 378, 388, 392, 399, 402, 410, 424, 437, 438, 439], [1, 4, 12, 14, 19, 33, 35, 43, 48, 52, 54, 55, 58, 62, 70, 82, 87, 89, 90, 101, 102, 110, 111, 119, 127, 134, 143, 151, 164, 170, 175, 178, 181, 189, 192, 196, 200, 201, 210, 212, 213, 214, 227, 229, 233, 237, 246, 255, 257, 260, 261, 266, 269, 286, 288, 292, 296, 315, 318, 335, 348, 352, 356, 361, 370, 386, 401, 413, 418, 429, 433, 434, 441], [9, 18, 24, 27, 29, 30, 36, 37, 50, 56, 64, 69, 76, 85, 92, 98, 104, 112, 120, 124, 137, 139, 145, 150, 156, 162, 174, 194, 198, 205, 211, 222, 244, 259, 270, 279, 293, 295, 306, 314, 319, 328, 329, 340, 343, 355, 357, 379, 380, 383, 385, 395, 397, 400, 404, 405, 411, 417, 427, 431], [7, 15, 23, 38, 40, 72, 115, 122, 123, 141, 152, 155, 161, 168, 172, 182, 186, 193, 202, 203, 216, 230, 232, 248, 251, 254, 262, 268, 273, 287, 289, 304, 309, 320, 321, 322, 323, 324, 325, 336, 346, 350, 354, 366, 367, 376, 384, 390, 409, 414, 421, 422, 423, 426, 428]], "centers": [[0.017889371327043962, -0.044641636506988956, 0.0262977785493715, 0.014445591071371708, 0.02646116554828598, 0.02074519493212687, -0.013106226006967554, 0.020165186404859963, 0.03495376064812886, 0.025431786754475758], [-0.05157327969750726, -0.02020016080267936, -0.04745299311701968, -0.04623468962644777, -0.04752225719987726, -0.04205529524981061, 0.009935702022567853, -0.03793691251919776, -0.0440779401516608, -0.048074679803398655], [0.021832291095846064, 0.0506801187398187, 0.00676846290449392, 0.014012216241331534, -0.005229513650520007, 0.006597552580124466, -0.03207807278285342, 0.021828621298468347, 0.009343370187983122, 0.013810441504741382], [0.011254834856718033, -0.02374919700083939, -0.02982923246744444, -0.015779130447405174, 0.009476360383978548, -0.005805198515172597, 0.07022559232890692, -0.041914702997319336, -0.03207888422078652, -0.01583040706015166], [-0.011932039575611812, -0.01445641401216658, 0.021403998490107493, 0.012327952351455236, -0.034889951536315335, -0.03440062198479763, 0.002895749734368035, -0.02890276118270601, -0.011527379974955137, -0.007912173909943646], [0.006373752679071592, 0.035082013335795616, 0.03702410831839663, 0.02767307047016516, 0.06928010371479955, 0.06575682948070305, -0.031954299024774355, 0.07322947745975324, 0.05516945805725212, 0.038837150951577165]]}