{"clusters": [[3, 16, 53, 71, 80, 91, 97, 99, 100, 107, 114, 117, 121, 129, 135, 147, 159, 167, 169, 177, 179, 184, 188, 190, 199, 207, 208, 217, 231, 234, 236, 239, 249, 250, 252, 253, 256, 267, 274, 276, 282, 285, 291, 300, 302, 303, 310, 311, 317, 327, 332, 339, 344, 353, 360, 365, 369, 382, 394, 398, 403, 407, 408, 412, 415, 416, 420, 430, 432, 440], [5, 6, 10, 20, 21, 22, 26, 28, 31, 34, 41, 46, 47, 57, 60, 63, 77, 78, 79, 83, 84, 86, 88, 93, 94, 95, 106, 126, 128, 131, 133, 136, 158, 160, 165, 166, 171, 173, 187, 191, 218, 219, 220, 221, 223, 224, 226, 228, 242, 245, 247, 263, 272, 277, 281, 283, 297, 298, 308, 312, 334, 338, 349, 351, 358, 373, 374, 381, 387, 389, 391, 393, 396, 406, 419, 425, 435, 436], [0, 2, 8, 11, 13, 17, 25, 32, 39, 42, 44, 45, 49, 51, 59, 61, 65, 66, 67, 68, 73, 74, 75, 81, 96, 103, 105, 108, 109, 113, 116, 118, 125, 130, 132, 138, 140, 142, 144, 146, 148, 149, 153, 154, 157, 163, 176, 180, 183, 185, 195, 197, 204, 206, 209, 215, 225, 235, 238, 240, 241, 243, 258, 264, 265, 271, 275, 278, 280, 284, 290, 294, 299, 301, 305, 307, 313, 316, 326, 330, 331, 333, 337, 341, 342, 345, 347, 359, 362, 363, 364, 368, 371, 372, 375, 377, 378, 388, 392, 399, 402, 410, 424, 437, 438, 439], [1, 4, 12, 14, 19, 33, 35, 43, 48, 52, 54, 55, 58, 62, 70, 82, 87, 89, 90, 101, 102, 110, 111, 119, 127, 134, 143, 151, 164, 170, 175, 178, 181, 189, 192, 196, 200, 201, 210, 212, 213, 214, 227, 229, 233, 237, 246, 255, 257, 260, 261, 266, 269, 286, 288, 292, 296, 315, 318, 335, 348, 352, 356, 361, 370, 386, 401, 413, 418, 429, 433, 434, 441], [9, 18, 24, 27, 29, 30, 36, 37, 50, 56, 64, 69, 76, 85, 92, 98, 104, 112, 120, 124, 137, 139, 145, 150, 156, 162, 174, 194, 198, 205, 211, 222, 244, 259, 270, 279, 293, 295, 306, 314, 319, 328, 329, 340, 343, 355, 357, 379, 380, 383, 385, 395, 397, 400, 404, 405, 411, 417, 427, 431], [7, 15, 23, 38, 40, 72, 115, 122, 123, 141, 152, 155, 161, 168, 172, 182, 186, 193, 202, 203, 216, 230, 232, 248, 251, 254, 262, 268, 273, 287, 289, 304, 309, 320, 321, 322, 323, 324, 325, 336, 346, 350, 354, 366, 367, 376, 384, 390, 409, 414, 421, 422, 423, 426, 428]], "centers": [[0.37610249409272534, -0.9385366608874595, 0.5528791325698681, 0.30370116038528505, 0.5563141475109338, 0.4361427470968641, -0.2755426224459559, 0.42394876611720206, 0.7348607347541273, 0.5346726977002647], [-1.0842661135582117, -0.4246840607236337, -0.9976420488569183, -0.9720286847544356, -0.9990982428080301, -0.8841619498025017, 0.20888617285286623, -0.7975779112527517, -0.9266856236835628, -1.0107122629531864], [0.45899763512052266, 1.0654884797514652, 0.1422987836194131, 0.2945899763489454, -0.10994422838544289, 0.13870559981845584, -0.6744028595951972, 0.4589204820489535, 0.19643310917358595, 0.290347905440515], [0.23661935250985136, -0.4992982738981071, -0.6271236994738033, -0.33173722024049884, 0.19922906792973552, -0.12204730956415781, 1.4764085300254592, -0.8812061669611141, -0.6744199191007839, -0.33281524928855855], [-0.2508567663982868, -0.30392869968513436, 0.44999329873132166, 0.2591803558479062, -0.733519225001796, -0.7232316603135602, 0.060879651802961475, -0.6076457561451359, -0.2423492854877875, -0.1663439305285332], [0.13400047634458787, 0.737557093101459, 0.7783873019090803, 0.581792989410361, 1.4565307702428183, 1.3824581713464617, -0.6718006653500368, 1.5395615983489257, 1.1598714339227878, 0.8165043404438582]]}