{"clusters": [[59, 72, 80, 91, 99, 100, 121, 142, 169, 177, 179, 188, 199, 212, 217, 231, 236, 239, 246, 249, 252, 253, 267, 276, 282, 285, 287, 291, 302, 303, 311, 317, 318, 339, 344, 353, 365, 384, 398, 408, 415, 418, 420, 430, 432], [5, 6, 10, 18, 20, 21, 22, 26, 28, 31, 34, 41, 46, 47, 57, 60, 63, 69, 77, 78, 79, 83, 84, 86, 88, 93, 94, 95, 106, 126, 128, 131, 133, 136, 156, 158, 160, 165, 166, 171, 173, 187, 191, 194, 198, 218, 219, 220, 221, 223, 224, 226, 228, 242, 245, 247, 263, 272, 277, 281, 283, 297, 298, 308, 312, 334, 338, 349, 351, 358, 373, 374, 379, 381, 387, 389, 391, 393, 396, 406, 411, 419, 425, 435, 436], [0, 2, 8, 11, 13, 25, 29, 39, 42, 45, 49, 51, 61, 64, 65, 66, 67, 68, 73, 74, 75, 76, 81, 98, 105, 109, 125, 132, 140, 146, 148, 149, 153, 154, 157, 174, 176, 180, 183, 185, 195, 197, 204, 206, 209, 222, 235, 238, 241, 243, 258, 264, 265, 270, 271, 275, 278, 279, 280, 284, 288, 294, 299, 301, 305, 306, 307, 326, 329, 330, 331, 333, 337, 341, 342, 345, 347, 355, 356, 359, 363, 364, 372, 375, 377, 378, 383, 385, 388, 392, 399, 402, 424, 427, 431, 437, 439], [1, 4, 12, 14, 19, 33, 35, 43, 48, 55, 58, 62, 70, 82, 87, 89, 90, 101, 110, 111, 119, 127, 143, 151, 164, 170, 175, 178, 181, 189, 192, 196, 200, 201, 210, 213, 214, 227, 229, 233, 237, 255, 257, 260, 261, 266, 269, 286, 292, 296, 315, 335, 348, 352, 361, 370, 386, 401, 413, 429, 433, 434, 441], [3, 9, 16, 24, 27, 30, 36, 37, 50, 52, 53, 54, 56, 85, 92, 97, 102, 104, 107, 112, 120, 124, 134, 135, 137, 139, 145, 147, 150, 159, 162, 184, 190, 205, 207, 211, 244, 256, 259, 274, 293, 295, 300, 310, 314, 319, 327, 328, 340, 343, 357, 360, 369, 380, 395, 397, 400, 403, 404, 407, 416, 417, 440], [23, 32, 44, 71, 96, 108, 113, 114, 116, 117, 129, 130, 138, 163, 167, 172, 208, 215, 225, 234, 240, 250, 254, 262, 268, 290, 313, 316, 321, 322, 323, 332, 350, 362, 367, 368, 371, 382, 390, 394, 405, 412, 428], [7, 15, 17, 38, 40, 103, 115, 118, 122, 123, 141, 144, 152, 155, 161, 168, 182, 186, 193, 202, 203, 216, 230, 232, 248, 251, 273, 289, 304, 309, 320, 324, 325, 336, 346, 354, 366, 376, 409, 410, 414, 421, 422, 423, 426, 438]], "centers": [[0.6341837519398568, -0.7604010928306674, -0.015160012269200582, 0.10221819032658473, 1.1479096396329682, 0.9439658495979921, 0.12301625919870317, 0.3920177558007926, 0.7590363158667986, 0.18440628028297731], [-1.033272316843857, -0.4670013336783013, -0.928360781394162, -0.9060549739450489, -1.0253775568086532, -0.9073424692403815, 0.1884791291112533, -0.8093998176763467, -0.9149934130216115, -0.944710584963066], [0.3903079419722696, 1.0654884797514652, -0.12323095381359898, 0.1618540572176182, -0.31331628629364544, -0.04961317023683033, -0.5254405155610102, 0.2023951283891336, -0.0434609049033328, 0.14881504666262957], [0.27318516768961826, -0.4931977407454774, -0.723581401286505, -0.3616407213154051, 0.09099058982972441, -0.25668910541311246, 1.5398414821106037, -0.9483950760315081, -0.7288769980996579, -0.33643186526885405], [-0.3838371045186736, -0.843106892285606, 0.8741073730914738, 0.17031108531279804, -0.2308880503267068, -0.21180588233990838, 0.007158976402490759, -0.2388444341373674, -0.018838106035364025, -0.0019232898348221707], [0.6992657744928505, 0.45962041397690606, 1.3107896770776148, 1.1988118083085135, 0.11568970055798064, -0.1859345689562667, -0.8008476399963089, 0.7839078395440015, 1.2500640560821252, 1.2127035141988973], [-0.03624670782256517, 0.7605281322629329, 0.5586777641844889, 0.37434499959613143, 1.515906982675051, 1.6732281491316316, -0.7307240868579098, 1.5785632625642392, 0.8953654525528109, 0.5812430705180571]]}