{"clusters": [[59, 72, 80, 91, 99, 100, 121, 142, 169, 177, 179, 188, 199, 212, 217, 231, 236, 239, 246, 249, 252, 253, 267, 276, 282, 285, 287, 291, 302, 303, 311, 317, 318, 339, 344, 353, 365, 384, 398, 408, 415, 418, 420, 430, 432], [5, 6, 10, 18, 20, 21, 22, 26, 28, 31, 34, 41, 46, 47, 57, 60, 63, 69, 77, 78, 79, 83, 84, 86, 88, 93, 94, 95, 106, 126, 128, 131, 133, 136, 156, 158, 160, 165, 166, 171, 173, 187, 191, 194, 198, 218, 219, 220, 221, 223, 224, 226, 228, 242, 245, 247, 263, 272, 277, 281, 283, 297, 298, 308, 312, 334, 338, 349, 351, 358, 373, 374, 379, 381, 387, 389, 391, 393, 396, 406, 411, 419, 425, 435, 436], [0, 2, 8, 11, 13, 25, 29, 39, 42, 45, 49, 51, 61, 64, 65, 66, 67, 68, 73, 74, 75, 76, 81, 98, 105, 109, 125, 132, 140, 146, 148, 149, 153, 154, 157, 174, 176, 180, 183, 185, 195, 197, 204, 206, 209, 222, 235, 238, 241, 243, 258, 264, 265, 270, 271, 275, 278, 279, 280, 284, 288, 294, 299, 301, 305, 306, 307, 326, 329, 330, 331, 333, 337, 341, 342, 345, 347, 355, 356, 359, 363, 364, 372, 375, 377, 378, 383, 385, 388, 392, 399, 402, 424, 427, 431, 437, 439], [1, 4, 12, 14, 19, 33, 35, 43, 48, 55, 58, 62, 70, 82, 87, 89, 90, 101, 110, 111, 119, 127, 143, 151, 164, 170, 175, 178, 181, 189, 192, 196, 200, 201, 210, 213, 214, 227, 229, 233, 237, 255, 257, 260, 261, 266, 269, 286, 292, 296, 315, 335, 348, 352, 361, 370, 386, 401, 413, 429, 433, 434, 441], [3, 9, 16, 24, 27, 30, 36, 37, 50, 52, 53, 54, 56, 85, 92, 97, 102, 104, 107, 112, 120, 124, 134, 135, 137, 139, 145, 147, 150, 159, 162, 184, 190, 205, 207, 211, 244, 256, 259, 274, 293, 295, 300, 310, 314, 319, 327, 328, 340, 343, 357, 360, 369, 380, 395, 397, 400, 403, 404, 407, 416, 417, 440], [23, 32, 44, 71, 96, 108, 113, 114, 116, 117, 129, 130, 138, 163, 167, 172, 208, 215, 225, 234, 240, 250, 254, 262, 268, 290, 313, 316, 321, 322, 323, 332, 350, 362, 367, 368, 371, 382, 390, 394, 405, 412, 428], [7, 15, 17, 38, 40, 103, 115, 118, 122, 123, 141, 144, 152, 155, 161, 168, 182, 186, 193, 202, 203, 216, 230, 232, 248, 251, 273, 289, 304, 309, 320, 324, 325, 336, 346, 354, 366, 376, 409, 410, 414, 421, 422, 423, 426, 438]], "centers": [[0.03016504491787037, -0.03616859159616167, -0.0007210882487254447, 0.004862023495861018, 0.05460049352457703, 0.04489987667920992, 0.005851286749315711, 0.018646383128173738, 0.03610367577595847, 0.00877131227480726], [-0.049147752137527846, -0.022212988213622508, -0.04415761927846165, -0.04309664021430761, -0.048772236696852427, -0.04315788012040109, 0.008965037937870391, -0.03849922326461149, -0.04352179840452814, -0.044935300128128006], [0.0185650555779479, 0.0506801187398187, -0.0058614987307535355, 0.007698612415052899, -0.014902935971851147, -0.0023598578552888124, -0.024992656631591524, 0.009626954522788318, -0.00206722443545818, 0.007078409929775156], [0.012994093319241421, -0.02345902422992064, -0.03441725746643692, -0.01720149494407816, 0.004327981000650646, -0.012209455652292504, 0.07324279017269998, -0.0451105534963136, -0.03466914332009707, -0.016002431939632716], [-0.01825726922762522, -0.04010250530476005, 0.041577047806245014, 0.008100872220010788, -0.010982224612031759, -0.01007457844056863, 0.0003405177822457029, -0.011360671196791681, -0.0008960373282766094, -9.148156836287838e-05], [0.03326068104486325, 0.021861913665202418, 0.06234790684243048, 0.05702166278320016, 0.005502797892868893, -0.008844005553901803, -0.03809243765543622, 0.03728669351585195, 0.059459483606432474, 0.057682423849514344], [-0.001724080073398877, 0.03617463424573926, 0.026573591328526113, 0.017805775838716616, 0.07210434213086218, 0.07958734691958147, -0.03475700037286594, 0.07508459744560574, 0.042588191532108265, 0.02764691349588737]]}