{"clusters": [[7, 59, 72, 80, 87, 91, 100, 121, 142, 188, 199, 200, 202, 212, 217, 236, 239, 246, 253, 267, 276, 282, 287, 291, 302, 303, 309, 311, 317, 318, 339, 353, 365, 375, 384, 408, 418, 432], [5, 6, 10, 20, 21, 26, 28, 31, 34, 41, 46, 47, 57, 60, 69, 77, 78, 83, 84, 86, 88, 93, 94, 95, 106, 126, 128, 131, 133, 136, 156, 160, 165, 166, 171, 173, 187, 191, 194, 198, 219, 220, 223, 224, 226, 242, 244, 245, 247, 263, 272, 277, 281, 283, 297, 298, 308, 312, 334, 349, 351, 358, 373, 374, 379, 381, 387, 389, 391, 393, 396, 406, 411, 419, 425, 427, 436], [0, 2, 8, 11, 13, 17, 25, 39, 42, 45, 49, 51, 61, 64, 65, 66, 67, 68, 73, 74, 75, 81, 98, 103, 105, 109, 118, 125, 132, 140, 146, 149, 153, 154, 157, 174, 176, 180, 183, 185, 195, 197, 204, 206, 209, 222, 235, 238, 241, 243, 258, 264, 265, 271, 275, 278, 279, 280, 284, 288, 294, 299, 301, 305, 306, 307, 326, 329, 330, 331, 333, 337, 341, 342, 345, 347, 355, 356, 357, 359, 363, 364, 372, 377, 378, 383, 385, 388, 392, 399, 402, 410, 420, 424, 431, 437, 439], [1, 12, 14, 19, 33, 35, 43, 48, 55, 58, 62, 70, 82, 89, 90, 101, 110, 111, 119, 127, 143, 151, 164, 170, 175, 178, 181, 189, 192, 201, 210, 213, 214, 227, 229, 233, 237, 255, 257, 260, 261, 266, 269, 286, 292, 296, 315, 335, 348, 352, 361, 370, 386, 401, 429, 433, 441], [16, 27, 29, 36, 50, 53, 71, 76, 85, 92, 124, 137, 139, 145, 150, 159, 184, 190, 205, 207, 211, 231, 234, 259, 270, 274, 300, 310, 319, 327, 340, 343, 360, 380, 397, 400, 403, 404, 412, 416, 434], [23, 32, 44, 96, 108, 113, 114, 116, 117, 129, 130, 135, 138, 163, 167, 169, 172, 177, 208, 215, 225, 240, 249, 250, 254, 262, 268, 290, 313, 316, 321, 322, 323, 332, 350, 362, 367, 368, 371, 382, 390, 394, 405, 428], [15, 38, 40, 115, 122, 123, 141, 144, 152, 155, 161, 168, 182, 186, 193, 203, 216, 230, 232, 248, 251, 273, 285, 289, 304, 320, 324, 325, 336, 346, 354, 366, 376, 409, 414, 421, 422, 423, 426, 438], [3, 4, 9, 18, 22, 24, 30, 37, 52, 54, 56, 63, 79, 97, 99, 102, 104, 107, 112, 120, 134, 147, 148, 158, 162, 179, 196, 218, 221, 228, 252, 256, 293, 295, 314, 328, 338, 344, 369, 395, 398, 407, 413, 415, 417, 430, 435, 440]], "centers": [[0.04448064528127433, -0.024573898560292656, -0.00019289730257795738, 0.015228218571467311, 0.06690279951816598, 0.051608212616212346, 0.025000109339696052, 0.006390247688716109, 0.03557670057853165, 0.015054718904679328], [-0.049105016391045246, -0.017406849293615394, -0.04370541577122299, -0.04266284026022543, -0.05474864431380303, -0.05065712790534066, 0.011632467497378543, -0.04313077907471719, -0.045450687391104964, -0.044327748922896315], [0.01893954407805301, 0.049697420232119656, -0.006294845853241735, 0.005841118604461273, -0.011413406042804988, 0.002217920689222081, -0.02764950865515951, 0.013518691291453777, -0.0007220031070267362, 0.005541133136640623], [0.013540339702853385, -0.021229275569176597, -0.03547706098436327, -0.018556208475226203, 0.0018347130395493525, -0.01586704015043741, 0.07609090763851836, -0.04731383094744244, -0.036004448358650416, -0.018082136413998355], [0.009990182312126521, -0.037666873927954314, 0.03409370218759226, 0.04406907418358765, -0.014959330318315008, -0.019495582628413298, 0.0062114686591464505, -0.021024821889368623, 0.005272735850709305, 0.01225786622534292], [0.030480598763110444, 0.02035046934310716, 0.06000600122101167, 0.05131933237546091, 0.006186410835104127, -0.00924222711788997, -0.04206206826872248, 0.041923908367572954, 0.06332548707254797, 0.05437005188220731], [-0.006695129975391944, 0.03161576769045715, 0.029658242622578733, 0.01504399478169557, 0.07214771455791416, 0.08037089883158093, -0.04017941257345071, 0.08438367990633479, 0.04601052283046001, 0.03029876237940654], [-0.04168858372021366, -0.04066989670503871, 0.016270918488249696, -0.030607514261216464, 0.0027308928616671985, 0.012914805806343256, -0.006200963673230431, 0.002204883715685372, -0.011934340611129489, -0.0160928350667422]]}