{"clusters": [[7, 59, 72, 80, 87, 91, 100, 121, 142, 188, 199, 200, 202, 212, 217, 236, 239, 246, 253, 267, 276, 282, 287, 291, 302, 303, 309, 311, 317, 318, 339, 353, 365, 375, 384, 408, 418, 432], [5, 6, 10, 20, 21, 26, 28, 31, 34, 41, 46, 47, 57, 60, 69, 77, 78, 83, 84, 86, 88, 93, 94, 95, 106, 126, 128, 131, 133, 136, 156, 160, 165, 166, 171, 173, 187, 191, 194, 198, 219, 220, 223, 224, 226, 242, 244, 245, 247, 263, 272, 277, 281, 283, 297, 298, 308, 312, 334, 349, 351, 358, 373, 374, 379, 381, 387, 389, 391, 393, 396, 406, 411, 419, 425, 427, 436], [0, 2, 8, 11, 13, 17, 25, 39, 42, 45, 49, 51, 61, 64, 65, 66, 67, 68, 73, 74, 75, 81, 98, 103, 105, 109, 118, 125, 132, 140, 146, 149, 153, 154, 157, 174, 176, 180, 183, 185, 195, 197, 204, 206, 209, 222, 235, 238, 241, 243, 258, 264, 265, 271, 275, 278, 279, 280, 284, 288, 294, 299, 301, 305, 306, 307, 326, 329, 330, 331, 333, 337, 341, 342, 345, 347, 355, 356, 357, 359, 363, 364, 372, 377, 378, 383, 385, 388, 392, 399, 402, 410, 420, 424, 431, 437, 439], [1, 12, 14, 19, 33, 35, 43, 48, 55, 58, 62, 70, 82, 89, 90, 101, 110, 111, 119, 127, 143, 151, 164, 170, 175, 178, 181, 189, 192, 201, 210, 213, 214, 227, 229, 233, 237, 255, 257, 260, 261, 266, 269, 286, 292, 296, 315, 335, 348, 352, 361, 370, 386, 401, 429, 433, 441], [16, 27, 29, 36, 50, 53, 71, 76, 85, 92, 124, 137, 139, 145, 150, 159, 184, 190, 205, 207, 211, 231, 234, 259, 270, 274, 300, 310, 319, 327, 340, 343, 360, 380, 397, 400, 403, 404, 412, 416, 434], [23, 32, 44, 96, 108, 113, 114, 116, 117, 129, 130, 135, 138, 163, 167, 169, 172, 177, 208, 215, 225, 240, 249, 250, 254, 262, 268, 290, 313, 316, 321, 322, 323, 332, 350, 362, 367, 368, 371, 382, 390, 394, 405, 428], [15, 38, 40, 115, 122, 123, 141, 144, 152, 155, 161, 168, 182, 186, 193, 203, 216, 230, 232, 248, 251, 273, 285, 289, 304, 320, 324, 325, 336, 346, 354, 366, 376, 409, 414, 421, 422, 423, 426, 438], [3, 4, 9, 18, 22, 24, 30, 37, 52, 54, 56, 63, 79, 97, 99, 102, 104, 107, 112, 120, 134, 147, 148, 158, 162, 179, 196, 218, 221, 228, 252, 256, 293, 295, 314, 328, 338, 344, 369, 395, 398, 407, 413, 415, 417, 430, 435, 440]], "centers": [[0.9351520141935153, -0.516636631279266, -0.004055433546362006, 0.3201549613238648, 1.4065508116838863, 1.08500053611626, 0.5255971997761774, 0.1343472640630519, 0.747957296797101, 0.3165073397160166], [-1.03237384922612, -0.36595804927633924, -0.9188537470886687, -0.8969348521875571, -1.1510243316090576, -1.0650051251365877, 0.24455862412576224, -0.9067727023834316, -0.9555459816623438, -0.9319375523394307], [0.39818111181841453, 1.0448284267551877, -0.13234155533201666, 0.12280248619515258, -0.23995312078422068, 0.04662911220671105, -0.58129763061729, 0.2842142084612655, -0.015179246063543216, 0.11649565290424231], [0.2846693402471531, -0.44631995967790017, -0.7458624942915869, -0.39012194228909586, 0.03857263273840379, -0.33358541590713403, 1.599719722814568, -0.9947163317871613, -0.7569501788835606, -0.38015514796477695], [0.2100315553488339, -0.7919006749870517, 0.7167790410959174, 0.9264992273791383, -0.3145019095316028, -0.4098711528924855, 0.13058865020886873, -0.4420215672136743, 0.1108529231066966, 0.2577068794271691], [0.640817891622336, 0.4278441168208977, 1.2615539309441668, 1.0789271768542277, 0.13006183962695178, -0.19430669789693242, -0.8843043443706418, 0.8813996987877974, 1.3313421244499621, 1.1430648815442304], [-0.14075704707482153, 0.6646834516236799, 0.6235288438501909, 0.31628187794168783, 1.5168188357352224, 1.6897013847175368, -0.8447237750166389, 1.774065275592898, 0.9673158477562354, 0.6369950005783814], [-0.8764522813980915, -0.8550356133608384, 0.34207647170691086, -0.6434861371690518, 0.05741373453523233, 0.2715182431898013, -0.1303677955275309, 0.046355025534070865, -0.25090514289968807, -0.3383324821747289]]}