{"clusters": [[71, 91, 97, 114, 121, 129, 130, 135, 137, 138, 139, 147, 150, 159, 177, 184, 205, 207, 208, 217, 234, 249, 250, 253, 256, 262, 300, 302, 303, 310, 311, 327, 332, 360, 362, 365, 367, 382, 403, 407, 412, 416, 432], [6, 21, 42, 45, 48, 62, 64, 68, 76, 86, 88, 98, 105, 110, 133, 166, 170, 173, 174, 191, 201, 220, 222, 226, 229, 242, 243, 244, 257, 263, 264, 265, 266, 279, 281, 284, 294, 295, 298, 299, 306, 329, 331, 334, 347, 349, 351, 355, 356, 372, 381, 383, 385, 389, 396, 427, 431, 439], [0, 2, 8, 11, 13, 17, 32, 39, 44, 49, 51, 61, 65, 66, 67, 73, 74, 75, 81, 96, 103, 108, 109, 116, 118, 125, 132, 140, 142, 144, 146, 149, 153, 154, 157, 163, 176, 180, 183, 185, 195, 197, 204, 206, 209, 225, 235, 238, 240, 241, 258, 271, 275, 278, 280, 290, 301, 305, 307, 313, 316, 326, 330, 333, 337, 341, 342, 345, 357, 359, 363, 364, 375, 377, 378, 388, 392, 399, 402, 405, 410, 424, 437], [14, 35, 43, 58, 59, 72, 80, 82, 87, 100, 111, 127, 164, 178, 181, 188, 192, 199, 200, 210, 212, 237, 239, 246, 260, 261, 267, 269, 276, 282, 288, 291, 315, 318, 339, 384, 418, 429, 433, 441], [4, 12, 16, 27, 29, 33, 36, 37, 50, 53, 54, 69, 70, 85, 89, 92, 101, 104, 119, 124, 143, 145, 151, 156, 175, 189, 194, 211, 213, 227, 231, 233, 255, 259, 270, 274, 319, 340, 343, 348, 361, 380, 386, 397, 400, 404, 434], [23, 113, 117, 167, 169, 172, 215, 254, 268, 273, 321, 322, 323, 350, 368, 371, 390, 394, 408, 428], [7, 15, 38, 40, 115, 122, 123, 141, 152, 155, 161, 168, 182, 186, 193, 202, 203, 216, 230, 232, 236, 248, 251, 287, 289, 304, 309, 317, 320, 324, 325, 336, 346, 354, 366, 376, 409, 414, 421, 422, 423, 426, 438], [3, 9, 18, 22, 24, 25, 30, 52, 56, 63, 79, 95, 99, 102, 107, 112, 120, 134, 148, 158, 162, 179, 190, 196, 218, 221, 228, 252, 285, 293, 314, 328, 338, 344, 353, 369, 395, 398, 413, 415, 417, 420, 430, 435, 440], [1, 5, 10, 19, 20, 26, 28, 31, 34, 41, 46, 47, 55, 57, 60, 77, 78, 83, 84, 90, 93, 94, 106, 126, 128, 131, 136, 160, 165, 171, 187, 198, 214, 219, 223, 224, 245, 247, 272, 277, 283, 286, 292, 296, 297, 308, 312, 335, 352, 358, 370, 373, 374, 379, 387, 391, 393, 401, 406, 411, 419, 425, 436]], "centers": [[0.3937867844624269, -0.7055104817433998, 1.3634866566415094, 0.6203152203271421, 0.15538126760377735, 0.08307313850216369, -0.3850368834959563, 0.26033194271014165, 0.7026501977248902, 0.785390185999341], [-0.3160782863961619, 1.0654884797514652, -0.6258606646400421, -0.36298773559639697, -0.883361656647052, -0.7002818671275743, 0.007031879518595149, -0.5669295459878261, -0.8054700197529482, -0.404019947338597], [0.5106630974034587, 1.0654884797514652, 0.20996882108890175, 0.3624582405095622, -0.09223510430741201, 0.1773404813459222, -0.754848859704375, 0.5552061246581976, 0.2672905223005056, 0.282657141162725], [0.7298580745118854, -0.5878322612756489, -0.39729069577179504, -0.18677449019008457, 1.1017055908943933, 0.6243152679521413, 1.541192945642691, -0.5579944512489681, 0.0031489230285980823, -0.30785349833869435], [0.1651687872229337, -0.7679813297692542, -0.0938314950130314, 0.4531663931605476, -0.3444204410529607, -0.49148418123813775, 0.6726436688566273, -0.7736838133095474, -0.3644152886492259, 0.008840745562474711], [0.8272295025840831, 0.46428093755978705, 0.7068032458060352, 1.305505432433765, 0.6714052761203624, -0.0585654671721641, -0.8814897261054682, 1.2263493184570524, 1.9236633490057808, 1.610145413057489], [-0.07686398506119076, 0.5994361214633428, 0.5609116578833931, 0.3728690563436469, 1.636751278363857, 1.784696166785028, -0.651443775106572, 1.601566683255596, 0.9002097196984028, 0.6456526521331355], [-0.8915140927120916, -0.8494688768590638, 0.02159905858659161, -0.6543099585607368, 0.07951132306237672, 0.2790253410652874, -0.255393529785745, 0.18410291654809094, -0.12973756239435644, -0.3825995777461127], [-0.810537915989741, -0.906726738020175, -0.9314751679660354, -0.9878042949036678, -1.0009172650803946, -1.0742012220642756, 0.6773620279967003, -1.069691046573981, -0.9527673600233726, -1.026183018746465]]}