{"clusters": [[71, 91, 97, 114, 121, 129, 130, 135, 137, 138, 139, 147, 150, 159, 177, 184, 205, 207, 208, 217, 234, 249, 250, 253, 256, 262, 300, 302, 303, 310, 311, 327, 332, 360, 362, 365, 367, 382, 403, 407, 412, 416, 432], [6, 21, 42, 45, 48, 62, 64, 68, 76, 86, 88, 98, 105, 110, 133, 166, 170, 173, 174, 191, 201, 220, 222, 226, 229, 242, 243, 244, 257, 263, 264, 265, 266, 279, 281, 284, 294, 295, 298, 299, 306, 329, 331, 334, 347, 349, 351, 355, 356, 372, 381, 383, 385, 389, 396, 427, 431, 439], [0, 2, 8, 11, 13, 17, 32, 39, 44, 49, 51, 61, 65, 66, 67, 73, 74, 75, 81, 96, 103, 108, 109, 116, 118, 125, 132, 140, 142, 144, 146, 149, 153, 154, 157, 163, 176, 180, 183, 185, 195, 197, 204, 206, 209, 225, 235, 238, 240, 241, 258, 271, 275, 278, 280, 290, 301, 305, 307, 313, 316, 326, 330, 333, 337, 341, 342, 345, 357, 359, 363, 364, 375, 377, 378, 388, 392, 399, 402, 405, 410, 424, 437], [14, 35, 43, 58, 59, 72, 80, 82, 87, 100, 111, 127, 164, 178, 181, 188, 192, 199, 200, 210, 212, 237, 239, 246, 260, 261, 267, 269, 276, 282, 288, 291, 315, 318, 339, 384, 418, 429, 433, 441], [4, 12, 16, 27, 29, 33, 36, 37, 50, 53, 54, 69, 70, 85, 89, 92, 101, 104, 119, 124, 143, 145, 151, 156, 175, 189, 194, 211, 213, 227, 231, 233, 255, 259, 270, 274, 319, 340, 343, 348, 361, 380, 386, 397, 400, 404, 434], [23, 113, 117, 167, 169, 172, 215, 254, 268, 273, 321, 322, 323, 350, 368, 371, 390, 394, 408, 428], [7, 15, 38, 40, 115, 122, 123, 141, 152, 155, 161, 168, 182, 186, 193, 202, 203, 216, 230, 232, 236, 248, 251, 287, 289, 304, 309, 317, 320, 324, 325, 336, 346, 354, 366, 376, 409, 414, 421, 422, 423, 426, 438], [3, 9, 18, 22, 24, 25, 30, 52, 56, 63, 79, 95, 99, 102, 107, 112, 120, 134, 148, 158, 162, 179, 190, 196, 218, 221, 228, 252, 285, 293, 314, 328, 338, 344, 353, 369, 395, 398, 413, 415, 417, 420, 430, 435, 440], [1, 5, 10, 19, 20, 26, 28, 31, 34, 41, 46, 47, 55, 57, 60, 77, 78, 83, 84, 90, 93, 94, 106, 126, 128, 131, 136, 160, 165, 171, 187, 198, 214, 219, 223, 224, 245, 247, 272, 277, 283, 286, 292, 296, 297, 308, 312, 335, 352, 358, 370, 373, 374, 379, 387, 391, 393, 401, 406, 411, 419, 425, 436]], "centers": [[0.01873052724078504, -0.03355771147829045, 0.06485444654913022, 0.029505386139538323, 0.007390733209935552, 0.0039513862452658375, -0.01831433689394522, 0.012382727752622157, 0.03342166164158125, 0.03735720154648824], [-0.015034310919413579, 0.0506801187398187, -0.029769156026859693, -0.017265565879618285, -0.042017229186296266, -0.03330901164285256, 0.0003344723999729701, -0.026966088562942782, -0.0383123018392168, -0.0192172691619839], [0.024289766528952265, 0.0506801187398187, 0.009987198347679506, 0.0172403803666985, -0.004387176517731728, 0.008435226492626575, -0.03590449879792187, 0.02640846227573948, 0.012713713630557497, 0.013444629152749278], [0.03471580836623096, -0.02796032933879767, -0.018897191305755866, -0.008883956532885713, 0.052402791042728006, 0.029695649002489832, 0.07330707273753319, -0.026541089446647813, 0.00014977899435264418, -0.014643097646550052], [0.00785627804302734, -0.03652914669875008, -0.0044631090801710615, 0.021554927200742053, -0.01638240974041924, -0.023377518515921524, 0.03199439661252219, -0.03680038618038195, -0.01733346765387605, 0.00042051138362276684], [0.0393472948912809, 0.022083592165776395, 0.03361920199409103, 0.062096560956393584, 0.03193549227698618, -0.002785675196629428, -0.04192819053039203, 0.05833148856794309, 0.09149933462048929, 0.07658680715268437], [-0.0036560469341029075, 0.02851226868242155, 0.02667984681609273, 0.01773557237738347, 0.07785231911130502, 0.08488933983430919, -0.030986020498710024, 0.07617875858785651, 0.04281860982269672, 0.03071056486919534], [-0.042405001025831404, -0.040405114051575354, 0.001027362448903568, -0.031122350942958097, 0.0037819679616819504, 0.013271882038467155, -0.012147831403998853, 0.00875688273343011, -0.006170986540084536, -0.018198406081783178], [-0.0385533570809408, -0.043128592772912665, -0.044305755541090265, -0.046985058880315914, -0.047608779266052295, -0.05109454162974508, 0.032218826070015485, -0.050880014458658106, -0.045318521837678316, -0.04881054861427587]]}