{"clusters": [[28, 7, 49, 35, 25, 34, 9, 1, 24, 11, 30, 45, 12, 29, 2, 6, 47, 3, 41, 42, 38, 8, 13], [98, 93, 60, 57], [117, 135, 122, 118, 105, 130, 107], [76, 65, 75, 58, 74, 97, 91, 63, 73, 71, 134, 78, 61, 55], [67, 82, 92, 95, 96, 99, 79, 66, 88, 64, 94, 69, 90, 89, 80, 81, 53, 84, 59, 106], [131, 109, 125, 50, 120, 143, 144, 124, 110, 136, 100, 148], [14, 15, 18, 33, 36, 5, 16, 10, 20, 31, 48, 32, 27, 44, 46, 19, 21, 17, 0, 39, 23, 4, 43, 40, 26, 37, 22], [108, 54, 51, 132, 128, 111, 56, 103, 133, 123, 146, 126, 127, 85, 138, 83, 70, 149, 114, 142, 101, 113, 121], [129, 102, 139, 141, 52, 112, 140, 86, 145, 77, 104, 116, 147, 115, 137], [72, 87, 68, 119, 62]], "centers": [[-1.2641847816287635, -0.1319794793216258, -1.3402265266227635, -1.18381211071744], [-1.0218490407414607, -2.088651992520121, -0.2034779883507008, -0.262386820685334], [2.249683461237124, -1.0527665443562113, 1.7858319536254093, 1.448831575088577], [0.310997534138703, -0.24707786245094912, 0.5069898480693384, 0.2641419164758693], [-0.29484181807955345, -0.5923730118389186, 0.08070914621731501, 0.13250973218556866], [1.0985886920224368, 0.4435124363249903, 1.1606202575757747, 1.580463759378878], [-0.9006811702978099, 1.7095946507475455, -1.056039392054748, -1.052179926427139], [0.4321654045823549, -0.5923730118389191, 0.5922459884397431, 0.7906706536370729], [1.0380047568006114, 0.09821728693702086, 0.5354085615261401, 0.3957741007661703], [0.4321654045823549, -1.973553609390797, 0.42173370769893376, 0.3957741007661703]]}