{"clusters": [[36, 27, 28, 17, 0, 39, 23, 4, 43, 40, 26, 7, 49, 35, 37], [56, 97, 126, 127, 91, 63, 73, 85, 138, 78, 70], [109, 125, 129, 102, 120, 139, 141, 143, 144, 124, 140, 100], [133, 123, 146, 72, 68, 134, 83, 119, 149, 101, 142, 113, 121], [112, 145, 108, 110, 104, 116, 147, 115, 137, 132, 128, 111, 136, 103, 148, 114], [131, 117, 135, 122, 118, 105, 130, 107], [50, 52, 76, 86, 65, 77, 75, 58, 54, 51, 74, 87], [71, 62, 61, 67, 82, 92, 95, 96, 55, 99, 79, 66, 88, 64, 94, 69, 90, 89, 80, 81, 53, 84, 59, 98, 93, 60, 106, 57], [25, 34, 9, 1, 24, 11, 30, 45, 12, 29, 2, 22, 6, 47, 3, 41, 42, 38, 8, 13], [14, 15, 18, 33, 5, 16, 10, 20, 31, 48, 32, 44, 46, 19, 21]], "centers": [[5.0, 3.6, 1.4, 0.2], [6.1, 2.9, 4.7, 1.4], [6.9, 3.1, 5.25, 2.2], [6.0, 2.7, 5.1, 1.6], [6.4, 3.1500000000000004, 5.4, 2.05], [7.7, 2.7, 6.800000000000001, 2.15], [6.65, 3.0, 4.7, 1.5499999999999998], [5.6, 2.8, 3.9000000000000004, 1.3], [4.7, 3.2, 1.4500000000000002, 0.2], [5.4, 3.4, 1.7, 0.2]]}