{"clusters": [[14, 15, 18, 33, 36, 5, 16, 10, 20, 31, 48, 32, 27, 28, 44, 46, 19, 21, 17, 0, 39, 23, 4, 43, 40, 26, 7, 49, 35, 25, 37, 34, 9, 1, 24, 11, 30, 45, 12, 29, 2, 22, 6, 47, 3, 41, 42, 38, 8, 13], [75, 58, 74, 87, 97, 68, 91, 63, 73, 71, 134, 138, 78, 83, 119, 62, 61, 67, 82, 92, 95, 96, 55, 99, 79, 66, 88, 64, 121, 94, 69, 90, 89, 80, 81, 53, 84, 59, 98, 93, 60, 106, 57], [131, 117, 135, 122, 118, 105, 130, 107, 109, 125, 129, 102, 50, 120, 139, 141, 52, 143, 112, 76, 144, 124, 140, 86, 65, 145, 77, 108, 110, 104, 116, 147, 54, 115, 51, 137, 132, 128, 111, 136, 100, 56, 103, 133, 123, 146, 72, 148, 126, 127, 85, 70, 149, 114, 142, 101, 113]], "centers": [[-1.0218490407414607, 0.9039059688422832, -1.311807813165962, -1.1179960185722895], [-0.1736739476359015, -0.36217624558027245, 0.25122142695812444, 0.13250973218556866], [0.7956690159133086, 0.3284140531956675, 0.7627582691805523, 1.0539350222176747]]}