{"clusters": [[14, 15, 18, 33, 36, 5, 16, 10, 20, 31, 48, 32, 27, 44, 46, 19, 21, 17, 0, 39, 23, 4, 43, 40, 26, 37, 22], [50, 139, 141, 52, 112, 76, 144, 124, 140, 86, 65, 145, 77, 108, 75, 58, 110, 104, 116, 147, 54, 115, 51, 137, 132, 128, 111, 136, 100, 56, 103, 133, 123, 146, 72, 148, 126, 68, 127, 134, 138, 83, 119, 70, 149, 114, 142, 101, 113, 121], [131, 117, 135, 122, 118, 105, 130, 107, 109, 125, 129, 102, 120, 143], [74, 87, 97, 91, 63, 73, 71, 85, 78, 62, 61, 67, 82, 92, 95, 96, 55, 99, 79, 66, 88, 64, 94, 69, 90, 89, 80, 81, 53, 84, 59, 98, 93, 60, 106, 57], [28, 7, 49, 35, 25, 34, 9, 1, 24, 11, 30, 45, 12, 29, 2, 6, 47, 3, 41, 42, 38, 8, 13]], "centers": [[-0.9006811702978099, 1.7095946507475455, -1.056039392054748, -1.052179926427139], [0.6745011454696578, -0.5923730118389191, 1.0469454037485681, 1.2513832986531261], [1.8255959146843446, -0.4772746287095958, 1.387969965230187, 0.8564867457822233], [-0.1736739476359015, -0.8225697780975652, 0.023871719303711694, -0.06493854424988266], [-1.2641847816287635, -0.1319794793216258, -1.3402265266227635, -1.18381211071744]]}