{"clusters": [[14, 15, 18, 33, 36, 5, 16, 10, 20, 31, 48, 32, 27, 44, 46, 19, 21, 17, 0, 39, 23, 4, 43, 40, 26, 37, 22], [50, 51, 136, 100, 56, 148, 127, 91, 85, 138, 78, 70, 149, 61], [131, 117, 135, 122, 118, 105, 130, 107, 109, 125, 129, 102, 120, 143], [139, 141, 52, 112, 76, 144, 124, 140, 86, 65, 145, 77, 108, 75, 58, 110, 104, 116, 147, 54, 115, 137, 132, 128, 111, 103, 133, 123, 146, 72, 126, 68, 134, 83, 119, 114, 101, 142, 113], [28, 7, 49, 35, 25, 34, 9, 1, 24, 11, 30, 45, 12, 29, 2, 6, 47, 3, 41, 42, 38, 8, 13], [74, 87, 97, 63, 73, 71, 62, 67, 82, 92, 95, 96, 55, 99, 79, 66, 88, 64, 121, 94, 69, 90, 89, 80, 81, 53, 84, 59, 98, 93, 60, 106, 57]], "centers": [[-0.9006811702978099, 1.7095946507475455, -1.056039392054748, -1.052179926427139], [0.310997534138703, -0.1319794793216258, 0.5638272749829416, 0.5274062850564711], [1.8255959146843446, -0.4772746287095958, 1.387969965230187, 0.8564867457822233], [0.7956690159133086, -0.5923730118389191, 0.4785711346125367, 0.3957741007661703], [-1.2641847816287635, -0.1319794793216258, -1.3402265266227635, -1.18381211071744], [-0.29484181807955345, -0.1319794793216258, 0.194384000044521, 0.13250973218556866]]}