{"clusters": [[14, 15, 18, 33, 36, 5, 16, 10, 20, 31, 48, 32, 27, 28, 44, 46, 19, 21, 17, 0, 39, 23, 4, 43, 40, 26, 7, 49, 35, 25, 37, 34, 9, 1, 24, 11, 30, 45, 12, 29, 2, 22, 6, 47, 3, 41, 42, 38, 8, 13], [120, 139, 141, 52, 143, 112, 144, 124, 140, 145, 77, 108, 110, 104, 116, 147, 115, 137, 132, 128, 111, 136, 100, 103, 146, 148, 114], [56, 133, 123, 72, 126, 68, 127, 91, 63, 73, 134, 85, 138, 78, 83, 119, 62, 70, 149, 61, 67, 82, 92, 95, 96], [101, 142, 55, 99, 79, 113, 66, 88, 64, 121, 94, 69, 90, 89, 80, 81, 53, 84, 59, 98, 93, 60, 106, 57], [50, 76, 86, 65, 75, 58, 54, 51, 74, 87, 97, 71], [131, 117, 135, 122, 118, 105, 130, 107, 109, 125, 129, 102]], "centers": [[5.0, 3.45, 1.4500000000000002, 0.35], [6.5, 3.0, 5.8, 2.2], [6.0, 3.0, 4.8, 1.8], [5.55, 2.55, 4.15, 1.15], [6.55, 2.8499999999999996, 4.6, 1.4], [7.5, 2.9, 6.35, 2.0]]}