{"clusters": [[28, 7, 49, 35, 25, 34, 9, 1, 24, 11, 30, 45, 12, 29, 2, 6, 47, 3, 41, 42, 38, 8, 13], [76, 108, 133, 146, 72, 87, 68, 73, 134, 83, 119, 62, 101, 142, 92, 113], [131, 117, 135, 122, 118, 105, 130], [86, 77, 58, 110, 104, 116, 147, 54, 115, 51, 137, 132, 128, 111, 136, 100, 56, 103, 123, 148, 126, 127, 138, 70, 149, 114], [65, 75, 74, 97, 91, 63, 71, 85, 78, 61, 67, 82, 95, 96, 55, 99, 79, 66, 88, 64, 121, 94, 69, 90, 89, 80, 81, 53, 84, 59, 98, 93, 60, 106, 57], [107, 109, 125, 129, 102, 50, 120, 139, 141, 52, 143, 112, 144, 124, 140, 145], [14, 15, 18, 33, 36, 5, 16, 10, 20, 31, 48, 32, 27, 44, 46, 19, 21, 17, 0, 39, 23, 4, 43, 40, 26, 37, 22]], "centers": [[-1.2641847816287635, -0.1319794793216258, -1.3402265266227635, -1.18381211071744], [0.310997534138703, -0.8225697780975652, 0.7911769826373541, 0.1325097321855685], [2.249683461237124, -0.5923730118389191, 1.672157099798203, 1.0539350222176747], [0.6745011454696578, -0.7074713949682419, 0.9616892633781635, 1.0539350222176747], [-0.29484181807955345, -0.1319794793216258, 0.42173370769893376, 0.3957741007661703], [1.2803404976879142, 0.09821728693702086, 0.8480144095509572, 1.3171993907982764], [-0.9006811702978099, 1.7095946507475455, -1.056039392054748, -1.052179926427139]]}