{"clusters": [[14, 15, 18, 33, 36, 5, 16, 10, 20, 31, 48, 32, 27, 28, 44, 46, 19, 21, 17, 0, 39, 23, 4, 43, 40, 26, 7, 49, 35, 25, 37, 34, 9, 1, 24, 11, 30, 45, 12, 29, 2, 22, 6, 47, 3, 41, 42, 38, 8, 13], [109, 125, 129, 102, 50, 52, 108], [120, 139, 141, 143, 112, 144, 124, 140, 145, 104, 116, 147, 115, 137, 132, 128, 136, 100, 103, 148, 134, 114], [95, 96, 55, 79, 66, 88, 94, 69, 90, 89, 80, 81, 53, 84, 59, 98, 93, 60, 106, 57], [65, 75, 58, 54, 51, 74, 87, 97, 91, 63, 73, 71, 85, 78, 62, 61, 67, 82, 92, 99, 64], [131, 117, 135, 122, 118, 105, 130, 107], [76, 86, 77, 110, 111, 56, 133, 123, 146, 72, 126, 68, 127, 138, 83, 119, 70, 149, 142, 101, 113, 121]], "centers": [[5.0, 3.45, 1.4500000000000002, 0.35], [7.1, 3.0, 5.9, 2.1], [6.5, 3.0, 5.35, 1.9], [5.5, 2.45, 3.9, 1.2000000000000002], [6.1, 2.8, 4.7, 1.2], [7.7, 2.7, 6.800000000000001, 2.15], [6.2, 2.5, 4.65, 1.65]]}