{"clusters": [[28, 7, 49, 35, 25, 34, 9, 1, 24, 11, 30, 45, 12, 29, 2, 6, 47, 3, 41, 42, 38, 8, 13], [109, 120, 141, 143, 144, 124, 140, 115, 136, 100, 148], [131, 117, 135, 122, 118, 105, 130, 107], [58, 74, 97, 71, 67, 82, 92, 95, 96, 55, 99, 66, 88, 64, 94, 90, 84, 59, 106], [87, 62, 79, 69, 89, 80, 81, 53, 98, 93, 60, 57], [125, 129, 102, 50, 139, 52, 112, 86, 65, 145, 77, 108, 75, 110, 104, 116, 147, 51, 137, 132, 128, 111, 103, 146, 127, 149], [14, 15, 18, 33, 36, 5, 16, 10, 20, 31, 48, 32, 27, 44, 46, 19, 21, 17, 0, 39, 23, 4, 43, 40, 26, 37, 22], [76, 54, 56, 133, 123, 72, 126, 68, 91, 63, 73, 134, 85, 138, 78, 83, 119, 70, 61, 114, 101, 142, 113, 121]], "centers": [[-1.2641847816287635, -0.1319794793216258, -1.3402265266227635, -1.18381211071744], [1.0380047568006114, 0.5586108194543131, 1.1037828306621715, 1.1855672065079756], [2.249683461237124, -0.8225697780975652, 1.728994526711806, 1.251383298653126], [-0.1736739476359015, -0.5923730118389191, 0.42173370769893376, 0.13250973218556866], [-0.4160096885232043, -1.5131600768735047, -0.00454699415308977, -0.19657072854018348], [0.856252951135134, 0.09821728693702086, 0.5638272749829416, 0.659038469346772], [-0.9006811702978099, 1.7095946507475455, -1.056039392054748, -1.052179926427139], [0.2504135989168776, -0.13197947932162574, 0.734339555723751, 0.39577410076617026]]}