{"clusters": [[14, 15, 18, 33, 36, 5, 16, 10, 20, 31, 48, 32, 27, 28, 44, 46, 19, 21, 17, 0, 39, 23, 4, 43, 40, 26, 7, 49, 35, 25, 37, 34, 9, 1, 24, 11, 30, 45, 12, 29, 2, 22, 6, 47, 3, 41, 42, 38, 8, 13], [146, 72, 68, 134, 83, 119, 101, 142, 113], [109, 125, 129, 102, 120, 139, 141, 52, 143, 112, 144, 124, 140, 108, 137], [74, 87, 97, 91, 63, 73, 71, 85, 78, 61, 95, 96, 55, 99, 66, 84], [145, 77, 110, 104, 116, 147, 115, 132, 128, 111, 136, 100, 103, 148, 127, 138, 70, 149, 114, 121], [131, 117, 135, 122, 118, 105, 130, 107], [50, 76, 86, 65, 75, 58, 54, 51, 56, 133, 123, 126], [62, 67, 82, 92, 79, 88, 64, 94, 69, 90, 89, 80, 81, 53, 59, 98, 93, 60, 106, 57]], "centers": [[5.0, 3.45, 1.4500000000000002, 0.35], [6.0, 2.7, 5.1, 1.6], [6.9, 3.1, 4.9, 1.5], [6.0, 3.15, 4.5, 1.55], [6.35, 3.05, 5.449999999999999, 2.15], [7.7, 2.7, 6.800000000000001, 2.15], [6.55, 2.8499999999999996, 4.6, 1.4], [5.5, 2.55, 4.2, 1.25]]}