{"clusters": [[49, 35, 25, 34, 9, 1, 30, 45, 12, 29, 2, 6, 47, 3, 42, 38, 8, 13], [50, 52, 76, 86, 65, 75, 58, 54, 51, 74, 111, 56, 133, 123, 146, 72, 97, 126, 127, 91, 63, 73, 71, 134, 85, 138, 78, 83, 70, 61, 142, 101, 67, 82, 92, 95, 96, 55, 99, 113, 66, 88, 121, 94, 84, 59], [131, 117, 109], [79, 64, 69, 90, 89, 80, 81, 53, 98, 93, 60, 106, 57], [41], [102, 120, 139, 141, 143, 112, 144, 124, 140, 145, 77, 110, 104, 116, 147, 115, 137, 132, 128, 136, 100, 103, 148, 149, 114], [14, 15, 18, 33, 36, 5, 16, 10, 20, 31, 48, 32, 27, 28, 44, 46, 19, 21, 17, 0, 39, 23, 4, 43, 40, 26, 7, 37, 24, 11, 22], [135, 122, 118, 105, 130, 107, 125, 129, 108], [87, 68, 119, 62]], "centers": [[-1.3247687168505888, 0.09821728693702086, -1.2833890997091604, -1.3812603871528912], [0.310997534138703, -0.8225697780975652, 0.5922459884397431, 0.198325824330719], [2.249683461237124, 1.7095946507475455, 1.672157099798203, 1.3171993907982766], [-0.4160096885232043, -1.5131600768735047, -0.03296570760989124, -0.262386820685334], [-1.6276883929597172, -1.7433568431321513, -1.3970639535363667, -1.18381211071744], [0.7956690159133086, -0.1319794793216258, 1.1606202575757745, 1.3171993907982766], [-0.9006811702978099, 1.7095946507475455, -1.2265516727955572, -1.3154442950077407], [1.8861798499061706, -0.5923730118389191, 1.3311325383165837, 0.9223028379273737], [0.3109975341387035, -1.973553609390797, 0.5638272749829416, 0.3957741007661703]]}