{"clusters": [[14, 15, 18, 33, 36, 5, 16, 10, 20, 31, 48, 32, 27, 28, 44, 46, 19, 21, 17, 0, 4], [62, 61, 67, 82, 92, 95, 96, 55, 99, 79, 66, 88, 64, 94, 69, 90, 89, 80, 81, 53, 84, 59, 98, 93, 60, 106, 57], [109, 125, 129, 102, 120, 143, 144, 124, 140, 136, 100], [133, 72, 126, 127, 134, 85, 138, 83, 119, 70, 149, 114, 101, 142, 113, 121], [139, 141, 112, 145, 110, 104, 116, 147, 115, 137, 132, 128, 148], [131, 117, 135, 122, 118, 105, 130, 107], [50, 52, 76, 86, 65, 75, 58, 54, 51, 74, 56, 87, 97, 68, 91, 63, 73, 71, 78], [77, 108, 111, 103, 123, 146], [39, 23, 43, 40, 26, 7, 49, 35, 25, 37, 34, 9, 1, 24, 11, 30, 45, 12, 29, 2, 22, 6, 47, 3, 41, 42, 38, 8, 13]], "centers": [[5.3, 3.7, 1.5, 0.2], [5.6, 2.7, 4.2, 1.3], [6.8, 3.2, 5.9, 2.3], [6.0, 2.45, 5.05, 1.55], [6.5, 3.0, 5.5, 1.8], [7.7, 2.7, 6.800000000000001, 2.15], [6.4, 2.9, 4.3, 1.3], [6.35, 2.8, 5.449999999999999, 1.85], [4.8, 3.4, 1.6, 0.2]]}