{"clusters": [[105, 107, 108, 118, 122, 129, 130, 135], [1, 2, 3, 8, 9, 12, 13, 23, 25, 29, 30, 34, 35, 38, 42, 45, 47, 49], [61, 63, 64, 66, 70, 71, 73, 78, 84, 88, 91, 95, 96, 97, 99, 127, 138, 149], [0, 4, 6, 7, 11, 17, 20, 22, 24, 26, 27, 28, 31, 36, 37, 39, 40, 43], [41, 53, 57, 59, 60, 62, 67, 68, 69, 79, 80, 81, 82, 87, 89, 90, 92, 93, 94, 98, 106, 119], [5, 10, 14, 15, 16, 18, 19, 21, 32, 33, 44, 46, 48], [102, 104, 112, 116, 125, 128, 132, 139, 140, 141, 145, 147], [56, 85, 100, 109, 110, 115, 117, 120, 124, 131, 136, 137, 143, 144, 148], [55, 72, 83, 101, 103, 111, 113, 114, 121, 123, 126, 133, 134, 142, 146], [50, 51, 52, 54, 58, 65, 74, 75, 76, 77, 86]], "centers": [[1.8861798499061706, -0.5923730118389191, 1.3311325383165837, 0.9223028379273737], [-1.2641847816287635, 0.09821728693702086, -1.2265516727955572, -1.3154442950077407], [0.06866179325140129, -0.1319794793216258, 0.25122142695812444, 0.3957741007661703], [-0.9006811702978099, 1.0190043519716065, -1.3402265266227635, -1.18381211071744], [-0.29484181807955345, -1.282963310614858, 0.08070914621731488, -0.13075463639503299], [-0.5371775589668552, 1.939791417006192, -1.169714245881954, -1.052179926427139], [1.1591726272442622, -0.1319794793216258, 0.9901079768349651, 1.1855672065079756], [1.0380047568006114, 0.5586108194543131, 1.1037828306621715, 1.1855672065079756], [0.18982966369505214, -0.8225697780975647, 0.7627582691805523, 0.5274062850564712], [0.9168368863569595, -0.1319794793216258, 0.3648962807853308, 0.2641419164758693]]}