{"clusters": [[50, 51, 52, 56, 76, 77, 85, 86, 100, 102, 104, 105, 107, 109, 110, 112, 115, 116, 117, 118, 120, 122, 124, 125, 129, 130, 131, 132, 135, 136, 137, 139, 140, 141, 143, 144, 145, 147, 148], [0, 1, 2, 3, 6, 7, 8, 9, 11, 12, 13, 17, 20, 22, 23, 24, 25, 26, 27, 28, 29, 30, 31, 34, 35, 36, 38, 39, 40, 42, 43, 45, 47, 49], [41, 53, 54, 55, 57, 58, 59, 60, 61, 62, 63, 64, 65, 66, 67, 68, 69, 70, 71, 72, 73, 74, 75, 78, 79, 80, 81, 82, 83, 84, 87, 88, 89, 90, 91, 92, 93, 94, 95, 96, 97, 98, 99, 101, 103, 106, 108, 111, 113, 114, 119, 121, 123, 126, 127, 128, 133, 134, 138, 142, 146, 149], [4, 5, 10, 14, 15, 16, 18, 19, 21, 32, 33, 37, 44, 46, 48]], "centers": [[1.2803404976879142, 0.09821728693702086, 0.9332705499213622, 1.1855672065079756], [-1.0218490407414607, 0.5586108194543131, -1.3402265266227635, -1.3154442950077407], [0.18982966369505214, -0.8225697780975647, 0.7627582691805523, 0.5274062850564712], [-0.5371775589668552, 1.939791417006192, -1.169714245881954, -1.052179926427139]]}