{"clusters": [[76, 102, 105, 107, 108, 118, 122, 129, 130, 135], [1, 2, 3, 8, 9, 12, 13, 23, 25, 29, 30, 34, 35, 38, 42, 45, 47, 49], [54, 55, 58, 61, 63, 64, 66, 70, 71, 73, 74, 75, 78, 82, 83, 84, 88, 91, 95, 96, 97, 99, 101, 103, 111, 113, 121, 123, 126, 127, 128, 133, 134, 138, 142, 146, 149], [5, 10, 14, 15, 16, 18, 19, 21, 32, 33, 44, 46, 48], [41, 53, 57, 59, 60, 62, 67, 68, 69, 72, 79, 80, 81, 87, 89, 90, 92, 93, 94, 98, 106, 119], [0, 4, 6, 7, 11, 17, 20, 22, 24, 26, 27, 28, 31, 36, 37, 39, 40, 43], [50, 51, 52, 56, 65, 77, 85, 86, 100, 104, 109, 110, 112, 114, 115, 116, 117, 120, 124, 125, 131, 132, 136, 137, 139, 140, 141, 143, 144, 145, 147, 148]], "centers": [[1.8861798499061706, -0.5923730118389191, 1.3311325383165837, 0.9223028379273737], [-1.2641847816287635, 0.09821728693702086, -1.2265516727955572, -1.3154442950077407], [0.18982966369505214, -0.36217624558027245, 0.42173370769893376, 0.3957741007661703], [-0.5371775589668552, 1.939791417006192, -1.169714245881954, -1.052179926427139], [-0.29484181807955345, -1.282963310614858, 0.08070914621731488, -0.13075463639503299], [-0.9006811702978099, 1.0190043519716065, -1.3402265266227635, -1.18381211071744], [0.7956690159133086, 0.3284140531956675, 0.7627582691805523, 1.0539350222176747]]}