{"clusters": [[100, 102, 104, 105, 107, 112, 115, 118, 120, 122, 124, 125, 130, 135, 136, 139, 140, 141, 143, 144, 145, 148], [1, 2, 3, 8, 9, 12, 13, 23, 25, 29, 30, 34, 35, 38, 42, 45, 47, 49], [55, 61, 63, 64, 66, 70, 71, 73, 74, 78, 82, 83, 84, 88, 91, 95, 96, 97, 99, 101, 108, 111, 113, 121, 123, 126, 127, 133, 134, 138, 142, 146, 149], [0, 4, 6, 7, 11, 17, 20, 22, 24, 26, 27, 28, 31, 36, 37, 39, 40, 43], [41, 53, 57, 59, 60, 62, 67, 68, 69, 72, 79, 80, 81, 87, 89, 90, 92, 93, 94, 98, 106, 119], [5, 10, 14, 15, 16, 18, 19, 21, 32, 33, 44, 46, 48], [50, 51, 52, 54, 56, 58, 65, 75, 76, 77, 85, 86, 103, 110, 114, 116, 128, 129, 132, 137, 147], [109, 117, 131]], "centers": [[1.2803404976879142, 0.09821728693702086, 0.9332705499213622, 1.1855672065079756], [-1.2641847816287635, 0.09821728693702086, -1.2265516727955572, -1.3154442950077407], [0.18982966369505214, -0.36217624558027245, 0.42173370769893376, 0.3957741007661703], [-0.9006811702978099, 1.0190043519716065, -1.3402265266227635, -1.18381211071744], [-0.29484181807955345, -1.282963310614858, 0.08070914621731488, -0.13075463639503299], [-0.5371775589668552, 1.939791417006192, -1.169714245881954, -1.052179926427139], [1.0380047568006114, -0.1319794793216258, 0.7059208422669494, 0.659038469346772], [2.249683461237124, 1.7095946507475455, 1.672157099798203, 1.3171993907982766]]}