{"clusters": [[102, 105, 107, 118, 122, 129, 130, 135], [1, 2, 3, 8, 9, 12, 13, 23, 25, 29, 30, 34, 35, 38, 42, 45, 47, 49], [55, 61, 63, 64, 66, 70, 71, 73, 78, 82, 84, 88, 91, 95, 96, 97, 99, 101, 121, 127, 133, 138, 142, 149], [0, 4, 6, 7, 11, 17, 20, 22, 24, 26, 27, 28, 31, 36, 37, 39, 40, 43], [41, 53, 57, 59, 60, 62, 67, 68, 69, 79, 80, 81, 87, 89, 90, 92, 93, 94, 98, 106, 119], [5, 10, 14, 15, 16, 18, 19, 21, 32, 33, 44, 46, 48], [50, 51, 52, 56, 58, 65, 74, 75, 77, 85, 86, 116, 137], [100, 104, 109, 110, 112, 115, 117, 120, 124, 125, 131, 136, 139, 140, 141, 143, 144, 145, 147, 148], [54, 72, 76, 83, 103, 108, 111, 113, 114, 123, 126, 128, 132, 134, 146]], "centers": [[1.8861798499061706, -0.5923730118389191, 1.3311325383165837, 0.9223028379273737], [-1.2641847816287635, 0.09821728693702086, -1.2265516727955572, -1.3154442950077407], [0.18982966369505214, -0.36217624558027245, 0.42173370769893376, 0.3957741007661703], [-0.9006811702978099, 1.0190043519716065, -1.3402265266227635, -1.18381211071744], [-0.29484181807955345, -1.282963310614858, 0.08070914621731488, -0.13075463639503299], [-0.5371775589668552, 1.939791417006192, -1.169714245881954, -1.052179926427139], [1.0380047568006114, 0.09821728693702086, 0.5354085615261401, 0.3957741007661703], [1.1591726272442622, 0.3284140531956675, 1.2174576844893779, 1.448831575088577], [0.5533332750260058, -0.8225697780975647, 0.6490834153533465, 0.7906706536370729]]}