{"clusters": [[67, 72, 74, 89, 101, 102, 103, 104, 106, 108, 111, 116, 117, 119, 125, 128], [2, 4, 7, 15, 16, 17, 24, 25, 28, 30, 33, 34, 36, 53, 71, 73, 121], [21, 43, 79, 84, 109, 110, 120, 122, 123, 124, 126, 129], [70, 96, 130, 131, 132, 133, 144, 150, 152, 163, 170], [0, 3, 5, 9, 19, 20, 35, 39, 40, 42, 44, 45, 46, 47, 48, 49, 52, 54, 55, 56, 58, 95], [64, 77, 82, 86, 87, 88, 90, 91, 92, 105, 107, 112, 113, 114, 127], [147, 148, 149, 151, 153, 154, 155, 156, 157, 158, 159, 160, 164, 166, 167, 168, 169, 171, 172, 173, 174, 175, 176, 177], [1, 6, 8, 10, 11, 12, 13, 14, 18, 22, 23, 26, 27, 29, 31, 32, 37, 38, 41, 50, 51, 57], [60, 61, 68, 83, 118, 134, 135, 136, 137, 138, 139, 140, 141, 142, 143, 145, 146, 161, 162, 165], [59, 62, 63, 65, 66, 69, 75, 76, 78, 80, 81, 85, 93, 94, 97, 98, 99, 100, 115]], "centers": [[-1.4583760247172106, -0.7776889532716563, -1.3762974599528979, 0.39188878488074474, -0.9648417481818228, -0.5049144749628479, -0.4309724564820919, -0.4984069930335465, -0.10669995489565665, -1.3444663873102858, -0.03268320863498142, 1.0145783054514812, -0.8021525042577439], [1.0739171535807333, -0.39169380066538834, 1.584528678155252, -0.028510204324083955, 0.5096384050085506, 1.0493471268750079, 0.9444619531203581, 0.06563943141676974, 0.2962793950515865, -0.24141293075762868, 1.2835184060769986, 1.1134493025258236, 0.535334865956787], [-1.3966127764660425, 1.7716743802209047, 0.08583890454495459, 0.4519457833385771, -1.2456951106942749, 0.905137287529227, 1.004699956460611, -1.2236095387553816, 2.3111761447878028, -0.9767819017927336, -0.9101509517763011, 1.4524355782092837, -1.168369284197437], [-0.1489951617924188, 0.5867590280342218, 0.12239231365740011, 0.1516607910494142, 0.2989983831242116, -1.594499927797633, -0.8124798109703628, -0.9818753568481032, -1.3331588460394403, 0.1479000539080152, -0.9540243389333672, -1.6831874718627207, -0.690695223406533], [1.5062598913389207, -0.5712264297845827, -0.24314177746706322, -0.9593936804204882, 1.2819851519177938, 1.44993001394662, 0.9745809547904846, -0.8207192355765842, 0.7693421102070456, 0.5718186372106048, -0.07655659579204746, 0.9863294491445262, 0.7104820215801185], [-1.2360283310130011, -0.7417824274478174, 0.1954991318822928, 0.75223077562774, -0.9648417481818228, -1.354150195554666, -0.7823608093002362, 1.1131542196816426, 0.06850845812488364, -0.6307259154232724, 0.40605066293567893, 0.05411719101501135, -0.945454722495015], [0.3945214228178712, 0.8111748144332148, 0.049285495432507445, 0.6020882794831586, -0.5435617044131447, -0.5850310523771705, -1.274304503245638, 0.7102639165028455, -0.5972835113531701, 1.4542614024527307, -1.787618694917621, -1.4006989087931705, -0.30855597477380986], [0.9256853577779276, -0.5442965354167035, 0.15894572276984725, -1.0494791781072375, -0.7542017262974837, 0.4885310849747506, 0.7336289414294712, -0.5789850536693061, 0.38388360156185686, 0.23441405050038017, 0.8447845345063383, 0.40722789485194877, 1.8250548300922276], [0.604516466871847, 1.1253569153918048, -0.6452292777039721, 0.0015182949048327598, -0.8244150669255967, -1.0817538323459692, -1.5554151855001532, 1.757778704767718, -1.2455546395291701, 0.277671048796563, -0.6469106288339049, -1.1182103457236205, -0.5314705364762317], [-0.8778014911562196, -0.8315487420074148, -1.4128508690653443, -1.0494791781072375, -1.035055088809936, 0.40841450756042774, 0.47259759362170717, -0.5789850536693061, 0.31380023635364057, -0.9335249034965509, 1.1957716317628666, 0.18123704439630925, -1.0155135847443477]]}