{"clusters": [[59, 60, 61, 62, 64, 67, 68, 70, 72, 75, 76, 77, 82, 83, 86, 87, 88, 89, 90, 91, 92, 96, 101, 102, 103, 105, 106, 107, 108, 111, 112, 113, 114, 116, 117, 118, 119, 122, 123, 125, 126, 127, 128, 129, 130, 131, 132, 133, 134, 135, 136, 137, 138, 139, 140, 141, 142, 143, 144, 145, 146, 147, 148, 149, 150, 151, 152, 153, 154, 155, 156, 157, 159, 160, 161, 162, 163, 164, 165, 166, 167, 168, 169, 170, 171, 172, 173, 174, 175, 176, 177], [0, 1, 2, 3, 4, 5, 6, 7, 8, 9, 10, 11, 12, 13, 14, 15, 16, 17, 18, 19, 20, 21, 22, 23, 24, 25, 26, 27, 28, 29, 30, 31, 32, 33, 34, 35, 36, 37, 38, 39, 40, 41, 42, 43, 44, 45, 46, 47, 48, 49, 50, 51, 52, 53, 54, 55, 56, 57, 58, 63, 65, 66, 69, 71, 73, 74, 78, 79, 80, 81, 84, 85, 93, 94, 95, 97, 98, 99, 100, 104, 109, 110, 115, 120, 121, 124, 158]], "centers": [[-0.9889753380083244, 0.6226655538580603, -0.17003495924217055, -0.14862420123974868, -0.2627083419006926, -1.6746165052119557, -1.5453755182767777, 0.30737361332404833, -1.5083672590599808, 0.19115705220419768, -1.305011436189895, -1.1040859175701432, -0.7543850981786535], [1.3580280955361128, -0.15830138281043532, -0.24314177746706322, -0.44890919352891157, 0.36921172375232464, 1.0493471268750079, 1.2958503059385018, -1.143031478119622, 1.3825715557789375, 0.29929954794465424, 1.2835184060769986, 0.7885874549958412, 2.4301086404273726]]}