{"clusters": [[60, 68, 70, 77, 82, 86, 87, 88, 89, 90, 91, 92, 96, 102, 105, 107, 109, 112, 113, 114, 119, 120, 121, 122, 127, 128, 129], [0, 1, 2, 3, 4, 5, 6, 7, 8, 9, 10, 11, 12, 13, 14, 15, 16, 17, 18, 19, 20, 21, 22, 23, 24, 25, 26, 27, 28, 29, 30, 31, 32, 33, 34, 35, 36, 37, 39, 40, 41, 42, 43, 44, 45, 46, 47, 48, 49, 50, 51, 52, 53, 54, 55, 56, 57, 58, 73, 95], [61, 83, 118, 123, 130, 131, 132, 133, 134, 135, 136, 137, 138, 139, 140, 141, 142, 143, 144, 145, 146, 147, 148, 149, 150, 151, 152, 153, 154, 155, 156, 157, 158, 159, 160, 161, 162, 163, 164, 165, 166, 167, 168, 169, 170, 171, 172, 173, 174, 175, 176, 177], [38, 59, 62, 63, 64, 65, 66, 67, 69, 71, 72, 74, 75, 76, 78, 79, 80, 81, 84, 85, 93, 94, 97, 98, 99, 100, 101, 103, 104, 106, 108, 110, 111, 115, 116, 117, 124, 125, 126]], "centers": [[-1.6807237184214199, -0.24806769737003262, 0.3417127683320781, 0.6321167787120753, -1.1052684294380488, -0.5529844214114414, -0.3406154514717122, 0.9519980984101236, -0.42207509833262946, -0.9767819017927336, 0.18668372715034875, 0.19536147254978645, -0.21302116261562906], [1.4815545920384512, -0.5173666410488243, 0.3051593592196326, -1.2897071719385678, 0.8607051081491157, 1.5620932223266712, 1.366127976502131, -0.1760947504905084, 0.6642170623947216, 0.7318695309064807, 0.40605066293567893, 0.3366057540845615, 2.239039016111011], [0.3945214228178712, 0.8111748144332148, 0.049285495432507445, 0.6020882794831586, -0.5435617044131447, -0.5850310523771705, -1.274304503245638, 0.7102639165028455, -0.5972835113531701, 1.4542614024527307, -1.787618694917621, -1.4006989087931705, -0.30855597477380986], [-1.2360283310130011, -1.271403683349441, -1.3397440508404517, -0.14862420123974868, -0.9648417481818228, 0.20011140628318952, 0.23164558026069385, -0.4984069930335465, -0.28190836791619733, -1.1065528966812814, 1.8538724391188561, 0.7179653142284539, -1.4931876455352515]]}