{"clusters": [[21, 41, 43, 79, 84, 99, 102, 109, 110, 119, 120, 121, 122, 123, 124, 126, 129], [61, 83, 118, 130, 131, 132, 133, 134, 135, 136, 137, 138, 139, 140, 141, 142, 143, 144, 145, 146, 147, 148, 149, 150, 151, 152, 153, 154, 155, 156, 157, 158, 159, 160, 161, 162, 163, 164, 165, 166, 167, 168, 169, 170, 171, 172, 173, 174, 175, 176, 177], [60, 64, 68, 70, 77, 82, 86, 87, 88, 89, 90, 91, 92, 96, 105, 107, 112, 113, 114, 127, 128], [38, 59, 62, 63, 65, 66, 67, 69, 71, 72, 74, 75, 76, 78, 80, 81, 85, 93, 94, 97, 98, 100, 101, 103, 104, 106, 108, 111, 115, 116, 117, 125], [0, 1, 2, 3, 4, 5, 6, 7, 8, 9, 10, 11, 12, 13, 14, 15, 16, 17, 18, 19, 20, 22, 23, 24, 25, 26, 27, 28, 29, 30, 31, 32, 33, 34, 35, 36, 37, 39, 40, 42, 44, 45, 46, 47, 48, 49, 50, 51, 52, 53, 54, 55, 56, 57, 58, 73, 95]], "centers": [[-1.3966127764660425, 1.7716743802209047, 0.08583890454495459, 0.4519457833385771, -1.2456951106942749, 0.905137287529227, 1.004699956460611, -1.2236095387553816, 2.3111761447878028, -0.9767819017927336, -0.9101509517763011, 1.4524355782092837, -1.168369284197437], [0.3945214228178712, 0.8111748144332148, 0.049285495432507445, 0.6020882794831586, -0.5435617044131447, -0.5850310523771705, -1.274304503245638, 0.7102639165028455, -0.5972835113531701, 1.4542614024527307, -1.787618694917621, -1.4006989087931705, -0.30855597477380986], [-1.2360283310130011, -0.7417824274478174, 0.1954991318822928, 0.75223077562774, -0.9648417481818228, -1.354150195554666, -0.7823608093002362, 1.1131542196816426, 0.06850845812488364, -0.6307259154232724, 0.40605066293567893, 0.05411719101501135, -0.945454722495015], [-1.2360283310130011, -1.271403683349441, -1.3397440508404517, -0.14862420123974868, -0.9648417481818228, 0.20011140628318952, 0.23164558026069385, -0.4984069930335465, -0.28190836791619733, -1.1065528966812814, 1.8538724391188561, 0.7179653142284539, -1.4931876455352515], [1.4815545920384512, -0.5173666410488243, 0.3051593592196326, -1.2897071719385678, 0.8607051081491157, 1.5620932223266712, 1.366127976502131, -0.1760947504905084, 0.6642170623947216, 0.7318695309064807, 0.40605066293567893, 0.3366057540845615, 2.239039016111011]]}