{"clusters": [[21, 43, 79, 84, 99, 102, 109, 110, 119, 120, 121, 122, 123, 124, 126], [2, 4, 5, 7, 15, 16, 17, 18, 25, 26, 28, 30, 31, 32, 33, 34, 36, 37, 45, 53, 57, 73, 95], [61, 68, 70, 77, 96, 118, 129, 130, 131, 132, 133, 134, 135, 136, 138, 140, 141, 144, 146, 154, 163, 167, 170, 171], [59, 62, 63, 65, 66, 67, 69, 71, 72, 74, 75, 76, 78, 80, 81, 85, 93, 94, 97, 98, 100, 101, 103, 104, 106, 108, 111, 115, 116, 117, 125], [0, 1, 3, 6, 8, 9, 10, 11, 12, 13, 14, 19, 20, 22, 23, 24, 27, 29, 35, 38, 39, 40, 41, 42, 44, 46, 47, 48, 49, 50, 51, 52, 54, 55, 56, 58], [83, 137, 139, 142, 143, 145, 147, 148, 149, 150, 151, 152, 153, 155, 156, 157, 158, 159, 160, 161, 162, 164, 165, 166, 168, 169, 172, 173, 174, 175, 176, 177], [60, 64, 82, 86, 87, 88, 89, 90, 91, 92, 105, 107, 112, 113, 114, 127, 128]], "centers": [[-1.3966127764660425, 1.7716743802209047, 0.08583890454495459, 0.4519457833385771, -1.2456951106942749, 0.905137287529227, 1.004699956460611, -1.2236095387553816, 2.3111761447878028, -0.9767819017927336, -0.9101509517763011, 1.4524355782092837, -1.168369284197437], [0.9503906570783949, -0.39169380066538834, 1.1458877688058975, -0.7191656865891577, 1.0713451300334549, 1.12946370428933, 0.763747943099598, 0.2267955526882888, 0.15611266463515397, 0.5372130385736587, 0.7570377601922063, 0.4496011793123816, 2.000201985715559], [-0.9889753380083244, 0.6226655538580603, -0.17003495924217055, -0.14862420123974868, -0.2627083419006926, -1.6746165052119557, -1.5453755182767777, 0.30737361332404833, -1.5083672590599808, 0.19115705220419768, -1.305011436189895, -1.1040859175701432, -0.7543850981786535], [-1.2360283310130011, -1.271403683349441, -1.3397440508404517, -0.14862420123974868, -0.9648417481818228, 0.20011140628318952, 0.23164558026069385, -0.4984069930335465, -0.28190836791619733, -1.1065528966812814, 1.8538724391188561, 0.7179653142284539, -1.4931876455352515], [1.0615645039304995, -0.8854085307431729, -0.35280200480440144, -1.0494791781072375, -0.12228166064446654, 1.097417073323601, 1.1251759631411176, -1.143031478119622, 0.45396696677007314, 0.9351774228985389, 0.2305571143074148, 1.3253157248279859, 0.9493190519755705], [0.49334262001974233, 1.4126091219825163, 0.41481958655697077, 1.0525157679169028, 0.15857170186798555, -0.7933341536544086, -1.2843441704690135, 0.5491077952313265, -0.31695005052030545, 0.969783021535485, -1.1295178875616314, -1.4854454777140356, 0.00989339908679277], [-1.2360283310130011, -0.7417824274478174, 0.1954991318822928, 0.75223077562774, -0.9648417481818228, -1.354150195554666, -0.7823608093002362, 1.1131542196816426, 0.06850845812488364, -0.6307259154232724, 0.40605066293567893, 0.05411719101501135, -0.945454722495015]]}