{"clusters": [[21, 43, 79, 84, 99, 102, 109, 110, 119, 120, 121, 122, 123, 124, 126, 129], [59, 62, 63, 65, 66, 67, 69, 71, 72, 74, 75, 76, 80, 81, 85, 93, 94, 97, 98, 100, 101, 103, 104, 106, 108, 111, 115, 116, 117, 125], [2, 4, 5, 7, 15, 16, 17, 18, 25, 28, 30, 33, 34, 36, 53, 57, 73], [61, 68, 70, 77, 96, 118, 130, 131, 132, 133, 136, 138, 140, 141, 142, 143, 144, 145, 146, 161, 162, 163, 170], [0, 3, 9, 19, 20, 35, 39, 40, 42, 44, 45, 46, 47, 48, 49, 52, 54, 55, 56, 58, 78, 95], [60, 64, 82, 86, 87, 88, 89, 90, 91, 92, 105, 107, 112, 113, 114, 127, 128], [83, 134, 135, 137, 139, 147, 148, 149, 150, 151, 152, 153, 154, 155, 156, 157, 158, 159, 160, 164, 165, 166, 167, 168, 169, 171, 172, 173, 174, 175, 176, 177], [1, 6, 8, 10, 11, 12, 13, 14, 22, 23, 24, 26, 27, 29, 31, 32, 37, 38, 41, 50, 51]], "centers": [[-1.3966127764660425, 1.7716743802209047, 0.08583890454495459, 0.4519457833385771, -1.2456951106942749, 0.905137287529227, 1.004699956460611, -1.2236095387553816, 2.3111761447878028, -0.9767819017927336, -0.9101509517763011, 1.4524355782092837, -1.168369284197437], [-1.2360283310130011, -1.271403683349441, -1.3397440508404517, -0.14862420123974868, -0.9648417481818228, 0.20011140628318952, 0.23164558026069385, -0.4984069930335465, -0.28190836791619733, -1.1065528966812814, 1.8538724391188561, 0.7179653142284539, -1.4931876455352515], [0.9503906570783949, -0.39169380066538834, 1.1458877688058975, -0.7191656865891577, 1.0713451300334549, 1.12946370428933, 0.763747943099598, 0.2267955526882888, 0.15611266463515397, 0.5372130385736587, 0.7570377601922063, 0.4496011793123816, 2.000201985715559], [-0.05017396459054771, 0.999684075008369, -0.060374731904830746, -0.29876669738433015, 0.43942506438043766, -1.4502900884518528, -1.3345425065858914, 0.30737361332404833, -1.1404295917168459, 0.09599165595259598, -1.217264661875763, -1.2170813427979632, -0.2289436313086592], [1.5062598913389207, -0.5712264297845827, -0.24314177746706322, -0.9593936804204882, 1.2819851519177938, 1.44993001394662, 0.9745809547904846, -0.8207192355765842, 0.7693421102070456, 0.5718186372106048, -0.07655659579204746, 0.9863294491445262, 0.7104820215801185], [-1.2360283310130011, -0.7417824274478174, 0.1954991318822928, 0.75223077562774, -0.9648417481818228, -1.354150195554666, -0.7823608093002362, 1.1131542196816426, 0.06850845812488364, -0.6307259154232724, 0.40605066293567893, 0.05411719101501135, -0.945454722495015], [0.3945214228178712, 0.8111748144332148, 0.049285495432507445, 0.6020882794831586, -0.5435617044131447, -0.5850310523771705, -1.274304503245638, 0.7102639165028455, -0.5972835113531701, 1.4542614024527307, -1.787618694917621, -1.4006989087931705, -0.30855597477380986], [0.9256853577779276, -0.5442965354167035, 0.15894572276984725, -1.0494791781072375, -0.7542017262974837, 0.4885310849747506, 0.7336289414294712, -0.5789850536693061, 0.38388360156185686, 0.23441405050038017, 0.8447845345063383, 0.40722789485194877, 1.8250548300922276]]}