{"clusters": [[102, 105, 107, 118, 122, 125, 129, 130, 135], [0, 4, 6, 7, 11, 17, 20, 21, 22, 23, 24, 26, 27, 28, 31, 36, 37, 39, 40, 43, 48, 49], [53, 57, 59, 60, 62, 67, 68, 69, 79, 80, 81, 82, 87, 89, 90, 92, 93, 94, 98, 106, 119], [100, 104, 110, 112, 115, 120, 124, 136, 139, 140, 141, 143, 144, 145, 147, 148], [50, 51, 52, 56, 58, 65, 75, 76, 77, 85, 86, 116, 137], [1, 2, 3, 8, 9, 12, 13, 25, 29, 30, 34, 35, 38, 41, 42, 45, 47], [5, 10, 14, 15, 16, 18, 19, 32, 33, 44, 46], [54, 72, 83, 101, 103, 108, 111, 113, 114, 123, 126, 128, 132, 133, 134, 142, 146], [55, 61, 63, 64, 66, 70, 71, 73, 74, 78, 84, 88, 91, 95, 96, 97, 99, 121, 127, 138, 149], [109, 117, 131]], "centers": [[1.7650119794625188, -0.36217624558027245, 1.44480739214379, 0.7906706536370729], [-0.9006811702978099, 1.0190043519716065, -1.3402265266227635, -1.18381211071744], [-0.29484181807955345, -1.282963310614858, 0.08070914621731488, -0.13075463639503299], [1.0380047568006114, 0.09821728693702086, 1.0469454037485681, 1.580463759378878], [1.0380047568006114, 0.09821728693702086, 0.5354085615261401, 0.3957741007661703], [-1.2641847816287635, 0.09821728693702086, -1.2265516727955572, -1.3154442950077407], [-0.5371775589668552, 1.939791417006192, -1.169714245881954, -1.052179926427139], [0.5533332750260058, -0.8225697780975647, 0.6490834153533465, 0.7906706536370729], [0.18982966369505214, -0.36217624558027245, 0.42173370769893376, 0.3957741007661703], [2.249683461237124, 1.7095946507475455, 1.672157099798203, 1.3171993907982766]]}