{"clusters": [[50, 52, 77, 86, 100, 102, 104, 105, 107, 108, 109, 110, 112, 115, 116, 117, 118, 120, 122, 124, 125, 128, 129, 130, 131, 132, 135, 136, 137, 139, 140, 141, 143, 144, 145, 147, 148], [41, 53, 57, 59, 60, 62, 67, 68, 69, 79, 80, 81, 82, 87, 89, 90, 92, 93, 94, 98, 106, 119], [51, 54, 55, 56, 58, 61, 63, 64, 65, 66, 70, 71, 72, 73, 74, 75, 76, 78, 83, 84, 85, 88, 91, 95, 96, 97, 99, 101, 103, 111, 113, 114, 121, 123, 126, 127, 133, 134, 138, 142, 146, 149], [0, 1, 2, 3, 4, 5, 6, 7, 8, 9, 10, 11, 12, 13, 14, 15, 16, 17, 18, 19, 20, 21, 22, 23, 24, 25, 26, 27, 28, 29, 30, 31, 32, 33, 34, 35, 36, 37, 38, 39, 40, 42, 43, 44, 45, 46, 47, 48, 49]], "centers": [[1.2803404976879142, 0.09821728693702086, 0.9332705499213622, 1.1855672065079756], [-0.29484181807955345, -1.282963310614858, 0.08070914621731488, -0.13075463639503299], [0.18982966369505214, -0.36217624558027245, 0.42173370769893376, 0.3957741007661703], [-1.0218490407414607, 0.7888075857129598, -1.2833890997091604, -1.3154442950077407]]}