{"clusters": [[50, 52, 77, 100, 102, 104, 105, 107, 109, 110, 112, 115, 116, 117, 118, 120, 122, 124, 125, 129, 130, 131, 135, 136, 137, 139, 140, 141, 143, 144, 145, 147, 148], [1, 2, 3, 8, 9, 12, 13, 25, 29, 30, 34, 35, 38, 41, 42, 45, 47], [53, 57, 59, 60, 62, 67, 68, 69, 79, 80, 81, 82, 87, 89, 90, 92, 93, 94, 98, 106, 119], [0, 4, 5, 6, 7, 10, 11, 14, 15, 16, 17, 18, 19, 20, 21, 22, 23, 24, 26, 27, 28, 31, 32, 33, 36, 37, 39, 40, 43, 44, 46, 48, 49], [54, 72, 76, 83, 101, 103, 108, 111, 113, 114, 121, 123, 126, 128, 132, 133, 134, 142, 146], [51, 55, 56, 58, 61, 63, 64, 65, 66, 70, 71, 73, 74, 75, 78, 84, 85, 86, 88, 91, 95, 96, 97, 99, 127, 138, 149]], "centers": [[1.2803404976879142, 0.09821728693702086, 0.9332705499213622, 1.1855672065079756], [-1.2641847816287635, 0.09821728693702086, -1.2265516727955572, -1.3154442950077407], [-0.29484181807955345, -1.282963310614858, 0.08070914621731488, -0.13075463639503299], [-0.9006811702978099, 1.0190043519716065, -1.3402265266227635, -1.18381211071744], [0.5533332750260058, -0.8225697780975647, 0.6490834153533465, 0.7906706536370729], [0.310997534138703, -0.1319794793216258, 0.4785711346125367, 0.2641419164758693]]}