{"clusters": [[100, 102, 104, 105, 107, 109, 110, 112, 115, 117, 118, 120, 122, 124, 125, 130, 131, 135, 136, 139, 140, 141, 143, 144, 145, 148], [1, 2, 3, 8, 9, 12, 13, 25, 29, 30, 34, 35, 38, 41, 42, 45, 47], [55, 59, 61, 63, 64, 66, 67, 71, 73, 78, 82, 84, 88, 91, 94, 95, 96, 97, 99], [0, 4, 5, 6, 7, 10, 11, 14, 15, 16, 17, 18, 19, 20, 21, 22, 23, 24, 26, 27, 28, 31, 32, 33, 36, 37, 39, 40, 43, 44, 46, 48, 49], [54, 70, 72, 83, 101, 103, 108, 111, 113, 114, 121, 123, 126, 127, 128, 132, 133, 134, 138, 142, 146, 147, 149], [53, 57, 60, 62, 68, 69, 79, 80, 81, 87, 89, 90, 92, 93, 98, 106, 119], [50, 51, 52, 56, 58, 65, 74, 75, 76, 77, 85, 86, 116, 129, 137]], "centers": [[1.2803404976879142, 0.3284140531956675, 1.1037828306621715, 1.448831575088577], [-1.2641847816287635, 0.09821728693702086, -1.2265516727955572, -1.3154442950077407], [-0.1736739476359015, -0.36217624558027245, 0.25122142695812444, 0.13250973218556866], [-0.9006811702978099, 1.0190043519716065, -1.3402265266227635, -1.18381211071744], [0.4321654045823549, -0.5923730118389191, 0.5922459884397431, 0.7906706536370729], [-0.4160096885232043, -1.5131600768735047, 0.023871719303711698, -0.13075463639503299], [1.0380047568006114, 0.09821728693702086, 0.5354085615261401, 0.3957741007661703]]}