{"clusters": [[0, 1, 6, 7, 8, 10, 11, 14, 15, 18, 30, 33, 35, 36, 37, 38, 49, 51, 53, 55, 56, 57, 58, 59, 61, 65, 66, 67, 79, 82, 83, 84, 86, 87, 89, 99, 106, 111, 113, 119, 120, 121, 122, 123, 125, 126, 132, 133, 134, 135, 136, 146, 148, 150, 154, 155, 156, 158, 160, 163, 171, 173, 190, 191, 195, 206, 211, 214, 217, 223, 224, 225, 228, 230, 231, 233, 235, 247, 250, 251, 253, 256, 257, 266, 276, 278, 279, 282, 283, 295, 303, 304, 305, 306, 308, 310, 313, 324, 325, 327, 330, 335, 339, 340, 346, 347, 356, 357, 359, 369, 372, 374, 375, 377, 378, 379, 388, 392, 399, 400, 401, 403, 404, 405, 407, 409, 410, 412, 416, 432, 434], [9, 12, 17, 21, 22, 23, 24, 25, 32, 34, 40, 41, 42, 43, 46, 47, 48, 52, 60, 62, 68, 69, 70, 90, 108, 109, 110, 114, 124, 130, 139, 149, 170, 174, 175, 179, 180, 182, 185, 187, 189, 193, 200, 201, 203, 208, 210, 218, 220, 227, 236, 238, 244, 252, 254, 255, 259, 260, 262, 263, 264, 265, 268, 269, 270, 272, 301, 312, 317, 318, 319, 321, 329, 331, 333, 337, 338, 348, 371, 414, 418, 419, 426, 428, 429, 431], [16, 74, 80, 81, 131, 137, 138, 144, 145, 147, 153, 169, 176, 192, 196, 205, 226, 234, 237, 246, 267, 280, 286, 290, 291, 292, 307, 309, 311, 316, 320, 336, 355, 358, 360, 402, 408, 411], [28, 73, 117, 140, 141, 142, 161, 166, 167, 168, 188, 197, 204, 207, 229, 239, 240, 242, 273, 274, 277, 281, 296, 300, 302, 314, 343, 345, 349, 351, 353, 413, 420, 427, 430, 433], [13, 98, 112, 115, 128, 152, 159, 165, 172, 194, 202, 213, 243, 271, 284, 285, 287, 293, 297, 299, 334, 341, 350, 352, 354, 362, 367, 368, 370, 380, 415, 421, 422, 423, 424], [107, 129, 183, 248, 261], [19, 20, 26, 27, 29, 31, 39, 44, 45, 50, 63, 64, 71, 72, 91, 92, 93, 105, 116, 118, 127, 143, 177, 178, 181, 184, 186, 198, 199, 209, 212, 219, 222, 232, 241, 245, 249, 258, 298, 326, 328, 332, 344, 366, 376, 389, 391, 395, 417, 425], [3, 54, 94, 95, 100, 101, 103, 157, 221, 315, 322, 383, 386, 387, 390, 394, 396, 398], [104, 393], [2, 4, 5, 75, 76, 77, 78, 85, 88, 96, 97, 102, 151, 162, 164, 215, 216, 275, 288, 289, 294, 323, 342, 361, 363, 364, 365, 373, 381, 382, 384, 385, 397, 406]], "centers": [[0.0, 0.8854961832061069, 0.11450381679389313, 0.10687022900763359, 0.3511450381679389, 0.5419847328244275, 0.007633587786259542, 0.9694656488549618, 0.022900763358778626, 0.0, 0.022900763358778626, 0.9770992366412213, 0.007633587786259542, 0.0, 0.9923664122137404, 0.0, 0.03816793893129771, 0.9618320610687023, 0.022900763358778626, 0.9465648854961832, 0.030534351145038167, 0.04580152671755725, 0.9465648854961832, 0.007633587786259542, 0.007633587786259542, 0.9847328244274809, 0.007633587786259542, 0.0, 0.5190839694656488, 0.48091603053435117, 0.04580152671755725, 0.8091603053435115, 0.1450381679389313, 0.06870229007633588, 0.03816793893129771, 0.8931297709923665, 0.05343511450381679, 0.061068702290076333, 0.8854961832061069, 0.03816793893129771, 0.007633587786259542, 0.9541984732824428, 0.05343511450381679, 0.916030534351145, 0.030534351145038167, 0.1297709923664122, 0.3969465648854962, 0.4732824427480916], [0.023255813953488372, 0.1744186046511628, 0.8023255813953488, 0.1744186046511628, 0.5348837209302325, 0.29069767441860467, 0.023255813953488372, 0.011627906976744186, 0.9651162790697675, 0.0, 1.0, 0.0, 0.03488372093023256, 0.9651162790697675, 0.0, 0.023255813953488372, 0.9186046511627907, 0.05813953488372093, 0.011627906976744186, 0.011627906976744186, 0.9767441860465116, 0.0, 0.0, 1.0, 0.023255813953488372, 0.023255813953488372, 0.9534883720930233, 0.023255813953488372, 0.627906976744186, 0.3488372093023256, 0.03488372093023256, 0.9651162790697675, 0.0, 0.03488372093023256, 0.9418604651162791, 0.023255813953488372, 0.023255813953488372, 0.8837209302325582, 0.09302325581395349, 0.023255813953488372, 0.9302325581395349, 0.046511627906976744, 0.05813953488372093, 0.18604651162790697, 0.7558139534883721, 0.36046511627906974, 0.0, 0.6395348837209303], [0.02631578947368421, 0.5263157894736842, 0.4473684210526316, 0.05263157894736842, 0.8947368421052632, 0.05263157894736842, 0.0, 0.15789473684210525, 0.8421052631578947, 0.0, 0.9210526315789473, 0.07894736842105263, 0.02631578947368421, 0.9473684210526315, 0.02631578947368421, 0.0, 0.21052631578947367, 0.7894736842105263, 0.05263157894736842, 0.13157894736842105, 0.8157894736842105, 0.0, 0.0, 1.0, 0.07894736842105263, 0.07894736842105263, 0.8421052631578947, 0.0, 0.23684210526315788, 0.7631578947368421, 0.0, 0.631578947368421, 0.3684210526315789, 0.02631578947368421, 0.631578947368421, 0.34210526315789475, 0.05263157894736842, 0.6842105263157895, 0.2631578947368421, 0.0, 0.15789473684210525, 0.8421052631578947, 0.07894736842105263, 0.5526315789473685, 0.3684210526315789, 0.18421052631578946, 0.02631578947368421, 0.7894736842105263], [0.0, 0.6944444444444444, 0.3055555555555556, 0.08333333333333333, 0.75, 0.16666666666666666, 0.0, 0.5277777777777778, 0.4722222222222222, 0.0, 0.05555555555555555, 0.9444444444444444, 0.0, 0.05555555555555555, 0.9444444444444444, 0.0, 0.2222222222222222, 0.7777777777777778, 0.027777777777777776, 0.1111111111111111, 0.8611111111111112, 0.05555555555555555, 0.4722222222222222, 0.4722222222222222, 0.027777777777777776, 0.6111111111111112, 0.3611111111111111, 0.027777777777777776, 0.3055555555555556, 0.6666666666666666, 0.027777777777777776, 0.8888888888888888, 0.08333333333333333, 0.05555555555555555, 0.2777777777777778, 0.6666666666666666, 0.05555555555555555, 0.2777777777777778, 0.6666666666666666, 0.0, 0.0, 1.0, 0.08333333333333333, 0.6388888888888888, 0.2777777777777778, 0.08333333333333333, 0.0, 0.9166666666666666], [0.0, 0.7142857142857143, 0.2857142857142857, 0.11428571428571428, 0.14285714285714285, 0.7428571428571429, 0.0, 0.05714285714285714, 0.9428571428571428, 0.05714285714285714, 0.9142857142857143, 0.02857142857142857, 0.08571428571428572, 0.8571428571428571, 0.05714285714285714, 0.05714285714285714, 0.05714285714285714, 0.8857142857142857, 0.02857142857142857, 0.08571428571428572, 0.8857142857142857, 0.02857142857142857, 0.02857142857142857, 0.9428571428571428, 0.11428571428571428, 0.17142857142857143, 0.7142857142857143, 0.0, 0.2857142857142857, 0.7142857142857143, 0.08571428571428572, 0.2571428571428571, 0.6571428571428571, 0.11428571428571428, 0.8285714285714286, 0.05714285714285714, 0.11428571428571428, 0.5714285714285714, 0.3142857142857143, 0.05714285714285714, 0.8285714285714286, 0.11428571428571428, 0.05714285714285714, 0.14285714285714285, 0.8, 0.2, 0.0, 0.8], [0.6, 0.2, 0.2, 0.8, 0.2, 0.0, 0.6, 0.0, 0.4, 0.6, 0.4, 0.0, 0.6, 0.4, 0.0, 0.8, 0.2, 0.0, 0.6, 0.0, 0.4, 0.6, 0.0, 0.4, 0.6, 0.0, 0.4, 0.6, 0.4, 0.0, 1.0, 0.0, 0.0, 1.0, 0.0, 0.0, 0.8, 0.2, 0.0, 0.8, 0.0, 0.2, 1.0, 0.0, 0.0, 1.0, 0.0, 0.0], [0.04, 0.28, 0.68, 0.04, 0.42, 0.54, 0.0, 0.1, 0.9, 0.02, 0.94, 0.04, 0.0, 1.0, 0.0, 0.02, 0.98, 0.0, 0.0, 0.1, 0.9, 0.0, 0.02, 0.98, 0.06, 0.12, 0.82, 0.02, 0.54, 0.44, 0.0, 0.0, 1.0, 0.08, 0.92, 0.0, 0.02, 0.94, 0.04, 0.02, 0.86, 0.12, 0.0, 0.18, 0.82, 0.26, 0.02, 0.72], [0.05555555555555555, 0.3333333333333333, 0.6111111111111112, 0.1111111111111111, 0.2777777777777778, 0.6111111111111112, 0.05555555555555555, 0.16666666666666666, 0.7777777777777778, 0.05555555555555555, 0.8888888888888888, 0.05555555555555555, 0.2222222222222222, 0.1111111111111111, 0.6666666666666666, 0.0, 0.0, 1.0, 0.16666666666666666, 0.7222222222222222, 0.1111111111111111, 0.16666666666666666, 0.4444444444444444, 0.3888888888888889, 0.1111111111111111, 0.7222222222222222, 0.16666666666666666, 0.0, 0.9444444444444444, 0.05555555555555555, 0.0, 0.2222222222222222, 0.7777777777777778, 0.05555555555555555, 0.7777777777777778, 0.16666666666666666, 0.16666666666666666, 0.6111111111111112, 0.2222222222222222, 0.16666666666666666, 0.4444444444444444, 0.3888888888888889, 0.1111111111111111, 0.6666666666666666, 0.2222222222222222, 0.4444444444444444, 0.05555555555555555, 0.5], [1.0, 0.0, 0.0, 1.0, 0.0, 0.0, 1.0, 0.0, 0.0, 1.0, 0.0, 0.0, 0.0, 1.0, 0.0, 0.0, 0.0, 1.0, 0.0, 0.5, 0.5, 0.0, 0.0, 1.0, 0.0, 0.0, 1.0, 0.0, 0.5, 