{"clusters": [[0, 1, 4, 5, 6, 7, 8, 10, 11, 15, 18, 28, 30, 33, 35, 36, 37, 38, 49, 51, 53, 55, 56, 57, 58, 59, 61, 65, 66, 67, 75, 76, 77, 78, 79, 82, 83, 84, 85, 86, 87, 88, 89, 96, 97, 99, 100, 106, 111, 113, 117, 119, 120, 121, 122, 123, 125, 126, 132, 133, 134, 135, 136, 141, 142, 146, 148, 150, 151, 154, 155, 156, 158, 160, 161, 162, 163, 164, 168, 171, 173, 188, 190, 191, 195, 197, 204, 206, 207, 211, 214, 215, 217, 223, 224, 225, 228, 229, 230, 231, 233, 235, 239, 240, 242, 247, 250, 251, 253, 256, 257, 266, 273, 274, 275, 276, 277, 278, 279, 282, 283, 296, 300, 302, 303, 304, 305, 306, 308, 310, 313, 314, 316, 324, 325, 327, 330, 335, 339, 340, 343, 345, 346, 347, 349, 351, 353, 356, 357, 359, 363, 364, 365, 369, 372, 374, 375, 378, 379, 382, 384, 385, 388, 392, 399, 401, 403, 404, 405, 406, 407, 409, 410, 412, 416, 420, 427, 430, 432, 434], [9, 12, 13, 24, 31, 40, 41, 44, 45, 47, 52, 62, 70, 72, 80, 102, 108, 109, 112, 114, 144, 165, 170, 174, 178, 187, 196, 198, 199, 216, 218, 220, 221, 222, 232, 234, 238, 263, 264, 268, 272, 281, 289, 294, 297, 307, 318, 319, 323, 329, 331, 332, 348, 352, 358, 361, 366, 367, 371, 381, 386, 387, 389, 391, 425], [3, 14, 54, 95, 157, 159, 286, 290, 295, 315, 322, 370, 377, 390, 400, 413], [261], [2, 104, 180, 287, 341, 373, 393, 394, 395, 428], [107, 183, 248], [129], [20, 60, 115, 130, 342, 397, 424], [103, 433], [16, 17, 19, 21, 22, 23, 25, 26, 27, 29, 32, 34, 39, 42, 43, 46, 48, 50, 63, 64, 68, 69, 71, 73, 74, 81, 90, 91, 92, 93, 94, 98, 101, 105, 110, 116, 118, 124, 127, 128, 131, 137, 138, 139, 140, 143, 145, 147, 149, 152, 153, 166, 167, 169, 172, 175, 176, 177, 179, 181, 182, 184, 185, 186, 189, 192, 193, 194, 200, 201, 202, 203, 205, 208, 209, 210, 212, 213, 219, 226, 227, 236, 237, 241, 243, 244, 245, 246, 249, 252, 254, 255, 258, 259, 260, 262, 265, 267, 269, 270, 271, 280, 284, 285, 288, 291, 292, 293, 298, 299, 301, 309, 311, 312, 317, 320, 321, 326, 328, 333, 334, 336, 337, 338, 344, 350, 354, 355, 360, 362, 368, 376, 380, 383, 396, 398, 402, 408, 411, 414, 415, 417, 418, 419, 421, 422, 423, 426, 429, 431]], "centers": [[-0.16843038421330456, 0.5502700148653022, -0.4980244415711709, -0.05074821196182382, -0.06095679012345647, 0.09283524117380498, -0.054910069936633554, 0.8899246392575064, -0.8636893855171565, -0.16106953848079167, -0.910714527002948, 0.9698354464290634, -0.15853509840109312, -0.9349919229021049, 0.9922713278654732, -0.16106953848079167, -0.6047003808723445, 0.6478719527297103, -0.15087889281506728, 0.8073787016592487, -0.746953381586372, -0.06719368409052956, 0.9869096168190881, -0.9520362968506668, -0.20544721100420044, 0.854068221157806, -0.7637257220432038, -0.12788721666732783, -0.00804855074746036, 0.04023084180705963, -0.09562968246304629, 0.27023273532323544, -0.23457065420223724, -0.0610606013174761, -0.8177880689359193, 0.8671764554421976, -0.12758173956723823, -0.737373916922429, 0.7952435280717367, -0.14433079644869692, -0.7781709363411031, 0.8234623245248276, -0.08118501457169615, 0.6526171578779375, -0.6237126659864609, -0.31305515926433, 0.5299012785465206, -0.10647614870151736], [-0.07449805455588435, -0.6257868319351894, 0.6543882208774527, 0.13884033522827158, -0.05235042735042723, -0.03520212783737028, -0.16106953848079172, -0.6788251138520482, 0.7234055810626556, -0.16106953848079134, 0.8103172861525484, -0.765645353829307, -0.10466708483332485, 0.6750916628917669, -0.6364546283376359, -0.16106953848079134, 0.5900812507853178, -0.5289893825774826, -0.09518646253966592, -0.629843214037207, 0.6582193478340821, -0.1889822365046143, -0.707071932946521, 0.7691748527878451, 0.33086752148630505, -0.6403298129186454, 0.4950068660123176, 0.11664438443283733, 0.22535942092889, -0.25464796572380605, -0.08167366122652676, -0.10861201821632778, 0.14844360194558726, -0.1574057527396099, 0.7151693615827228, -0.6473276285693133, -0.11472859161083658, 0.677815314982367, -0.622933881495256, -0.20166768818859052, 0.775573610387314, -0.6854645173929212, -0.07421943639838505, -0.5495847845578693, 0.5966705783702633, 1.7479402513520554, -0.36369328066974604, -1.272981511142585], [0.2131697050199625, 0.04008780506618284, -0.11086558081596028, -0.15270320406585017, -0.5112847222222202, 0.6067033396213442, -0.16106953848079159, -0.1650223851774329, 0.21466021036178473, -0.16106953848079136, 0.11543451647999169, -0.06492866981521446, 1.8661995854830662, -0.58187715136309, -0.09974453962031232, -0.1610695384807914, -0.7328727539608978, 0.7741218934265783, 1.9424300625364186, -0.08796117168149119, -0.6017980079481972, 1.8661995854830653, -0.45088873038448246, -0.2391658619366643, 0.3396435807452408, 0.4284729047520126, -0.5773973596712886, -0.12788721666732755, 0.2753754148595369, -0.24310922977694624, 0.9411033236783881, -0.730687352550345, 0.32646431254950603, 0.9376897830369718, -0.3220832765630673, -0.16502238517743292, 1.6328404894613477, -0.3000024417077572, -0.4612719210560746, 2.0559724240697084, -0.5447589173427253, -0.26787678296631234, 0.5017468088072858, 0.05387260529274909, -0.3061862178478984, 1.0513398336412922, -0.4077006734628857, -0.6296881127375843], [-0.16843038421330372, -1.0890039707187533, 1.1516089651249486, -0.352180362530249, 1.1249999999999956, -0.901387818865997, -0.1610695384807916, -0.8048150549829883, 0.8481554037632525, -0.1610695384807913, 0.8724297124919961, -0.828279247372467, -0.18898223650461426, 1.0446751427339311, -0.9750244334066274, 6.208498574168686, -0.732872753960898, -1.2917862270676648, -0.18235722297072837, -0.8481554037632522, 0.905584718294408, -0.1889822365046142, -0.8322301387783576, 0.8930401229267474, -0.23080027108556914, -0.9484531189137902, 1.0494995356656007, -0.1278872166673276, 1.0256153238192354, -0.9931270663228443, 4.440077219405729, -1.2425214883947895, -0.7254762501100135, 3.6100218925258996, -1.0739950402747, -0.8048150549829883, -0.2469323991623966, 1.0789713177270346, -0.9616541795583003, 4.958652568401807, -0.8009428406336285, -1.1516089651249486, 3.8125731843092705, -1.0739950402747, -0.8164965809277287, 1.7840101758937148, -0.40770067346288574, -1.2729815111425848], [2.884370329652825, -0.6875491171063316, -0.26236252632886947, 1.243636905184942, -0.8888888888888855, 0.10400628679223045, 2.386757706579003, -0.8048150549829882, 0.03728155620937372, 4.934584951638788, -0.7424933723336133, -0.8282792473724669, 0.35906624935876713, 0.44410198799041567, -0.5748964819614548, -0.1610695384807914, -0.10366292243525863, 0.15434945727830557, -0.1823572229707284, 0.16543690567909589, -0.09933709920066197, -0.18898223650461424, -0.42546596982489077, 0.490477994975312, -0.23080027108556914, -0.147332523326414, 0.24856567949974745, 0.6668404869082082, 0.025295445206304, -0.19310804067388637, 1.1743682500602106, -0.8330541797192339, 0.326464312549506, 0.11169622192221225, 0.5300833889767832, -0.6000814006452105, 0.1827299753801735, -0.5256526932516322, 0.4394161442479316, 0.3143643374704495, 0.42873999116270706, -0.5456211830733123, 0.96016892233833, -0.2719558256489584, -0.20412414523193229, 0.14282860924828822, -0.12165262030747395, -0.037858186204983935], [3.9019705676082026, -0.4199125480313837, -0.8683503083805056, 2.839454172900133, -0.8888888888888854, -0.901387818865997, 6.208498574168696, -0.8048150549829883, -1.1790292151214443, 6.208498574168683, -1.1462241435400158, -0.828279247372467, 5.2915026221292, -0.9572353730777872, -0.9750244334066274, 6.208498574168686, -0.732872753960898, -1.2917862270676648, 5.483742205048332, -0.848155403763252, -1.104258916695732, 5.291502622129198, -0.8322301387783576, -1.119770516830429, 2.8115669386787516, -0.9484531189137902, -0.2853902246108213, 7.819389819088033, -0.9750244334066274, -0.9931270663228443, 4.440077219405729, -1.2425214883947895, -0.7254762501100135, 3.6100218925258996, -1.0739950402747, -0.8048150549829883, 4.049691346263304, -0.9268086959962988, -0.9616541795583003, 3.238545816205008, -0.8009428406336285, -0.47828920728979724, 3.8125731843092705, -1.0739950402747, 