{"clusters": [[0, 1, 2, 3, 4, 5, 6, 7, 8, 10, 11, 14, 15, 18, 28, 30, 33, 35, 36, 37, 38, 49, 51, 53, 55, 56, 57, 58, 59, 61, 65, 66, 67, 73, 75, 76, 77, 78, 79, 82, 83, 84, 85, 86, 87, 88, 89, 96, 97, 99, 100, 103, 106, 107, 111, 113, 117, 119, 120, 121, 122, 123, 125, 126, 132, 133, 134, 135, 136, 141, 142, 146, 148, 150, 151, 154, 155, 156, 158, 160, 161, 162, 163, 164, 166, 168, 171, 173, 188, 190, 191, 195, 197, 204, 206, 207, 211, 214, 215, 217, 223, 224, 225, 228, 229, 230, 231, 233, 235, 239, 240, 242, 247, 250, 251, 253, 256, 257, 266, 273, 274, 275, 276, 277, 278, 279, 282, 283, 289, 295, 296, 300, 302, 303, 304, 305, 306, 308, 310, 313, 314, 315, 316, 322, 323, 324, 325, 327, 330, 335, 339, 340, 343, 345, 346, 347, 349, 351, 353, 356, 357, 359, 363, 364, 365, 369, 372, 373, 374, 375, 377, 378, 379, 382, 384, 385, 388, 390, 392, 394, 397, 399, 400, 401, 403, 404, 405, 406, 407, 409, 410, 412, 413, 416, 420, 427, 430, 432, 433, 434], [9, 12, 13, 16, 17, 19, 20, 21, 22, 23, 24, 25, 26, 27, 29, 31, 32, 34, 39, 40, 41, 42, 43, 44, 45, 46, 47, 48, 50, 52, 54, 60, 62, 63, 64, 68, 69, 70, 71, 72, 74, 80, 81, 90, 91, 92, 93, 94, 95, 98, 101, 102, 104, 105, 108, 109, 110, 112, 114, 115, 116, 118, 124, 127, 128, 129, 130, 131, 137, 138, 139, 140, 143, 144, 145, 147, 149, 152, 153, 157, 159, 165, 167, 169, 170, 172, 174, 175, 176, 177, 178, 179, 180, 181, 182, 183, 184, 185, 186, 187, 189, 192, 193, 194, 196, 198, 199, 200, 201, 202, 203, 205, 208, 209, 210, 212, 213, 216, 218, 219, 220, 221, 222, 226, 227, 232, 234, 236, 237, 238, 241, 243, 244, 245, 246, 248, 249, 252, 254, 255, 258, 259, 260, 261, 262, 263, 264, 265, 267, 268, 269, 270, 271, 272, 280, 281, 284, 285, 286, 287, 288, 290, 291, 292, 293, 294, 297, 298, 299, 301, 307, 309, 311, 312, 317, 318, 319, 320, 321, 326, 328, 329, 331, 332, 333, 334, 336, 337, 338, 341, 342, 344, 348, 350, 352, 354, 355, 358, 360, 361, 362, 366, 367, 368, 370, 371, 376, 380, 381, 383, 386, 387, 389, 391, 393, 395, 396, 398, 402, 408, 411, 414, 415, 417, 418, 419, 421, 422, 423, 424, 425, 426, 428, 429, 431]], "centers": [[0.01, 0.78, 0.21, 0.095, 0.39, 0.515, 0.025, 0.785, 0.19, 0.02, 0.14, 0.84, 0.03, 0.01, 0.96, 0.01, 0.06, 0.93, 0.035, 0.785, 0.18, 0.055, 0.845, 0.1, 0.025, 0.885, 0.09, 0.01, 0.49, 0.5, 0.05, 0.705, 0.245, 0.07, 0.17, 0.76, 0.055, 0.1, 0.845, 0.03, 0.02, 0.95, 0.065, 0.84, 0.095, 0.145, 0.305, 0.55], [0.0425531914893617, 0.3404255319148936, 0.6170212765957447, 0.12340425531914893, 0.4851063829787234, 0.39148936170212767, 0.02553191489361702, 0.059574468085106386, 0.9148936170212766, 0.029787234042553193, 0.9319148936170213, 0.03829787234042553, 0.03829787234042553, 0.8765957446808511, 0.0851063829787234, 0.03829787234042553, 0.5957446808510638, 0.3659574468085106, 0.029787234042553193, 0.10638297872340426, 0.8638297872340426, 0.01702127659574468, 0.03829787234042553, 0.9446808510638298, 0.07234042553191489, 0.12340425531914893, 0.8042553191489362, 0.02127659574468085, 0.4851063829787234, 0.49361702127659574, 0.04680851063829787, 0.5234042553191489, 0.4297872340425532, 0.07234042553191489, 0.8468085106382979, 0.08085106382978724, 0.059574468085106386, 0.7702127659574468, 0.1702127659574468, 0.04680851063829787, 0.7063829787234043, 0.24680851063829787, 0.06382978723404255, 0.2765957446808511, 0.6595744680851063, 0.3191489361702128, 0.00425531914893617, 0.676595744680851]]}