{"clusters": [[0, 1, 2, 3, 4, 5, 6, 7, 8, 10, 11, 14, 15, 18, 28, 30, 33, 35, 36, 37, 38, 49, 51, 53, 55, 56, 57, 58, 59, 61, 65, 66, 67, 73, 75, 76, 77, 78, 79, 82, 83, 84, 85, 86, 87, 88, 89, 94, 96, 97, 99, 100, 103, 106, 111, 113, 117, 119, 120, 121, 122, 123, 125, 126, 132, 133, 134, 135, 136, 141, 142, 146, 148, 150, 151, 154, 155, 156, 158, 160, 161, 162, 163, 164, 166, 168, 171, 173, 188, 190, 191, 195, 197, 204, 206, 207, 211, 214, 215, 217, 223, 224, 225, 228, 229, 230, 231, 233, 235, 239, 240, 242, 247, 250, 251, 253, 256, 257, 266, 273, 274, 275, 276, 277, 278, 279, 282, 283, 289, 295, 296, 300, 302, 303, 304, 305, 306, 308, 310, 313, 314, 315, 316, 322, 323, 324, 325, 327, 330, 335, 339, 340, 343, 345, 346, 347, 349, 351, 353, 356, 357, 359, 363, 364, 365, 369, 372, 373, 374, 375, 377, 378, 379, 382, 384, 385, 388, 390, 392, 394, 397, 399, 400, 401, 403, 404, 405, 406, 407, 409, 410, 412, 413, 416, 420, 427, 430, 432, 433, 434], [9, 12, 13, 16, 17, 19, 20, 21, 22, 23, 24, 25, 26, 27, 29, 31, 32, 34, 39, 40, 41, 42, 43, 44, 45, 46, 47, 48, 50, 52, 54, 60, 62, 63, 64, 68, 69, 70, 71, 72, 74, 80, 81, 90, 91, 92, 93, 95, 98, 101, 102, 104, 105, 107, 108, 109, 110, 112, 114, 115, 116, 118, 124, 127, 128, 129, 130, 131, 137, 138, 139, 140, 143, 144, 145, 147, 149, 152, 153, 157, 159, 165, 167, 169, 170, 172, 174, 175, 176, 177, 178, 179, 180, 181, 182, 183, 184, 185, 186, 187, 189, 192, 193, 194, 196, 198, 199, 200, 201, 202, 203, 205, 208, 209, 210, 212, 213, 216, 218, 219, 220, 221, 222, 226, 227, 232, 234, 236, 237, 238, 241, 243, 244, 245, 246, 248, 249, 252, 254, 255, 258, 259, 260, 261, 262, 263, 264, 265, 267, 268, 269, 270, 271, 272, 280, 281, 284, 285, 286, 287, 288, 290, 291, 292, 293, 294, 297, 298, 299, 301, 307, 309, 311, 312, 317, 318, 319, 320, 321, 326, 328, 329, 331, 332, 333, 334, 336, 337, 338, 341, 342, 344, 348, 350, 352, 354, 355, 358, 360, 361, 362, 366, 367, 368, 370, 371, 376, 380, 381, 383, 386, 387, 389, 391, 393, 395, 396, 398, 402, 408, 411, 414, 415, 417, 418, 419, 421, 422, 423, 424, 425, 426, 428, 429, 431]], "centers": [[-0.10737436993598172, 0.4666335870293811, -0.4340590645768315, -0.0649332543415144, -0.09340277777777725, 0.13416810996197648, -0.03367817622780194, 0.8023441315685683, -0.7837282144389266, -0.06552601679104945, -0.8535193344153749, 0.8816260463557808, -0.05197011503876894, -0.9372162679196738, 0.9555929323163326, -0.1292216979175443, -0.6070307876557731, 0.6398378655944549, -0.012374240130156366, 0.7533204451556564, -0.7424870623975047, 0.08504200642707632, 0.8965175792738731, -0.9184894528547146, -0.13952925479264, 0.8340402062681208, -0.772624987111713, -0.08815083148855112, 0.01529224642017469, 0.006896715738353076, -0.015282874487085103, 0.21108745740343302, -0.2100253744068484, -0.024349776379042322, -0.7231028838759361, 0.7511607179841236, -0.03210121189111155, -0.7162017945553494, 0.7296378541792226, -0.04685808049087839, -0.7497060559754479, 0.7572525483377045, -0.017798253194564205, 0.6203128006221785, -0.6225786429573948, -0.23229860598495186, 0.46474588866112126, -0.13049243557530416], [0.09138244249870688, -0.39713496768457796, 0.369411969852625, 0.05526234412043858, 0.07949172576832135, -0.11418562549955535, 0.02866227764068249, -0.682846069420053, 0.6670027356927078, 0.0557668228008929, 0.7263994335449969, -0.7503200394517279, 0.04422988513937779, 0.7976308663146106, -0.8132705806947469, 0.10997591312131373, 0.5166219469410784, -0.5445428643357023, 0.010531268195877921, -0.641123783111201, 0.6319038828914965, -0.07237617568261828, -0.7629936844884053, 0.7816931513657132, 0.11874830195118177, -0.7098214521430827, 0.6575531805206108, 0.07502198424557477, -0.01301467780440413, -0.005869545309236597, 0.013006701691135896, -0.1796488999178152, 0.17874499949519068, 0.020723213939610293, 0.61540670968165, -0.6392857174332918, 0.027320180332860912, 0.6095334421747647, -0.620968386535508, 0.039879217439045024, 0.6380477072131489, -0.6444702539044319, 0.015147449527288751, -0.5279257877635558, 0.5298541642190571, 0.19770094126378884, -0.39552841588180343, 0.11105739197898201]]}