{"clusters": [[0, 1, 2, 3, 4, 5, 6, 7, 8, 10, 11, 14, 15, 18, 28, 30, 33, 35, 36, 37, 38, 49, 51, 53, 55, 56, 57, 58, 59, 61, 65, 66, 67, 73, 75, 76, 77, 78, 79, 82, 83, 84, 85, 86, 87, 88, 89, 96, 97, 99, 100, 103, 106, 111, 113, 117, 119, 120, 121, 122, 123, 125, 126, 132, 133, 134, 135, 136, 141, 142, 146, 148, 150, 151, 154, 155, 156, 158, 160, 161, 162, 163, 164, 166, 168, 171, 173, 188, 190, 191, 195, 197, 204, 206, 207, 211, 214, 215, 217, 223, 224, 225, 228, 229, 230, 231, 233, 235, 239, 240, 242, 247, 250, 251, 253, 256, 257, 266, 273, 274, 275, 276, 277, 278, 279, 282, 283, 289, 296, 300, 302, 303, 304, 305, 306, 308, 310, 313, 314, 316, 323, 324, 325, 327, 330, 335, 339, 340, 343, 345, 346, 347, 349, 351, 353, 356, 357, 359, 363, 364, 365, 369, 372, 373, 374, 375, 378, 379, 382, 384, 385, 388, 392, 397, 399, 401, 403, 404, 405, 406, 407, 409, 410, 412, 413, 416, 420, 427, 430, 432, 434], [9, 12, 13, 16, 17, 19, 20, 21, 22, 23, 24, 25, 26, 27, 29, 31, 32, 34, 39, 40, 41, 42, 43, 44, 45, 46, 47, 48, 50, 52, 54, 60, 62, 63, 64, 68, 69, 70, 71, 72, 74, 80, 81, 90, 91, 92, 93, 94, 98, 101, 102, 105, 108, 109, 110, 112, 114, 115, 116, 118, 124, 127, 128, 130, 131, 137, 138, 139, 140, 143, 144, 145, 147, 149, 152, 153, 159, 165, 167, 169, 170, 172, 174, 175, 176, 177, 178, 179, 181, 182, 184, 185, 186, 187, 189, 192, 193, 194, 196, 198, 199, 200, 201, 202, 203, 205, 208, 209, 210, 212, 213, 216, 218, 219, 220, 221, 222, 226, 227, 232, 234, 236, 237, 238, 241, 243, 244, 245, 246, 249, 252, 254, 255, 258, 259, 260, 262, 263, 264, 265, 267, 268, 269, 270, 271, 272, 280, 281, 284, 285, 286, 287, 288, 290, 291, 292, 293, 294, 297, 298, 299, 301, 307, 309, 311, 312, 317, 318, 319, 320, 321, 326, 328, 329, 331, 332, 333, 334, 336, 337, 338, 342, 344, 348, 350, 352, 354, 355, 358, 360, 361, 362, 366, 367, 368, 370, 371, 376, 380, 381, 383, 386, 387, 389, 391, 395, 396, 398, 402, 408, 411, 414, 415, 417, 418, 419, 421, 422, 423, 424, 425, 426, 428, 429, 431], [95, 104, 107, 129, 157, 180, 183, 248, 261, 295, 315, 322, 341, 377, 390, 393, 394, 400, 433]], "centers": [[-0.1364638845916694, 0.48738943351850506, -0.44532218827465, -0.06810817874848703, -0.07700698080279195, 0.11979781724759458, -0.061023966030799744, 0.8244789481239352, -0.7969420618238036, -0.09437249018079706, -0.8714335662791143, 0.9089095015536385, -0.1315949604979775, -0.9362729592996577, 0.9837171090082248, -0.1277210143307944, -0.6011010614947982, 0.6335103459583861, -0.12302633890770162, 0.7863285297877582, -0.7359629626399452, -0.07420768449134073, 0.9460320658087846, -0.9090050048139735, -0.15912146247855685, 0.8341450649848213, -0.7641334108879653, -0.12788721666732789, -0.011365492753332212, 0.043546801991904825, -0.054241781039860736, 0.23670596179439057, -0.21878236652532296, -0.05314634894393015, -0.748560280413468, 0.7923218296415615, -0.0894645132043866, -0.7272808412280097, 0.7674154047949404, -0.12061553756151594, -0.7687521905866037, 0.8048960903646265, -0.04894642239783693, 0.6371619228666067, -0.6241282765206738, -0.29048260468277776, 0.5058559360910483, -0.10899094313856318], [-0.05988635883139731, -0.3931488911238873, 0.4154460298918512, -0.040109430177055864, 0.11358024691357976, -0.08813569784467574, -0.10445115525724083, -0.6774252256172563, 0.7040000530870102, -0.10445115525724082, 0.7737399684193174, -0.7468551857663611, -0.018478263124895627, 0.8133432609067972, -0.8060815205742193, 0.008785611189861306, 0.5535117904915179, -0.5480593036897351, -0.05644390234808237, -0.649941796583418, 0.6644034820955925, -0.16462452602179736, -0.7508773049876638, 0.803581872270874, 0.05315400182576745, -0.6903142603356358, 0.6668311377196952, -0.05724475412727988, -0.005825617683876207, 0.02023036616583578, -0.12154800761658222, -0.1324101182077277, 0.19088086225116813, -0.06969844247946054, 0.6637565914144081, -0.6410281315127625, -0.09416355488059389, 0.6689007371435968, -0.6236181649256844, -0.10992866140476079, 0.6928940809559957, -0.6398859491702352, -0.09929551782230508, -0.51256759003668, 0.5715476066494092, 0.13761850903671582, -0.39498742665597764, 0.16342117045151375], [2.0810017207406863, -0.2438358578504971, -0.44309572448462053, 1.1596465226736166, -0.5709064327485359, -0.16057110943361885, 1.8503730234085203, -0.266042280409889, -0.3254777966436772, 2.185613450390068, -0.4025095650019061, -0.2925946315428159, 1.541697192537643, -0.21968939356820674, -0.3432434574405654, 1.179892169445414, -0.5120973744782175, 0.12172985537576482, 1.9051530926152405, -0.20799183990492712, -0.4695714530146352, 2.6954834785658135, -0.6181437340660063, -0.3782087021830482, 0.9701341538213998, -0.2105788861359439, -0.21513286880679913, 1.963501476952503, 0.18324068919781952, -0.677330082514045, 1.9846569417023325, -0.81150326873631, -0.061092736851369636, 1.359636958219434, -0.3352747110141486, -0.37379683532450886, 2.014448519482709, -0.6101065885662987, -0.3295923793449626, 2.514290341595829, -0.47734209542406647, -0.5137270892811209, 1.6679083256845026, -0.3352747110141484, -0.49419529898257275, 1.2904217347973461, -0.4077006734628857, -0.8396049059013214]]}