{"clusters": [[0, 1, 2, 5, 6, 7, 8, 10, 11, 14, 15, 18, 28, 30, 33, 35, 36, 37, 38, 49, 51, 53, 55, 56, 57, 58, 59, 61, 65, 66, 67, 75, 76, 77, 79, 82, 83, 84, 85, 86, 87, 89, 96, 99, 100, 106, 111, 113, 117, 119, 120, 121, 122, 123, 125, 126, 132, 133, 134, 135, 136, 141, 142, 146, 148, 150, 151, 154, 155, 156, 158, 160, 161, 162, 163, 164, 168, 171, 173, 188, 190, 191, 195, 197, 204, 206, 207, 211, 214, 215, 217, 223, 224, 225, 228, 229, 230, 231, 233, 235, 239, 240, 242, 247, 250, 251, 253, 256, 257, 266, 273, 274, 275, 276, 278, 279, 282, 283, 295, 296, 300, 302, 303, 304, 305, 306, 308, 310, 313, 314, 324, 325, 327, 330, 335, 339, 340, 343, 345, 346, 347, 349, 353, 356, 357, 359, 363, 364, 365, 369, 372, 374, 375, 377, 378, 379, 382, 384, 385, 388, 390, 392, 397, 399, 400, 401, 403, 404, 405, 407, 409, 410, 412, 416, 427, 430, 432, 433, 434], [9, 12, 17, 19, 20, 21, 22, 23, 24, 25, 26, 27, 29, 31, 32, 34, 39, 40, 41, 42, 43, 44, 45, 46, 47, 48, 50, 52, 60, 62, 63, 64, 68, 69, 70, 72, 90, 91, 92, 93, 105, 108, 109, 110, 114, 115, 116, 118, 124, 127, 129, 130, 139, 143, 149, 169, 170, 172, 174, 175, 176, 177, 178, 179, 180, 181, 182, 184, 185, 186, 187, 189, 193, 198, 199, 200, 201, 202, 203, 208, 209, 210, 212, 218, 219, 220, 222, 227, 232, 236, 238, 241, 243, 244, 245, 246, 249, 252, 254, 255, 258, 259, 260, 261, 262, 263, 264, 265, 267, 268, 269, 270, 272, 280, 297, 298, 301, 312, 317, 318, 319, 321, 326, 328, 329, 331, 332, 333, 337, 338, 344, 348, 355, 366, 371, 376, 389, 391, 395, 414, 417, 418, 419, 422, 425, 426, 428, 429, 431], [3, 4, 13, 16, 54, 71, 73, 74, 78, 80, 81, 88, 94, 95, 97, 98, 101, 102, 103, 104, 107, 112, 128, 131, 137, 138, 140, 144, 145, 147, 152, 153, 157, 159, 165, 166, 167, 183, 192, 194, 196, 205, 213, 216, 221, 226, 234, 237, 248, 271, 277, 281, 284, 285, 286, 287, 288, 289, 290, 291, 292, 293, 294, 299, 307, 309, 311, 315, 316, 320, 322, 323, 334, 336, 341, 342, 350, 351, 352, 354, 358, 360, 361, 362, 367, 368, 370, 373, 380, 381, 383, 386, 387, 393, 394, 396, 398, 402, 406, 408, 411, 413, 415, 420, 421, 423, 424]], "centers": [[0.0111731843575419, 0.8268156424581006, 0.16201117318435754, 0.1005586592178771, 0.39106145251396646, 0.5083798882681564, 0.01675977653631285, 0.8603351955307262, 0.12290502793296089, 0.00558659217877095, 0.09497206703910614, 0.8994413407821229, 0.0111731843575419, 0.00558659217877095, 0.9832402234636871, 0.00558659217877095, 0.061452513966480445, 0.9329608938547486, 0.027932960893854747, 0.8212290502793296, 0.15083798882681565, 0.0446927374301676, 0.8938547486033519, 0.061452513966480445, 0.0111731843575419, 0.9162011173184358, 0.07262569832402235, 0.00558659217877095, 0.5083798882681564, 0.4860335195530726, 0.03910614525139665, 0.7374301675977654, 0.22346368715083798, 0.061452513966480445, 0.10614525139664804, 0.8324022346368715, 0.0446927374301676, 0.0893854748603352, 0.8659217877094972, 0.027932960893854747, 0.0111731843575419, 0.9608938547486033, 0.055865921787709494, 0.8659217877094972, 0.0782122905027933, 0.1340782122905028, 0.329608938547486, 0.5363128491620112], [0.03355704697986577, 0.24161073825503357, 0.7248322147651006, 0.12751677852348994, 0.5100671140939598, 0.3624161073825503, 0.013422818791946308, 0.04697986577181208, 0.9395973154362416, 0.006711409395973154, 0.9731543624161074, 0.020134228187919462, 0.026845637583892617, 0.9664429530201343, 0.006711409395973154, 0.03355704697986577, 0.912751677852349, 0.053691275167785234, 0.006711409395973154, 0.04697986577181208, 0.9463087248322147, 0.0, 0.006711409395973154, 0.9932885906040269, 0.04697986577181208, 0.053691275167785234, 0.8993288590604027, 0.020134228187919462, 0.5704697986577181, 0.40939597315436244, 0.040268456375838924, 0.610738255033557, 0.348993288590604, 0.06711409395973154, 0.9194630872483222, 0.013422818791946308, 0.040268456375838924, 0.8859060402684564, 0.0738255033557047, 0.03355704697986577, 0.8657718120805369, 0.10067114093959731, 0.053691275167785234, 0.18120805369127516, 0.7651006711409396, 0.31543624161073824, 0.006711409395973154, 0.6778523489932886], [0.04672897196261682, 0.48598130841121495, 0.4672897196261682, 0.102803738317757, 0.42990654205607476, 0.4672897196261682, 0.056074766355140186, 0.09345794392523364, 0.8504672897196262, 0.08411214953271028, 0.794392523364486, 0.12149532710280374, 0.08411214953271028, 0.5887850467289719, 0.32710280373831774, 0.04672897196261682, 0.04672897196261682, 0.9065420560747663, 0.07476635514018691, 0.2616822429906542, 0.6635514018691588, 0.06542056074766354, 0.1588785046728972, 0.7757009345794392, 0.12149532710280374, 0.3177570093457944, 0.5607476635514018, 0.028037383177570093, 0.3364485981308411, 0.6355140186915887, 0.07476635514018691, 0.38317757009345793, 0.5420560747663551, 0.09345794392523364, 0.719626168224299, 0.18691588785046728, 0.102803738317757, 0.4953271028037383, 0.40186915887850466, 0.06542056074766354, 0.3644859813084112, 0.5700934579439252, 0.09345794392523364, 0.4766355140186916, 0.42990654205607476, 0.308411214953271, 0.018691588785046728, 0.6728971962616822]]}