{"clusters": [[0, 1, 2, 5, 6, 7, 8, 10, 11, 14, 15, 18, 30, 33, 35, 36, 37, 38, 49, 51, 53, 55, 56, 57, 58, 59, 61, 65, 66, 67, 75, 76, 79, 82, 83, 84, 85, 86, 87, 89, 96, 99, 100, 106, 111, 113, 119, 120, 121, 122, 123, 125, 126, 132, 133, 134, 135, 136, 146, 148, 150, 151, 154, 155, 156, 158, 160, 162, 163, 164, 171, 173, 190, 191, 195, 206, 211, 214, 215, 217, 223, 224, 225, 228, 230, 231, 233, 235, 247, 250, 251, 253, 256, 257, 266, 275, 276, 278, 279, 282, 283, 295, 303, 304, 305, 306, 308, 310, 313, 324, 325, 327, 330, 335, 339, 340, 346, 347, 356, 357, 359, 363, 364, 365, 369, 372, 374, 375, 377, 378, 379, 382, 384, 385, 388, 390, 392, 397, 399, 400, 401, 403, 404, 405, 407, 409, 410, 412, 416, 432, 434], [9, 12, 17, 19, 20, 21, 22, 23, 24, 25, 26, 27, 29, 31, 32, 34, 39, 40, 41, 42, 43, 44, 45, 46, 47, 48, 50, 52, 60, 62, 63, 64, 68, 69, 70, 71, 72, 90, 91, 92, 93, 105, 108, 109, 110, 114, 116, 118, 124, 127, 129, 130, 139, 143, 149, 169, 170, 172, 174, 175, 176, 177, 178, 179, 180, 181, 182, 184, 185, 186, 187, 189, 193, 198, 199, 200, 201, 202, 203, 208, 209, 210, 212, 218, 219, 220, 222, 227, 232, 236, 238, 241, 243, 244, 245, 246, 249, 252, 254, 255, 258, 259, 260, 261, 262, 263, 264, 265, 267, 268, 269, 270, 272, 280, 298, 301, 312, 317, 318, 319, 321, 326, 328, 329, 331, 332, 333, 337, 338, 344, 348, 355, 366, 371, 376, 389, 391, 395, 414, 417, 418, 419, 425, 426, 428, 429, 431], [3, 4, 13, 16, 54, 74, 78, 80, 81, 88, 94, 95, 98, 101, 102, 104, 107, 112, 115, 128, 131, 137, 138, 144, 145, 152, 153, 157, 159, 165, 183, 192, 194, 196, 205, 213, 216, 221, 226, 234, 237, 248, 271, 284, 285, 286, 287, 288, 289, 290, 291, 292, 293, 294, 297, 299, 307, 309, 311, 316, 320, 322, 323, 334, 336, 341, 342, 350, 352, 354, 358, 360, 362, 367, 368, 370, 373, 380, 381, 383, 386, 387, 393, 394, 396, 398, 408, 411, 415, 421, 422, 423, 424], [28, 73, 77, 97, 103, 117, 140, 141, 142, 147, 161, 166, 167, 168, 188, 197, 204, 207, 229, 239, 240, 242, 273, 274, 277, 281, 296, 300, 302, 314, 315, 343, 345, 349, 351, 353, 361, 402, 406, 413, 420, 427, 430, 433]], "centers": [[0.013245033112582781, 0.8278145695364238, 0.15894039735099338, 0.09933774834437085, 0.33112582781456956, 0.5695364238410596, 0.019867549668874173, 0.9006622516556292, 0.07947019867549669, 0.006622516556291391, 0.09933774834437085, 0.8940397350993378, 0.013245033112582781, 0.0, 0.9867549668874173, 0.006622516556291391, 0.033112582781456956, 0.9602649006622517, 0.026490066225165563, 0.9403973509933775, 0.033112582781456956, 0.039735099337748346, 0.9536423841059603, 0.006622516556291391, 0.006622516556291391, 0.9801324503311258, 0.013245033112582781, 0.0, 0.5364238410596026, 0.46357615894039733, 0.046357615894039736, 0.7086092715231788, 0.24503311258278146, 0.06622516556291391, 0.09271523178807947, 0.8410596026490066, 0.046357615894039736, 0.06622516556291391, 0.8874172185430463, 0.033112582781456956, 0.013245033112582781, 0.9536423841059603, 0.046357615894039736, 0.9072847682119205, 0.046357615894039736, 0.1456953642384106, 0.39072847682119205, 0.46357615894039733], [0.034013605442176874, 0.23129251700680273, 0.7346938775510204, 0.12244897959183673, 0.5102040816326531, 0.3673469387755102, 0.013605442176870748, 0.047619047619047616, 0.9387755102040817, 0.006802721088435374, 0.9659863945578231, 0.027210884353741496, 0.02040816326530612, 0.9727891156462585, 0.006802721088435374, 0.027210884353741496, 0.9319727891156463, 0.04081632653061224, 0.006802721088435374, 0.047619047619047616, 0.9455782312925171, 0.0, 0.006802721088435374, 0.9931972789115646, 0.047619047619047616, 0.05442176870748299, 0.8979591836734694, 0.02040816326530612, 0.5714285714285714, 0.40816326530612246, 0.034013605442176874, 0.6122448979591837, 0.35374149659863946, 0.061224489795918366, 0.9251700680272109, 0.013605442176870748, 0.034013605442176874, 0.891156462585034, 0.07482993197278912, 0.034013605442176874, 0.8571428571428571, 0.10884353741496598, 0.05442176870748299, 0.19047619047619047, 0.7551020408163265, 0.3129251700680272, 0.006802721088435374, 0.6802721088435374], [0.043010752688172046, 0.5268817204301075, 0.43010752688172044, 0.12903225806451613, 0.3655913978494624, 0.5053763440860215, 0.06451612903225806, 0.06451612903225806, 0.8709677419354839, 0.0967741935483871, 0.8924731182795699, 0.010752688172043012, 0.10752688172043011, 0.6559139784946236, 0.23655913978494625, 0.06451612903225806, 0.010752688172043012, 0.9247311827956989, 0.07526881720430108, 0.2903225806451613, 0.6344086021505376, 0.06451612903225806, 0.12903225806451613, 0.8064516129032258, 0.12903225806451613, 0.27956989247311825, 0.5913978494623656, 0.03225806451612903, 0.3655913978494624, 0.6021505376344086, 0.08602150537634409, 0.3118279569892473, 0.6021505376344086, 0.10752688172043011, 0.7311827956989247, 0.16129032258064516, 0.10752688172043011, 0.5053763440860215, 0.3870967741935484, 0.06451612903225806, 0.45161290322580644, 0.4838709677419355, 0.0967741935483871, 0.43010752688172044, 0.4731182795698925, 0.3333333333333333, 0.010752688172043012, 0.6559139784946236], [0.022727272727272728, 0.6363636363636364, 0.3409090909090909, 0.06818181818181818, 0.75, 0.18181818181818182, 0.0, 0.5, 0.5, 0.0, 0.1590909090909091, 0.8409090909090909, 0.0, 0.09090909090909091, 0.9090909090909091, 0.0, 0.20454545454545456, 0.7954545454545454, 0.045454545454545456, 0.13636363636363635, 0.8181818181818182, 0.06818181818181818, 0.4772727272727273, 0.45454545454545453, 0.045454545454545456, 0.5454545454545454, 0.4090909090909091, 0.022727272727272728, 0.29545454545454547, 0.6818181818181818, 0.022727272727272728, 0.8636363636363636, 0.11363636363636363, 0.045454545454545456, 0.3409090909090909, 0.6136363636363636, 0.06818181818181818, 0.29545454545454547, 0.6363636363636364, 0.022727272727272728, 0.0, 0.9772727272727273, 0.09090909090909091, 0.6363636363636364, 0.2727272727272727, 0.11363636363636363, 0.022727272727272728, 0.8636363636363636]]}