{"clusters": [[0, 1, 6, 7, 8, 10, 11, 14, 15, 18, 28, 30, 33, 35, 36, 37, 38, 49, 51, 53, 55, 56, 57, 58, 59, 61, 65, 66, 67, 75, 76, 79, 82, 83, 84, 85, 86, 87, 89, 96, 99, 100, 106, 111, 113, 117, 119, 120, 121, 122, 123, 125, 126, 132, 133, 134, 135, 136, 141, 142, 146, 148, 150, 151, 154, 155, 156, 158, 160, 161, 163, 164, 168, 171, 173, 188, 190, 191, 195, 197, 204, 206, 207, 211, 214, 215, 217, 223, 224, 225, 228, 229, 230, 231, 233, 235, 239, 240, 242, 247, 250, 251, 253, 256, 257, 266, 273, 274, 275, 276, 278, 279, 282, 283, 296, 300, 302, 303, 304, 305, 306, 308, 310, 313, 314, 324, 325, 327, 330, 335, 339, 340, 343, 345, 346, 347, 349, 353, 356, 357, 359, 363, 364, 365, 369, 372, 374, 375, 378, 379, 382, 384, 385, 388, 392, 399, 400, 401, 403, 404, 405, 407, 409, 410, 412, 416, 427, 430, 432, 433, 434], [9, 12, 13, 17, 19, 20, 21, 22, 23, 24, 25, 26, 27, 29, 31, 32, 34, 39, 40, 41, 42, 43, 44, 45, 46, 47, 48, 50, 52, 60, 62, 63, 64, 68, 69, 70, 71, 72, 74, 80, 81, 90, 91, 92, 93, 98, 105, 108, 109, 110, 112, 114, 116, 118, 124, 127, 130, 131, 137, 138, 139, 140, 143, 144, 145, 147, 149, 165, 169, 170, 172, 174, 175, 176, 177, 178, 179, 180, 181, 182, 184, 185, 186, 187, 189, 192, 193, 194, 196, 198, 199, 200, 201, 202, 203, 205, 208, 209, 210, 212, 218, 219, 220, 222, 226, 227, 232, 234, 236, 238, 241, 243, 244, 245, 246, 249, 252, 254, 255, 258, 259, 260, 262, 263, 264, 265, 267, 268, 269, 270, 271, 272, 280, 284, 285, 291, 297, 298, 299, 301, 307, 309, 311, 312, 317, 318, 319, 321, 326, 328, 329, 331, 332, 333, 334, 337, 338, 344, 348, 350, 354, 355, 360, 366, 368, 371, 376, 389, 391, 402, 408, 411, 414, 415, 417, 418, 419, 422, 423, 424, 425, 426, 428, 429, 431], [2, 3, 4, 5, 16, 54, 73, 77, 78, 88, 94, 95, 97, 101, 102, 103, 104, 128, 152, 153, 157, 159, 162, 166, 167, 213, 216, 221, 237, 277, 281, 286, 287, 288, 289, 290, 292, 293, 294, 295, 315, 316, 320, 322, 323, 336, 341, 342, 351, 352, 358, 361, 362, 367, 370, 373, 377, 380, 381, 383, 386, 387, 390, 393, 394, 395, 396, 397, 398, 406, 413, 420, 421], [107, 115, 129, 183, 248, 261]], "centers": [[-0.1684303842133045, 0.5895938090057002, -0.5375967431281491, -0.0348833619319067, -0.06448992852501581, 0.08636779371050668, -0.049322729486941025, 0.9910941935940109, -0.9656413605020004, -0.16106953848079167, -0.9927592305083429, 1.0525689593183098, -0.1569326174482762, -0.945528294037956, 1.002216028413087, -0.16106953848079167, -0.5979544664992621, 0.6412272190088222, -0.11608705422196765, 0.8470925523800893, -0.7986686564048318, 0.0033154778334142246, 1.011291679577995, -1.0020622922832283, -0.1774254077563711, 0.8903763183262399, -0.8123203931409858, -0.08141191236466483, 0.019445621354766407, 0.0010486234455974932, -0.061526623050499094, 0.3139331937052757, -0.2948573063312623, -0.04969502084118078, -0.8863835280815419, 0.9312305519747773, -0.0710472166011106, -0.7508630807574106, 0.782368195104428, -0.111135753862443, -0.7769724150625487, 0.8092871717282973, -0.07165317075558605, 0.6848628865361361, -0.6613144822133958, -0.2726083286744887, 0.5625207933800326, -0.1654635199704674], [-0.0034141294097291314, -0.41629583763847744, 0.42005614715270406, -0.0071387911323696355, 0.18881381381381301, -0.18402553807201885, -0.09220934266836493, -0.6609481627456281, 0.683789083313144, -0.16106953848079167, 0.8069598577017661, -0.7622597379621093, -0.10010950906730919, 1.0013905910407033, -0.9642101644486486, -0.02334914685593771, 0.8316489892920423, -0.811602177439271, -0.1517296584949499, -0.7714511208865363, 0.818672561105646, -0.15935799402551262, -0.8102428864024939, 0.8603999503901457, 0.015878151327754098, -0.851019532963974, 0.8438543563797755, 0.0009875460746511635, 0.00907404176933736, -0.009319886132909483, -0.12434998871426176, 0.019080489686652106, 0.036469887167692526, -0.08790794546958984, 0.7143356409853991, -0.6830815307821443, -0.08435744663277547, 0.8187620186494122, -0.7777298899466705, -0.11798681916279989, 0.7943213735886465, -0.7366984116481542, -0.08607974517996893, -0.5971068586053393, 0.6509905172261612, 0.1111455674211569, -0.39223861653556547, 0.18468655702701606], [0.1661231186761352, -0.29159364505024454, 0.23847669080056505, -0.08985423633049142, -0.28196347031963365, 0.3381391607126394, 0.10069353464179007, -0.5804494063936431, 0.5426892283148734, 0.5369653231794251, 0.29172106897593786, -0.4657748635096623, 0.33654370884383367, -0.2990730117150302, 0.1760285776000334, 0.013439176934262904, -0.6754106688900632, 0.6609214484679906, 0.438585180099853, 0.04047347026839538, -0.19569946526183324, 0.186393438744277, -0.24715838891378172, 0.1761486621913146, 0.2068004919627231, 0.14897235449357443, -0.23967482186162894, -0.12788721666732764, -0.0432196149726639, 0.07539149533158579, 0.09431968681286727, -0.681607366921425, 0.6578976405107251, 0.04247516603507687, 0.35429397207251095, -0.3841294638779656, 0.16507261752225968, -0.2948506094807282, 0.2173286760907793, 0.2931575418954207, -0.1552189791880639, 0.03823005899470261, 0.1284502627812454, -0.0027782810142917016, -0.06151686568633582, 0.24239148315437106, -0.2901466790154565, -0.00401919100121407], [2.884370329652826, -0.4199125480313837, -0.53169042946293, 2.307515083661736, -0.5532407407407386, -0.901387818865997, 3.023714517843952, -0.8048150549829883, -0.1654369056790959, 3.023714517843946, -0.13689721552400985, -0.828279247372467, 3.4646743359179286, -0.2899318678072144, -0.9750244334066274, 5.146903888727106, -0.3833117364466539, -1.2917862270676645, 2.6506924910388014, -0.8481554037632523, -0.09933709920066197, 2.551260192812292, -0.8322301387783576, -0.11336519695184083, 2.0509751362376716, -0.9484531189137902, 0.0483322154582842, 3.845751301210352, -0.30814451433133977, -0.6597858056357785, 4.440077219405729, -1.2425214883947895, -0.7254762501100135, 3.6100218925258996, -1.0739950402747, -0.8048150549829883, 2.617483431121404, -0.2582153580885211, -0.9616541795583003, 3.238545816205008, -0.45936427624575754, -0.8149490862073728, 3.1334293124114274, -1.0739950402747, -0.4762896722078418, 1.3932526600257562, -0.4077006734628857, -0.9298916986599179]]}