{"clusters": [[0, 1, 2, 5, 6, 7, 8, 10, 11, 14, 15, 18, 30, 33, 35, 36, 37, 38, 49, 51, 53, 55, 56, 57, 58, 59, 61, 65, 66, 67, 75, 76, 79, 82, 83, 84, 85, 86, 87, 89, 96, 99, 100, 106, 111, 113, 119, 120, 121, 122, 123, 125, 126, 132, 133, 134, 135, 136, 146, 148, 150, 151, 154, 155, 156, 158, 160, 162, 163, 164, 171, 173, 190, 191, 195, 197, 206, 211, 214, 215, 217, 223, 224, 225, 228, 230, 231, 233, 235, 247, 250, 251, 253, 256, 257, 266, 275, 276, 278, 279, 282, 283, 295, 303, 304, 305, 306, 308, 310, 313, 324, 325, 327, 330, 335, 339, 340, 346, 347, 356, 357, 359, 363, 364, 365, 369, 372, 374, 375, 377, 378, 379, 382, 384, 385, 388, 390, 392, 397, 399, 400, 401, 403, 404, 405, 407, 409, 410, 412, 416, 432, 434], [9, 12, 17, 19, 21, 22, 23, 24, 25, 26, 27, 29, 31, 32, 34, 39, 40, 41, 42, 43, 44, 45, 46, 47, 48, 50, 52, 60, 62, 63, 64, 68, 69, 70, 72, 90, 91, 92, 93, 105, 108, 109, 110, 114, 116, 124, 127, 130, 139, 143, 149, 170, 172, 174, 175, 176, 177, 178, 179, 180, 181, 182, 184, 185, 186, 187, 189, 193, 198, 199, 200, 201, 202, 203, 208, 209, 210, 212, 218, 220, 222, 227, 236, 238, 241, 243, 244, 245, 246, 249, 252, 254, 255, 258, 259, 260, 261, 262, 263, 264, 265, 268, 269, 270, 272, 297, 298, 301, 312, 317, 318, 319, 321, 326, 328, 329, 331, 332, 333, 337, 338, 344, 348, 355, 366, 371, 376, 389, 391, 414, 417, 418, 419, 425, 426, 428, 429, 431], [16, 54, 71, 74, 78, 80, 81, 88, 94, 97, 98, 101, 102, 103, 104, 131, 137, 138, 144, 145, 153, 169, 192, 196, 205, 216, 226, 234, 237, 267, 280, 286, 288, 289, 290, 291, 292, 293, 294, 299, 307, 309, 311, 316, 320, 322, 323, 336, 358, 360, 361, 362, 381, 383, 387, 393, 406, 408, 411, 415], [28, 73, 77, 117, 140, 141, 142, 147, 161, 166, 167, 168, 188, 204, 207, 229, 239, 240, 242, 273, 274, 277, 281, 296, 300, 302, 314, 343, 345, 349, 351, 353, 402, 413, 420, 427, 430, 433], [3, 4, 13, 20, 95, 107, 112, 115, 118, 128, 129, 152, 157, 159, 165, 183, 194, 213, 219, 221, 232, 248, 271, 284, 285, 287, 315, 334, 341, 342, 350, 352, 354, 367, 368, 370, 373, 380, 386, 394, 395, 396, 398, 421, 422, 423, 424]], "centers": [[0.013157894736842105, 0.8289473684210527, 0.15789473684210525, 0.10526315789473684, 0.32894736842105265, 0.5657894736842105, 0.019736842105263157, 0.8947368421052632, 0.08552631578947369, 0.006578947368421052, 0.09868421052631579, 0.8947368421052632, 0.013157894736842105, 0.0, 0.9868421052631579, 0.006578947368421052, 0.03289473684210526, 0.9605263157894737, 0.02631578947368421, 0.9407894736842105, 0.03289473684210526, 0.039473684210526314, 0.9539473684210527, 0.006578947368421052, 0.006578947368421052, 0.9802631578947368, 0.013157894736842105, 0.0, 0.5328947368421053, 0.46710526315789475, 0.046052631578947366, 0.7105263157894737, 0.24342105263157895, 0.06578947368421052, 0.09868421052631579, 0.8355263157894737, 0.046052631578947366, 0.07236842105263158, 0.881578947368421, 0.03289473684210526, 0.013157894736842105, 0.9539473684210527, 0.046052631578947366, 0.9078947368421053, 0.046052631578947366, 0.14473684210526316, 0.3881578947368421, 0.46710526315789475], [0.028985507246376812, 0.21739130434782608, 0.7536231884057971, 0.12318840579710146, 0.5217391304347826, 0.35507246376811596, 0.014492753623188406, 0.043478260869565216, 0.9420289855072463, 0.0, 0.9782608695652174, 0.021739130434782608, 0.021739130434782608, 0.9710144927536232, 0.007246376811594203, 0.021739130434782608, 0.927536231884058, 0.050724637681159424, 0.007246376811594203, 0.028985507246376812, 0.9637681159420289, 0.0, 0.007246376811594203, 0.9927536231884058, 0.043478260869565216, 0.036231884057971016, 0.9202898550724637, 0.021739130434782608, 0.572463768115942, 0.4057971014492754, 0.028985507246376812, 0.644927536231884, 0.32608695652173914, 0.050724637681159424, 0.9347826086956522, 0.014492753623188406, 0.036231884057971016, 0.8840579710144928, 0.07971014492753623, 0.028985507246376812, 0.8913043478260869, 0.07971014492753623, 0.050724637681159424, 0.17391304347826086, 0.7753623188405797, 0.32608695652173914, 0.007246376811594203, 0.6666666666666666], [0.03333333333333333, 0.35, 0.6166666666666667, 0.06666666666666667, 0.6, 0.3333333333333333, 0.03333333333333333, 0.11666666666666667, 0.85, 0.03333333333333333, 0.95, 0.016666666666666666, 0.03333333333333333, 0.7, 0.26666666666666666, 0.0, 0.08333333333333333, 0.9166666666666666, 0.06666666666666667, 0.25, 0.6833333333333333, 0.016666666666666666, 0.16666666666666666, 0.8166666666666667, 0.13333333333333333, 0.2, 0.6666666666666666, 0.0, 0.26666666666666666, 0.7333333333333333, 0.016666666666666666, 0.48333333333333334, 0.5, 0.016666666666666666, 0.75, 0.23333333333333334, 0.03333333333333333, 0.55, 0.4166666666666667, 0.0, 0.2, 0.8, 0.05, 0.6833333333333333, 0.26666666666666666, 0.31666666666666665, 0.03333333333333333, 0.65], [0.02631578947368421, 0.6842105263157895, 0.2894736842105263, 0.05263157894736842, 0.7631578947368421, 0.18421052631578946, 0.0, 0.5263157894736842, 0.47368421052631576, 0.0, 0.07894736842105263, 0.9210526315789473, 0.0, 0.10526315789473684, 0.8947368421052632, 0.0, 0.23684210526315788, 0.7631578947368421, 0.02631578947368421, 0.10526315789473684, 0.868421052631579, 0.05263157894736842, 0.42105263157894735, 0.5263157894736842, 0.02631578947368421, 0.5526315789473685, 0.42105263157894735, 0.02631578947368421, 0.2894736842105263, 0.6842105263157895, 0.02631578947368421, 0.868421052631579, 0.10526315789473684, 0.05263157894736842, 0.23684210526315788, 0.7105263157894737, 0.05263157894736842, 0.2631578947368421, 0.6842105263157895, 0.0, 0.0, 1.0, 0.07894736842105263, 0.631578947368421, 0.2894736842105263, 0.07894736842105263, 0.0, 0.9210526315789473], [0.06382978723404255, 0.7021276595744681, 0.23404255319148937, 0.19148936170212766, 0.10638297872340426, 0.7021276595744681, 0.0851063829787234, 0.0425531914893617, 0.8723404255319149, 0.1702127659574468, 0.7872340425531915, 0.0425531914893617, 0.1702127659574468, 0.5957446808510638, 0.23404255319148937, 0.14893617021276595, 0.10638297872340426, 0.7446808510638298, 0.0851063829787234, 0.3404255319148936, 0.574468085106383, 0.1276595744680851, 0.1276595744680851, 0.7446808510638298, 0.1276595744680851, 0.40425531914893614, 0.46808510638297873, 0.06382978723404255, 0.5319148936170213, 0.40425531914893614, 0.1702127659574468, 0.10638297872340426, 0.723404255319149, 0.23404255319148937, 0.7446808510638298, 0.02127659574468085, 0.19148936170212766, 0.5319148936170213, 0.2765957446808511, 0.1702127659574468, 0.7021276595744681, 0.1276595744680851, 0.1702127659574468, 0.1276595744680851, 0.7021276595744681, 0.3191489361702128, 0.0, 0.6808510638297872]]}