{"clusters": [[0, 1, 2, 5, 6, 7, 8, 10, 11, 14, 15, 18, 28, 30, 33, 35, 36, 37, 38, 49, 51, 53, 55, 56, 57, 58, 59, 61, 65, 66, 67, 75, 76, 77, 79, 82, 83, 84, 85, 86, 87, 89, 96, 99, 100, 106, 111, 113, 117, 119, 120, 121, 122, 123, 125, 126, 132, 133, 134, 135, 136, 141, 142, 146, 148, 150, 151, 154, 155, 156, 158, 160, 161, 162, 163, 164, 168, 171, 173, 190, 191, 195, 197, 204, 206, 207, 211, 214, 215, 217, 223, 224, 225, 228, 229, 230, 231, 233, 235, 239, 240, 242, 247, 250, 251, 253, 256, 257, 266, 273, 274, 275, 276, 278, 279, 282, 283, 296, 300, 302, 303, 304, 305, 306, 308, 310, 313, 314, 324, 325, 327, 330, 335, 339, 340, 343, 345, 346, 347, 349, 353, 356, 357, 359, 363, 364, 365, 369, 372, 374, 375, 378, 379, 382, 384, 385, 388, 392, 397, 399, 401, 403, 404, 405, 407, 409, 410, 412, 416, 427, 430, 432, 434], [9, 12, 17, 19, 20, 21, 22, 23, 24, 25, 26, 27, 29, 31, 32, 34, 39, 40, 41, 42, 43, 44, 45, 46, 47, 48, 50, 52, 60, 62, 63, 64, 68, 69, 70, 72, 90, 91, 92, 93, 105, 108, 109, 110, 114, 116, 118, 124, 127, 130, 139, 143, 149, 169, 170, 172, 174, 175, 176, 177, 178, 179, 180, 181, 182, 184, 185, 186, 187, 189, 193, 198, 199, 200, 201, 203, 208, 209, 210, 212, 218, 219, 220, 222, 227, 232, 236, 238, 241, 243, 244, 245, 246, 249, 252, 254, 255, 258, 259, 260, 262, 263, 264, 265, 267, 268, 269, 270, 272, 280, 297, 298, 312, 317, 318, 319, 321, 326, 328, 329, 331, 332, 333, 337, 338, 344, 348, 355, 366, 371, 376, 389, 391, 395, 414, 417, 418, 419, 425, 426, 428, 429, 431], [54, 95, 103, 129, 157, 188, 261, 286, 295, 315, 322, 377, 390, 400, 433], [107, 183, 248], [3, 4, 13, 16, 71, 73, 74, 78, 80, 81, 88, 94, 97, 98, 101, 102, 104, 112, 115, 128, 131, 137, 138, 140, 144, 145, 147, 152, 153, 159, 165, 166, 167, 192, 194, 196, 202, 205, 213, 216, 221, 226, 234, 237, 271, 277, 281, 284, 285, 287, 288, 289, 290, 291, 292, 293, 294, 299, 301, 307, 309, 311, 316, 320, 323, 334, 336, 341, 342, 350, 351, 352, 354, 358, 360, 361, 362, 367, 368, 370, 373, 380, 381, 383, 386, 387, 393, 394, 396, 398, 402, 406, 408, 411, 413, 415, 420, 421, 422, 423, 424]], "centers": [[-0.13313789041138355, 0.5817907957606898, -0.5414204837669044, -0.057000289889288604, -0.0856615285806033, 0.12144086665913535, -0.05061460011114738, 0.9466636064037819, -0.921236951448244, -0.12425122569091018, -0.9595278331555527, 1.007292083632258, -0.1573031332755171, -0.9456636359921737, 1.0024865404987073, -0.12425122569091028, -0.5995142154872581, 0.6308219081899856, -0.1496052031555896, 0.8626478006134267, -0.8022014917839172, -0.062265823588225556, 1.037004048030923, -1.0034230810063176, -0.2044213646425265, 0.8922719489820595, -0.8023706520011098, -0.12788721666732777, 0.03107764103643656, 0.001116231448981973, -0.09038609066897833, 0.2841051826788138, -0.2511909097201718, -0.07479127368479234, -0.8537819611144508, 0.9111606605648608, -0.12275252212697171, -0.7528971341127735, 0.8084842146807872, -0.1121823658199707, -0.7772495298090353, 0.8099699825566467, -0.09741118800432276, 0.6877095930072751, -0.6513094113758776, -0.3030415273548043, 0.5678389297838955, -0.1425699902459369], [0.0023556697092769687, -0.6257868319351879, 0.62896216009207, 0.027244722101335057, 0.12509712509712473, -0.14206919361362966, -0.11652710412659956, -0.704595783628829, 0.7347464740354389, -0.11652710412659949, 0.8159638703652244, -0.7855743199566747, -0.07400702968012866, 0.9886776457881495, -0.9610339455938608, -0.027442235418214857, 1.2471581844064976, -1.219551677400032, -0.14273415004751822, -0.7489225902514154, 0.7931459135397136, -0.1889822365046143, -0.8180076153883756, 0.8789645240473278, -0.039322614526975594, -0.8364082803701007, 0.8534667736669672, 0.03883887499187564, 0.15820507942760226, -0.16793261678982813, -0.12734791254604474, 0.04601200044437151, 0.010146520980559575, -0.08673250686882839, 0.8049080149674209, -0.7761809774532262, -0.09670079967198747, 0.8545483791286206, -0.80769040771146, -0.09340922126711351, 0.9905531264356272, -0.9397251252467557, -0.09131676464196702, -0.6954100963080031, 0.753689151625595, 0.1772589917653255, -0.38769731310236705, 0.12337003336729034], [0.6456498061509975, -0.15227597895643594, -0.060366598978323936, 0.2861465445558274, -0.21759259259259173, 0.03698001308168196, -0.16106953848079159, 0.1506086652599744, -0.09786408504960602, -0.16106953848079136, 0.06496817007919137, -0.014038631311397598, 0.5417490779798942, -0.2899318678072144, 0.09198343711383287, 0.2635683356958406, -0.5930483469552003, 0.49866747736067935, 2.4618225101048323, -0.30757283872733326, -0.5683006140316947, 2.368577364191165, -0.561054026142713, -0.31464626092755843, 1.2903833337965913, 0.11970767520271137, -0.6858571526937479, 0.40193125238302974, 0.6254873723740627, -0.7264540577731916, 1.0188582991389956, -0.5600759739355302, 0.11607620001760202, 1.0186695439305755, -0.5393022305242056, 0.014119562368122611, 1.758158682036264, -0.2582153580885211, -0.5613483727565197, 2.206481764886928, -0.8009428406336283, -0.07429735258870634, 1.6393127942361732, -0.405629028086582, -0.4082482904638645, 1.3151011568521644, -0.21700197135927787, -0.9985096611564516], [3.9019705676082026, -0.4199125480313837, -0.8683503083805056, 2.839454172900133, -0.8888888888888854, -0.901387818865997, 6.208498574168696, -0.8048150549829883, -1.1790292151214443, 6.208498574168683, -1.1462241435400158, -0.828279247372467, 5.2915026221292, -0.9572353730777872, -0.9750244334066274, 6.208498574168686, -0.732872753960898, -1.2917862270676648, 5.483742205048332, -0.848155403763252, -1.104258916695732, 5.291502622129198, -0.8322301387783576, -1.119770516830429, 2.8115669386787516, -0.9484531189137902, -0.2853902246108213, 7.819389819088033, -0.9750244334066274, -0.9931270663228443, 4.440077219405729, -1.2425214883947895, -0.7254762501100135, 3.6100218925258996, -1.0739950402747, -0.8048150549829883, 4.049691346263304, -0.9268086959962988, -0.9616541795583003, 3.238545816205008, -0.8009428406336285, -0.47828920728979724, 3.8125731843092705, -1.0739950402747, -0.8164965809277286, 1.7840101758937148, -0.4077006734628858, -1.2729815111425848], [0.012924113640129744, -0.07542983536065888, 0.07163073968638878, -0.06777728511566053, 0.028327832783278297, 0.01441671302070514, 0.0911905847924554, -0.6223791253750678, 0.5872306508374988, 0.21732064642907833, 0.512669619337775, -0.586425599037495, 0.13659112143402813, 0.291481087280017, -0.34115837171130475, 0.02812555397414357, -0.6290427487586471, 0.6104856066547584, -0.07015723429708369, -0.34637703275218834, 0.3682997861683303, -0.13472001018150725, -0.5100406980231359, 0.5542502132646491, 0.1306691003715783, -0.3337318698244666, 0.2763208131292571, -0.12788721666732747, -0.34115837171130475, 0.3732420616419602, 0.05192513895559864, -0.4316951345818078, 0.4202015904102557, -0.007608613928958621, 0.4347916011004569, -0.43994319576714686, -0.03422825334924308, 0.14558853906370123, -0.1293351753169745, -0.09948312865214676, 0.07160438324825971, -0.03163154615162742, -0.060564144533874, -0.10122470570387467, 0.1333880553000746, 0.019798025044317165, -0.3793790840415583, 0.255636465265337]]}