{"clusters": [[0, 1, 2, 5, 6, 7, 8, 10, 11, 14, 15, 18, 28, 30, 33, 35, 36, 37, 38, 49, 51, 53, 55, 56, 57, 58, 59, 61, 65, 66, 67, 75, 76, 77, 79, 82, 83, 84, 85, 86, 87, 89, 96, 99, 100, 106, 111, 113, 117, 119, 120, 121, 122, 123, 125, 126, 132, 133, 134, 135, 136, 141, 142, 146, 148, 150, 151, 154, 155, 156, 158, 160, 161, 162, 163, 164, 168, 171, 173, 188, 190, 191, 195, 197, 204, 206, 207, 211, 214, 215, 217, 223, 224, 225, 228, 229, 230, 231, 233, 235, 239, 240, 242, 247, 250, 251, 253, 256, 257, 266, 273, 274, 275, 276, 278, 279, 282, 283, 296, 300, 302, 303, 304, 305, 306, 308, 310, 313, 314, 324, 325, 327, 330, 335, 339, 340, 343, 345, 346, 347, 349, 353, 356, 357, 359, 363, 364, 365, 369, 372, 374, 375, 378, 379, 382, 384, 385, 388, 392, 397, 399, 400, 401, 403, 404, 405, 407, 409, 410, 412, 416, 427, 430, 432, 434], [9, 12, 17, 19, 20, 21, 22, 23, 24, 25, 26, 27, 29, 31, 32, 34, 39, 40, 41, 42, 43, 44, 45, 46, 47, 48, 50, 52, 60, 62, 63, 64, 68, 69, 70, 72, 90, 91, 92, 93, 105, 108, 109, 110, 114, 116, 118, 124, 127, 130, 139, 143, 149, 169, 172, 174, 175, 176, 177, 178, 179, 181, 182, 184, 185, 186, 187, 189, 193, 198, 199, 200, 201, 203, 208, 209, 210, 212, 218, 219, 220, 222, 227, 232, 236, 238, 241, 243, 244, 245, 246, 249, 252, 254, 255, 258, 259, 260, 262, 263, 264, 265, 267, 268, 269, 270, 272, 280, 298, 312, 317, 318, 319, 321, 326, 328, 329, 331, 332, 333, 337, 338, 344, 348, 355, 366, 371, 376, 389, 391, 395, 414, 417, 418, 419, 425, 426, 428, 429, 431], [54, 95, 103, 170, 286, 290, 295, 315, 322, 377, 380, 390, 433], [115, 129, 180, 261], [3, 4, 13, 16, 71, 73, 74, 78, 80, 81, 88, 94, 97, 98, 101, 102, 104, 112, 128, 131, 137, 138, 140, 144, 145, 147, 152, 153, 157, 159, 165, 166, 167, 192, 194, 196, 202, 205, 213, 216, 221, 226, 234, 237, 271, 277, 281, 284, 285, 287, 288, 289, 291, 292, 293, 294, 297, 299, 301, 307, 309, 311, 316, 320, 323, 334, 336, 341, 342, 350, 351, 352, 354, 358, 360, 361, 362, 367, 368, 370, 373, 381, 383, 386, 387, 393, 394, 396, 398, 402, 406, 408, 411, 413, 415, 420, 421, 422, 423, 424], [107, 183, 248]], "centers": [[-0.13354123319769123, 0.5741661371041369, -0.5336142001996002, -0.042135864802725964, -0.09484126984126941, 0.12124161431779931, -0.05187694226394332, 0.9500448393408221, -0.9241831487473662, -0.12467200640850883, -0.9616615052742323, 1.0095781431653776, -0.15766518016956393, -0.9457958844160094, 1.002750869450942, -0.12467200640850892, -0.6010383130698141, 0.6324596223069753, -0.1499795119534769, 0.8546796760998915, -0.79416875586868, -0.0323969548293625, 1.0156413716102457, -0.9932509909028377, -0.20472283785901843, 0.8941242509371747, -0.8040902457468002, -0.1278872166673278, 0.042443785982525656, -0.010246549096981744, -0.06526821585461856, 0.2783570866858457, -0.2566113136103414, -0.0548907147732015, -0.8562986820191394, 0.9032485754921871, -0.07506744934536856, -0.7548846948200137, 0.7882540616037691, -0.1132050552184692, -0.7775203105041736, 0.810637186280348, -0.0760105850715221, 0.6790335288358488, -0.6531972647421845, -0.2791895078891069, 0.5566899057467894, -0.15548897905618433], [-0.0375960679047553, -0.6158607503898259, 0.6321908662235473, 0.012577870090366223, 0.1324404761904758, -0.14016085315333932, -0.11557262339043829, -0.7024482278140971, 0.7323162826841285, -0.11557262339043822, 0.8147538880339366, -0.7846592143691935, -0.0715432752481754, 0.9874776994250258, -0.9607341494264446, -0.024578793209731074, 1.2596250458702924, -1.2327602807678273, -0.18235722297072865, -0.7467961728190188, 0.8050925365448998, -0.1889822365046143, -0.8177028470300188, 0.8786629040713402, -0.03521952188643429, -0.8340073195441645, 0.8492660716241393, -0.07112095212621768, 0.18248856898833582, -0.1645359326149949, -0.1585741864073477, 0.044375767442671, 0.025909866075357585, -0.08265520422243713, 0.8022038367962303, -0.7755673900775886, -0.12417172072166228, 0.8640663162566783, -0.8043911840290278, -0.09108939697593904, 0.985025081737242, -0.9351847572493658, -0.11675921738539272, -0.6872975617944311, 0.7581753965757473, 0.14282860924828847, -0.38726866966607026, 0.15329185217821603], [0.3012312640737932, -0.31697540607948077, 0.2193200696608928, -0.10667001365098891, 0.0405982905982905, 0.026668278664674496, -0.1610695384807916, -0.017377922914612452, 0.06846901188452295, -0.16106953848079136, 0.25130544909753094, -0.20194031194087517, 1.0757450385647274, -0.3412629066741815, -0.05165223776392139, -0.1610695384807914, -0.5715368997235545, 0.6152058841577905, 4.1761807985823935, -0.5362808470117606, -0.9496555601580291, 2.340472313634068, -0.5193346241987677, -0.34561257846228427, 1.1733692103441176, -0.0240832009283561, -0.4907578800379631, 1.0947707888334968, 0.2561384941169805, -0.5315776284484456, 0.13364780927977116, -0.29759692991273806, 0.24554580772954288, 0.3209977577702961, -0.14856517724499818, -0.017377922914612418, 0.7445961574743035, -0.15535484456424753, -0.191835320324107, 1.3861231599930706, -0.48563955042943996, -0.06393858708355021, 0.6780630063192259, -0.3028034877499485, -0.03140371465106653, 0.8822620623522717, -0.1876637094971844, -0.6395849342515074], [2.884370329652826, -0.5871854037032261, -0.3633604900041421, 2.0415455390425374, -0.3854166666666652, -0.901387818865997, -0.1610695384807916, -0.8048150549829883, 0.8481554037632525, -0.1610695384807913, 0.8724297124919961, -0.828279247372467, 1.1811389781538393, 0.5441975137810016, -0.9750244334066274, 3.0237145178439473, 0.3158102985818343, -1.2917862270676648, -0.18235722297072837, -0.8481554037632522, 0.905584718294408, -0.1889822365046142, -0.8322301387783576, 0.8930401229267474, 0.9100874325760511, -0.9484531189137902, 0.5489158755619424, 1.8589320422715123, 0.025295445206304, -0.4931151752922456, 4.440077219405729, -1.2425214883947895, -0.7254762501100135, 2.638264761802653, -0.5727205311336115, -0.8048150549829883, 0.8272235371940286, 0.5775263142962013, -0.9616541795583003, 2.3784924401066085, 0.2237928525299845, -1.1516089651249486, 2.793857376462506, -1.0739950402747, -0.3061862178478983, 1.1978739020917768, -0.40770067346288574, -0.7583467924185845], [0.014737658618664077, -0.06529409400707795, 0.0608309574320032, -0.09684959969581844, 0.017361111111111126, 0.04368264045273674, 0.09371318602518787, -0.6205547660789885, 0.5846214033082413, 0.22110454827817705, 0.5090720184062328, -0.5840070625541454, 0.030237157840738264, 0.32398735704171217, -0.3348197110943515, -0.03367817622780179, -0.6280044487066245, 0.6295083249919826, -0.1823572229707283, -0.3210874028532308, 0.38302537319697094, -0.1341773879182762, -0.5068188036155836, 0.5508623141680281, 0.13428379408614974, -0.32758465733357334, 0.2685890259038937, -0.12788721666732747, -0.3348197110943515, 0.3669052772803843, 0.008043618151097281, -0.42358687104367804, 0.43165836881545844, -0.043784918993507276, 0.44987946751420826, -0.4362944771749884, 0.053831263017402466, 0.13625471127706804, -0.16104256595473931, -0.04685808049087827, 0.05983514162380634, -0.040631364696948745, -0.017798253194564156, -0.11154798272380993, 0.12247448713915933, 0.07249225639205585, -0.379095868147345, 0.2091664787825365], [3.9019705676082026, -0.4199125480313837, -0.8683503083805056, 2.839454172900133, -0.8888888888888854, -0.901387818865997, 6.208498574168696, -0.8048150549829883, -1.1790292151214443, 6.208498574168683, -1.1462241435400158, -0.828279247372467, 5.2915026221292, -0.9572353730777872, -0.9750244334066274, 6.208498574168686, -0.732872753960898, -1.2917862270676648, 5.483742205048332, -0.848155403763252, -1.104258916695732, 5.291502622129198, -0.8322301387783576, -1.119770516830429, 2.8115669386787516, -0.9484531189137902, -0.2853902246108213, 7.819389819088033, -0.9750244334066274, -0.9931270663228443, 4.440077219405729, -1.2425214883947895, -0.7254762501100135, 3.6100218925258996, -1.0739950402747, -0.8048150549829883, 4.049691346263304, -0.9268086959962988, -0.9616541795583003, 3.238545816205008, -0.8009428406336285, -0.47828920728979724, 3.8125731843092705, 