{"clusters": [[0, 1, 2, 4, 5, 6, 7, 8, 10, 11, 14, 15, 18, 30, 33, 35, 36, 37, 38, 49, 51, 53, 55, 56, 57, 58, 59, 61, 65, 66, 67, 75, 76, 79, 82, 83, 84, 85, 86, 87, 89, 96, 99, 100, 106, 111, 113, 119, 120, 121, 122, 123, 125, 126, 132, 133, 134, 135, 136, 146, 148, 150, 151, 154, 155, 156, 158, 160, 161, 162, 163, 164, 171, 173, 190, 191, 195, 206, 211, 214, 215, 217, 223, 224, 225, 228, 230, 231, 233, 235, 247, 250, 251, 253, 256, 257, 266, 275, 276, 278, 279, 282, 283, 295, 303, 304, 305, 306, 308, 310, 313, 324, 325, 327, 330, 335, 339, 340, 346, 347, 356, 357, 359, 363, 364, 365, 369, 372, 374, 375, 378, 379, 382, 384, 385, 388, 390, 392, 394, 397, 399, 400, 401, 403, 404, 405, 407, 409, 410, 412, 416, 432, 434], [9, 12, 17, 19, 21, 22, 23, 24, 25, 26, 27, 29, 31, 32, 34, 39, 40, 41, 42, 43, 44, 45, 46, 47, 48, 50, 52, 60, 62, 63, 64, 68, 69, 70, 72, 90, 91, 93, 105, 108, 109, 110, 114, 116, 124, 130, 139, 149, 170, 174, 175, 176, 178, 179, 180, 182, 185, 187, 189, 193, 199, 200, 201, 203, 208, 209, 218, 220, 222, 227, 236, 238, 241, 244, 245, 246, 249, 252, 254, 255, 259, 260, 262, 263, 264, 265, 268, 269, 270, 272, 297, 312, 317, 318, 319, 321, 326, 328, 329, 331, 332, 333, 337, 338, 348, 355, 366, 371, 376, 389, 391, 414, 417, 418, 419, 426, 428, 429, 431], [16, 54, 71, 74, 78, 80, 81, 88, 94, 97, 98, 101, 102, 103, 104, 131, 138, 144, 145, 153, 159, 169, 205, 216, 234, 237, 267, 280, 286, 288, 289, 290, 291, 292, 293, 294, 299, 307, 309, 311, 316, 320, 322, 323, 358, 360, 361, 362, 381, 383, 387, 393, 406, 408, 411], [28, 73, 77, 117, 140, 141, 142, 147, 166, 167, 168, 188, 197, 204, 207, 229, 239, 240, 242, 273, 274, 277, 281, 296, 300, 302, 314, 315, 343, 345, 349, 351, 353, 373, 402, 413, 420, 427, 430, 433], [3, 13, 20, 92, 112, 115, 118, 127, 128, 137, 143, 152, 165, 172, 177, 181, 184, 186, 192, 194, 196, 198, 202, 210, 212, 213, 219, 221, 226, 232, 243, 258, 271, 284, 285, 287, 298, 301, 334, 336, 341, 342, 344, 350, 352, 354, 367, 368, 370, 380, 386, 395, 396, 398, 415, 421, 422, 423, 424, 425], [95, 107, 129, 157, 183, 248, 261, 377]], "centers": [[0.013071895424836602, 0.8169934640522876, 0.16993464052287582, 0.09803921568627451, 0.3333333333333333, 0.5686274509803921, 0.026143790849673203, 0.8888888888888888, 0.08496732026143791, 0.013071895424836602, 0.1111111111111111, 0.8758169934640523, 0.0196078431372549, 0.0, 0.9803921568627451, 0.006535947712418301, 0.032679738562091505, 0.9607843137254902, 0.0196078431372549, 0.9411764705882353, 0.0392156862745098, 0.032679738562091505, 0.9607843137254902, 0.006535947712418301, 0.006535947712418301, 0.9803921568627451, 0.013071895424836602, 0.0, 0.5424836601307189, 0.45751633986928103, 0.0392156862745098, 0.7058823529411765, 0.2549019607843137, 0.06535947712418301, 0.09803921568627451, 0.8366013071895425, 0.0457516339869281, 0.06535947712418301, 0.8888888888888888, 0.026143790849673203, 0.0196078431372549, 0.954248366013072, 0.0392156862745098, 0.9084967320261438, 0.05228758169934641, 0.13725490196078433, 0.38562091503267976, 0.477124183006536], [0.025210084033613446, 0.12605042016806722, 0.8487394957983193, 0.13445378151260504, 0.5042016806722689, 0.36134453781512604, 0.008403361344537815, 0.03361344537815126, 0.957983193277311, 0.0, 0.9747899159663865, 0.025210084033613446, 0.025210084033613446, 0.9663865546218487, 0.008403361344537815, 0.01680672268907563, 0.9495798319327731, 0.03361344537815126, 0.008403361344537815, 0.03361344537815126, 0.957983193277311, 0.0, 0.008403361344537815, 0.9915966386554622, 0.04201680672268908, 0.025210084033613446, 0.9327731092436975, 0.025210084033613446, 0.6218487394957983, 0.35294117647058826, 0.025210084033613446, 0.7142857142857143, 0.2605042016806723, 0.04201680672268908, 0.9411764705882353, 0.01680672268907563, 0.025210084033613446, 0.8907563025210085, 0.08403361344537816, 0.01680672268907563, 0.907563025210084, 0.07563025210084033, 0.05042016806722689, 0.20168067226890757, 0.7478991596638656, 0.35294117647058826, 0.008403361344537815, 0.6386554621848739], [0.03636363636363636, 0.2909090909090909, 0.6727272727272727, 0.05454545454545454, 0.5818181818181818, 0.36363636363636365, 0.03636363636363636, 0.10909090909090909, 0.8545454545454545, 0.03636363636363636, 0.9454545454545454, 0.01818181818181818, 0.05454545454545454, 0.6545454545454545, 0.2909090909090909, 0.0, 0.09090909090909091, 0.9090909090909091, 0.07272727272727272, 0.2727272727272727, 0.6545454545454545, 0.01818181818181818, 0.18181818181818182, 0.8, 0.12727272727272726, 0.2, 0.6727272727272727, 0.0, 0.21818181818181817, 0.7818181818181819, 0.01818181818181818, 0.4909090909090909, 0.4909090909090909, 0.01818181818181818, 0.7454545454545455, 0.23636363636363636, 0.03636363636363636, 0.509090909090909, 0.45454545454545453, 0.01818181818181818, 0.2, 0.7818181818181819, 0.03636363636363636, 0.7454545454545455, 0.21818181818181817, 0.34545454545454546, 0.03636363636363636, 0.6181818181818182], [0.025, 0.7, 0.275, 0.075, 0.7, 0.225, 0.0, 0.475, 0.525, 0.025, 0.05, 0.925, 0.0, 0.1, 0.9, 0.0, 0.225, 0.775, 0.025, 0.15, 0.825, 0.075, 0.4, 0.525, 0.025, 0.575, 0.4, 0.025, 0.275, 0.7, 0.05, 0.85, 0.1, 0.05, 0.3, 0.65, 0.075, 0.275, 0.65, 0.025, 0.0, 0.975, 0.1, 0.6, 0.3, 0.1, 0.0, 0.9], [0.016666666666666666, 0.8166666666666667, 0.16666666666666666, 0.11666666666666667, 0.31666666666666665, 0.5666666666666667, 0.016666666666666666, 0.08333333333333333, 0.9, 0.05, 0.9333333333333333, 0.016666666666666666, 0.05, 0.8333333333333334, 0.11666666666666667, 0.06666666666666667, 0.31666666666666665, 0.6166666666666667, 0.016666666666666666, 0.18333333333333332, 0.8, 0.016666666666666666, 0.06666666666666667, 0.9166666666666666, 0.06666666666666667, 0.3, 0.6333333333333333, 0.0, 0.45, 0.55, 0.05, 0.16666666666666666, 0.7833333333333333, 0.1, 0.8666666666666667, 0.03333333333333333, 0.06666666666666667, 0.75, 0.18333333333333332, 0.03333333333333333, 0.8, 0.16666666666666666, 0.05, 0.08333333333333333, 0.8666666666666667, 0.18333333333333332, 0.0, 0.8166666666666667], [0.375, 0.375, 0.25, 0.5, 0.25, 0.25, 0.375, 0.125, 0.5, 0.375, 0.5, 0.125, 0.375, 0.375, 0.25, 0.5, 0.125, 0.375, 0.5, 0.25, 0.25, 0.625, 0.0, 0.375, 0.5, 0.125, 0.375, 0.375, 0.625, 0.0, 0.75, 0.0, 0.25, 0.875, 0.125, 0.0, 0.75, 0.125, 0.125, 0.875, 0.0, 0.125, 0.875, 0.0, 0.125, 0.875, 0.0, 0.125]]}