{"clusters": [[0, 1, 2, 4, 5, 6, 7, 8, 10, 11, 14, 15, 18, 30, 33, 35, 36, 37, 38, 49, 51, 53, 55, 56, 57, 58, 59, 61, 65, 66, 67, 75, 76, 78, 79, 82, 83, 84, 85, 86, 87, 89, 96, 99, 100, 106, 111, 113, 119, 120, 121, 122, 123, 125, 126, 132, 133, 134, 135, 136, 146, 148, 150, 151, 154, 155, 156, 158, 160, 163, 164, 171, 173, 190, 191, 195, 206, 211, 214, 215, 217, 223, 224, 225, 228, 230, 231, 233, 235, 247, 250, 251, 253, 256, 257, 266, 275, 276, 278, 279, 282, 283, 303, 304, 305, 306, 308, 310, 313, 324, 325, 327, 330, 335, 339, 340, 346, 347, 356, 357, 359, 363, 364, 365, 369, 372, 374, 375, 378, 379, 382, 384, 385, 388, 390, 392, 394, 397, 399, 400, 401, 403, 404, 405, 407, 409, 410, 412, 416, 432, 434], [9, 12, 17, 21, 22, 23, 24, 25, 32, 34, 40, 41, 42, 43, 46, 47, 48, 52, 60, 62, 68, 69, 70, 90, 108, 109, 110, 114, 124, 130, 139, 149, 170, 172, 174, 175, 176, 179, 180, 182, 185, 187, 189, 193, 200, 201, 203, 208, 210, 218, 220, 227, 236, 238, 244, 246, 252, 254, 255, 259, 260, 262, 263, 264, 265, 268, 269, 270, 272, 297, 301, 312, 317, 318, 319, 321, 329, 331, 333, 337, 338, 348, 355, 371, 414, 418, 419, 426, 428, 429, 431], [16, 54, 74, 80, 81, 88, 98, 102, 104, 131, 137, 138, 144, 145, 147, 153, 192, 196, 205, 216, 226, 234, 237, 267, 280, 286, 289, 290, 291, 292, 293, 294, 299, 307, 309, 311, 316, 320, 322, 323, 336, 358, 360, 361, 362, 381, 387, 393, 402, 406, 408, 411], [28, 73, 77, 94, 97, 101, 103, 117, 140, 141, 142, 161, 162, 166, 167, 168, 188, 197, 204, 207, 229, 239, 240, 242, 273, 274, 277, 281, 296, 300, 302, 314, 343, 345, 349, 351, 353, 373, 413, 420, 427, 430, 433], [3, 13, 112, 115, 128, 152, 159, 165, 194, 213, 221, 243, 271, 284, 285, 287, 288, 334, 341, 342, 350, 352, 354, 367, 368, 370, 380, 383, 386, 396, 398, 415, 421, 422, 423, 424], [95, 107, 129, 157, 183, 248, 261, 295, 315, 377], [19, 20, 26, 27, 29, 31, 39, 44, 45, 50, 63, 64, 71, 72, 91, 92, 93, 105, 116, 118, 127, 143, 169, 177, 178, 181, 184, 186, 198, 199, 202, 209, 212, 219, 222, 232, 241, 245, 249, 258, 298, 326, 328, 332, 344, 366, 376, 389, 391, 395, 417, 425]], "centers": [[0.013245033112582781, 0.8079470198675497, 0.17880794701986755, 0.09933774834437085, 0.33112582781456956, 0.5695364238410596, 0.026490066225165563, 0.8874172185430463, 0.08609271523178808, 0.013245033112582781, 0.10596026490066225, 0.8807947019867549, 0.019867549668874173, 0.0, 0.9801324503311258, 0.006622516556291391, 0.033112582781456956, 0.9602649006622517, 0.013245033112582781, 0.9602649006622517, 0.026490066225165563, 0.026490066225165563, 0.9668874172185431, 0.006622516556291391, 0.006622516556291391, 0.9801324503311258, 0.013245033112582781, 0.0, 0.5364238410596026, 0.46357615894039733, 0.039735099337748346, 0.7019867549668874, 0.2582781456953642, 0.06622516556291391, 0.10596026490066225, 0.8278145695364238, 0.039735099337748346, 0.06622516556291391, 0.8940397350993378, 0.019867549668874173, 0.019867549668874173, 0.9602649006622517, 0.033112582781456956, 0.9139072847682119, 0.052980132450331126, 0.13245033112582782, 0.39072847682119205, 0.4768211920529801], [0.02197802197802198, 0.1978021978021978, 0.7802197802197802, 0.16483516483516483, 0.5384615384615384, 0.2967032967032967, 0.02197802197802198, 0.01098901098901099, 0.967032967032967, 0.0, 0.978021978021978, 0.02197802197802198, 0.03296703296703297, 0.9560439560439561, 0.01098901098901099, 0.02197802197802198, 0.9120879120879121, 0.06593406593406594, 0.01098901098901099, 0.02197802197802198, 0.967032967032967, 0.0, 0.0, 1.0, 0.02197802197802198, 0.02197802197802198, 0.9560439560439561, 0.02197802197802198, 0.6043956043956044, 0.37362637362637363, 0.03296703296703297, 0.967032967032967, 0.0, 0.03296703296703297, 0.945054945054945, 0.02197802197802198, 0.04395604395604396, 0.8681318681318682, 0.08791208791208792, 0.02197802197802198, 0.9010989010989011, 0.07692307692307693, 0.06593406593406594, 0.17582417582417584, 0.7582417582417582, 0.3516483516483517, 0.0, 0.6483516483516484], [0.057692307692307696, 0.40384615384615385, 0.5384615384615384, 0.07692307692307693, 0.6346153846153846, 0.28846153846153844, 0.038461538461538464, 0.11538461538461539, 0.8461538461538461, 0.038461538461538464, 0.9423076923076923, 0.019230769230769232, 0.038461538461538464, 0.7884615384615384, 0.17307692307692307, 0.0, 0.07692307692307693, 0.9230769230769231, 0.057692307692307696, 0.21153846153846154, 0.7307692307692307, 0.019230769230769232, 0.09615384615384616, 0.8846153846153846, 0.11538461538461539, 0.1346153846153846, 0.75, 0.0, 0.25, 0.75, 0.019230769230769232, 0.5384615384615384, 0.4423076923076923, 0.019230769230769232, 0.6730769230769231, 0.3076923076923077, 0.038461538461538464, 0.5, 0.46153846153846156, 0.0, 0.17307692307692307, 0.8269230769230769, 0.038461538461538464, 0.6538461538461539, 0.3076923076923077, 0.36538461538461536, 0.019230769230769232, 0.6153846153846154], [0.0, 0.6511627906976745, 0.3488372093023256, 0.06976744186046512, 0.7209302325581395, 0.20930232558139536, 0.0, 0.4883720930232558, 0.5116279069767442, 0.023255813953488372, 0.16279069767441862, 0.813953488372093, 0.0, 0.046511627906976744, 0.9534883720930233, 0.0, 0.18604651162790697, 0.813953488372093, 0.046511627906976744, 0.16279069767441862, 0.7906976744186046, 0.046511627906976744, 0.5116279069767442, 0.4418604651162791, 0.046511627906976744, 0.627906976744186, 0.32558139534883723, 0.023255813953488372, 0.3488372093023256, 0.627906976744186, 0.046511627906976744, 0.7906976744186046, 0.16279069767441862, 0.046511627906976744, 0.3488372093023256, 0.6046511627906976, 0.046511627906976744, 0.32558139534883723, 0.627906976744186, 0.0, 0.023255813953488372, 0.9767441860465116, 0.11627906976744186, 0.6511627906976745, 0.23255813953488372, 0.06976744186046512, 0.023255813953488372, 0.9069767441860465], [0.0, 0.7777777777777778, 0.2222222222222222, 0.1388888888888889, 0.1111111111111111, 0.75, 0.0, 0.05555555555555555, 0.9444444444444444, 0.05555555555555555, 0.9166666666666666, 0.027777777777777776, 0.1111111111111111, 0.6388888888888888, 0.25, 0.08333333333333333, 0.027777777777777776, 0.8888888888888888, 0.027777777777777776, 0.2777777777777778, 0.6944444444444444, 0.027777777777777776, 0.1111111111111111, 0.8611111111111112, 0.1111111111111111, 0.3611111111111111, 0.5277777777777778, 0.0, 0.4166666666666667, 0.5833333333333334, 0.08333333333333333, 0.16666666666666666, 0.75, 0.1111111111111111, 0.8611111111111112, 0.027777777777777776, 0.05555555555555555, 0.6111111111111112, 0.3333333333333333, 0.05555555555555555, 0.8611111111111112, 0.08333333333333333, 0.05555555555555555, 0.19444444444444445, 0.75, 0.2222222222222222, 0.0, 0.7777777777777778], [0.3, 0.5, 0.2, 0.4, 0.2, 0.4, 0.3, 0.2, 0.5, 0.3, 0.4, 0.3, 0.3, 0.3, 0.4, 0.4, 0.1, 0.5, 0.5, 0.2, 0.3, 0.7, 0.0, 0.3, 0.4, 0.3, 0.3, 0.3, 0.6, 0.1, 0.6, 0.2, 0.2, 0.7, 0.2, 0.1, 0.8, 0.1, 0.1, 0.9, 0.0, 0.1, 0.8, 0.0, 0.2, 0.9, 0.0, 0.1], [0.038461538461538464, 0.2692307692307692, 0.6923076923076923, 0.038461538461538464, 0.4423076923076923, 0.5192307692307693, 0.0, 0.09615384615384616, 0.9038461538461539, 0.019230769230769232, 0.9423076923076923, 0.038461538461538464, 0.0, 1.0, 0.0, 0.019230769230769232, 0.9615384615384616, 0.019230769230769232, 0.0, 0.09615384615384616, 0.9038461538461539, 0.0, 0.019230769230769232, 0.9807692307692307, 0.057692307692307696, 0.11538461538461539, 0.8269230769230769, 0.019230769230769232, 0.5192307692307693, 0.46153846153846156, 0.0, 0.0, 1.0, 0.07692307692307693, 0.9230769230769231, 0.0, 0.019230769230769232, 0.9423076923076923, 0.038461538461538464, 0.019230769230769232, 0.8461538461538461, 0.1346153846153846, 0.0, 0.19230769230769232, 0.8076923076923077, 0.25, 0.019230769230769232, 0.7307692307692307]]}