{"clusters": [[0, 1, 6, 7, 8, 10, 11, 14, 15, 18, 30, 33, 35, 36, 37, 38, 49, 51, 53, 55, 56, 57, 58, 59, 61, 65, 66, 67, 79, 82, 83, 84, 86, 87, 89, 99, 106, 111, 113, 119, 120, 121, 122, 123, 125, 126, 132, 133, 134, 135, 136, 146, 148, 150, 154, 155, 156, 158, 160, 163, 171, 173, 190, 191, 195, 197, 206, 211, 214, 217, 223, 224, 225, 228, 230, 231, 233, 235, 247, 250, 251, 253, 256, 257, 266, 276, 278, 279, 282, 283, 295, 296, 303, 304, 305, 306, 308, 310, 313, 324, 325, 327, 330, 335, 339, 340, 346, 347, 356, 357, 359, 369, 372, 374, 375, 377, 378, 379, 388, 392, 399, 400, 401, 403, 404, 405, 407, 409, 410, 412, 416, 432, 434], [9, 12, 17, 21, 22, 23, 24, 25, 32, 34, 40, 41, 42, 43, 46, 47, 48, 52, 60, 62, 68, 69, 70, 90, 108, 109, 110, 114, 124, 130, 139, 149, 170, 174, 175, 179, 180, 182, 185, 187, 189, 193, 200, 201, 203, 208, 210, 218, 220, 227, 236, 238, 244, 246, 252, 254, 255, 259, 260, 262, 263, 264, 265, 268, 269, 270, 272, 301, 312, 317, 318, 319, 321, 329, 331, 333, 337, 338, 348, 355, 371, 414, 418, 419, 426, 428, 429, 431], [16, 74, 80, 81, 98, 104, 131, 137, 138, 144, 145, 147, 153, 169, 176, 192, 196, 205, 226, 234, 237, 267, 280, 286, 290, 291, 292, 293, 299, 307, 309, 311, 316, 320, 336, 358, 360, 361, 362, 393, 402, 408, 411], [28, 73, 117, 140, 141, 142, 161, 166, 167, 188, 204, 207, 229, 239, 240, 242, 273, 274, 277, 281, 300, 302, 314, 343, 345, 349, 351, 353, 413, 420, 427, 430, 433], [13, 112, 115, 128, 152, 157, 159, 165, 172, 194, 198, 213, 243, 271, 284, 285, 294, 297, 334, 341, 342, 350, 352, 354, 367, 368, 370, 415, 421, 422, 423, 424, 425], [107, 129, 183, 248, 261], [19, 20, 26, 27, 29, 31, 39, 44, 45, 50, 63, 64, 71, 72, 91, 92, 93, 105, 116, 118, 127, 143, 177, 178, 181, 184, 186, 199, 202, 209, 212, 219, 222, 232, 241, 245, 249, 258, 287, 298, 326, 328, 332, 344, 366, 376, 380, 389, 391, 395, 417], [2, 3, 4, 5, 54, 75, 76, 77, 78, 85, 88, 94, 95, 96, 97, 100, 101, 102, 103, 151, 162, 164, 168, 215, 216, 221, 275, 288, 289, 315, 322, 323, 363, 364, 365, 373, 381, 382, 383, 384, 385, 386, 387, 390, 394, 396, 397, 398, 406]], "centers": [[0.0, 0.8872180451127819, 0.11278195488721804, 0.11278195488721804, 0.3533834586466165, 0.5338345864661654, 0.007518796992481203, 0.9548872180451128, 0.03759398496240601, 0.0, 0.022556390977443608, 0.9774436090225563, 0.007518796992481203, 0.0, 0.9924812030075187, 0.0, 0.03759398496240601, 0.9624060150375939, 0.022556390977443608, 0.9473684210526315, 0.03007518796992481, 0.045112781954887216, 0.9473684210526315, 0.007518796992481203, 0.007518796992481203, 0.9849624060150376, 0.007518796992481203, 0.0, 0.5112781954887218, 0.48872180451127817, 0.045112781954887216, 0.8120300751879699, 0.14285714285714285, 0.06766917293233082, 0.045112781954887216, 0.8872180451127819, 0.05263157894736842, 0.06766917293233082, 0.8796992481203008, 0.03759398496240601, 0.007518796992481203, 0.9548872180451128, 0.05263157894736842, 0.9097744360902256, 0.03759398496240601, 0.12781954887218044, 0.39097744360902253, 0.48120300751879697], [0.022727272727272728, 0.18181818181818182, 0.7954545454545454, 0.17045454545454544, 0.5454545454545454, 0.2840909090909091, 0.022727272727272728, 0.011363636363636364, 0.9659090909090909, 0.0, 0.9886363636363636, 0.011363636363636364, 0.03409090909090909, 0.9545454545454546, 0.011363636363636364, 0.022727272727272728, 0.9204545454545454, 0.056818181818181816, 0.011363636363636364, 0.022727272727272728, 0.9659090909090909, 0.0, 0.0, 1.0, 0.022727272727272728, 0.022727272727272728, 0.9545454545454546, 0.022727272727272728, 0.625, 0.3522727272727273, 0.03409090909090909, 0.9659090909090909, 0.0, 0.03409090909090909, 0.9431818181818182, 0.022727272727272728, 0.022727272727272728, 0.8863636363636364, 0.09090909090909091, 0.022727272727272728, 0.9090909090909091, 0.06818181818181818, 0.06818181818181818, 0.18181818181818182, 0.75, 0.3522727272727273, 0.0, 0.6477272727272727], [0.06976744186046512, 0.46511627906976744, 0.46511627906976744, 0.09302325581395349, 0.7674418604651163, 0.13953488372093023, 0.046511627906976744, 0.13953488372093023, 0.813953488372093, 0.046511627906976744, 0.9069767441860465, 0.046511627906976744, 0.023255813953488372, 0.9534883720930233, 0.023255813953488372, 0.0, 0.13953488372093023, 0.8604651162790697, 0.046511627906976744, 0.11627906976744186, 0.8372093023255814, 0.0, 0.023255813953488372, 0.9767441860465116, 0.06976744186046512, 0.06976744186046512, 0.8604651162790697, 0.0, 0.20930232558139536, 0.7906976744186046, 0.023255813953488372, 0.6046511627906976, 0.37209302325581395, 0.023255813953488372, 0.627906976744186, 0.3488372093023256, 0.046511627906976744, 0.5813953488372093, 0.37209302325581395, 0.0, 0.20930232558139536, 0.7906976744186046, 0.046511627906976744, 0.6046511627906976, 0.3488372093023256, 0.23255813953488372, 0.023255813953488372, 0.7441860465116279], [0.0, 0.6666666666666666, 0.3333333333333333, 0.06060606060606061, 0.7575757575757576, 0.18181818181818182, 0.0, 0.5757575757575758, 0.42424242424242425, 0.0, 0.06060606060606061, 0.9393939393939394, 0.0, 0.06060606060606061, 0.9393939393939394, 0.0, 0.24242424242424243, 0.7575757575757576, 0.030303030303030304, 0.030303030303030304, 0.9393939393939394, 0.06060606060606061, 0.42424242424242425, 0.5151515151515151, 0.030303030303030304, 0.6060606060606061, 0.36363636363636365, 0.030303030303030304, 0.30303030303030304, 0.6666666666666666, 0.030303030303030304, 0.8787878787878788, 0.09090909090909091, 0.06060606060606061, 0.24242424242424243, 0.696969696969697, 0.06060606060606061, 0.2727272727272727, 0.6666666666666666, 0.0, 0.0, 1.0, 0.09090909090909091, 0.6666666666666666, 0.24242424242424243, 0.06060606060606061, 0.0, 0.9393939393939394], [0.0, 0.8787878787878788, 0.12121212121212122, 0.12121212121212122, 0.18181818181818182, 0.696969696969697, 0.0, 0.06060606060606061, 0.9393939393939394, 0.030303030303030304, 0.9393939393939394, 0.030303030303030304, 0.09090909090909091, 0.8181818181818182, 0.09090909090909091, 0.09090909090909091, 0.12121212121212122, 0.7878787878787878, 0.0, 0.12121212121212122, 0.8787878787878788, 0.030303030303030304, 0.06060606060606061, 0.9090909090909091, 0.12121212121212122, 0.2727272727272727, 0.6060606060606061, 0.0, 0.2727272727272727, 0.7272727272727273, 0.09090909090909091, 0.21212121212121213, 0.696969696969697, 0.12121212121212122, 0.8484848484848485, 0.030303030303030304, 0.18181818181818182, 0.5757575757575758, 0.24242424242424243, 0.09090909090909091, 0.8181818181818182, 0.09090909090909091, 0.06060606060606061, 0.12121212121212122, 0.8181818181818182, 0.3333333333333333, 0.0, 0.6666666666666666], [0.6, 0.2, 0.2, 0.8, 0.2, 0.0, 0.6, 0.0, 0.4, 0.6, 0.4, 0.0, 0.6, 0.4, 0.0, 0.8, 0.2, 0.0, 0.6, 0.0, 0.4, 0.6, 0.0, 0.4, 0.6, 0.0, 0.4, 0.6, 0.4, 0.0, 1.0, 0.0, 0.0, 1.0, 0.0, 0.0, 0.8, 0.2, 0.0, 0.8, 0.0, 0.2, 1.0, 0.0, 0.0, 1.0, 0.0, 0.0], [0.0392156862745098, 0.23529411764705882, 0.7254901960784313, 0.0392156862745098, 0.39215686274509803, 0.5686274509803921, 0.0, 0.09803921568627451, 0.9019607843137255, 0.0392156862745098, 0.9215686274509803, 0.0392156862745098, 0.0, 1.0, 0.0, 0.0196078431372549, 0.9215686274509803, 0.058823529411764705, 0.0196078431372549, 0.09803921568627451, 0.8823529411764706, 0.0, 0.0196078431372549, 0.9803921568627451, 0.058823529411764705, 0.09803921568627451, 0.8431372549019608, 0.0196078431372549, 0.5686274509803921, 0.4117647058823529, 0.0, 0.0, 1.0, 0.0784313725490196, 0.9215686274509803, 0.0, 0.0, 0.9215686274509803, 0.0784313725490196, 0.0196078431372549, 0.8627450980392157, 0.11764705882352941, 0.0196078431372549, 0.17647058823529413, 0.803921568627451, 0.21568627450980393, 0.0196078431372549, 0.7647058823529411], [0.04081632653061224, 0.3673469387755102, 0.5918367346938775, 0.04081632653061224, 0.24489795918367346, 0.7142857142857143, 0.061224489795918366, 0.22448979591836735, 0.7142857142857143, 0.061224489795918366, 0.7346938775510204, 0.20408163265306123, 0.08163265306122448, 0.02040816326530612, 0.8979591836734694, 