{"clusters": [[0, 1, 2, 5, 6, 7, 8, 10, 11, 14, 15, 18, 28, 30, 33, 35, 36, 37, 38, 49, 51, 53, 55, 56, 57, 58, 59, 61, 65, 66, 67, 75, 76, 77, 79, 82, 83, 84, 85, 86, 87, 89, 96, 99, 100, 106, 111, 113, 117, 119, 120, 121, 122, 123, 125, 126, 132, 133, 134, 135, 136, 141, 142, 146, 148, 150, 151, 154, 155, 156, 158, 160, 161, 162, 163, 164, 168, 171, 173, 188, 190, 191, 195, 197, 204, 206, 207, 211, 214, 215, 217, 223, 224, 225, 228, 229, 230, 231, 233, 235, 239, 240, 242, 247, 250, 251, 253, 256, 257, 266, 273, 274, 275, 276, 278, 279, 282, 283, 296, 300, 302, 303, 304, 305, 306, 308, 310, 313, 314, 324, 325, 327, 330, 335, 339, 340, 343, 345, 346, 347, 349, 353, 356, 357, 359, 363, 364, 365, 369, 372, 374, 375, 378, 379, 382, 384, 385, 388, 392, 399, 400, 401, 403, 404, 405, 407, 409, 410, 412, 416, 427, 430, 432, 434], [9, 12, 17, 19, 21, 22, 23, 24, 25, 26, 27, 29, 31, 32, 34, 39, 40, 41, 42, 43, 44, 45, 46, 47, 48, 50, 52, 62, 63, 64, 68, 69, 70, 71, 72, 90, 91, 92, 93, 105, 108, 109, 110, 114, 116, 118, 124, 127, 139, 143, 149, 169, 172, 174, 175, 176, 177, 178, 179, 180, 181, 182, 184, 185, 186, 187, 189, 193, 198, 199, 200, 201, 203, 208, 209, 210, 212, 218, 219, 220, 222, 227, 232, 236, 238, 241, 243, 244, 245, 246, 249, 252, 254, 255, 258, 259, 260, 262, 263, 264, 265, 267, 268, 269, 270, 272, 280, 298, 312, 317, 318, 319, 321, 326, 328, 329, 331, 332, 333, 337, 338, 344, 348, 355, 366, 371, 376, 389, 391, 395, 414, 417, 418, 419, 425, 426, 428, 429, 431], [54, 95, 103, 170, 286, 290, 295, 315, 322, 377, 380, 390, 433], [261], [3, 4, 13, 16, 73, 74, 78, 80, 81, 88, 94, 97, 98, 101, 102, 104, 112, 128, 131, 137, 138, 140, 144, 145, 147, 152, 153, 157, 159, 165, 166, 167, 192, 194, 196, 202, 205, 213, 216, 221, 226, 234, 237, 271, 277, 281, 284, 285, 287, 288, 289, 291, 292, 293, 294, 297, 299, 301, 307, 309, 311, 316, 320, 323, 334, 336, 341, 350, 351, 352, 354, 358, 360, 361, 362, 367, 368, 370, 373, 381, 383, 386, 387, 393, 394, 396, 398, 402, 406, 408, 411, 413, 415, 420, 421, 422, 423], [107, 183, 248], [129], [20, 60, 115, 130, 342, 397, 424]], "centers": [[-0.13334072083553253, 0.5837245859996707, -0.5432993908049136, -0.04035399987325745, -0.09027777777777736, 0.11556254088025528, -0.05124939860752465, 0.9483639390589027, -0.922718516181998, -0.1244628251897026, -0.9722022593993256, 1.0201405419615721, -0.1574851970871786, -0.9457301402282979, 1.0026194645407793, -0.16106953848079167, -0.6002806438692906, 0.6435185064987836, -0.14979343315452717, 0.8528155982894228, -0.792386628507605, -0.031497039417435764, 1.0145726972747358, -0.9925238671906101, -0.2045729675531187, 0.8932034226663846, -0.8032353902352932, -0.12788721666732777, 0.03679337484553309, -0.0045978104922354155, -0.06434894520877886, 0.2870977681518263, -0.26600795837367114, -0.053614186522661936, -0.8665711054576957, 0.9130650331385961, -0.07407971974871898, -0.7538966258477362, 0.7868079650931551, -0.11269664928185931, -0.7773856982620502, 0.8103055016705769, -0.07494001345079644, 0.6775848537355396, -0.6522587629250262, -0.27757258023723946, 0.5622323803399485, -0.16089729137118206], [0.007270376296977138, -0.6124568423299056, 0.6139219642637854, 0.015202030037277086, 0.13978816946442804, -0.14915050240228744, -0.11524530745453647, -0.7017117758200764, 0.7314829077123363, -0.1152453074545364, 0.7998162644332886, -0.769700785785338, -0.11012633925808459, 1.0014684409538228, -0.9606313416280261, -0.1610695384807916, 1.3041374919854156, -1.2323356336721452, -0.18235722297072865, -0.7460669697187005, 0.8043695712085724, -0.1889822365046143, -0.817598334139743, 0.8785594708421646, -0.03381246613680022, -0.8475926122750913, 0.8622308282886945, -0.013537906800344106, 0.1620298171030353, -0.15857484532213267, -0.12453141195080213, 0.024175941320958072, 0.031315521587482555, -0.08125699252355476, 0.8012765047135437, -0.7753569752221542, -0.12328855037316779, 0.8625202371094095, -0.8032597955719827, -0.09029386970102789, 0.9683849749006693, -0.9190956674552576, -0.08639667018338226, -0.6700903998156927, 0.7254484010401038, 0.13102154761774581, -0.38712167683299964, 0.16355281162656712], [0.3012312640737932, -0.31697540607948077, 0.2193200696608928, -0.10667001365098891, 0.0405982905982905, 0.026668278664674496, -0.1610695384807916, -0.017377922914612452, 0.06846901188452295, -0.16106953848079136, 0.25130544909753094, -0.20194031194087517, 1.0757450385647274, -0.3412629066741815, -0.05165223776392139, -0.1610695384807914, -0.5715368997235545, 0.6152058841577905, 4.1761807985823935, -0.5362808470117606, -0.9496555601580291, 2.340472313634068, -0.5193346241987677, -0.34561257846228427, 1.1733692103441176, -0.0240832009283561, -0.4907578800379631, 1.0947707888334968, 0.2561384941169805, -0.5315776284484456, 0.13364780927977116, -0.29759692991273806, 0.24554580772954288, 0.3209977577702961, -0.14856517724499818, -0.017377922914612418, 0.7445961574743035, -0.15535484456424753, -0.191835320324107, 1.3861231599930706, -0.48563955042943996, -0.06393858708355021, 0.6780630063192259, -0.3028034877499485, -0.03140371465106653, 0.8822620623522717, -0.1876637094971844, -0.6395849342515074], [-0.16843038421330372, -1.0890039707187533, 1.1516089651249486, -0.352180362530249, 1.1249999999999956, -0.901387818865997, -0.1610695384807916, -0.8048150549829883, 0.8481554037632525, -0.1610695384807913, 0.8724297124919961, -0.828279247372467, -0.18898223650461426, 1.0446751427339311, -0.9750244334066274, 6.208498574168686, -0.732872753960898, -1.2917862270676648, -0.18235722297072837, -0.8481554037632522, 0.905584718294408, -0.1889822365046142, -0.8322301387783576, 0.8930401229267474, -0.23080027108556914, -0.9484531189137902, 1.0494995356656007, -0.1278872166673276, 1.0256153238192354, -0.9931270663228443, 4.440077219405729, -1.2425214883947895, -0.7254762501100135, 3.6100218925258996, -1.0739950402747, -0.8048150549829883, -0.2469323991623966, 1.0789713177270346, -0.9616541795583003, 4.958652568401807, -0.8009428406336285, -1.1516089651249486, 3.8125731843092705, -1.0739950402747, -0.8164965809277287, 1.7840101758937148, -0.40770067346288574, -1.2729815111425848], [0.02040264963408576, -0.0750200621100593, 0.06874419994676687, -0.08895277197928969, 0.04538946162657493, 0.010722297607446337, 0.10159306410269241, -0.6148559942572154, 0.5764708672116947, 0.2329243653944338, 0.5186450160740135, -0.5974378356025754, 0.03701713910915122, 0.322336296822486, -0.33564471717980543, -0.1610695384807915, -0.6463834300398477, 0.6889298059835182, -0.18235722297072826, -0.30478633066013744, 0.36686374396715343, -0.13248239260117295, -0.5177217607215528, 0.5610301204925746, 0.14557505383372865, -0.32902997799571554, 0.26507977962687834, -0.1278872166673275, -0.31501956504345635, 0.34711099210968854, 0.015257997317545412, -0.3982589962802417, 0.4023775490300902, -0.03657187637370585, 0.4349962655933184, -0.4248969335314421, 0.01883814179177047, 0.1484548165151791, -0.15691570196709206, -0.04207015447960883, 0.06532857008200305, -0.047919877539494206, -0.010236651321887133, -0.10245269266104376, 0.10942737682536574, 0.09207041646544019, -0.37821118344686444, 0.19133995656694228], [3.9019705676082026, -0.4199125480313837, -0.8683503083805056, 2.839454172900133, -0.8888888888888854, -0.901387818865997, 6.208498574168696, -0.8048150549829883, -1.1790292151214443, 6.208498574168683, -1.1462241435400158, -0.828279247372467, 5.2915026221292, -0.9572353730777872, -0.9750244334066274, 6.208498574168686, -0.732872753960898, -1.2917862270676648, 5.483742205048332, -0.848155403763252, -1.104258916695732, 5.291502622129198, -0.8322301387783576, -1.119770516830429, 2.8115669386787516, -0.9484531189137902, -0.2853902246108213, 7.819389819088033, -0.9750244334066274, -0.9931270663228443, 4.440077219405729, -1.2425214883947895, -0.7254762501100135, 3.6100218925258996, -1.0739950402747, -0.8048150549829883, 4.049691346263304, -0.9268086959962988, -0.9616541795583003, 3.238545816205008, -0.8009428406336285, -0.47828920728979724, 