{"clusters": [[0, 1, 6, 7, 8, 10, 11, 14, 15, 18, 30, 33, 35, 36, 37, 38, 49, 51, 53, 55, 56, 57, 58, 59, 61, 65, 66, 67, 79, 82, 83, 84, 86, 87, 89, 99, 106, 111, 113, 119, 120, 121, 122, 123, 125, 126, 132, 133, 134, 135, 136, 146, 148, 150, 154, 155, 156, 158, 160, 163, 171, 173, 190, 191, 195, 206, 211, 214, 217, 223, 224, 225, 228, 230, 231, 233, 235, 247, 250, 251, 253, 256, 257, 266, 276, 278, 279, 282, 283, 295, 303, 304, 305, 306, 308, 310, 313, 324, 325, 327, 330, 335, 339, 340, 346, 347, 356, 357, 359, 369, 372, 374, 375, 377, 378, 379, 388, 392, 399, 400, 401, 403, 404, 405, 407, 409, 410, 412, 416, 432, 434], [9, 12, 17, 21, 22, 23, 24, 25, 32, 34, 40, 41, 42, 43, 46, 47, 48, 52, 60, 62, 68, 69, 70, 90, 98, 108, 109, 110, 114, 124, 130, 139, 149, 170, 174, 175, 179, 180, 182, 185, 187, 189, 193, 200, 201, 203, 208, 210, 218, 220, 227, 236, 238, 244, 252, 254, 255, 259, 260, 262, 263, 264, 265, 268, 269, 270, 272, 301, 312, 317, 318, 319, 321, 329, 331, 333, 337, 338, 348, 355, 371, 414, 418, 419, 426, 428, 429, 431], [16, 74, 80, 81, 131, 137, 138, 144, 145, 147, 153, 169, 176, 192, 196, 205, 226, 234, 237, 246, 267, 280, 286, 290, 291, 292, 293, 299, 307, 309, 311, 316, 320, 336, 358, 360, 361, 362, 402, 408, 411], [28, 73, 77, 117, 140, 141, 142, 161, 166, 167, 188, 197, 204, 207, 229, 239, 240, 242, 273, 274, 277, 281, 296, 300, 302, 314, 343, 345, 349, 351, 353, 413, 420, 427, 430, 433], [13, 112, 115, 128, 152, 157, 159, 165, 172, 194, 198, 213, 243, 271, 284, 285, 294, 297, 334, 341, 342, 350, 352, 354, 367, 368, 370, 415, 421, 422, 423, 424, 425], [107, 129, 183, 248, 261], [19, 20, 26, 27, 29, 31, 39, 44, 45, 50, 63, 64, 71, 72, 91, 92, 93, 105, 116, 118, 127, 143, 177, 178, 181, 184, 186, 199, 202, 209, 212, 219, 222, 232, 241, 245, 249, 258, 287, 298, 326, 328, 332, 344, 366, 376, 380, 389, 391, 395, 417], [2, 3, 4, 5, 54, 75, 76, 78, 85, 88, 94, 95, 96, 97, 100, 101, 102, 103, 151, 162, 164, 168, 215, 216, 221, 275, 288, 289, 315, 322, 323, 363, 364, 365, 373, 381, 382, 383, 384, 385, 386, 387, 390, 394, 396, 397, 398, 406], [104, 393]], "centers": [[0.0, 0.8854961832061069, 0.11450381679389313, 0.10687022900763359, 0.3511450381679389, 0.5419847328244275, 0.007633587786259542, 0.9694656488549618, 0.022900763358778626, 0.0, 0.022900763358778626, 0.9770992366412213, 0.007633587786259542, 0.0, 0.9923664122137404, 0.0, 0.03816793893129771, 0.9618320610687023, 0.022900763358778626, 0.9465648854961832, 0.030534351145038167, 0.04580152671755725, 0.9465648854961832, 0.007633587786259542, 0.007633587786259542, 0.9847328244274809, 0.007633587786259542, 0.0, 0.5190839694656488, 0.48091603053435117, 0.04580152671755725, 0.8091603053435115, 0.1450381679389313, 0.06870229007633588, 0.03816793893129771, 0.8931297709923665, 0.05343511450381679, 0.061068702290076333, 0.8854961832061069, 0.03816793893129771, 0.007633587786259542, 0.9541984732824428, 0.05343511450381679, 0.916030534351145, 0.030534351145038167, 0.1297709923664122, 0.3969465648854962, 0.4732824427480916], [0.022727272727272728, 0.17045454545454544, 0.8068181818181818, 0.17045454545454544, 0.5340909090909091, 0.29545454545454547, 0.022727272727272728, 0.011363636363636364, 0.9659090909090909, 0.0, 0.9886363636363636, 0.011363636363636364, 0.03409090909090909, 0.9659090909090909, 0.0, 0.022727272727272728, 0.9090909090909091, 0.06818181818181818, 0.011363636363636364, 0.022727272727272728, 0.9659090909090909, 0.0, 0.0, 1.0, 0.022727272727272728, 0.022727272727272728, 0.9545454545454546, 0.022727272727272728, 0.6136363636363636, 0.36363636363636365, 0.03409090909090909, 0.9659090909090909, 0.0, 0.03409090909090909, 0.9431818181818182, 0.022727272727272728, 0.022727272727272728, 0.8863636363636364, 0.09090909090909091, 0.022727272727272728, 0.9204545454545454, 0.056818181818181816, 0.056818181818181816, 0.19318181818181818, 0.75, 0.3522727272727273, 0.0, 0.6477272727272727], [0.024390243902439025, 0.5121951219512195, 0.4634146341463415, 0.04878048780487805, 0.8292682926829268, 0.12195121951219512, 0.0, 0.14634146341463414, 0.8536585365853658, 0.0, 0.9512195121951219, 0.04878048780487805, 0.024390243902439025, 0.926829268292683, 0.04878048780487805, 0.0, 0.17073170731707318, 0.8292682926829268, 0.04878048780487805, 0.0975609756097561, 0.8536585365853658, 0.0, 0.024390243902439025, 0.975609756097561, 0.07317073170731707, 0.07317073170731707, 0.8536585365853658, 0.0, 0.21951219512195122, 0.7804878048780488, 0.0, 0.6097560975609756, 0.3902439024390244, 0.024390243902439025, 0.6341463414634146, 0.34146341463414637, 0.04878048780487805, 0.6097560975609756, 0.34146341463414637, 0.0, 0.17073170731707318, 0.8292682926829268, 0.07317073170731707, 0.5609756097560976, 0.36585365853658536, 0.1951219512195122, 0.024390243902439025, 0.7804878048780488], [0.0, 0.6944444444444444, 0.3055555555555556, 0.08333333333333333, 0.7222222222222222, 0.19444444444444445, 0.0, 0.5277777777777778, 0.4722222222222222, 0.0, 0.05555555555555555, 0.9444444444444444, 0.0, 0.05555555555555555, 0.9444444444444444, 0.0, 0.2222222222222222, 0.7777777777777778, 0.027777777777777776, 0.1111111111111111, 0.8611111111111112, 0.05555555555555555, 0.4444444444444444, 0.5, 0.027777777777777776, 0.6111111111111112, 0.3611111111111111, 0.027777777777777776, 0.2777777777777778, 0.6944444444444444, 0.027777777777777776, 0.8611111111111112, 0.1111111111111111, 0.05555555555555555, 0.25, 0.6944444444444444, 0.05555555555555555, 0.2777777777777778, 0.6666666666666666, 0.0, 0.0, 1.0, 0.08333333333333333, 0.6666666666666666, 0.25, 0.05555555555555555, 0.0, 0.9444444444444444], [0.0, 0.8787878787878788, 0.12121212121212122, 0.12121212121212122, 0.18181818181818182, 0.696969696969697, 0.0, 0.06060606060606061, 0.9393939393939394, 0.030303030303030304, 0.9393939393939394, 0.030303030303030304, 0.09090909090909091, 0.8181818181818182, 0.09090909090909091, 0.09090909090909091, 0.12121212121212122, 0.7878787878787878, 0.0, 0.12121212121212122, 0.8787878787878788, 0.030303030303030304, 0.06060606060606061, 0.9090909090909091, 0.12121212121212122, 0.2727272727272727, 0.6060606060606061, 0.0, 0.2727272727272727, 0.7272727272727273, 0.09090909090909091, 0.21212121212121213, 0.696969696969697, 0.12121212121212122, 0.8484848484848485, 0.030303030303030304, 0.18181818181818182, 0.5757575757575758, 0.24242424242424243, 0.09090909090909091, 0.8181818181818182, 0.09090909090909091, 0.06060606060606061, 0.12121212121212122, 0.8181818181818182, 0.3333333333333333, 0.0, 0.6666666666666666], [0.6, 0.2, 0.2, 0.8, 0.2, 0.0, 0.6, 0.0, 0.4, 0.6, 0.4, 0.0, 0.6, 0.4, 0.0, 0.8, 0.2, 0.0, 0.6, 0.0, 0.4, 0.6, 0.0, 0.4, 0.6, 0.0, 0.4, 0.6, 0.4, 0.0, 1.0, 0.0, 0.0, 1.0, 0.0, 0.0, 0.8, 0.2, 0.0, 0.8, 0.0, 0.2, 1.0, 0.0, 0.0, 1.0, 0.0, 0.0], [0.0392156862745098, 0.23529411764705882, 0.7254901960784313, 0.0392156862745098, 0.39215686274509803, 0.5686274509803921, 0.0, 0.09803921568627451, 0.9019607843137255, 0.0392156862745098, 0.9215686274509803, 0.0392156862745098, 0.0, 1.0, 0.0, 0.0196078431372549, 0.9215686274509803, 0.058823529411764705, 0.0196078431372549, 0.09803921568627451, 0.8823529411764706, 0.0, 0.0196078431372549, 0.9803921568627451, 0.058823529411764705, 0.09803921568627451, 0.8431372549019608, 0.0196078431372549, 0.5686274509803921, 0.4117647058823529, 0.0, 0.0, 1.0, 0.0784313725490196, 0.9215686274509803, 0.0, 0.0, 0.9215686274509803, 0.0784313725490196, 0.0196078431372549, 0.8627450980392157, 0.11764705882352941, 0.0196078431372549, 0.17647058823529413, 0.803921568627451, 0.21568627450980393, 0.0196078431372549, 0.7647058823529411], [0.041666666666666664, 0.3541666666666667, 0.6041666666666666, 0.041666666666666664, 0.25, 0.7083333333333334, 0.0625, 0.22916666666666666, 0.7083333333333334, 0.0625, 0.75, 0.1875, 0.08333333333333333, 0.020833333333333332, 0.8958333333333334, 0.020833333333333332, 0.0, 0.9791666666666666, 0.0625, 0.7916666666666666, 0.14583333333333334, 0.0625, 0.7083333333333334, 0.22916666666666666, 0.10416666666666667, 0.75, 