{"clusters": [[0, 1, 2, 5, 6, 7, 8, 10, 11, 15, 18, 28, 30, 33, 35, 36, 37, 38, 49, 51, 53, 55, 56, 57, 58, 59, 61, 65, 66, 67, 75, 76, 77, 79, 82, 83, 84, 85, 86, 87, 89, 96, 99, 100, 106, 111, 113, 117, 119, 120, 121, 122, 123, 125, 126, 132, 133, 134, 135, 136, 141, 142, 146, 148, 150, 151, 154, 155, 156, 158, 160, 161, 162, 163, 164, 168, 171, 173, 190, 191, 195, 197, 204, 206, 207, 211, 214, 215, 217, 223, 224, 225, 228, 229, 230, 231, 233, 235, 239, 240, 242, 247, 250, 251, 253, 256, 257, 266, 273, 274, 275, 276, 278, 279, 282, 283, 296, 300, 302, 303, 304, 305, 306, 308, 310, 313, 314, 324, 325, 327, 330, 335, 339, 340, 343, 345, 346, 347, 349, 353, 356, 357, 359, 363, 364, 365, 369, 372, 374, 375, 378, 379, 382, 384, 385, 388, 392, 399, 401, 403, 404, 405, 407, 409, 410, 412, 416, 427, 430, 432, 434], [9, 12, 17, 19, 21, 22, 23, 24, 25, 26, 27, 29, 31, 32, 34, 39, 40, 41, 42, 43, 44, 45, 46, 47, 48, 50, 52, 62, 63, 64, 68, 69, 70, 72, 90, 91, 92, 93, 105, 108, 109, 110, 114, 116, 118, 124, 127, 139, 143, 149, 169, 170, 172, 174, 175, 176, 177, 178, 179, 180, 181, 182, 184, 185, 186, 187, 189, 193, 198, 199, 200, 201, 202, 203, 208, 209, 210, 212, 218, 219, 220, 222, 227, 232, 236, 238, 241, 243, 244, 245, 246, 249, 252, 254, 255, 258, 259, 260, 262, 263, 264, 265, 267, 268, 269, 270, 272, 280, 297, 298, 301, 312, 317, 318, 319, 321, 326, 328, 329, 331, 332, 333, 337, 338, 344, 348, 355, 366, 371, 376, 389, 391, 395, 414, 417, 418, 419, 422, 425, 426, 428, 429, 431], [14, 95, 157, 188, 295, 315, 322, 377, 390, 400], [261], [3, 4, 13, 16, 54, 71, 73, 74, 78, 80, 81, 88, 94, 97, 98, 101, 102, 104, 112, 128, 131, 137, 138, 140, 144, 145, 147, 152, 153, 159, 165, 166, 167, 192, 194, 196, 205, 213, 216, 221, 226, 234, 237, 271, 277, 281, 284, 285, 286, 287, 288, 289, 290, 291, 292, 293, 294, 299, 307, 309, 311, 316, 320, 323, 334, 336, 341, 350, 351, 352, 354, 358, 360, 361, 362, 367, 368, 370, 373, 380, 381, 383, 386, 387, 393, 394, 396, 398, 402, 406, 408, 411, 413, 415, 420, 421, 423], [107, 183, 248], [129], [20, 60, 115, 130, 342, 397, 424], [103, 433]], "centers": [[-0.1327251127060979, 0.5895938090057002, -0.5494093704585902, -0.053547891378868014, -0.076267056530214, 0.10988578448613753, -0.049322729486941025, 0.9432032802986238, -0.918221837253236, -0.12382060214950805, -0.9691492438880853, 1.0168566515963327, -0.1569326174482762, -0.945528294037956, 1.002216028413087, -0.16106953848079167, -0.5979544664992622, 0.6412272190088222, -0.14922213859634817, 0.8589474331922805, -0.7986686564048318, -0.060783760279261946, 1.0350790578793672, -1.0020622922832283, -0.20411283942097044, 0.8903763183262399, -0.8006108338403154, -0.12788721666732777, 0.019445621354766414, 0.012744808031108586, -0.08880907058053684, 0.2899877370575824, -0.2579471111502265, -0.07242618179377135, -0.8629320890573976, 0.9192578236509305, -0.14642658055594746, -0.7508630807574106, 0.8174827395607245, -0.14131306530449206, -0.7769724150625487, 0.8210997990587389, -0.09548278029586119, 0.6848628865361363, -0.6493773976969085, -0.3137406987658527, 0.5792487497049105, -0.14138704190150814], [0.0023556697092769747, -0.5977130659483053, 0.6007109814416438, 0.004925599475947699, 0.16734654234654184, -0.1701921056600137, -0.07198466977240733, -0.704595783628829, 0.720570357819462, -0.11652710412659949, 0.8159638703652244, -0.7855743199566747, -0.11233209862162387, 1.002677020024595, -0.9610339455938608, -0.1610695384807916, 1.2471581844064978, -1.1762109475994533, -0.14273415004751822, -0.7489225902514154, 0.7931459135397136, -0.1889822365046143, -0.8180076153883756, 0.8789645240473278, -0.039322614526975594, -0.8504138851880618, 0.8674691138097269, 0.03883887499187564, 0.15820507942760226, -0.16793261678982815, -0.12734791254604474, 0.03169496167949194, 0.02485897640237105, -0.08673250686882839, 0.8049080149674209, -0.7761809774532262, -0.09670079967198747, 0.8545483791286206, -0.80769040771146, -0.09340922126711351, 0.9905531264356272, -0.9397251252467557, -0.09131676464196702, -0.695410096308003, 0.7536891516255951, 0.1444681512729093, -0.38769731310236705, 0.1521607868623391], [0.44212975855992226, 0.11536059011851192, -0.26236252632886936, 0.2861465445558274, -0.6874999999999974, 0.5061639290555214, -0.1610695384807916, 0.42358687104367815, -0.3681553675675656, -0.16106953848079134, -0.3387626011272111, 0.393081676719137, 0.9071147352221486, -0.7570443214966154, 0.4254233966514767, -0.1610695384807914, -0.7328727539608979, 0.7741218934265784, 1.5174726054349896, 0.1654369056790958, -0.702290189697704, 3.099308678675673, -0.42546596982489077, -0.7172083888789937, 0.22555481037907904, 0.6537880722609621, -0.7526016407075689, -0.12788721666732758, 0.8255513480966492, -0.7931223099106048, 0.7078383972965655, -0.4235868710436782, 0.11607620001760206, 0.8891019265008095, -0.4724656293053938, 0.014119562368122628, 2.7607042226355945, -0.7262306946239657, -0.5613483727565198, 2.8945244657656484, -0.8009428406336285, -0.3436252557227669, 1.3676552454770357, -0.27195582564895854, -0.40824829046386435, 1.5495556663729393, -0.40770067346288574, -1.067127623652985], [-0.16843038421330372, -1.0890039707187533, 1.1516089651249486, -0.352180362530249, 1.1249999999999956, -0.901387818865997, -0.1610695384807916, -0.8048150549829883, 0.8481554037632525, -0.1610695384807913, 0.8724297124919961, -0.828279247372467, -0.18898223650461426, 1.0446751427339311, -0.9750244334066274, 6.208498574168686, -0.732872753960898, -1.2917862270676648, -0.18235722297072837, -0.8481554037632522, 0.905584718294408, -0.1889822365046142, -0.8322301387783576, 0.8930401229267474, -0.23080027108556914, -0.9484531189137902, 1.0494995356656007, -0.1278872166673276, 1.0256153238192354, -0.9931270663228443, 4.440077219405729, -1.2425214883947895, -0.7254762501100135, 3.6100218925258996, -1.0739950402747, -0.8048150549829883, -0.2469323991623966, 1.0789713177270346, -0.9616541795583003, 4.958652568401807, -0.8009428406336285, -1.1516089651249486, 3.8125731843092705, -1.0739950402747, -0.8164965809277287, 1.7840101758937148, -0.40770067346288574, -1.2729815111425848], [0.02040264963408576, -0.11640716042061824, 0.11039284476131225, -0.08895277197928968, 0.024627720504009114, 0.03145207298184281, 0.03592741345682137, -0.6148559942572154, 0.5973696777156606, 0.23292436539443379, 0.49783415157883815, -0.5764522527144035, 0.09351698301259262, 0.30169804408215906, -0.33564471717980543, -0.1610695384807915, -0.6247610990595851, 0.6676317841227527, 0.051296361689851334, -0.3256851411641033, 0.3047036315447782, -0.13248239260117295, -0.5177217607215528, 0.5610301204925746, 0.19262196944864038, -0.30838253996511295, 0.22379452930905092, -0.1278872166673275, -0.33564471717980543, 0.3677300391624967, 0.015257997317545412, -0.41936555858310526, 0.4240670451674, -0.03657187637370585, 0.3936540380352907, -0.38268380892571463, -0.06975203852628521, 0.14845481651517894, -0.11564706209061987, -0.09526933238260266, 0.0019428571028105174, 0.03537741208959675, -0.052245550614537326, -0.04043935132400204, 0.06733992420022498, 0.09207041646544017, -0.37821118344686444, 0.19133995656694225], [3.9019705676082026, -0.4199125480313837, -0.8683503083805056, 2.839454172900133, -0.8888888888888854, -0.901387818865997, 6.208498574168696, -0.8048150549829883, -1.1790292151214443, 6.208498574168683, -1.1462241435400158, -0.828279247372467, 5.2915026221292, -0.9572353730777872, -0.9750244334066274, 6.208498574168686, -0.732872753960898, -1.2917862270676648, 5.483742205048332, -0.848155403763252, -1.104258916695732, 5.291502622129198, -0.8322301387783576, -1.119770516830429, 2.8115669386787516, -0.9484531189137902, -0.2853902246108213, 7.819389819088033, -0.9750244334066274, -0.9931270663228443, 4.440077219405729, -1.2425214883947895, -0.7254762501100135, 3.6100218925258996, -1.0739950402747, -0.8048150549829883, 4.049691346263304, -0.9268086959962988, -0.9616541795583003, 3.238545816205008, -0.8009428406336285, -0.47828920728979724, 3.8125731843092705, 