{"clusters": [[204, 402, 321, 311, 211, 318, 2, 414, 202, 345, 331, 253, 258, 273, 327, 412, 303, 217, 291, 17, 323, 288, 431, 167, 80, 282, 154, 29, 235, 64, 227, 307, 278, 48, 250, 233, 212, 175, 296, 268, 7, 72, 59, 121, 408, 290, 313, 103, 399, 51, 267, 117, 342, 96, 192, 200, 237, 371, 388, 397, 28, 405, 428, 122, 240, 116, 197, 35, 382, 177, 261, 181, 44, 23, 176, 182, 375, 326, 183, 85, 91, 234, 87, 287, 164, 14, 172, 8, 437, 140, 142, 67, 439, 284, 110, 304, 153, 361, 178, 260, 246, 199, 58, 0, 421, 271, 359, 109, 299, 209, 279, 68, 347, 32, 138, 264, 127, 238, 384, 394, 50, 365, 341, 254, 144, 225, 241, 426, 332, 208, 324, 348, 214, 33, 215, 195, 11, 333, 45, 407, 107, 236, 339, 322, 385, 170, 294, 105, 298, 220, 114, 150, 139, 239, 420, 362, 108, 113, 377, 337, 319, 111, 43, 317, 386, 370, 163, 316, 174, 378, 132, 101, 243, 300, 380, 184, 360, 100, 434, 274, 12, 401, 69, 119, 34, 216, 74, 232, 73, 81, 352, 302, 276, 36, 398, 272, 285, 90, 259, 390, 330, 280, 306, 193, 423, 432, 207, 129, 210, 190, 315, 292, 418, 231, 269, 123, 270, 346, 13, 40, 383, 252, 411, 137, 188, 4, 335, 78, 168, 206, 424, 98, 364, 349, 151, 297, 84, 308, 255, 213, 38, 203, 39, 301, 157, 376, 325, 71, 169, 379, 1, 99, 189, 70, 389, 125, 275, 438, 356, 191, 310, 135, 159, 16, 124, 415, 367, 309, 66, 410, 75, 305, 369, 37, 53, 430, 160, 329, 249, 435, 158, 262, 368, 404, 156, 340, 82, 283, 403, 336, 343, 92, 171, 419, 358, 354, 222, 27, 400, 314, 320, 179, 196, 31, 391, 350, 155, 62, 229, 372, 257, 97, 416, 104, 141, 19, 245, 433, 57, 224, 146, 76, 115, 205, 143, 427, 152, 265, 201, 63, 277, 230, 180, 328, 83, 18, 286, 49, 61, 392, 133, 145, 248, 56, 429, 55, 218, 165, 366, 161, 65, 6, 440, 387, 221, 89, 441, 149, 363, 256, 54, 120, 20, 93, 251, 295, 409, 15, 88, 266, 417, 198, 162, 413, 52, 228, 353, 128, 118, 166, 147, 46, 436, 406, 244, 357, 148, 42, 334, 30, 395, 130, 173, 24, 338, 25, 187, 194, 86, 381, 293, 9, 60, 95, 289, 355, 185, 263, 134, 373, 312, 393, 422, 94, 425, 47, 186, 247, 21, 396, 351, 112, 22, 3, 219, 126, 281, 102, 5, 136, 77, 131, 106, 10, 223, 41, 242, 226, 79, 344, 374, 26]], "centers": [[0.11317236338796798, 0.06347590943200204, 0.32272131025458856, -0.6862117480844365, -0.07637711963820643, 0.25217900810252575, -0.37063651097646366, 0.12005618123931988, -0.2348161131560011, -0.2403643198446171]]}