{"clusters": [[318, 327, 303, 217, 291, 288, 80, 282, 227, 212, 7, 72, 192, 200, 181, 85, 87, 287, 164, 14, 178, 246, 127, 236, 339, 239, 319, 111, 386, 101, 100, 434, 12, 302, 276, 36, 398, 207, 210, 315, 418, 188, 4, 335, 151, 1, 70, 16, 53, 340, 82, 343, 92, 400, 19, 433, 143, 429, 54, 413, 52, 148, 293, 134, 94, 102], [211, 233, 175, 397, 28, 50, 214, 380, 69, 272, 292, 411, 297, 308, 379, 124, 37, 404, 156, 419, 27, 31, 104, 57, 205, 277, 83, 145, 417, 198, 30, 60, 425, 136, 26], [2, 331, 154, 235, 48, 51, 342, 388, 44, 176, 326, 8, 140, 67, 439, 284, 153, 0, 271, 109, 299, 209, 279, 68, 347, 264, 341, 241, 11, 45, 407, 107, 170, 294, 105, 150, 174, 378, 132, 243, 184, 280, 306, 270, 13, 206, 424, 39, 125, 275, 75, 387, 295, 42], [321, 117, 382, 177, 199, 394, 139, 169, 135, 159, 249], [296, 237, 35, 261, 361, 260, 58, 348, 33, 43, 370, 401, 90, 269, 84, 286, 55, 441, 436], [402, 345, 258, 103, 182, 304, 238, 384, 144, 377, 73, 285, 423, 157, 410, 305, 15], [431, 64, 110, 385, 298, 220, 34, 352, 383, 98, 349, 389, 356, 191, 329, 283, 171, 358, 222, 391, 62, 229, 257, 245, 76, 427, 201, 133, 165, 6, 88, 266, 166, 46, 406, 244, 357, 334, 173, 24, 187, 194, 86, 381, 355, 263, 373, 312, 393, 47, 21, 396, 351, 219, 126, 5, 77, 131, 106, 10, 223, 41, 242, 226, 374], [311, 278, 121, 267, 91, 365, 420, 360, 274, 119, 81, 259, 190, 231, 252, 78, 255, 213, 99, 189, 310, 415, 66, 369, 430, 160, 435, 158, 314, 179, 196, 372, 97, 224, 265, 63, 180, 328, 18, 56, 218, 440, 221, 89, 149, 363, 256, 120, 20, 93, 162, 228, 353, 128, 147, 395, 338, 25, 9, 95, 185, 247, 112, 22, 3, 281, 79, 344], [204, 412, 167, 29, 307, 250, 268, 408, 290, 313, 399, 96, 371, 405, 428, 240, 116, 197, 23, 375, 183, 234, 172, 437, 359, 32, 138, 254, 225, 332, 208, 215, 322, 114, 362, 108, 113, 337, 163, 316, 300, 74, 390, 432, 129, 137, 364, 71, 367, 262, 368, 403, 350, 416, 130], [414, 202, 253, 273, 17, 323, 59, 122, 142, 421, 426, 324, 195, 333, 317, 216, 232, 330, 193, 123, 346, 40, 168, 38, 203, 301, 376, 325, 438, 309, 336, 354, 320, 155, 141, 146, 115, 152, 230, 49, 61, 392, 248, 366, 161, 65, 251, 409, 118, 289, 422, 186]], "centers": [[0.3040967321569826, -0.9385366608874605, 0.05080489570489233, 0.2547569972463751, 0.27075590740638994, 0.18305152949268994, 0.44208451309240826, -0.3221507529921727, 0.004643955119199572, -0.15328150888451847], [-0.34504612165766824, -0.9385366608874605, 1.1384705539036784, 1.4731908880433968, -0.6983237930931073, -0.587226089302622, 0.17117750506945095, -0.8303008265388868, -0.5703471110197512, -0.19682291436456792], [0.6477605959412103, 1.0654884797514645, 0.5379884717730987, 0.6407954585210704, -0.07637711963820637, 0.3015557785381232, -0.25453350753805354, -0.11268431046146594, -0.5709937931634776, 0.4127567623561259], [0.7241303434488149, -0.9385366608874605, 0.3907004138920137, 1.1836620429921538, 0.25629203127953304, -1.1468294875727192, -1.454264543068293, 1.4971040904689663, 2.7347882035559037, 0.15150832947582857], [0.41865135341839177, -0.9385366608874605, -0.49302793339450124, -1.4944797737318551, 0.4298585448018295, -0.21196263399208445, 2.4932375738376513, -1.6061024655415046, -0.8950272509595744, 1.5448333048374157], [0.6477605959412103, 1.0654884797514645, 0.9798526454163556, -0.33636439352687836, 0.4298585448018295, 1.0652498279420224, -1.2220585361914729, 1.4971040904689663, 0.1305433850795088, 0.15150832947582857], [-1.185113344241331, 1.0654884797514645, -1.2634577746186406, -0.7706576611037452, -1.8554338832417623, -1.4891750959261916, -0.29323450868418954, -0.8303008265388868, -1.642818568413529, -2.1997275664468465], [-0.6505251116880904, 0.06347590943200204, -0.9688816588564697, -1.3617790529627285, -0.5102934034439517, -0.46543005556148287, 0.09377550277717756, -0.5781652938630363, -0.22068696848728722, 0.325673951396027], [0.6477605959412103, 1.0654884797514645, 1.1837899563286278, 1.6179553105690185, 1.0373413421298747, -0.25804761973197643, -0.75764652243783, 1.4971040904689663, 2.523977817307912, 1.8931645486778117], [-0.039567131627243825, 0.06347590943200204, 0.4586795175294378, 0.496031035995448, 1.5435770065699095, 1.684105350734836, 0.055074501631040884, 0.8842207956568977, 0.26005016701386346, 0.36921535687607654]]}