{"clusters": [[318, 327, 303, 217, 291, 288, 80, 282, 227, 212, 7, 72, 192, 200, 181, 85, 87, 287, 164, 14, 178, 246, 127, 236, 339, 239, 319, 111, 386, 101, 100, 434, 12, 302, 276, 36, 398, 207, 210, 315, 418, 188, 4, 335, 151, 1, 70, 16, 53, 340, 82, 343, 92, 400, 19, 433, 143, 429, 54, 413, 52, 148, 293, 134, 94, 102], [211, 233, 175, 397, 28, 50, 214, 380, 69, 272, 292, 411, 297, 308, 379, 124, 37, 404, 156, 419, 27, 31, 104, 57, 205, 277, 83, 145, 417, 198, 30, 60, 425, 136, 26], [2, 331, 154, 235, 48, 51, 342, 388, 44, 176, 326, 8, 140, 67, 439, 284, 153, 0, 271, 109, 299, 209, 279, 68, 347, 264, 341, 241, 11, 45, 407, 107, 170, 294, 105, 150, 174, 378, 132, 243, 184, 280, 306, 270, 13, 206, 424, 39, 125, 275, 75, 387, 295, 42], [321, 117, 382, 177, 199, 394, 139, 169, 135, 159, 249], [296, 237, 35, 261, 361, 260, 58, 348, 33, 43, 370, 401, 90, 269, 84, 286, 55, 441, 436], [402, 345, 258, 103, 182, 304, 238, 384, 144, 377, 73, 285, 423, 157, 410, 305, 15], [431, 64, 110, 385, 298, 220, 34, 352, 383, 98, 349, 389, 356, 191, 329, 283, 171, 358, 222, 391, 62, 229, 257, 245, 76, 427, 201, 133, 165, 6, 88, 266, 166, 46, 406, 244, 357, 334, 173, 24, 187, 194, 86, 381, 355, 263, 373, 312, 393, 47, 21, 396, 351, 219, 126, 5, 77, 131, 106, 10, 223, 41, 242, 226, 374], [311, 278, 121, 267, 91, 365, 420, 360, 274, 119, 81, 259, 190, 231, 252, 78, 255, 213, 99, 189, 310, 415, 66, 369, 430, 160, 435, 158, 314, 179, 196, 372, 97, 224, 265, 63, 180, 328, 18, 56, 218, 440, 221, 89, 149, 363, 256, 120, 20, 93, 162, 228, 353, 128, 147, 395, 338, 25, 9, 95, 185, 247, 112, 22, 3, 281, 79, 344], [204, 412, 167, 29, 307, 250, 268, 408, 290, 313, 399, 96, 371, 405, 428, 240, 116, 197, 23, 375, 183, 234, 172, 437, 359, 32, 138, 254, 225, 332, 208, 215, 322, 114, 362, 108, 113, 337, 163, 316, 300, 74, 390, 432, 129, 137, 364, 71, 367, 262, 368, 403, 350, 416, 130], [414, 202, 253, 273, 17, 323, 59, 122, 142, 421, 426, 324, 195, 333, 317, 216, 232, 330, 193, 123, 346, 40, 168, 38, 203, 301, 376, 325, 438, 309, 336, 354, 320, 155, 141, 146, 115, 152, 230, 49, 61, 392, 248, 366, 161, 65, 251, 409, 118, 289, 422, 186]], "centers": [[0.01446440650179695, -0.044641636506989, 0.0024165424552389497, 0.012117554638655298, 0.012878545190900505, 0.008706873351046404, 0.02102781591949685, -0.015323148700371457, 0.00022089041912299982, -0.007290857872718451], [-0.0164121703318693, -0.044641636506989, 0.0541515220015222, 0.0700725447072635, -0.0332158755588373, -0.0279314966783289, 0.0081420836051921, -0.0394933828740919, -0.0271286455543265, -0.0093619113301358], [0.030810829531385, 0.0506801187398187, 0.025589502043678332, 0.030479531729296516, -0.003632889107513049, 0.014343545663258019, -0.012106924317286799, -0.005359846063876, -0.02715940508711715, 0.01963283707370715], [0.0344433679824045, -0.044641636506989, 0.0185837235634525, 0.0563010619323185, 0.0121905687618, -0.0545491159304391, -0.0691723102806364, 0.0712099797536354, 0.130080609521753, 0.00720651632920303], [0.0199132141783263, -0.044641636506989, -0.0234509473179027, -0.0710851537359232, 0.0204462859110067, -0.0100820343563255, 0.118591217727804, -0.076394503750001, -0.0425721049227942, 0.0734802269665584], [0.030810829531385, 0.0506801187398187, 0.0466068374843559, -0.015999222636143, 0.0204462859110067, 0.0506687672308438, -0.0581273968683752, 0.0712099797536354, 0.0062093156165054, 0.00720651632920303], [-0.0563700932930843, 0.0506801187398187, -0.0600965578298533, -0.0366564467985606, -0.0882539898868825, -0.0708328359434948, -0.0139477432193303, -0.0394933828740919, -0.0781409106690696, -0.104630370371334], [-0.030942324135947448, 0.0030192411164148523, -0.0460850008694016, -0.0647732241250018, -0.02427218198052999, -0.022138250135222543, 0.004460445801105033, -0.027500518589421447, -0.010497008630141448, 0.015490730158872451], [0.030810829531385, 0.0506801187398187, 0.056307146149284, 0.076958286094736, 0.0493412959332305, -0.0122740735888523, -0.0360375700438527, 0.0712099797536354, 0.120053382001538, 0.0900486546258972], [-0.00188201652779104, 0.0030192411164148523, 0.0218171597850952, 0.023593790341823975, 0.07342047095175021, 0.0801047226390598, 0.0026196268990615005, 0.042058094261667185, 0.012369325049527402, 0.017561783616289805]]}