{"clusters": [[321, 311, 211, 318, 253, 327, 412, 303, 217, 291, 167, 80, 282, 250, 233, 212, 121, 408, 267, 117, 200, 237, 428, 177, 261, 375, 85, 91, 234, 87, 287, 164, 14, 361, 178, 260, 199, 394, 332, 208, 324, 348, 407, 107, 236, 339, 114, 239, 319, 111, 43, 317, 386, 380, 360, 100, 434, 74, 302, 276, 36, 90, 432, 207, 129, 210, 315, 418, 231, 269, 270, 252, 411, 137, 188, 151, 255, 213, 38, 376, 325, 71, 169, 379, 70, 310, 159, 16, 124, 415, 369, 37, 53, 249, 262, 404, 340, 82, 403, 336, 343, 92, 27, 400, 314, 320, 179, 196, 350, 155, 229, 97, 416, 104, 141, 19, 433, 76, 205, 143, 152, 277, 328, 286, 145, 248, 429, 55, 165, 161, 440, 89, 441, 256, 54, 93, 251, 417, 198, 162, 413, 52, 228, 353, 128, 147, 30, 130, 293, 9, 60, 134, 373, 312, 422, 94, 247, 112, 22, 3, 102, 136, 77, 79], [204, 402, 2, 414, 202, 345, 331, 258, 273, 17, 323, 288, 431, 154, 29, 235, 64, 227, 307, 278, 48, 175, 296, 268, 7, 72, 59, 290, 313, 103, 399, 51, 342, 96, 192, 371, 388, 397, 28, 405, 122, 240, 116, 197, 35, 382, 181, 44, 23, 176, 182, 326, 183, 172, 8, 437, 140, 142, 67, 439, 284, 110, 304, 153, 246, 58, 0, 421, 271, 359, 109, 299, 209, 279, 68, 347, 32, 138, 264, 127, 238, 384, 50, 365, 341, 254, 144, 225, 241, 426, 214, 33, 215, 195, 11, 333, 45, 322, 385, 170, 294, 105, 298, 220, 150, 139, 420, 362, 108, 113, 377, 337, 370, 163, 316, 174, 378, 132, 101, 243, 300, 184, 274, 12, 401, 69, 119, 34, 216, 232, 73, 81, 352, 398, 272, 285, 259, 390, 330, 280, 306, 193, 423, 190, 292, 123, 346, 13, 40, 383, 4, 335, 78, 168, 206, 424, 98, 364, 349, 297, 84, 308, 203, 39, 301, 157, 1, 99, 189, 389, 125, 275, 438, 356, 191, 135, 367, 309, 66, 410, 75, 305, 430, 160, 329, 435, 158, 368, 156, 283, 171, 419, 358, 354, 222, 31, 391, 62, 372, 257, 245, 57, 224, 146, 115, 427, 265, 201, 63, 230, 180, 83, 18, 49, 61, 392, 133, 56, 218, 366, 65, 6, 387, 221, 149, 363, 120, 20, 295, 409, 15, 88, 266, 118, 166, 46, 436, 406, 244, 357, 148, 42, 334, 395, 173, 24, 338, 25, 187, 194, 86, 381, 95, 289, 355, 185, 263, 393, 425, 47, 186, 21, 396, 351, 219, 126, 281, 5, 131, 106, 10, 223, 41, 242, 226, 344, 374, 26]], "centers": [[-0.00188201652779104, -0.044641636506989, 0.0034943545291198502, 0.08728689817594495, 0.04177355521312425, 0.0051056660404668, -0.02867429443567855, 0.034308858877726285, 0.08015661882326039, 0.040343371647880696], [0.00901559882526763, 0.0506801187398187, 0.02451168996979745, 0.0408081438105053, 0.007374733758096014, 0.023737999516943952, -0.023151837729548, 0.034308858877726285, -0.0036698023860961496, -0.001077697500466399]]}