{"clusters": [[321, 311, 318, 414, 202, 345, 253, 258, 273, 303, 217, 291, 288, 80, 282, 154, 307, 212, 7, 72, 59, 121, 408, 267, 117, 200, 397, 35, 177, 181, 182, 375, 91, 87, 287, 142, 304, 246, 199, 421, 384, 365, 426, 324, 407, 107, 236, 339, 239, 420, 317, 132, 300, 100, 274, 232, 73, 81, 302, 276, 398, 285, 193, 423, 432, 207, 129, 190, 315, 418, 231, 123, 346, 40, 252, 188, 168, 39, 157, 376, 325, 169, 438, 16, 415, 309, 410, 53, 430, 249, 336, 354, 320, 179, 196, 97, 141, 115, 230, 392, 248, 440, 441, 409, 15, 52, 353, 148, 9, 289, 422, 186, 3, 344], [204, 402, 2, 331, 327, 412, 17, 323, 431, 167, 29, 235, 64, 278, 250, 268, 290, 313, 103, 399, 51, 342, 96, 371, 388, 405, 428, 122, 240, 116, 197, 382, 44, 23, 176, 326, 183, 234, 172, 8, 437, 140, 67, 439, 284, 153, 0, 271, 359, 109, 299, 209, 68, 32, 138, 264, 238, 394, 341, 254, 144, 225, 241, 332, 208, 215, 195, 333, 45, 322, 385, 105, 114, 150, 139, 362, 108, 113, 377, 337, 163, 316, 174, 378, 380, 184, 360, 216, 74, 390, 330, 280, 306, 270, 13, 383, 137, 206, 424, 364, 38, 203, 301, 71, 125, 275, 191, 310, 135, 159, 367, 66, 75, 369, 262, 368, 404, 403, 222, 350, 155, 416, 146, 76, 205, 427, 152, 265, 180, 328, 49, 61, 145, 56, 366, 161, 65, 149, 363, 256, 251, 295, 118, 147, 244, 357, 42, 130, 355, 185, 281], [211, 227, 48, 233, 175, 296, 192, 237, 28, 261, 85, 164, 14, 110, 361, 178, 260, 58, 279, 347, 127, 50, 348, 214, 33, 11, 170, 294, 298, 220, 319, 111, 43, 386, 370, 101, 243, 434, 12, 401, 69, 119, 34, 352, 36, 272, 90, 259, 210, 292, 269, 411, 4, 335, 78, 98, 349, 151, 297, 84, 308, 255, 213, 379, 1, 99, 189, 70, 389, 356, 124, 305, 37, 160, 329, 435, 158, 156, 340, 82, 283, 343, 92, 171, 419, 358, 27, 400, 314, 31, 391, 62, 229, 372, 257, 104, 19, 245, 433, 57, 224, 143, 201, 63, 277, 83, 18, 286, 133, 429, 55, 218, 165, 6, 387, 221, 89, 54, 120, 20, 93, 88, 266, 417, 198, 162, 413, 228, 128, 166, 46, 436, 406, 334, 30, 395, 173, 24, 338, 25, 187, 194, 86, 381, 293, 60, 95, 263, 134, 373, 312, 393, 94, 425, 47, 247, 21, 396, 351, 112, 22, 219, 126, 102, 5, 136, 77, 131, 106, 10, 223, 41, 242, 226, 79, 374, 26]], "centers": [[0.0126481372762872, 0.0506801187398187, -0.0212953231701409, -0.015999222636143045, 0.0245741444856101, 0.04080459068447345, -0.013947743219330335, 0.0343088588777263, -0.005612778088288766, -0.0052198044153010945], [0.0199132141783263, 0.0506801187398187, 0.104808689473925, 0.0700725447072635, -0.0359677812752396, -0.0266789028311707, -0.0249926566315915, -0.00259226199818282, 0.00371173823343597, 0.0403433716478807], [-0.0236772472339084, -0.044641636506989, 0.0401399650410705, -0.0125563519424068, -0.00982467696941811, -0.00100072896442909, -0.0029028298070691, -0.00259226199818282, -0.0119006848015081, -0.0383566597339788]]}