{"clusters": [[204, 2, 345, 331, 273, 412, 17, 431, 154, 29, 235, 64, 227, 307, 278, 48, 250, 313, 399, 51, 342, 96, 192, 371, 388, 428, 240, 116, 197, 35, 382, 261, 176, 182, 375, 326, 183, 234, 172, 8, 437, 140, 142, 67, 439, 284, 110, 153, 58, 0, 421, 271, 359, 109, 299, 209, 279, 68, 347, 138, 127, 394, 341, 254, 225, 241, 426, 215, 195, 11, 333, 45, 385, 170, 105, 298, 220, 114, 139, 362, 113, 377, 337, 319, 163, 316, 174, 378, 132, 101, 360, 274, 119, 74, 232, 73, 81, 352, 36, 390, 330, 280, 306, 207, 270, 13, 40, 383, 137, 206, 424, 98, 364, 203, 39, 301, 157, 389, 125, 275, 438, 356, 191, 16, 75, 305, 37, 329, 262, 368, 92, 222, 350, 62, 229, 372, 257, 146, 76, 427, 152, 265, 201, 180, 49, 61, 65, 149, 363, 295, 409, 88, 266, 118, 244, 357, 130, 185, 281], [211, 233, 175, 296, 237, 397, 28, 85, 14, 361, 178, 260, 264, 50, 365, 348, 214, 33, 407, 107, 294, 150, 420, 43, 386, 370, 243, 300, 380, 184, 434, 12, 401, 69, 34, 272, 90, 259, 190, 292, 231, 411, 4, 335, 78, 349, 151, 297, 84, 308, 255, 213, 379, 1, 189, 70, 310, 135, 124, 369, 53, 430, 160, 435, 158, 404, 156, 340, 82, 283, 403, 343, 171, 419, 358, 27, 400, 314, 179, 196, 31, 391, 97, 416, 104, 19, 245, 433, 57, 224, 205, 143, 63, 277, 328, 83, 18, 286, 392, 133, 145, 56, 55, 218, 165, 6, 440, 387, 221, 89, 256, 54, 120, 20, 93, 417, 198, 162, 413, 52, 228, 128, 166, 147, 46, 436, 406, 148, 42, 334, 30, 395, 173, 24, 338, 25, 187, 194, 86, 381, 293, 9, 60, 95, 355, 263, 134, 373, 312, 393, 94, 425, 47, 247, 21, 396, 351, 112, 22, 3, 219, 126, 102, 5, 136, 77, 131, 106, 10, 223, 41, 242, 226, 79, 374, 26], [311, 318, 414, 202, 253, 327, 303, 217, 291, 288, 167, 80, 282, 212, 7, 72, 59, 121, 408, 103, 267, 117, 200, 177, 181, 91, 87, 287, 164, 304, 246, 199, 384, 208, 324, 236, 339, 239, 111, 317, 100, 302, 276, 398, 285, 193, 423, 432, 129, 210, 315, 418, 269, 346, 252, 188, 38, 376, 325, 71, 169, 99, 159, 415, 309, 410, 249, 336, 354, 320, 155, 141, 115, 230, 248, 429, 161, 441, 15, 353, 289, 422, 186, 344], [402, 321, 258, 323, 268, 290, 405, 122, 44, 23, 32, 238, 144, 332, 322, 108, 216, 123, 168, 367, 66, 366, 251]], "centers": [[0.41865135341839177, 1.0654884797514645, 2.2034765108899994, 1.4731908880433968, -0.7561792976005409, -0.5608918117369689, -0.5254405155610098, -0.054499187536269665, 0.07803482757967586, 0.8481708171566219], [-0.5741553641804845, -0.9385366608874605, -1.2974473264373527, -0.8430398723665571, -0.4524378989365183, -0.8867784966119117, 1.8353205543533289, -1.2182016460401957, -1.1306398663455643, -0.8064025910852617], [0.2659118584031802, -0.9385366608874605, 0.6286272766229979, 1.0147702155058913, 1.6303602633310632, 1.2495897709015829, 0.6355895188230926, 0.06575006650913587, 0.9330975303989244, 0.06442551851573003], [0.7241303434488149, 1.0654884797514645, -0.19845181763232922, 1.2560442542549635, -0.7561792976005409, -0.15929407886078192, -1.609068547652839, 1.4971040904689663, 0.23143207119405554, -0.45807134724486487]]}