{"clusters": [[204, 2, 345, 331, 273, 412, 17, 431, 154, 29, 235, 64, 227, 307, 278, 48, 250, 313, 399, 51, 342, 96, 192, 371, 388, 428, 240, 116, 197, 35, 382, 261, 176, 182, 375, 326, 183, 234, 172, 8, 437, 140, 142, 67, 439, 284, 110, 153, 58, 0, 421, 271, 359, 109, 299, 209, 279, 68, 347, 138, 127, 394, 341, 254, 225, 241, 426, 215, 195, 11, 333, 45, 385, 170, 105, 298, 220, 114, 139, 362, 113, 377, 337, 319, 163, 316, 174, 378, 132, 101, 360, 274, 119, 74, 232, 73, 81, 352, 36, 390, 330, 280, 306, 207, 270, 13, 40, 383, 137, 206, 424, 98, 364, 203, 39, 301, 157, 389, 125, 275, 438, 356, 191, 16, 75, 305, 37, 329, 262, 368, 92, 222, 350, 62, 229, 372, 257, 146, 76, 427, 152, 265, 201, 180, 49, 61, 65, 149, 363, 295, 409, 88, 266, 118, 244, 357, 130, 185, 281], [211, 233, 175, 296, 237, 397, 28, 85, 14, 361, 178, 260, 264, 50, 365, 348, 214, 33, 407, 107, 294, 150, 420, 43, 386, 370, 243, 300, 380, 184, 434, 12, 401, 69, 34, 272, 90, 259, 190, 292, 231, 411, 4, 335, 78, 349, 151, 297, 84, 308, 255, 213, 379, 1, 189, 70, 310, 135, 124, 369, 53, 430, 160, 435, 158, 404, 156, 340, 82, 283, 403, 343, 171, 419, 358, 27, 400, 314, 179, 196, 31, 391, 97, 416, 104, 19, 245, 433, 57, 224, 205, 143, 63, 277, 328, 83, 18, 286, 392, 133, 145, 56, 55, 218, 165, 6, 440, 387, 221, 89, 256, 54, 120, 20, 93, 417, 198, 162, 413, 52, 228, 128, 166, 147, 46, 436, 406, 148, 42, 334, 30, 395, 173, 24, 338, 25, 187, 194, 86, 381, 293, 9, 60, 95, 355, 263, 134, 373, 312, 393, 94, 425, 47, 247, 21, 396, 351, 112, 22, 3, 219, 126, 102, 5, 136, 77, 131, 106, 10, 223, 41, 242, 226, 79, 374, 26], [311, 318, 414, 202, 253, 327, 303, 217, 291, 288, 167, 80, 282, 212, 7, 72, 59, 121, 408, 103, 267, 117, 200, 177, 181, 91, 87, 287, 164, 304, 246, 199, 384, 208, 324, 236, 339, 239, 111, 317, 100, 302, 276, 398, 285, 193, 423, 432, 129, 210, 315, 418, 269, 346, 252, 188, 38, 376, 325, 71, 169, 99, 159, 415, 309, 410, 249, 336, 354, 320, 155, 141, 115, 230, 248, 429, 161, 441, 15, 353, 289, 422, 186, 344], [402, 321, 258, 323, 268, 290, 405, 122, 44, 23, 32, 238, 144, 332, 322, 108, 216, 123, 168, 367, 66, 366, 251]], "centers": [[0.0199132141783263, 0.0506801187398187, 0.104808689473925, 0.0700725447072635, -0.0359677812752396, -0.0266789028311707, -0.0249926566315915, -0.00259226199818282, 0.00371173823343597, 0.0403433716478807], [-0.0273097856849279, -0.044641636506989, -0.06171327594067465, -0.0400993174922969, -0.021520276264127697, -0.0421797516897527, 0.087297296393064, -0.05794394331204644, -0.05377905417779435, -0.03835665973397875], [0.0126481372762872, -0.044641636506989, 0.029900750339201948, 0.04826769692288605, 0.07754832952635381, 0.05943692416095065, 0.03023191042971455, 0.0031274117375830806, 0.044382923452614145, 0.003064409414368351], [0.0344433679824045, 0.0506801187398187, -0.00943939035745095, 0.0597439326260547, -0.0359677812752396, -0.00757684666200928, -0.0765355858888105, 0.0712099797536354, 0.0110081010458725, -0.0217882320746399]]}