{"clusters": [[64, 233, 175, 296, 237, 28, 110, 361, 178, 260, 214, 33, 170, 298, 220, 370, 401, 69, 34, 352, 272, 90, 292, 269, 411, 335, 349, 297, 84, 308, 213, 379, 1, 70, 389, 191, 124, 37, 160, 158, 156, 82, 283, 171, 419, 358, 27, 31, 391, 62, 257, 104, 19, 245, 433, 57, 224, 143, 277, 83, 286, 133, 55, 165, 6, 387, 89, 441, 20, 93, 266, 417, 198, 128, 166, 46, 436, 406, 244, 334, 30, 173, 187, 86, 381, 60, 95, 263, 134, 373, 312, 393, 94, 425, 47, 247, 21, 396, 351, 22, 219, 126, 5, 136, 77, 131, 106, 10, 223, 41, 242, 226, 79, 374, 26], [204, 2, 331, 17, 431, 154, 29, 235, 227, 268, 290, 313, 103, 399, 51, 342, 96, 371, 388, 405, 428, 240, 116, 197, 44, 23, 176, 85, 172, 8, 437, 140, 142, 67, 439, 284, 153, 0, 271, 299, 209, 279, 68, 32, 138, 264, 127, 238, 341, 254, 144, 225, 215, 195, 11, 45, 107, 322, 385, 294, 150, 362, 108, 113, 377, 337, 163, 174, 378, 243, 390, 330, 280, 306, 270, 98, 367, 262, 404, 400, 350, 146, 76, 180, 49, 145, 149, 357, 42, 130, 25, 185, 422], [402, 321, 311, 211, 318, 253, 327, 412, 303, 217, 291, 167, 80, 282, 278, 250, 212, 121, 408, 267, 117, 397, 35, 382, 177, 261, 181, 375, 326, 183, 91, 234, 87, 164, 14, 246, 199, 58, 359, 347, 394, 50, 365, 332, 208, 348, 333, 407, 236, 339, 105, 114, 139, 239, 420, 319, 111, 43, 317, 386, 316, 300, 380, 184, 360, 100, 434, 274, 12, 119, 302, 36, 398, 285, 259, 432, 207, 129, 210, 190, 315, 418, 231, 13, 252, 137, 188, 4, 78, 424, 151, 255, 39, 71, 169, 99, 189, 125, 275, 310, 135, 159, 16, 415, 66, 75, 305, 369, 53, 430, 249, 435, 340, 403, 343, 92, 222, 314, 179, 416, 205, 328, 18, 61, 56, 218, 65, 440, 221, 363, 256, 120, 162, 228, 353, 147, 395, 24, 338, 194, 9, 112, 3, 344], [414, 202, 273, 323, 7, 72, 122, 182, 287, 304, 421, 426, 324, 216, 232, 276, 193, 423, 123, 346, 168, 38, 203, 376, 325, 410, 336, 354, 320, 155, 115, 152, 230, 248, 366, 161, 251, 409, 15, 289, 186], [345, 258, 288, 307, 48, 59, 192, 200, 109, 384, 241, 132, 101, 74, 73, 81, 40, 383, 206, 364, 301, 157, 438, 356, 309, 329, 368, 196, 229, 372, 97, 141, 427, 265, 201, 63, 392, 429, 54, 295, 88, 413, 52, 118, 148, 293, 355, 281, 102]], "centers": [[-0.0309423241359475, -0.044641636506989, 0.00564997867688165, -0.00911348124867051, 0.0190703330528056, 0.00682798258030921, 0.0744115640787594, -0.0394933828740919, -0.0411803851880079, -0.0424987666488135], [0.0344433679824045, 0.0506801187398187, -0.00189470584028465, -0.0125563519424068, 0.0383336730676214, 0.0137172487396789, 0.0780932018828464, -0.0394933828740919, 0.00455189046612778, -0.0963461565416647], [0.0126481372762872, -0.044641636506989, 0.01912262960039295, 0.0098223075668789, 0.024574144485610135, 0.0018176071916766994, 0.0173461781154098, -0.021042822436137358, 0.0498950858422203, -0.04664087356364815], [0.00175052192322852, 0.0506801187398187, 0.0595405823709267, -0.00222773986119799, 0.0617248716570406, 0.063194705702425, -0.0581273968683752, 0.108111100629544, 0.0689822116363026, 0.12732761685941], [-0.00914709342983014, 0.0506801187398187, 0.00133873038135806, -0.00222773986119799, 0.0796122588136553, 0.0700839718617947, 0.0339135482338016, -0.00259226199818282, 0.0267142576335128, 0.0817644407962278]]}