{"clusters": [[211, 318, 327, 412, 303, 217, 80, 233, 212, 237, 28, 261, 85, 234, 87, 164, 14, 361, 178, 260, 199, 50, 348, 214, 33, 150, 139, 239, 319, 111, 386, 380, 360, 100, 434, 12, 401, 119, 302, 36, 398, 272, 90, 306, 207, 129, 210, 315, 292, 231, 269, 270, 252, 411, 137, 188, 4, 151, 297, 255, 213, 71, 379, 189, 70, 310, 159, 16, 124, 37, 53, 160, 404, 156, 340, 283, 403, 343, 92, 171, 419, 358, 27, 400, 314, 31, 416, 104, 19, 245, 224, 76, 205, 143, 427, 277, 328, 83, 286, 145, 56, 165, 440, 89, 256, 54, 120, 20, 417, 198, 162, 413, 52, 228, 147, 46, 406, 244, 30, 395, 24, 194, 293, 9, 60, 134, 373, 312, 393, 425, 47, 112, 22, 219, 102, 5, 136, 77, 10, 223, 41, 344, 374, 26], [311, 414, 202, 253, 291, 282, 7, 72, 103, 267, 182, 91, 287, 142, 304, 144, 324, 236, 317, 216, 232, 276, 330, 193, 423, 432, 123, 346, 38, 203, 376, 325, 415, 367, 309, 249, 262, 336, 354, 320, 155, 97, 141, 146, 115, 230, 248, 161, 409, 15, 289, 422, 186], [296, 110, 279, 11, 385, 170, 294, 220, 243, 34, 383, 349, 84, 308, 391, 133, 6, 387, 166, 334, 187, 86, 263, 21, 396, 351, 126, 106, 242], [288, 431, 29, 227, 48, 59, 192, 388, 35, 246, 58, 127, 384, 45, 377, 370, 101, 74, 352, 280, 13, 335, 98, 301, 1, 99, 389, 356, 410, 305, 329, 82, 222, 62, 229, 372, 257, 433, 57, 265, 201, 180, 429, 55, 441, 93, 295, 88, 266, 128, 436, 357, 148, 173, 381, 185, 94, 247, 281, 131, 226], [321, 273, 17, 323, 167, 250, 268, 408, 290, 313, 399, 117, 96, 371, 428, 122, 240, 116, 197, 177, 44, 23, 375, 172, 421, 359, 138, 394, 254, 225, 426, 332, 208, 215, 322, 114, 113, 163, 316, 390, 40, 168, 169, 368, 350, 152, 366, 65, 251, 130], [204, 402, 2, 345, 331, 258, 154, 235, 64, 307, 278, 175, 121, 51, 342, 200, 397, 405, 382, 181, 176, 326, 183, 8, 437, 140, 67, 439, 284, 153, 0, 271, 109, 299, 209, 68, 347, 32, 264, 238, 365, 341, 241, 195, 333, 407, 107, 339, 105, 298, 420, 362, 108, 337, 43, 174, 378, 132, 300, 184, 274, 69, 73, 81, 285, 259, 190, 418, 78, 206, 424, 364, 39, 157, 125, 275, 438, 191, 135, 66, 75, 369, 430, 435, 158, 179, 196, 63, 18, 49, 61, 392, 218, 221, 149, 363, 353, 118, 42, 338, 25, 95, 355, 3, 79]], "centers": [[-0.01277963188084972, -0.044641636506989, -0.0040503299880464486, -0.002227739861198001, -0.02840004055513335, -0.0205725078262749, 0.00630126470314857, -0.0394933828740919, -0.03147268682793785, -0.028001392446892], [0.00538306037424807, 0.0506801187398187, 0.034750904671666, -0.00108011630809546, 0.152537760298315, 0.198787989657293, -0.0618090346724622, 0.185234443260194, 0.0155668445407018, 0.0734802269665584], [-0.0236772472339084, -0.044641636506989, -0.0697968664947814, -0.0641994123484507, -0.0593589798646588, -0.0504781859271752, 0.0191869970174533, -0.0394933828740919, -0.0891368600793477, -0.0507829804784829], [-0.0127796318808497, 0.0506801187398187, -0.0557853095343297, -0.00222773986119799, -0.0277120641260328, -0.029184090525487, 0.0191869970174533, -0.0394933828740919, -0.0170521046047435, 0.0444854785627154], [0.0380759064334241, 0.0506801187398187, 0.011039039046286173, 0.027036661035560197, 0.02319819162740902, 0.031253562599892704, -0.0341967511418092, 0.052759419315680844, 0.03229568538100765, 0.0382723181904633], [0.0199132141783263, 0.0506801187398187, 0.045529025410475, 0.0299057198322448, -0.062110885581061, -0.0558017097775973, -0.0728539480847234, 0.0269286347025444, 0.0456008084141249, 0.0403433716478807]]}