{"clusters": [[211, 318, 327, 412, 303, 217, 80, 233, 212, 237, 28, 261, 85, 234, 87, 164, 14, 361, 178, 260, 199, 50, 348, 214, 33, 150, 139, 239, 319, 111, 386, 380, 360, 100, 434, 12, 401, 119, 302, 36, 398, 272, 90, 306, 207, 129, 210, 315, 292, 231, 269, 270, 252, 411, 137, 188, 4, 151, 297, 255, 213, 71, 379, 189, 70, 310, 159, 16, 124, 37, 53, 160, 404, 156, 340, 283, 403, 343, 92, 171, 419, 358, 27, 400, 314, 31, 416, 104, 19, 245, 224, 76, 205, 143, 427, 277, 328, 83, 286, 145, 56, 165, 440, 89, 256, 54, 120, 20, 417, 198, 162, 413, 52, 228, 147, 46, 406, 244, 30, 395, 24, 194, 293, 9, 60, 134, 373, 312, 393, 425, 47, 112, 22, 219, 102, 5, 136, 77, 10, 223, 41, 344, 374, 26], [311, 414, 202, 253, 291, 282, 7, 72, 103, 267, 182, 91, 287, 142, 304, 144, 324, 236, 317, 216, 232, 276, 330, 193, 423, 432, 123, 346, 38, 203, 376, 325, 415, 367, 309, 249, 262, 336, 354, 320, 155, 97, 141, 146, 115, 230, 248, 161, 409, 15, 289, 422, 186], [296, 110, 279, 11, 385, 170, 294, 220, 243, 34, 383, 349, 84, 308, 391, 133, 6, 387, 166, 334, 187, 86, 263, 21, 396, 351, 126, 106, 242], [288, 431, 29, 227, 48, 59, 192, 388, 35, 246, 58, 127, 384, 45, 377, 370, 101, 74, 352, 280, 13, 335, 98, 301, 1, 99, 389, 356, 410, 305, 329, 82, 222, 62, 229, 372, 257, 433, 57, 265, 201, 180, 429, 55, 441, 93, 295, 88, 266, 128, 436, 357, 148, 173, 381, 185, 94, 247, 281, 131, 226], [321, 273, 17, 323, 167, 250, 268, 408, 290, 313, 399, 117, 96, 371, 428, 122, 240, 116, 197, 177, 44, 23, 375, 172, 421, 359, 138, 394, 254, 225, 426, 332, 208, 215, 322, 114, 113, 163, 316, 390, 40, 168, 169, 368, 350, 152, 366, 65, 251, 130], [204, 402, 2, 345, 331, 258, 154, 235, 64, 307, 278, 175, 121, 51, 342, 200, 397, 405, 382, 181, 176, 326, 183, 8, 437, 140, 67, 439, 284, 153, 0, 271, 109, 299, 209, 68, 347, 32, 264, 238, 365, 341, 241, 195, 333, 407, 107, 339, 105, 298, 420, 362, 108, 337, 43, 174, 378, 132, 300, 184, 274, 69, 73, 81, 285, 259, 190, 418, 78, 206, 424, 364, 39, 157, 125, 275, 438, 191, 135, 66, 75, 369, 430, 435, 158, 179, 196, 63, 18, 49, 61, 392, 218, 221, 149, 363, 353, 118, 42, 338, 25, 95, 355, 3, 79]], "centers": [[-0.26867637415006185, -0.9385366608874605, -0.08515331156995576, -0.04683554847563509, -0.5970766602051002, -0.43251220860441864, 0.1324765039233143, -0.8303008265388868, -0.6616753487525671, -0.5886955636850143], [0.11317236338796798, 1.0654884797514645, 0.730595932079134, -0.02270814496263837, 3.206922761158597, 4.179278150080341, -1.2994605384837448, 3.894331154987044, 0.32727416463544196, 1.5448333048374157], [-0.49778561667287985, -0.9385366608874605, -1.4673950855309128, -1.3497153512062336, -1.247951085913719, -1.0612430854843515, 0.40338351194627126, -0.8303008265388868, -1.8739951660992675, -1.0676510239655597], [-0.2686763741500614, 1.0654884797514645, -1.172818969768742, -0.04683554847563493, -0.5826127840782424, -0.6135603668682731, 0.40338351194627126, -0.8303008265388868, -0.35849996929061284, 0.9352536281167206], [0.8005000909564217, 1.0654884797514645, 0.23208250540469033, 0.5684132472582583, 0.48771404930926354, 0.6570685256744195, -0.718945521291694, 1.1092032709676574, 0.678977902474877, 0.8046294116765712], [0.41865135341839177, 1.0654884797514645, 0.9571929442038809, 0.6287317542311952, -1.3058065904211504, -1.1731637651383722, -1.531666545360565, 0.5661421236658233, 0.9587020954318916, 0.8481708171566219]]}