{"clusters": [[311, 414, 202, 345, 253, 291, 17, 288, 80, 282, 7, 72, 59, 103, 267, 200, 182, 91, 287, 304, 246, 384, 144, 236, 339, 239, 420, 377, 317, 100, 232, 73, 276, 398, 193, 423, 432, 418, 123, 346, 40, 252, 188, 206, 157, 376, 99, 438, 415, 309, 410, 430, 354, 320, 179, 155, 115, 230, 409, 15, 289, 422, 186, 344], [211, 318, 233, 212, 175, 296, 397, 28, 261, 87, 164, 14, 361, 178, 260, 58, 50, 348, 214, 33, 150, 319, 111, 386, 370, 380, 12, 401, 69, 119, 34, 36, 272, 90, 306, 207, 315, 292, 269, 411, 137, 335, 151, 297, 84, 308, 255, 213, 379, 1, 189, 16, 124, 37, 160, 404, 156, 283, 92, 171, 419, 358, 27, 400, 31, 391, 257, 104, 19, 245, 57, 224, 205, 277, 83, 18, 286, 145, 56, 165, 20, 198, 46, 436, 406, 244, 173, 187, 194, 60, 373, 393, 425, 47, 247, 21, 396, 219, 126, 5, 136, 77, 106, 10, 223, 41, 242, 374, 26], [204, 29, 235, 307, 250, 290, 399, 342, 96, 405, 197, 382, 44, 375, 326, 183, 234, 437, 140, 142, 0, 359, 109, 32, 138, 225, 241, 215, 195, 333, 139, 362, 108, 337, 163, 316, 174, 378, 300, 184, 74, 330, 129, 190, 270, 13, 78, 424, 364, 301, 125, 275, 135, 367, 66, 75, 329, 368, 403, 222, 146, 76, 427, 265, 180, 49, 61, 65, 149, 363, 118, 357, 42, 130, 355, 185], [321, 273, 323, 167, 268, 313, 371, 428, 122, 240, 116, 23, 172, 421, 254, 426, 332, 208, 322, 113, 216, 390, 168, 38, 203, 262, 350, 152, 366, 161, 251], [303, 408, 117, 177, 199, 394, 324, 114, 285, 325, 169, 249, 336, 141, 248, 353], [327, 412, 217, 121, 237, 85, 407, 107, 43, 360, 434, 274, 302, 259, 210, 231, 4, 71, 70, 310, 159, 369, 53, 435, 158, 340, 82, 343, 314, 196, 97, 416, 433, 143, 201, 63, 328, 392, 429, 55, 218, 440, 387, 221, 89, 441, 256, 54, 120, 93, 295, 266, 417, 162, 413, 52, 228, 128, 147, 148, 30, 395, 24, 338, 293, 9, 134, 312, 94, 112, 22, 3, 102, 131, 79], [402, 2, 331, 258, 431, 154, 64, 227, 278, 48, 51, 192, 388, 35, 181, 176, 8, 67, 439, 284, 110, 153, 271, 299, 209, 279, 68, 347, 264, 127, 238, 365, 341, 11, 45, 385, 170, 294, 105, 298, 220, 132, 101, 243, 81, 352, 280, 383, 98, 349, 39, 389, 356, 191, 305, 62, 229, 372, 133, 6, 88, 166, 334, 25, 86, 381, 95, 263, 351, 281, 226]], "centers": [[0.0126481372762872, 0.0030192411164148523, 0.002955448492179399, 0.030479531729296506, 0.0816761881009572, 0.07243258532521625, 0.028391091527671015, 0.01585829843977174, 0.026213774111081445, -0.015575071702387849], [-0.00914709342983014, -0.044641636506989, -0.0622521819776151, -0.0745280244296595, -0.0235842055514294, -0.0132135189742209, 0.00446044580110504, -0.0394933828740919, -0.0358167281015492, -0.0466408735636482], [0.0162806757273067, 0.0030192411164148523, 0.03798434089330873, -0.023458775800166826, -0.0050088419657141545, -0.0013138774262186504, -0.03235593223976565, 0.01659632085728992, 0.0327938552296366, 0.003064409414368297], [0.030810829531385, 0.0506801187398187, -0.0342290680567117, 0.0436772026071898, 0.0575970130824372, 0.0688313780146366, -0.0323559322397657, 0.057556565029549, 0.0354619386607697, 0.0859065477110625], [0.0180969449528165, -0.044641636506989, 0.044990119373534504, 0.023593790341824, 0.01287854519090055, -0.00585453012216685, -0.050764121260201, 0.06438327239159194, 0.0795604743997356, 0.0009933559569510007], [-0.0418399394890061, 0.0506801187398187, -0.0299178197611881, -0.00222773986119799, 0.0218222387692079, 0.0365770864503148, 0.0118237214092792, -0.00259226199818282, -0.0411803851880079, 0.065196013136889], [0.0235457526293458, 0.0506801187398187, -0.019139699022379, 0.0494153205448459, -0.0634868384392622, -0.0611252336280193, 0.00446044580110504, -0.0394933828740919, -0.0259524244351894, -0.0135040182449705]]}