{"clusters": [[311, 414, 202, 345, 253, 291, 17, 288, 80, 282, 7, 72, 59, 103, 267, 200, 182, 91, 287, 304, 246, 384, 144, 236, 339, 239, 420, 377, 317, 100, 232, 73, 276, 398, 193, 423, 432, 418, 123, 346, 40, 252, 188, 206, 157, 376, 99, 438, 415, 309, 410, 430, 354, 320, 179, 155, 115, 230, 409, 15, 289, 422, 186, 344], [211, 318, 233, 212, 175, 296, 397, 28, 261, 87, 164, 14, 361, 178, 260, 58, 50, 348, 214, 33, 150, 319, 111, 386, 370, 380, 12, 401, 69, 119, 34, 36, 272, 90, 306, 207, 315, 292, 269, 411, 137, 335, 151, 297, 84, 308, 255, 213, 379, 1, 189, 16, 124, 37, 160, 404, 156, 283, 92, 171, 419, 358, 27, 400, 31, 391, 257, 104, 19, 245, 57, 224, 205, 277, 83, 18, 286, 145, 56, 165, 20, 198, 46, 436, 406, 244, 173, 187, 194, 60, 373, 393, 425, 47, 247, 21, 396, 219, 126, 5, 136, 77, 106, 10, 223, 41, 242, 374, 26], [204, 29, 235, 307, 250, 290, 399, 342, 96, 405, 197, 382, 44, 375, 326, 183, 234, 437, 140, 142, 0, 359, 109, 32, 138, 225, 241, 215, 195, 333, 139, 362, 108, 337, 163, 316, 174, 378, 300, 184, 74, 330, 129, 190, 270, 13, 78, 424, 364, 301, 125, 275, 135, 367, 66, 75, 329, 368, 403, 222, 146, 76, 427, 265, 180, 49, 61, 65, 149, 363, 118, 357, 42, 130, 355, 185], [321, 273, 323, 167, 268, 313, 371, 428, 122, 240, 116, 23, 172, 421, 254, 426, 332, 208, 322, 113, 216, 390, 168, 38, 203, 262, 350, 152, 366, 161, 251], [303, 408, 117, 177, 199, 394, 324, 114, 285, 325, 169, 249, 336, 141, 248, 353], [327, 412, 217, 121, 237, 85, 407, 107, 43, 360, 434, 274, 302, 259, 210, 231, 4, 71, 70, 310, 159, 369, 53, 435, 158, 340, 82, 343, 314, 196, 97, 416, 433, 143, 201, 63, 328, 392, 429, 55, 218, 440, 387, 221, 89, 441, 256, 54, 120, 93, 295, 266, 417, 162, 413, 52, 228, 128, 147, 148, 30, 395, 24, 338, 293, 9, 134, 312, 94, 112, 22, 3, 102, 131, 79], [402, 2, 331, 258, 431, 154, 64, 227, 278, 48, 51, 192, 388, 35, 181, 176, 8, 67, 439, 284, 110, 153, 271, 299, 209, 279, 68, 347, 264, 127, 238, 365, 341, 11, 45, 385, 170, 294, 105, 298, 220, 132, 101, 243, 81, 352, 280, 383, 98, 349, 39, 389, 356, 191, 305, 62, 229, 372, 133, 6, 88, 166, 334, 25, 86, 381, 95, 263, 351, 281, 226]], "centers": [[0.2659118584031802, 0.06347590943200204, 0.06213474631112967, 0.6407954585210702, 1.7171435200922125, 1.5228079006452193, 0.5968885176769558, 0.3334016319650394, 0.5511130403926741, -0.3274471308047164], [-0.1923066266424554, -0.9385366608874605, -1.3087771770435899, -1.566861984994667, -0.495829527317093, -0.2777983279062152, 0.09377550277717768, -0.8303008265388868, -0.7530035864853829, -0.9805682130054607], [0.34228160591078494, 0.06347590943200204, 0.7985750357165587, -0.4931925178089995, -0.10530487189192222, -0.027622691032523863, -0.6802445201455569, 0.3489176647450917, 0.6894513237665404, 0.06442551851572886], [0.6477605959412103, 1.0654884797514645, -0.719624945519248, 0.9182605992824384, 1.2109078556521713, 1.4470968526439698, -0.680244520145558, 1.210057484037997, 0.7455445656447278, 1.8060817377177127], [0.38046647966458835, -0.9385366608874605, 0.9458630935976426, 0.4960310359954485, 0.2707559074063909, -0.12308444720801082, -1.0672545316069244, 1.3535807872534764, 1.672663186755159, 0.020884113035680524], [-0.8796343542109077, 1.0654884797514645, -0.6289861406693493, -0.04683554847563493, 0.45878629705554735, 0.7689892053284402, 0.2485795073617251, -0.054499187536269665, -0.8657680191083196, 1.3706676829172177], [0.49502110092599655, 1.0654884797514645, -0.4023891285446004, 1.0388976204665301, -1.3347343426748683, -1.2850844447923908, 0.09377550277717768, -0.8303008265388868, -0.5456184781111583, -0.2839057253246669]]}