{"clusters": [[192, 85, 87, 178, 127, 111, 386, 101, 434, 12, 210, 315, 4, 335, 151, 213, 189, 70, 389, 356, 435, 158, 340, 82, 343, 92, 358, 400, 314, 31, 62, 229, 257, 104, 19, 433, 143, 63, 145, 429, 55, 387, 221, 89, 441, 54, 120, 93, 417, 162, 413, 52, 228, 128, 406, 30, 395, 24, 338, 60, 134, 312, 94, 247, 112, 22, 102, 131, 79], [211, 318, 253, 327, 412, 303, 217, 291, 250, 212, 121, 408, 399, 382, 177, 176, 375, 234, 142, 199, 365, 241, 208, 407, 114, 150, 139, 420, 319, 317, 163, 132, 300, 184, 360, 274, 74, 302, 36, 398, 285, 259, 432, 207, 129, 190, 231, 252, 137, 301, 376, 71, 99, 310, 159, 16, 415, 369, 53, 249, 403, 320, 97, 416, 141, 205, 328, 248, 440, 147, 293, 9], [204, 402, 345, 258, 17, 154, 307, 278, 290, 313, 103, 342, 96, 388, 116, 197, 182, 326, 183, 8, 437, 140, 67, 304, 153, 421, 359, 109, 144, 195, 11, 333, 45, 107, 294, 113, 377, 337, 316, 378, 232, 73, 81, 330, 280, 423, 123, 346, 13, 40, 206, 424, 364, 203, 39, 157, 125, 275, 438, 367, 66, 410, 75, 305, 262, 368, 354, 179, 155, 372, 146, 115, 152, 265, 180, 49, 61, 392, 56, 218, 366, 65, 149, 363, 256, 295, 409, 15, 118, 357, 148, 42, 130, 25, 289, 185, 422, 186, 3], [227, 48, 233, 296, 237, 28, 35, 261, 164, 14, 361, 260, 58, 348, 214, 33, 170, 43, 370, 352, 90, 292, 269, 297, 84, 1, 286, 436], [311, 414, 202, 288, 80, 282, 7, 72, 59, 267, 200, 181, 91, 287, 246, 384, 324, 236, 339, 239, 100, 276, 193, 418, 188, 325, 309, 430, 336, 196, 230, 353, 344], [321, 273, 323, 167, 268, 117, 371, 428, 23, 172, 394, 254, 426, 322, 216, 390, 168, 38, 169, 350, 161, 251], [2, 235, 51, 405, 122, 240, 44, 284, 0, 271, 209, 32, 138, 264, 238, 341, 225, 332, 215, 362, 108, 135], [331, 431, 29, 64, 175, 397, 439, 110, 299, 279, 68, 347, 50, 385, 105, 298, 220, 174, 243, 380, 401, 69, 119, 34, 272, 306, 270, 383, 411, 78, 98, 349, 308, 255, 379, 191, 124, 37, 160, 329, 404, 156, 283, 171, 419, 222, 27, 391, 245, 57, 224, 76, 427, 201, 277, 83, 18, 133, 165, 6, 20, 88, 266, 198, 166, 46, 244, 334, 173, 187, 194, 86, 381, 95, 355, 263, 373, 393, 425, 47, 21, 396, 351, 219, 126, 281, 5, 136, 77, 106, 10, 223, 41, 242, 226, 374, 26]], "centers": [[-0.0273097856849279, -0.044641636506989, -0.0180618869484982, -0.0400993174922969, -0.00294491267841247, -0.0113346282034837, 0.0375951860378887, -0.0394933828740919, -0.0089440189577978, -0.0549250873933176], [0.01446440650179695, 0.0030192411164148523, -0.011056108468272315, 0.045972449851109695, 0.010126639474498276, 0.006984556811203995, 0.0136645403113227, -0.021042822436137358, 0.009639291387068885, 0.0444854785627154], [0.00538306037424807, 0.0506801187398187, -0.00836157828357004, 0.0218723549949558, 0.054845107366035, 0.07321545647969, -0.0249926566315915, 0.0343088588777263, 0.0125531528133893, 0.094190761540732], [0.030810829531385, -0.044641636506989, -0.0266843835395454, -0.014277787289274925, -0.025648134838731095, -0.05533198708491295, 0.0909789341971512, -0.05794394331204644, -0.0253570151058573, -0.028001392446891996], [0.030810829531385, -0.044641636506989, 0.00564997867688165, 0.0115437429137471, 0.0782363059554542, 0.077912683406533, -0.0434008456520269, 0.108111100629544, 0.0660482061630984, 0.0196328370737072], [0.03262709875689475, 0.0030192411164148523, 0.03744543485636825, 0.06662967401352725, 0.03076593234751525, -0.0334115947596457, -0.052604940162244554, 0.0712099797536354, 0.12506699576164548, 0.04862758547755012], [0.0362596372079143, 0.0506801187398187, 0.0536126159645819, 0.04769388519797779, -0.05247921557365315, -0.0147792612831685, -0.08942131820311525, 0.07120997975363515, -0.0058145995368004836, 0.007206516329203051], [-0.0273097856849279, -0.044641636506989, -0.0353068801305926, -0.0297707054110881, -0.0566070741482565, -0.058620045933703, 0.0302319104297145, -0.0394933828740919, -0.0498684677352306, -0.129483011860342]]}