{"clusters": [[192, 85, 87, 178, 127, 111, 386, 101, 434, 12, 210, 315, 4, 335, 151, 213, 189, 70, 389, 356, 435, 158, 340, 82, 343, 92, 358, 400, 314, 31, 62, 229, 257, 104, 19, 433, 143, 63, 145, 429, 55, 387, 221, 89, 441, 54, 120, 93, 417, 162, 413, 52, 228, 128, 406, 30, 395, 24, 338, 60, 134, 312, 94, 247, 112, 22, 102, 131, 79], [211, 318, 253, 327, 412, 303, 217, 291, 250, 212, 121, 408, 399, 382, 177, 176, 375, 234, 142, 199, 365, 241, 208, 407, 114, 150, 139, 420, 319, 317, 163, 132, 300, 184, 360, 274, 74, 302, 36, 398, 285, 259, 432, 207, 129, 190, 231, 252, 137, 301, 376, 71, 99, 310, 159, 16, 415, 369, 53, 249, 403, 320, 97, 416, 141, 205, 328, 248, 440, 147, 293, 9], [204, 402, 345, 258, 17, 154, 307, 278, 290, 313, 103, 342, 96, 388, 116, 197, 182, 326, 183, 8, 437, 140, 67, 304, 153, 421, 359, 109, 144, 195, 11, 333, 45, 107, 294, 113, 377, 337, 316, 378, 232, 73, 81, 330, 280, 423, 123, 346, 13, 40, 206, 424, 364, 203, 39, 157, 125, 275, 438, 367, 66, 410, 75, 305, 262, 368, 354, 179, 155, 372, 146, 115, 152, 265, 180, 49, 61, 392, 56, 218, 366, 65, 149, 363, 256, 295, 409, 15, 118, 357, 148, 42, 130, 25, 289, 185, 422, 186, 3], [227, 48, 233, 296, 237, 28, 35, 261, 164, 14, 361, 260, 58, 348, 214, 33, 170, 43, 370, 352, 90, 292, 269, 297, 84, 1, 286, 436], [311, 414, 202, 288, 80, 282, 7, 72, 59, 267, 200, 181, 91, 287, 246, 384, 324, 236, 339, 239, 100, 276, 193, 418, 188, 325, 309, 430, 336, 196, 230, 353, 344], [321, 273, 323, 167, 268, 117, 371, 428, 23, 172, 394, 254, 426, 322, 216, 390, 168, 38, 169, 350, 161, 251], [2, 235, 51, 405, 122, 240, 44, 284, 0, 271, 209, 32, 138, 264, 238, 341, 225, 332, 215, 362, 108, 135], [331, 431, 29, 64, 175, 397, 439, 110, 299, 279, 68, 347, 50, 385, 105, 298, 220, 174, 243, 380, 401, 69, 119, 34, 272, 306, 270, 383, 411, 78, 98, 349, 308, 255, 379, 191, 124, 37, 160, 329, 404, 156, 283, 171, 419, 222, 27, 391, 245, 57, 224, 76, 427, 201, 277, 83, 18, 133, 165, 6, 20, 88, 266, 198, 166, 46, 244, 334, 173, 187, 194, 86, 381, 95, 355, 263, 373, 393, 425, 47, 21, 396, 351, 219, 126, 281, 5, 136, 77, 106, 10, 223, 41, 242, 226, 374, 26]], "centers": [[-0.5741553641804845, -0.9385366608874605, -0.3797294273321278, -0.843039872366557, -0.061913243511347874, -0.2382969115577376, 0.7903935234076398, -0.8303008265388868, -0.18803723036118075, -1.1547338349256586], [0.3040967321569826, 0.06347590943200204, -0.23244136945104155, 0.9665154092037203, 0.21290040289895779, 0.14684189783991924, 0.28728050850786113, -0.44240000703757826, 0.20265449610755892, 0.9352536281167207], [0.11317236338796798, 1.0654884797514645, -0.17579211641985434, 0.45983993036404147, 1.15305235114474, 1.5392668241237497, -0.5254405155610098, 0.7213024514663485, 0.2639149244280845, 1.9802473596379127], [0.6477605959412103, -0.9385366608874605, -0.5610070370319253, -0.300173287895474, -0.5392211556976676, -1.1632884110512518, 1.9127225566456048, -1.2182016460401957, -0.5331007138099981, -0.5886955636850142], [0.6477605959412103, -0.9385366608874605, 0.11878399934231638, 0.24269329657561015, 1.6448241394579177, 1.6380203649949439, -0.9124505270223783, 2.2729057294715735, 1.3885840152883393, 0.41275676235612696], [0.6859454696950126, 0.06347590943200204, 0.7872451851103208, 1.4008086767805863, 0.6468166867047038, -0.7024385536523479, -1.1059555327530615, 1.4971040904689663, 2.6293830104319076, 1.0223364390768201], [0.7623152172026183, 1.0654884797514645, 1.1271407032974443, 1.002706514835125, -1.103312324645137, -0.3107161748632785, -1.8799755556757964, 1.497104090468961, -0.12224495472542582, 0.151508329475829], [-0.5741553641804845, -0.9385366608874605, -0.7422846467317228, -0.6258932385781236, -1.1900955814062855, -1.2324158896610866, 0.6355895188230916, -0.8303008265388868, -1.0484244945739511, -2.7222244322074363]]}