{"clusters": [[296, 28, 298, 370, 69, 34, 272, 292, 78, 349, 297, 84, 308, 191, 160, 283, 171, 419, 358, 31, 391, 245, 57, 224, 286, 133, 93, 166, 436, 406, 334, 173, 187, 60, 425, 47, 351, 219, 126, 5, 136, 77, 131, 106, 10, 223, 41, 242, 374, 26], [211, 2, 431, 233, 175, 51, 237, 85, 361, 279, 50, 348, 214, 385, 220, 150, 139, 319, 111, 386, 174, 380, 434, 12, 119, 90, 306, 210, 315, 383, 411, 4, 335, 98, 151, 255, 213, 379, 1, 70, 124, 37, 404, 156, 340, 343, 92, 222, 27, 400, 257, 104, 76, 205, 143, 277, 145, 54, 413, 244, 30, 194, 293, 134, 373, 312, 94, 22, 102], [204, 167, 250, 268, 290, 405, 428, 240, 382, 172, 32, 138, 254, 332, 208, 215, 114, 362, 108, 113, 163, 390, 135, 262, 403, 350, 416, 251, 130], [402, 321, 273, 17, 323, 235, 117, 96, 371, 197, 177, 44, 23, 284, 209, 238, 394, 225, 11, 333, 322, 377, 337, 316, 378, 285, 330, 423, 169, 66, 305, 180, 49, 61, 65, 149, 185], [227, 212, 408, 200, 35, 261, 87, 164, 14, 178, 260, 246, 199, 58, 33, 269, 82, 433, 441], [331, 397, 181, 8, 67, 439, 271, 299, 68, 347, 264, 407, 107, 294, 105, 420, 243, 184, 81, 259, 190, 418, 99, 189, 125, 275, 356, 75, 369, 430, 435, 158, 314, 179, 196, 372, 19, 63, 328, 83, 18, 56, 429, 55, 218, 165, 440, 387, 221, 89, 363, 256, 120, 20, 417, 198, 162, 52, 228, 353, 128, 147, 46, 42, 395, 24, 338, 25, 86, 381, 9, 95, 355, 393, 247, 112, 3, 79, 344], [311, 414, 345, 253, 258, 282, 307, 278, 103, 267, 122, 182, 326, 91, 287, 304, 421, 109, 144, 426, 324, 195, 339, 317, 216, 232, 73, 193, 432, 123, 346, 40, 252, 168, 364, 38, 203, 157, 376, 325, 438, 415, 309, 410, 336, 354, 320, 155, 97, 141, 115, 152, 230, 248, 366, 161, 409, 15, 118, 289, 186], [318, 202, 327, 412, 303, 217, 291, 288, 80, 154, 29, 48, 7, 72, 59, 121, 313, 399, 342, 192, 388, 116, 176, 375, 183, 234, 437, 140, 142, 153, 0, 359, 127, 384, 365, 341, 241, 45, 236, 239, 132, 101, 300, 360, 100, 274, 74, 302, 276, 36, 398, 280, 207, 129, 231, 270, 13, 137, 188, 206, 424, 39, 301, 71, 310, 159, 16, 367, 53, 249, 368, 146, 295, 357, 148, 422], [64, 110, 170, 43, 401, 352, 389, 329, 62, 229, 427, 265, 201, 392, 6, 88, 266, 263, 21, 396, 281, 226]], "centers": [[-0.04002367026349635, 0.0030192411164148523, -0.05416859142350835, -0.05903510630784635, -0.0586710034355582, -0.0791312701809174, 0.06888910737262895, -0.05794394331204644, -0.04566275110795025, -0.0176461251598052], [0.00175052192322852, -0.044641636506989, -0.00405032998804645, -0.00567061055493425, -0.00844872411121698, -0.0238605666750649, 0.052321737254237, -0.0394933828740919, -0.0089440189577978, -0.0135040182449705], [0.030810829531385, -0.044641636506989, 0.0401399650410705, 0.076958286094736, 0.0176943801946045, 0.0378296802974729, -0.0286742944356786, 0.0343088588777263, -0.00149858682029207, 0.11904340302974], [0.0271782910803654, 0.0506801187398187, 0.0175059114895716, -0.0332135761048244, -0.00707277125301585, 0.0459715403040008, -0.0654906724765493, 0.0712099797536354, -0.096433222891784, -0.0590671943081523], [0.0417084448844436, -0.044641636506989, -0.00836157828357004, -0.0263278347173518, 0.0245741444856101, 0.0162224364339952, 0.0707299262746723, -0.0394933828740919, -0.0483617248028919, -0.0300724459043093], [-0.0382074010379866, -0.044641636506989, 0.00996122697240527, -0.0469850588797694, -0.0593589798646588, -0.0529833736214915, -0.0102661054152432, -0.0394933828740919, -0.0159982677581387, -0.0424987666488135], [0.00538306037424807, 0.0506801187398187, 0.0175059114895716, 0.0322009670761646, 0.127770608850695, 0.127390140369279, -0.0213110188275045, 0.0712099797536354, 0.062575181458056, 0.0154907301588724], [0.0271782910803654, 0.0030192411164148523, -0.014289544689915019, 0.03392240242303275, 0.03420581449301805, 0.03610736375763049, 0.0026196268990614996, 0.01585829843977174, 0.012857894344793199, -0.019717178617222598], [-0.034574862586967, 0.0506801187398187, -0.009978296394391427, -0.011408728372089925, -0.035967781275239544, -0.032785297836066644, 0.0007788079970179646, -0.027500518589421447, -0.015299123467887348, 0.036201264733046]]}