{"clusters": [[296, 28, 298, 370, 69, 34, 272, 292, 78, 349, 297, 84, 308, 191, 160, 283, 171, 419, 358, 31, 391, 245, 57, 224, 286, 133, 93, 166, 436, 406, 334, 173, 187, 60, 425, 47, 351, 219, 126, 5, 136, 77, 131, 106, 10, 223, 41, 242, 374, 26], [211, 2, 431, 233, 175, 51, 237, 85, 361, 279, 50, 348, 214, 385, 220, 150, 139, 319, 111, 386, 174, 380, 434, 12, 119, 90, 306, 210, 315, 383, 411, 4, 335, 98, 151, 255, 213, 379, 1, 70, 124, 37, 404, 156, 340, 343, 92, 222, 27, 400, 257, 104, 76, 205, 143, 277, 145, 54, 413, 244, 30, 194, 293, 134, 373, 312, 94, 22, 102], [204, 167, 250, 268, 290, 405, 428, 240, 382, 172, 32, 138, 254, 332, 208, 215, 114, 362, 108, 113, 163, 390, 135, 262, 403, 350, 416, 251, 130], [402, 321, 273, 17, 323, 235, 117, 96, 371, 197, 177, 44, 23, 284, 209, 238, 394, 225, 11, 333, 322, 377, 337, 316, 378, 285, 330, 423, 169, 66, 305, 180, 49, 61, 65, 149, 185], [227, 212, 408, 200, 35, 261, 87, 164, 14, 178, 260, 246, 199, 58, 33, 269, 82, 433, 441], [331, 397, 181, 8, 67, 439, 271, 299, 68, 347, 264, 407, 107, 294, 105, 420, 243, 184, 81, 259, 190, 418, 99, 189, 125, 275, 356, 75, 369, 430, 435, 158, 314, 179, 196, 372, 19, 63, 328, 83, 18, 56, 429, 55, 218, 165, 440, 387, 221, 89, 363, 256, 120, 20, 417, 198, 162, 52, 228, 353, 128, 147, 46, 42, 395, 24, 338, 25, 86, 381, 9, 95, 355, 393, 247, 112, 3, 79, 344], [311, 414, 345, 253, 258, 282, 307, 278, 103, 267, 122, 182, 326, 91, 287, 304, 421, 109, 144, 426, 324, 195, 339, 317, 216, 232, 73, 193, 432, 123, 346, 40, 252, 168, 364, 38, 203, 157, 376, 325, 438, 415, 309, 410, 336, 354, 320, 155, 97, 141, 115, 152, 230, 248, 366, 161, 409, 15, 118, 289, 186], [318, 202, 327, 412, 303, 217, 291, 288, 80, 154, 29, 48, 7, 72, 59, 121, 313, 399, 342, 192, 388, 116, 176, 375, 183, 234, 437, 140, 142, 153, 0, 359, 127, 384, 365, 341, 241, 45, 236, 239, 132, 101, 300, 360, 100, 274, 74, 302, 276, 36, 398, 280, 207, 129, 231, 270, 13, 137, 188, 206, 424, 39, 301, 71, 310, 159, 16, 367, 53, 249, 368, 146, 295, 357, 148, 422], [64, 110, 170, 43, 401, 352, 389, 329, 62, 229, 427, 265, 201, 392, 6, 88, 266, 263, 21, 396, 281, 226]], "centers": [[-0.8414494804571054, 0.06347590943200204, -1.1388294179500298, -1.241142034312018, -1.23348720978686, -1.6636396847986337, 1.4483105428919674, -1.2182016460401957, -0.9600043659931284, -0.37098853628476586], [0.036802615880362176, -0.9385366608874605, -0.0851533115699558, -0.11921775973844594, -0.17762425252621314, -0.5016396872142523, 1.100001532576734, -0.8303008265388868, -0.18803723036118075, -0.2839057253246669], [0.6477605959412103, -0.9385366608874605, 0.8438944381415074, 1.6179553105690185, 0.372003040294398, 0.7953234828940912, -0.6028425178532839, 0.7213024514663485, -0.0315059836604832, 2.5027442253985024], [0.5713908484336033, 1.0654884797514645, 0.36804071267953903, -0.6982754498409354, -0.14869650027249678, 0.9664962870708284, -1.3768625407760189, 1.4971040904689663, -2.0273924097136424, -1.2418166458857576], [0.8768698384640264, -0.9385366608874605, -0.17579211641985434, -0.5535110273153118, 0.5166418015629788, 0.3410571948866004, 1.4870115440381004, -0.8303008265388868, -1.016747038477299, -0.6322369691650628], [-0.8032646067033031, -0.9385366608874605, 0.20942280419221557, -0.9878042948921786, -1.247951085913719, -1.1139116406156557, -0.21583250639191542, -0.8303008265388868, -0.3363443183664419, -0.8934854020453619], [0.11317236338796798, 1.0654884797514645, 0.36804071267953903, 0.676986564152475, 2.6862232205917094, 2.678224328838183, -0.4480385132687378, 1.4971040904689663, 1.3155678522419954, 0.3256739513960259], [0.5713908484336033, 0.06347590943200204, -0.30042047308846576, 0.713177669783881, 0.7191360673389943, 0.7591138512413205, 0.05507450163104083, 0.3334016319650394, 0.2703217482297332, -0.4145299417648164], [-0.7268948591956962, 1.0654884797514645, -0.20978166823856711, -0.23985477838916114, -0.7561792976005398, -0.6892714148695223, 0.016373500484904074, -0.5781652938630363, -0.32164565140452916, 0.7610880061965228]]}