{"clusters": [[68, 61, 134, 59, 60], [8, 13, 6, 46, 0, 39, 56, 45, 11, 7, 20, 29, 47, 42, 28, 9, 51, 12, 54, 22, 32, 19, 40, 24, 35, 41, 26, 27, 36, 43, 1, 38, 44, 37, 21, 23], [177, 161, 142, 83, 140, 162, 139, 137, 157, 112], [172, 146, 164, 165, 173, 143, 168, 138, 169, 174, 141, 148, 163, 147, 167, 118, 160, 136, 170], [150, 152, 131, 130, 132, 151, 133], [62, 66, 123, 76, 81, 85, 101, 104, 95, 65, 67, 63, 98, 78, 99, 93, 97, 106, 108, 69, 100, 119, 80, 74, 124, 84, 103, 116, 75, 94, 109, 110, 120], [156, 166, 175, 153, 155, 176, 145, 149, 171, 135, 154, 70, 144], [158, 159], [71, 72, 25, 107, 79, 92, 111, 126, 122, 105, 117, 128, 102, 64, 86, 90, 114, 89, 82, 125, 129, 91, 77, 96, 127, 87, 88, 121, 113, 115], [14, 3, 16, 5, 18, 10, 48, 49, 17, 52, 53, 33, 30, 58, 15, 31, 55, 34, 57, 4, 2, 50, 73]], "centers": [[-0.6060431988510815, -0.9841514767587304, -0.4259088230292899, -0.5990516896734926, -1.035055088809936, -0.4728678439971187, -1.4550185132663986, 1.9189348260392376, -0.5972835113531684, 0.16952855305610684, -0.9101509517763021, -1.5560676184814253, -0.3085559747738098], [0.9195090329528031, -0.571226429784583, -0.1334815501297193, -0.9894221796494045, 0.26389171281015505, 0.48853108497475084, 0.8039066119930991, -0.9012972962123433, 0.21743560919234486, 0.2884852983706089, 0.3402405822000781, 0.6190943171541092, 1.4110706440734444], [-0.13664251214219417, 0.6316421853140202, 0.999674132356116, 0.6020882794831584, 0.08835836123987253, -1.1218121210531304, -1.4851375149365253, 1.6369116138140796, -1.2893567427843031, 0.01380335918984922, -0.6030372416768404, -0.5673576477380005, -0.5155480677832015], [0.4933426200197346, 1.4126091219825163, 0.4148195865569747, 1.0525157679169024, 0.15857170186798558, -0.7933341536544084, -1.2843441704690144, 0.5491077952313269, -0.3169500505203037, 0.9697830215354855, -1.1295178875616323, -1.4854454777140378, 0.00989339908679284], [-0.17370046109289614, -0.8854085307431734, -0.17003495924216647, -0.4489091935289113, 1.562838514430246, -1.2580103026574787, -0.7823608093002372, -1.2236095387553811, -1.1404295917168439, -0.414440923942359, -0.8662775646192362, -1.8668050378579302, -0.3722458495459303], [-0.8778014911562277, -0.8315487420074152, -1.41285086906534, -1.049479178107237, -1.035055088809936, 0.40841450756042796, 0.4725975936217062, -0.5789850536693056, 0.31380023635364196, -0.9335249034965505, 1.1957716317628648, 0.1812370443963071, -1.0155135847443477], [0.19687902841412117, 1.1074036524798854, -0.7914429141537531, 0.45194578333857693, 0.15857170186798558, -1.274033618140343, -1.4851375149365253, 0.5491077952313269, -0.509679304842898, -0.4576979222385415, -1.568251759132292, -1.3159523398723079, 0.26465289817527493], [1.1233277521816623, -0.5936680084244823, 1.109334359693455, 1.2777295121337746, -0.43824169347097514, 0.6487642398033955, -0.8275393118054271, 1.314599371271042, 1.5840612307525603, 3.1650756850667543, -1.69987192060349, -1.0475882049562353, -0.34040091215987006], [-1.0877965352102024, -0.5532731668726636, -0.1883116637983892, 0.3468460360373701, -0.9999484184958793, -0.9695906239659178, -0.4359922900937808, 0.9117090680922446, 0.015945934218723156, -1.1389956454034178, 1.0860881638702002, -0.48967329289387435, -0.826036207297289], [0.9380380074281536, -0.7238291645358983, 1.2189945870307939, 0.0015182949048328303, 2.264971920711376, 1.049347126875008, 0.7135496069827195, 1.113154219681643, -0.42207509833262774, 0.1479000539080156, 1.2835184060769966, 0.5484721763867217, 1.5543728623107154]]}