{"clusters": [[68, 61, 134, 59, 60], [8, 13, 6, 46, 0, 39, 56, 45, 11, 7, 20, 29, 47, 42, 28, 9, 51, 12, 54, 22, 32, 19, 40, 24, 35, 41, 26, 27, 36, 43, 1, 38, 44, 37, 21, 23], [177, 161, 142, 83, 140, 162, 139, 137, 157, 112], [172, 146, 164, 165, 173, 143, 168, 138, 169, 174, 141, 148, 163, 147, 167, 118, 160, 136, 170], [150, 152, 131, 130, 132, 151, 133], [62, 66, 123, 76, 81, 85, 101, 104, 95, 65, 67, 63, 98, 78, 99, 93, 97, 106, 108, 69, 100, 119, 80, 74, 124, 84, 103, 116, 75, 94, 109, 110, 120], [156, 166, 175, 153, 155, 176, 145, 149, 171, 135, 154, 70, 144], [158, 159], [71, 72, 25, 107, 79, 92, 111, 126, 122, 105, 117, 128, 102, 64, 86, 90, 114, 89, 82, 125, 129, 91, 77, 96, 127, 87, 88, 121, 113, 115], [14, 3, 16, 5, 18, 10, 48, 49, 17, 52, 53, 33, 30, 58, 15, 31, 55, 34, 57, 4, 2, 50, 73]], "centers": [[-0.6060431988510735, -0.9841514767587299, -0.42590882302929406, -0.599051689673493, -1.035055088809936, -0.4728678439971189, -1.4550185132663978, 1.9189348260392372, -0.5972835113531701, 0.16952855305610642, -0.9101509517763011, -1.556067618481423, -0.30855597477380986], [0.9195090329528108, -0.5712264297845827, -0.1334815501297234, -0.989422179649405, 0.26389171281015505, 0.4885310849747506, 0.8039066119931001, -0.9012972962123438, 0.2174356091923434, 0.28848529837060843, 0.34024058220007963, 0.6190943171541115, 1.4110706440734442], [-0.1366425121421863, 0.6316421853140202, 0.9996741323561121, 0.6020882794831586, 0.08835836123987253, -1.1218121210531309, -1.4851375149365245, 1.6369116138140791, -1.2893567427843053, 0.013803359189848805, -0.6030372416768391, -0.5673576477379983, -0.5155480677832016], [0.49334262001974233, 1.4126091219825163, 0.41481958655697077, 1.0525157679169028, 0.15857170186798555, -0.7933341536544086, -1.2843441704690135, 0.5491077952313265, -0.31695005052030545, 0.969783021535485, -1.1295178875616314, -1.4854454777140356, 0.00989339908679277], [-0.17370046109288825, -0.8854085307431729, -0.17003495924217055, -0.44890919352891157, 1.562838514430246, -1.258010302657479, -0.7823608093002362, -1.2236095387553816, -1.1404295917168459, -0.4144409239423594, -0.8662775646192351, -1.866805037857928, -0.3722458495459304], [-0.8778014911562196, -0.8315487420074148, -1.4128508690653443, -1.0494791781072375, -1.035055088809936, 0.40841450756042774, 0.47259759362170717, -0.5789850536693061, 0.31380023635364057, -0.9335249034965509, 1.1957716317628666, 0.18123704439630925, -1.0155135847443477], [0.19687902841412896, 1.1074036524798854, -0.7914429141537574, 0.4519457833385771, 0.15857170186798555, -1.2740336181403433, -1.4851375149365245, 0.5491077952313265, -0.5096793048428998, -0.4576979222385419, -1.5682517591322913, -1.3159523398723056, 0.2646528981752749], [1.1233277521816698, -0.5936680084244821, 1.109334359693451, 1.277729512133775, -0.43824169347097514, 0.6487642398033953, -0.8275393118054261, 1.3145993712710415, 1.5840612307525594, 3.165075685066754, -1.6998719206034894, -1.0475882049562333, -0.3404009121598701], [-1.0877965352101944, -0.5532731668726631, -0.18831166379839331, 0.3468460360373702, -0.9999484184958793, -0.969590623965918, -0.4359922900937798, 0.9117090680922442, 0.015945934218721626, -1.1389956454034182, 1.086088163870202, -0.48967329289387224, -0.8260362072972891], [0.9380380074281612, -0.723829164535898, 1.21899458703079, 0.0015182949048327598, 2.264971920711376, 1.0493471268750079, 0.7135496069827205, 1.1131542196816426, -0.42207509833262946, 0.1479000539080152, 1.2835184060769986, 0.5484721763867239, 1.5543728623107154]]}