{"clusters": [[158, 172, 177, 146, 156, 164, 165, 173, 161, 62, 143, 168, 142, 150, 138, 72, 159, 166, 169, 174, 141, 68, 148, 175, 153, 155, 176, 145, 152, 149, 123, 83, 76, 163, 140, 131, 147, 130, 162, 139, 167, 132, 151, 118, 171, 107, 133, 92, 85, 61, 135, 101, 154, 137, 111, 104, 134, 157, 126, 122, 105, 117, 128, 65, 67, 98, 59, 160, 102, 60, 78, 70, 97, 136, 144, 106, 108, 69, 170, 64, 86, 100, 90, 114, 89, 82, 125, 129, 119, 91, 80, 77, 84, 103, 116, 96, 127, 112, 75, 87, 88, 110, 113, 115], [8, 13, 6, 46, 14, 3, 16, 0, 39, 56, 45, 5, 18, 11, 10, 48, 7, 20, 29, 49, 47, 42, 28, 71, 9, 51, 17, 52, 53, 33, 12, 54, 30, 58, 22, 32, 19, 15, 31, 55, 40, 34, 24, 35, 41, 26, 27, 57, 36, 43, 4, 1, 2, 66, 38, 25, 44, 50, 37, 73, 21, 23, 81, 79, 95, 63, 99, 93, 74, 124, 94, 109, 121, 120]], "centers": [[-0.5072220016492104, -0.9168267408390325, -1.3397440508404472, -0.07355295316745787, -0.29781501221474904, -1.330115222330369, -1.0634714915547523, 0.38795167395980806, -0.3782729950774928, -0.014313689702669441, -0.6469106288339064, -0.637979788505388, -0.46459616796550507], [0.7836298868002312, 0.10650924514037624, 0.9631207232436696, -0.9894221796494044, 1.0011317894053418, 0.7689391059248794, 0.9444619531203569, -1.0221643871659825, -0.05413743098949307, 0.4939560402774764, 0.7131643730351389, 0.7179653142284514, 1.0528150984802664]]}