{"clusters": [[158, 172, 177, 146, 156, 164, 165, 173, 161, 62, 143, 168, 142, 150, 138, 72, 159, 166, 169, 174, 141, 68, 148, 175, 153, 155, 176, 145, 152, 149, 123, 83, 76, 163, 140, 131, 147, 130, 162, 139, 167, 132, 151, 118, 171, 107, 133, 92, 85, 61, 135, 101, 154, 137, 111, 104, 134, 157, 126, 122, 105, 117, 128, 65, 67, 98, 59, 160, 102, 60, 78, 70, 97, 136, 144, 106, 108, 69, 170, 64, 86, 100, 90, 114, 89, 82, 125, 129, 119, 91, 80, 77, 84, 103, 116, 96, 127, 112, 75, 87, 88, 110, 113, 115], [8, 13, 6, 46, 14, 3, 16, 0, 39, 56, 45, 5, 18, 11, 10, 48, 7, 20, 29, 49, 47, 42, 28, 71, 9, 51, 17, 52, 53, 33, 12, 54, 30, 58, 22, 32, 19, 15, 31, 55, 40, 34, 24, 35, 41, 26, 27, 57, 36, 43, 4, 1, 2, 66, 38, 25, 44, 50, 37, 73, 21, 23, 81, 79, 95, 63, 99, 93, 74, 124, 94, 109, 121, 120]], "centers": [[-0.5072220016492024, -0.916826740839032, -1.3397440508404517, -0.07355295316745797, -0.2978150122147491, -1.3301152223303692, -1.0634714915547514, 0.3879516739598076, -0.37827299507749446, -0.014313689702669885, -0.6469106288339053, -0.6379797885053857, -0.4645961679655051], [0.7836298868002389, 0.10650924514037646, 0.9631207232436658, -0.9894221796494049, 1.0011317894053418, 0.7689391059248791, 0.9444619531203579, -1.022164387165983, -0.054137430989494646, 0.49395604027747597, 0.7131643730351407, 0.7179653142284537, 1.0528150984802664]]}