{"clusters": [[158, 172, 177, 146, 156, 164, 165, 173, 161, 143, 168, 142, 150, 138, 159, 166, 169, 174, 141, 148, 175, 153, 155, 176, 145, 152, 149, 83, 163, 140, 131, 147, 130, 162, 139, 167, 132, 151, 171, 133, 135, 154, 137, 157, 160, 136, 144, 170], [8, 13, 6, 46, 14, 3, 16, 0, 39, 56, 45, 5, 18, 11, 10, 48, 7, 20, 29, 49, 47, 42, 28, 9, 51, 17, 52, 53, 33, 12, 54, 30, 58, 22, 32, 19, 15, 31, 55, 40, 34, 24, 35, 41, 26, 68, 27, 57, 36, 43, 4, 1, 2, 38, 25, 44, 50, 37, 73, 21, 23, 121], [71, 62, 72, 66, 123, 76, 118, 81, 107, 79, 92, 85, 61, 101, 111, 104, 134, 95, 126, 122, 105, 117, 128, 65, 67, 63, 98, 59, 102, 60, 78, 99, 93, 70, 97, 106, 108, 69, 64, 86, 100, 90, 114, 89, 82, 125, 129, 119, 91, 80, 74, 124, 77, 84, 103, 116, 96, 127, 112, 75, 87, 88, 94, 109, 110, 120, 113, 115]], "centers": [[0.20305535323924578, 0.667548711137859, -0.38935541391684775, 0.30180328719399563, 0.7904917675210027, -1.1538587520188597, -1.4198796779845835, 0.951998098410124, -0.36951257442646745, 0.6886125326102981, -1.5682517591322913, -1.3583256243327382, 0.280575366868305], [0.9071563833025772, -0.6744576915281195, 0.39654288200074805, -0.013495954709625613, 0.6851717565788332, 0.8089973946320403, 1.049878458965801, -0.9012972962123438, 0.7167795863008838, 0.3101137975186999, 0.42798735651421177, 0.4849122496960752, 1.3553420036478387], [-0.8778014911562196, -0.7417824274478175, -0.9924866642722119, -0.38885219507107927, -0.4031350231569187, -0.7532758649472475, -0.2703377809080833, -0.25667281112626816, 0.04222719617180272, -0.9010821547744139, 0.48502275981839754, -0.46848665066365563, -0.3117404685124159]]}