{"clusters": [[158, 172, 177, 146, 156, 164, 165, 173, 161, 143, 168, 142, 150, 138, 159, 166, 169, 174, 141, 148, 175, 153, 155, 176, 145, 152, 149, 83, 163, 140, 131, 147, 130, 162, 139, 167, 132, 151, 171, 133, 135, 154, 137, 157, 160, 136, 144, 170], [8, 13, 6, 46, 14, 3, 16, 0, 39, 56, 45, 5, 18, 11, 10, 48, 7, 20, 29, 49, 47, 42, 28, 9, 51, 17, 52, 53, 33, 12, 54, 30, 58, 22, 32, 19, 15, 31, 55, 40, 34, 24, 35, 41, 26, 68, 27, 57, 36, 43, 4, 1, 2, 38, 25, 44, 50, 37, 73, 21, 23, 121], [71, 62, 72, 66, 123, 76, 118, 81, 107, 79, 92, 85, 61, 101, 111, 104, 134, 95, 126, 122, 105, 117, 128, 65, 67, 63, 98, 59, 102, 60, 78, 99, 93, 70, 97, 106, 108, 69, 64, 86, 100, 90, 114, 89, 82, 125, 129, 119, 91, 80, 74, 124, 77, 84, 103, 116, 96, 127, 112, 75, 87, 88, 94, 109, 110, 120, 113, 115]], "centers": [[0.20305535323923798, 0.6675487111378589, -0.3893554139168436, 0.3018032871939956, 0.7904917675210027, -1.1538587520188597, -1.4198796779845844, 0.9519980984101244, -0.36951257442646573, 0.6886125326102985, -1.568251759132292, -1.3583256243327404, 0.2805753668683051], [0.9071563833025695, -0.67445769152812, 0.396542882000752, -0.013495954709625502, 0.6851717565788332, 0.8089973946320406, 1.0498784589658001, -0.9012972962123433, 0.7167795863008849, 0.3101137975187003, 0.4279873565142102, 0.4849122496960731, 1.3553420036478387], [-0.8778014911562277, -0.7417824274478179, -0.9924866642722077, -0.38885219507107904, -0.4031350231569186, -0.7532758649472473, -0.27033778090808425, -0.2566728111262677, 0.042227196171804246, -0.9010821547744134, 0.48502275981839604, -0.4684866506636578, -0.3117404685124159]]}