{"clusters": [[158, 172, 177, 146, 156, 164, 165, 173, 161, 143, 168, 142, 150, 138, 159, 166, 169, 174, 141, 148, 175, 153, 155, 176, 145, 152, 149, 123, 83, 163, 140, 131, 147, 130, 162, 139, 167, 132, 151, 118, 171, 107, 133, 92, 61, 135, 154, 137, 134, 157, 122, 105, 160, 70, 136, 144, 170, 86, 90, 129, 119, 91, 77], [8, 13, 6, 46, 14, 3, 16, 0, 39, 56, 5, 18, 10, 48, 20, 29, 49, 47, 42, 28, 71, 9, 51, 17, 52, 53, 12, 54, 30, 58, 22, 19, 31, 55, 40, 35, 2, 66, 44, 50, 73, 63, 124, 121], [95, 78, 69, 96, 110], [45, 11, 7, 33, 32, 62, 15, 34, 24, 72, 41, 26, 68, 27, 57, 36, 43, 4, 1, 38, 25, 37, 76, 21, 23, 81, 79, 85, 101, 111, 104, 126, 117, 128, 65, 67, 98, 59, 102, 60, 99, 93, 97, 106, 108, 64, 100, 114, 89, 82, 125, 80, 74, 84, 103, 116, 127, 112, 75, 87, 88, 94, 109, 120, 113, 115]], "centers": [[-0.1489951617924267, 0.5867590280342216, 0.12239231365740413, 0.15166079104941424, 0.2989983831242116, -1.5944999277976328, -0.8124798109703638, -0.9818753568481028, -1.3331588460394381, 0.1479000539080156, -0.9540243389333682, -1.6831874718627229, -0.6906952234065329], [1.0430355294551417, -0.7507590589037776, 0.2503292455509667, -0.8693081827337393, -0.2627083419006926, 0.6727992130276924, 1.0448586253541126, -1.1430314781196216, 0.8394254754152635, 0.58479573669946, 0.735101066613672, 1.1981958714466865, 1.2996133632222335], [-0.9766226883580967, -1.029034634038529, -2.2535792786516047, -0.8092511842759064, 3.599025392645524, -0.7132175762400859, -0.7522418076301105, -1.7876559632056972, 1.5928216514035873, -0.9551534026446417, 1.4151385675481947, 0.647343173461064, -0.0920104005486], [-0.7480986698287715, -0.6430394814322609, -0.4441855275855135, 1.2026582640614838, -0.12228166064446655, -0.29661137368560914, 0.24168524748406867, 0.0656394314167704, 0.2875189744005609, -1.2839065896956297, 0.07700025925768245, 0.3648546103915141, -1.284603305656557]]}