{"clusters": [[158, 172, 177, 146, 156, 164, 165, 173, 161, 143, 168, 142, 150, 138, 159, 166, 169, 174, 141, 148, 175, 153, 155, 176, 145, 152, 149, 123, 83, 163, 140, 131, 147, 130, 162, 139, 167, 132, 151, 118, 171, 107, 133, 92, 61, 135, 154, 137, 134, 157, 122, 105, 160, 70, 136, 144, 170, 86, 90, 129, 119, 91, 77], [8, 13, 6, 46, 14, 3, 16, 0, 39, 56, 5, 18, 10, 48, 20, 29, 49, 47, 42, 28, 71, 9, 51, 17, 52, 53, 12, 54, 30, 58, 22, 19, 31, 55, 40, 35, 2, 66, 44, 50, 73, 63, 124, 121], [95, 78, 69, 96, 110], [45, 11, 7, 33, 32, 62, 15, 34, 24, 72, 41, 26, 68, 27, 57, 36, 43, 4, 1, 38, 25, 37, 76, 21, 23, 81, 79, 85, 101, 111, 104, 126, 117, 128, 65, 67, 98, 59, 102, 60, 99, 93, 97, 106, 108, 64, 100, 114, 89, 82, 125, 80, 74, 84, 103, 116, 127, 112, 75, 87, 88, 94, 109, 120, 113, 115]], "centers": [[-0.1489951617924188, 0.5867590280342218, 0.12239231365740011, 0.1516607910494142, 0.2989983831242116, -1.594499927797633, -0.8124798109703628, -0.9818753568481032, -1.3331588460394403, 0.1479000539080152, -0.9540243389333672, -1.6831874718627207, -0.690695223406533], [1.0430355294551492, -0.7507590589037771, 0.2503292455509627, -0.8693081827337398, -0.2627083419006926, 0.6727992130276922, 1.0448586253541134, -1.143031478119622, 0.8394254754152622, 0.5847957366994595, 0.7351010666136737, 1.1981958714466887, 1.2996133632222335], [-0.9766226883580886, -1.0290346340385286, -2.253579278651609, -0.8092511842759068, 3.599025392645524, -0.7132175762400861, -0.7522418076301095, -1.7876559632056976, 1.5928216514035864, -0.9551534026446421, 1.4151385675481967, 0.6473431734610661, -0.09201040054860007], [-0.7480986698287634, -0.6430394814322605, -0.44418552758551766, 1.2026582640614842, -0.12228166064446655, -0.29661137368560936, 0.2416852474840696, 0.06563943141676996, 0.2875189744005595, -1.28390658969563, 0.07700025925768389, 0.36485461039151623, -1.284603305656557]]}