{"clusters": [[62, 72, 68, 107, 92, 61, 101, 105, 117, 65, 59, 60, 78, 70, 64, 86, 90, 114, 89, 82, 129, 91, 77, 103, 96, 127, 112, 75, 87, 88, 113, 115], [8, 13, 6, 46, 14, 3, 16, 0, 39, 56, 45, 5, 18, 11, 10, 48, 7, 20, 29, 49, 47, 42, 28, 71, 9, 51, 17, 52, 53, 33, 12, 54, 30, 58, 22, 32, 19, 15, 31, 55, 40, 34, 24, 35, 41, 26, 27, 57, 36, 4, 1, 2, 38, 25, 44, 50, 37, 73, 23, 74, 121], [158, 177, 156, 173, 150, 159, 166, 169, 174, 175, 153, 155, 176, 145, 152, 149, 154], [43, 66, 123, 76, 21, 81, 79, 85, 111, 104, 95, 126, 122, 128, 67, 63, 98, 102, 99, 93, 97, 106, 108, 69, 100, 125, 119, 80, 124, 84, 116, 94, 109, 110, 120], [172, 146, 164, 165, 161, 143, 168, 142, 138, 141, 148, 83, 163, 140, 131, 147, 130, 162, 139, 167, 132, 151, 118, 171, 133, 135, 137, 134, 157, 160, 136, 144, 170]], "centers": [[-1.0877965352101944, -0.5532731668726631, -0.18831166379839331, 0.3468460360373702, -0.9999484184958793, -0.969590623965918, -0.4359922900937798, 0.9117090680922442, 0.015945934218721626, -1.1389956454034182, 1.086088163870202, -0.48967329289387224, -0.8260362072972891], [0.9256853577779276, -0.5442965354167035, 0.15894572276984725, -1.0494791781072375, -0.7542017262974837, 0.4885310849747506, 0.7336289414294712, -0.5789850536693061, 0.38388360156185686, 0.23441405050038017, 0.8447845345063383, 0.40722789485194877, 1.8250548300922276], [0.49334262001974233, 1.4126091219825163, 0.41481958655697077, 1.0525157679169028, 0.15857170186798555, -0.7933341536544086, -1.2843441704690135, 0.5491077952313265, -0.31695005052030545, 0.969783021535485, -1.1295178875616314, -1.4854454777140356, 0.00989339908679277], [-0.8160382429050493, 0.10202092941239668, 0.3417127683320781, 0.4519457833385771, -0.12228166064446654, 0.4244378230432926, 0.08105057191006072, -0.1760947504905084, -0.49215846354084575, -0.9767819017927336, -0.690784015990971, 1.0852004462188685, -0.9836686473582874], [-0.17370046109288825, -0.8854085307431729, -0.17003495924217055, -0.44890919352891157, 1.562838514430246, -1.258010302657479, -0.7823608093002362, -1.2236095387553816, -1.1404295917168459, -0.4144409239423594, -0.8662775646192351, -1.866805037857928, -0.3722458495459304]]}