{"clusters": [[62, 72, 68, 107, 92, 61, 101, 105, 117, 65, 59, 60, 78, 70, 64, 86, 90, 114, 89, 82, 129, 91, 77, 103, 96, 127, 112, 75, 87, 88, 113, 115], [8, 13, 6, 46, 14, 3, 16, 0, 39, 56, 45, 5, 18, 11, 10, 48, 7, 20, 29, 49, 47, 42, 28, 71, 9, 51, 17, 52, 53, 33, 12, 54, 30, 58, 22, 32, 19, 15, 31, 55, 40, 34, 24, 35, 41, 26, 27, 57, 36, 4, 1, 2, 38, 25, 44, 50, 37, 73, 23, 74, 121], [158, 177, 156, 173, 150, 159, 166, 169, 174, 175, 153, 155, 176, 145, 152, 149, 154], [43, 66, 123, 76, 21, 81, 79, 85, 111, 104, 95, 126, 122, 128, 67, 63, 98, 102, 99, 93, 97, 106, 108, 69, 100, 125, 119, 80, 124, 84, 116, 94, 109, 110, 120], [172, 146, 164, 165, 161, 143, 168, 142, 138, 141, 148, 83, 163, 140, 131, 147, 130, 162, 139, 167, 132, 151, 118, 171, 133, 135, 137, 134, 157, 160, 136, 144, 170]], "centers": [[-1.0877965352102024, -0.5532731668726636, -0.1883116637983892, 0.3468460360373701, -0.9999484184958793, -0.9695906239659178, -0.4359922900937808, 0.9117090680922446, 0.015945934218723156, -1.1389956454034178, 1.0860881638702002, -0.48967329289387435, -0.826036207297289], [0.9256853577779199, -0.5442965354167039, 0.15894572276985128, -1.049479178107237, -0.7542017262974837, 0.48853108497475084, 0.7336289414294702, -0.5789850536693056, 0.38388360156185825, 0.23441405050038058, 0.8447845345063365, 0.40722789485194666, 1.8250548300922276], [0.4933426200197346, 1.4126091219825163, 0.4148195865569747, 1.0525157679169024, 0.15857170186798558, -0.7933341536544084, -1.2843441704690144, 0.5491077952313269, -0.3169500505203037, 0.9697830215354855, -1.1295178875616323, -1.4854454777140378, 0.00989339908679284], [-0.8160382429050574, 0.10202092941239646, 0.3417127683320821, 0.45194578333857693, -0.12228166064446651, 0.4244378230432928, 0.08105057191005978, -0.176094750490508, -0.49215846354084397, -0.9767819017927332, -0.6907840159909721, 1.0852004462188662, -0.9836686473582873], [-0.17370046109289614, -0.8854085307431734, -0.17003495924216647, -0.4489091935289113, 1.562838514430246, -1.2580103026574787, -0.7823608093002372, -1.2236095387553811, -1.1404295917168439, -0.414440923942359, -0.8662775646192362, -1.8668050378579302, -0.3722458495459303]]}