{"clusters": [[62, 68, 61, 134, 59, 60], [8, 13, 6, 46, 14, 3, 16, 0, 39, 56, 45, 5, 18, 11, 10, 48, 7, 20, 29, 49, 47, 42, 28, 71, 9, 51, 17, 52, 53, 33, 12, 54, 30, 58, 22, 32, 19, 15, 31, 55, 40, 34, 24, 35, 41, 26, 27, 57, 36, 43, 4, 1, 2, 66, 38, 123, 25, 44, 50, 37, 73, 21, 23, 81, 126, 63, 98, 74, 124, 109, 121, 120], [76, 101, 95, 78, 97, 69, 100, 110], [146, 165, 173, 161, 143, 168, 142, 138, 169, 141, 145, 152, 83, 163, 140, 131, 147, 130, 162, 139, 132, 118, 107, 133, 92, 137, 157, 105, 136, 170, 129, 96], [158, 172, 177, 156, 164, 150, 159, 166, 174, 148, 175, 153, 155, 176, 149, 167, 151, 171, 135, 154, 160, 144], [72, 79, 85, 111, 104, 122, 117, 128, 65, 67, 102, 99, 93, 70, 106, 108, 64, 86, 90, 114, 89, 82, 125, 119, 91, 80, 77, 84, 103, 116, 127, 112, 75, 87, 88, 94, 113, 115]], "centers": [[-0.5257509761245608, -0.930291688022972, -0.8462730278224224, -0.7041514369746995, -0.5084550340990882, -0.45684452851425417, -1.0383723234963136, 1.6369116138140796, -1.1491900123678709, 0.23441405050038072, -0.4056069994700434, -1.4995699058675154, -0.6270053486344124], [0.8145115109258152, 0.11548587659633597, 0.34171276833208214, -0.9894221796494044, 0.7202784268928897, 0.42443782304329275, 0.8340256136632258, -0.5386960233514256, 0.3926440222128851, -0.25439003024648316, 0.603480905142474, 0.7109031001517129, 0.5432961003033022], [-0.8530961918557594, -1.0200580025825694, -1.4676809827340094, -1.2296501734807346, 0.7553850972069461, -0.1123432456326679, 0.146308408862001, -0.3372508717620273, 1.181081880805317, -0.8253824077560938, 0.822847840927804, -0.12243816090345916, -0.5028100928287774], [-0.1551714866175446, 1.3138661759669592, 0.2686059501071894, 0.37687453526628634, -0.3329216825288056, -1.274033618140343, -1.0986103268365668, -0.05522765953686909, -1.3068775840863571, 0.6345412847400702, -1.3927582105040277, -1.3724500524862178, -0.5394317708227466], [0.30805287526622593, 1.3048895445109996, -0.3528020048043981, -0.07355295316745787, 0.6500650862647767, -0.9615789662244856, -1.2743045032456388, 1.274310340953162, 0.033466775520777425, 2.293447169398674, -1.6779352270249568, -1.5207565480977316, 0.025815867779822962], [-1.137207133811138, -0.6520161128882207, 0.15894572276985047, 0.3018032871939955, -1.2105884403802185, -0.3446813201342026, -0.13480227339251435, 0.9117090680922446, -0.439595939634682, -1.041667399237007, 0.20862042072888054, 0.16711261624282933, -1.0011833629206204]]}