{"clusters": [[62, 68, 61, 134, 59, 60], [8, 13, 6, 46, 14, 3, 16, 0, 39, 56, 45, 5, 18, 11, 10, 48, 7, 20, 29, 49, 47, 42, 28, 71, 9, 51, 17, 52, 53, 33, 12, 54, 30, 58, 22, 32, 19, 15, 31, 55, 40, 34, 24, 35, 41, 26, 27, 57, 36, 43, 4, 1, 2, 66, 38, 123, 25, 44, 50, 37, 73, 21, 23, 81, 126, 63, 98, 74, 124, 109, 121, 120], [76, 101, 95, 78, 97, 69, 100, 110], [146, 165, 173, 161, 143, 168, 142, 138, 169, 141, 145, 152, 83, 163, 140, 131, 147, 130, 162, 139, 132, 118, 107, 133, 92, 137, 157, 105, 136, 170, 129, 96], [158, 172, 177, 156, 164, 150, 159, 166, 174, 148, 175, 153, 155, 176, 149, 167, 151, 171, 135, 154, 160, 144], [72, 79, 85, 111, 104, 122, 117, 128, 65, 67, 102, 99, 93, 70, 106, 108, 64, 86, 90, 114, 89, 82, 125, 119, 91, 80, 77, 84, 103, 116, 127, 112, 75, 87, 88, 94, 113, 115]], "centers": [[-0.5257509761245528, -0.9302916880229716, -0.8462730278224265, -0.7041514369747, -0.5084550340990882, -0.4568445285142544, -1.0383723234963127, 1.6369116138140791, -1.1491900123678729, 0.23441405050038033, -0.4056069994700422, -1.4995699058675132, -0.6270053486344125], [0.814511510925823, 0.11548587659633619, 0.3417127683320781, -0.9894221796494049, 0.7202784268928897, 0.4244378230432926, 0.8340256136632267, -0.5386960233514261, 0.3926440222128837, -0.2543900302464836, 0.6034809051424757, 0.710903100151715, 0.5432961003033021], [-0.8530961918557514, -1.020058002582569, -1.4676809827340138, -1.229650173480735, 0.7553850972069461, -0.11234324563266812, 0.14630840886200194, -0.3372508717620277, 1.181081880805316, -0.8253824077560943, 0.8228478409278057, -0.12243816090345704, -0.5028100928287774], [-0.1551714866175367, 1.3138661759669594, 0.26860595010718546, 0.3768745352662864, -0.3329216825288056, -1.2740336181403433, -1.098610326836566, -0.05522765953686953, -1.3068775840863593, 0.6345412847400698, -1.392758210504027, -1.3724500524862155, -0.5394317708227467], [0.3080528752662337, 1.3048895445109996, -0.35280200480440227, -0.07355295316745797, 0.6500650862647767, -0.9615789662244858, -1.274304503245638, 1.2743103409531615, 0.0334667755207759, 2.2934471693986733, -1.6779352270249561, -1.5207565480977294, 0.025815867779822893], [-1.13720713381113, -0.6520161128882203, 0.15894572276984645, 0.30180328719399563, -1.2105884403802185, -0.34468132013420283, -0.13480227339251338, 0.9117090680922442, -0.43959593963468374, -1.0416673992370074, 0.20862042072888204, 0.16711261624283144, -1.0011833629206206]]}