{"clusters": [[172, 177, 146, 156, 164, 165, 173, 168, 150, 166, 169, 174, 148, 175, 153, 155, 176, 145, 149, 147, 167, 151, 171, 157, 160, 144], [95, 78, 69], [8, 29, 71, 62, 72, 41, 27, 43, 1, 66, 38, 123, 44, 50, 76, 23, 81, 79, 85, 101, 111, 104, 126, 117, 128, 65, 67, 63, 98, 59, 102, 99, 93, 97, 106, 108, 86, 100, 114, 89, 82, 125, 119, 91, 80, 74, 124, 84, 103, 116, 127, 75, 87, 94, 109, 110, 120, 113, 115], [158, 159], [13, 6, 46, 14, 3, 16, 0, 39, 56, 45, 5, 18, 11, 10, 48, 7, 20, 49, 47, 42, 28, 9, 51, 17, 52, 53, 33, 12, 54, 30, 58, 22, 32, 19, 15, 31, 55, 40, 34, 24, 35, 26, 57, 36, 4, 2, 25, 37, 73, 21, 121], [138, 83, 92, 61, 135, 154, 134, 105, 60, 90, 88], [161, 143, 142, 141, 68, 152, 163, 140, 131, 130, 162, 139, 132, 118, 107, 133, 137, 122, 70, 136, 170, 64, 129, 77, 96, 112]], "centers": [[0.3636397986922861, 1.2779596501431205, -0.17003495924217057, 0.3768745352662864, 0.4394250643804376, -0.8574274155858667, -1.3094433385274524, 0.6296858558670859, -0.5096793048428998, 1.8392486872887561, -1.6998719206034891, -1.443072193253603, -0.013990303952752442], [-0.828390892555283, -1.2085672631577231, -1.5225110964026833, -1.4098211688542326, 2.545825283223828, -0.633100998825764, -0.17998077589770328, -0.09551668985474931, 2.0483635252569914, -0.7172399120156377, 0.44992405009274494, -0.4261133662032233, 0.00989339908679277], [-0.7789802939543485, -1.2534504204375216, -3.6791622340370145, -2.671018136468717, -0.8244150669255967, -0.5049144749628479, -1.4650581804897735, -0.6595631143050651, -2.0515133394236567, -1.3444663873102858, 0.40605066293567893, -1.1182103457236205, -0.7225401607925932], [1.1233277521816698, -0.5936680084244821, 1.109334359693451, 1.277729512133775, -0.43824169347097514, 0.6487642398033953, -0.8275393118054261, 1.3145993712710415, 1.5840612307525594, 3.165075685066754, -1.6998719206034894, -1.0475882049562333, -0.3404009121598701], [0.9503906570783949, -0.39169380066538834, 1.1458877688058975, -0.7191656865891577, 1.0713451300334549, 1.12946370428933, 0.763747943099598, 0.2267955526882888, 0.15611266463515397, 0.5372130385736587, 0.7570377601922063, 0.4496011793123816, 2.000201985715559], [-0.519574651299436, -0.9392683194789313, -0.9742099597159882, 0.1516607910494142, 0.22878504249609857, -1.3060802491060723, -1.4550185132663978, 1.3548884015889213, -0.3344708918223595, 1.099554016424033, -1.6559985334464233, -1.499569905867513, -0.3404009121598701], [-0.26016900864452464, 0.47903945056270497, -0.6452292777039721, 0.1516607910494141, -0.7542017262974837, -1.4502900884518528, -0.8626781470872406, -0.09551668985474909, -1.3331588460394403, -0.21978443160953737, -1.2172646618757632, -1.2312057709514406, -0.8945028226773186]]}