{"clusters": [[172, 177, 146, 156, 164, 165, 173, 168, 150, 166, 169, 174, 148, 175, 153, 155, 176, 145, 149, 147, 167, 151, 171, 157, 160, 144], [95, 78, 69], [8, 29, 71, 62, 72, 41, 27, 43, 1, 66, 38, 123, 44, 50, 76, 23, 81, 79, 85, 101, 111, 104, 126, 117, 128, 65, 67, 63, 98, 59, 102, 99, 93, 97, 106, 108, 86, 100, 114, 89, 82, 125, 119, 91, 80, 74, 124, 84, 103, 116, 127, 75, 87, 94, 109, 110, 120, 113, 115], [158, 159], [13, 6, 46, 14, 3, 16, 0, 39, 56, 45, 5, 18, 11, 10, 48, 7, 20, 49, 47, 42, 28, 9, 51, 17, 52, 53, 33, 12, 54, 30, 58, 22, 32, 19, 15, 31, 55, 40, 34, 24, 35, 26, 57, 36, 4, 2, 25, 37, 73, 21, 121], [138, 83, 92, 61, 135, 154, 134, 105, 60, 90, 88], [161, 143, 142, 141, 68, 152, 163, 140, 131, 130, 162, 139, 132, 118, 107, 133, 137, 122, 70, 136, 170, 64, 129, 77, 96, 112]], "centers": [[0.36363979869227836, 1.2779596501431205, -0.17003495924216647, 0.37687453526628634, 0.4394250643804376, -0.8574274155858664, -1.3094433385274533, 0.6296858558670864, -0.509679304842898, 1.8392486872887566, -1.6998719206034898, -1.4430721932536053, -0.013990303952752386], [-0.8283908925552911, -1.2085672631577236, -1.522511096402679, -1.409821168854232, 2.545825283223828, -0.6331009988257638, -0.17998077589770423, -0.0955166898547489, 2.048363525256992, -0.7172399120156373, 0.44992405009274333, -0.42611336620322543, 0.00989339908679284], [-0.7789802939543566, -1.253450420437522, -3.6791622340370096, -2.6710181364687156, -0.8244150669255967, -0.5049144749628477, -1.4650581804897744, -0.6595631143050646, -2.0515133394236544, -1.3444663873102853, 0.4060506629356774, -1.1182103457236228, -0.7225401607925931], [1.1233277521816623, -0.5936680084244823, 1.109334359693455, 1.2777295121337746, -0.43824169347097514, 0.6487642398033955, -0.8275393118054271, 1.314599371271042, 1.5840612307525603, 3.1650756850667543, -1.69987192060349, -1.0475882049562353, -0.34040091215987006], [0.9503906570783872, -0.39169380066538867, 1.1458877688059013, -0.7191656865891572, 1.0713451300334549, 1.1294637042893303, 0.763747943099597, 0.22679555268828921, 0.15611266463515547, 0.5372130385736591, 0.7570377601922045, 0.4496011793123795, 2.000201985715559], [-0.519574651299444, -0.9392683194789317, -0.9742099597159839, 0.15166079104941424, 0.2287850424960986, -1.3060802491060721, -1.4550185132663986, 1.3548884015889218, -0.3344708918223578, 1.0995540164240334, -1.655998533446424, -1.4995699058675152, -0.34040091215987006], [-0.2601690086445325, 0.47903945056270486, -0.645229277703968, 0.151660791049414, -0.7542017262974837, -1.4502900884518528, -0.8626781470872416, -0.09551668985474865, -1.3331588460394381, -0.21978443160953695, -1.217264661875764, -1.2312057709514426, -0.8945028226773186]]}