{"clusters": [[146, 165, 173, 143, 155, 83, 147, 139, 137, 160, 136], [8, 13, 6, 46, 14, 3, 16, 0, 39, 56, 45, 5, 18, 10, 48, 7, 20, 29, 49, 47, 42, 28, 9, 51, 17, 52, 53, 33, 12, 54, 30, 58, 22, 19, 15, 31, 55, 40, 34, 35, 26, 57, 36, 1, 2, 44, 50, 73], [95, 78, 69, 96], [138, 141, 68, 163, 140, 130, 162, 118, 171, 92, 61, 135, 154, 134, 157, 60, 70, 144, 170, 77, 112], [43, 4, 123, 25, 21, 79, 122, 105, 117, 128, 102, 129, 124, 127, 87, 121], [11, 71, 32, 62, 24, 72, 41, 27, 66, 38, 37, 76, 23, 81, 107, 85, 101, 111, 104, 126, 65, 67, 63, 98, 59, 99, 93, 97, 106, 108, 64, 86, 100, 90, 114, 89, 82, 125, 119, 91, 80, 74, 84, 103, 116, 75, 88, 94, 109, 110, 120, 113, 115], [158, 159], [172, 177, 156, 164, 161, 168, 142, 150, 166, 169, 174, 148, 175, 153, 176, 145, 152, 149, 131, 167, 132, 151, 133]], "centers": [[0.06099988226154919, 1.3677259647027173, -0.17003495924216647, 0.9023732717723211, -1.035055088809936, -1.033683885897376, -0.44101212370546844, 1.9995128866749972, 0.050987616822831476, -0.11164193586908044, -0.5152904673627086, -0.8498462108075506, -0.7384626294856232], [1.0245065549797912, -0.6520161128882206, 0.890013905018777, -0.2687381981554137, 0.33410505343826813, 0.6487642398033958, 1.170354465646307, -0.4178289323977864, 0.725540006951912, 0.45069904198129374, 0.9983413895560677, 0.5060988919262891, 1.4349543471129895], [-0.9025067904566939, -1.1188009485981263, -1.8880451875271418, -1.109536176565069, 3.0724253379346758, -0.6731592875329249, -0.46611129176390736, -0.941586326530223, 1.8205925883302896, -0.8361966573301395, 0.932531308820469, 0.11061490362891926, -0.041058500730903585], [-0.4454587533980401, -0.8764318992872137, -1.2666372326155548, -0.8092511842759064, 0.018145020611759537, -0.44082121303138966, -0.6217261337262285, 1.3548884015889218, -1.7010965133825733, 0.29929954794465463, 0.09893695283621524, -1.4430721932536053, -0.9454547224950149], [-0.7172170457031862, -0.23011443445811353, -0.49901564125418263, 0.8273020237000304, -0.05206832001635353, -0.7292408917229505, -0.06452460282888556, 1.1131542196816433, -0.13298121684873615, -1.1584612946367001, 0.011190178522083427, 0.732089742381929, -1.3275939711277382], [-0.8778014911562277, 0.44313292473886595, -0.535569050366628, -0.4489091935289113, -0.8244150669255967, 0.2481813527317836, 0.22160591303731755, -0.9012972962123432, 0.6992587449988309, -1.2579523907179202, 0.8447845345063365, 0.9722050209910463, -1.4549737206719793], [1.1233277521816623, -0.5936680084244823, 1.109334359693455, 1.2777295121337746, -0.43824169347097514, 0.6487642398033955, -0.8275393118054271, 1.314599371271042, 1.5840612307525603, 3.1650756850667543, -1.69987192060349, -1.0475882049562353, -0.34040091215987006], [0.3945214228178635, 0.8111748144332148, 0.04928549543251149, 0.6020882794831585, -0.5435617044131447, -0.5850310523771702, -1.2743045032456388, 0.7102639165028459, -0.5972835113531684, 1.4542614024527312, -1.7876186949176214, -1.4006989087931727, -0.3085559747738098]]}