{"clusters": [[146, 165, 173, 143, 155, 83, 147, 139, 137, 160, 136], [8, 13, 6, 46, 14, 3, 16, 0, 39, 56, 45, 5, 18, 10, 48, 7, 20, 29, 49, 47, 42, 28, 9, 51, 17, 52, 53, 33, 12, 54, 30, 58, 22, 19, 15, 31, 55, 40, 34, 35, 26, 57, 36, 1, 2, 44, 50, 73], [95, 78, 69, 96], [138, 141, 68, 163, 140, 130, 162, 118, 171, 92, 61, 135, 154, 134, 157, 60, 70, 144, 170, 77, 112], [43, 4, 123, 25, 21, 79, 122, 105, 117, 128, 102, 129, 124, 127, 87, 121], [11, 71, 32, 62, 24, 72, 41, 27, 66, 38, 37, 76, 23, 81, 107, 85, 101, 111, 104, 126, 65, 67, 63, 98, 59, 99, 93, 97, 106, 108, 64, 86, 100, 90, 114, 89, 82, 125, 119, 91, 80, 74, 84, 103, 116, 75, 88, 94, 109, 110, 120, 113, 115], [158, 159], [172, 177, 156, 164, 161, 168, 142, 150, 166, 169, 174, 148, 175, 153, 176, 145, 152, 149, 131, 167, 132, 151, 133]], "centers": [[0.06099988226155702, 1.3677259647027173, -0.17003495924217055, 0.9023732717723214, -1.035055088809936, -1.0336838858973763, -0.4410121237054675, 1.9995128866749967, 0.050987616822829956, -0.11164193586908086, -0.5152904673627073, -0.8498462108075485, -0.7384626294856234], [1.0245065549797987, -0.6520161128882203, 0.8900139050187731, -0.26873819815541394, 0.33410505343826813, 0.6487642398033956, 1.1703544656463079, -0.41782893239778685, 0.7255400069519108, 0.4506990419812933, 0.9983413895560694, 0.5060988919262913, 1.4349543471129895], [-0.9025067904566858, -1.1188009485981258, -1.8880451875271462, -1.1095361765650698, 3.0724253379346758, -0.6731592875329251, -0.4661112917639064, -0.9415863265302234, 1.820592588330289, -0.8361966573301399, 0.9325313088204708, 0.11061490362892137, -0.041058500730903655], [-0.44545875339803215, -0.8764318992872132, -1.266637232615559, -0.8092511842759068, 0.018145020611759512, -0.4408212130313899, -0.6217261337262275, 1.3548884015889213, -1.7010965133825755, 0.29929954794465424, 0.09893695283621669, -1.443072193253603, -0.945454722495015], [-0.7172170457031782, -0.23011443445811328, -0.49901564125418674, 0.8273020237000307, -0.05206832001635353, -0.7292408917229507, -0.06452460282888461, 1.1131542196816429, -0.13298121684873776, -1.1584612946367006, 0.011190178522084843, 0.7320897423819311, -1.3275939711277382], [-0.8778014911562196, 0.44313292473886606, -0.5355690503666323, -0.44890919352891157, -0.8244150669255967, 0.2481813527317834, 0.2216059130373185, -0.9012972962123437, 0.6992587449988297, -1.2579523907179206, 0.8447845345063383, 0.9722050209910484, -1.4549737206719793], [1.1233277521816698, -0.5936680084244821, 1.109334359693451, 1.277729512133775, -0.43824169347097514, 0.6487642398033953, -0.8275393118054261, 1.3145993712710415, 1.5840612307525594, 3.165075685066754, -1.6998719206034894, -1.0475882049562333, -0.3404009121598701], [0.3945214228178712, 0.8111748144332148, 0.049285495432507445, 0.6020882794831586, -0.5435617044131447, -0.5850310523771705, -1.274304503245638, 0.7102639165028455, -0.5972835113531701, 1.4542614024527307, -1.787618694917621, -1.4006989087931705, -0.30855597477380986]]}