{"clusters": [[158, 159], [71, 66, 123, 107, 79, 111, 126, 122, 105, 128, 63, 98, 102, 99, 108, 114, 125, 124, 84, 109, 121, 110, 120], [62, 72, 76, 81, 92, 85, 101, 104, 117, 65, 67, 59, 60, 93, 97, 106, 64, 86, 100, 90, 89, 82, 129, 119, 91, 80, 103, 116, 127, 112, 75, 87, 88, 94, 113, 115], [95, 78, 69], [8, 13, 6, 46, 14, 3, 16, 0, 39, 56, 45, 5, 18, 11, 10, 48, 7, 20, 29, 49, 47, 42, 28, 9, 51, 17, 52, 53, 33, 12, 54, 30, 58, 22, 32, 19, 15, 31, 55, 40, 34, 24, 35, 41, 26, 27, 57, 36, 43, 4, 1, 2, 38, 25, 44, 50, 37, 73, 21, 23, 74], [176, 171, 61, 135, 154, 134], [172, 177, 156, 164, 165, 173, 168, 166, 169, 174, 148, 175, 153, 155, 145, 149, 147, 157, 160, 144], [150, 152, 130, 151, 96], [146, 161, 143, 142, 138, 141, 68, 83, 163, 140, 131, 162, 139, 167, 132, 118, 133, 137, 70, 136, 170, 77]], "centers": [[1.1233277521816698, -0.5936680084244821, 1.109334359693451, 1.277729512133775, -0.43824169347097514, 0.6487642398033953, -0.8275393118054261, 1.3145993712710415, 1.5840612307525594, 3.165075685066754, -1.6998719206034894, -1.0475882049562333, -0.3404009121598701], [-0.7789802939543485, -1.1367542115100453, -0.9742099597159882, -0.29876669738433015, -0.8244150669255967, 1.9626761093982834, 1.7275559965436504, -0.9818753568481032, 0.6291753797906134, -0.24141293075762868, 0.3621772757786129, 0.22361032885674145, -0.2767110373877496], [-1.0877965352101944, -0.44106527367316667, -1.3214673462842286, 0.19670353989278877, -0.43824169347097514, -0.46485618625568664, -0.09966343811069907, -0.13580572017262887, -0.194304161405927, -0.9443391530705966, 1.5028853418623287, -0.002380521598898677, -0.45981942735759607], [-0.828390892555283, -1.2085672631577231, -1.5225110964026833, -1.4098211688542326, 2.545825283223828, -0.633100998825764, -0.17998077589770328, -0.09551668985474931, 2.0483635252569914, -0.7172399120156377, 0.44992405009274494, -0.4261133662032233, 0.00989339908679277], [0.913332708127694, -0.5981563241524619, -0.42590882302929406, -0.9293651811915726, 1.2819851519177938, 0.4885310849747506, 0.874184282556729, -1.2236095387553816, 0.050987616822829956, 0.34255654624083676, -0.16430337010617904, 0.830960739456274, 0.9970864580546609], [-0.4701640526985005, -0.3827171692094285, -0.9376565506035419, -0.5540089408301185, -0.19249500127257957, -0.7612875226886795, -0.9982136546028104, 1.7577787047677185, -1.4207630525497108, 0.591284286443887, -0.44948038662710826, -1.4501344073303417, -0.5553542395157769], [0.4439320214188068, 1.1118919682078656, 0.2320525409947391, 0.8273020237000307, -0.19249500127257957, -0.6891826030157895, -1.2793243368573257, 0.6296858558670859, -0.4571167809367378, 1.2120222119941078, -1.4585682912396263, -1.443072193253603, -0.14933128784350855], [-0.17370046109288825, -0.8854085307431729, -0.17003495924217055, -0.44890919352891157, 1.562838514430246, -1.258010302657479, -0.7823608093002362, -1.2236095387553816, -1.1404295917168459, -0.4144409239423594, -0.8662775646192351, -1.866805037857928, -0.3722458495459304], [-0.16752413626777035, 0.7124318684176578, 0.45137299566941713, 0.4519457833385771, 0.36921172375232464, -1.3140919068475045, -1.1237094948950048, 0.46852973459556696, -1.219273377576089, 0.18683135237457948, -0.6688473224124383, -1.195894700567747, -0.6270053486344125]]}