{"clusters": [[158, 159], [71, 66, 123, 107, 79, 111, 126, 122, 105, 128, 63, 98, 102, 99, 108, 114, 125, 124, 84, 109, 121, 110, 120], [62, 72, 76, 81, 92, 85, 101, 104, 117, 65, 67, 59, 60, 93, 97, 106, 64, 86, 100, 90, 89, 82, 129, 119, 91, 80, 103, 116, 127, 112, 75, 87, 88, 94, 113, 115], [95, 78, 69], [8, 13, 6, 46, 14, 3, 16, 0, 39, 56, 45, 5, 18, 11, 10, 48, 7, 20, 29, 49, 47, 42, 28, 9, 51, 17, 52, 53, 33, 12, 54, 30, 58, 22, 32, 19, 15, 31, 55, 40, 34, 24, 35, 41, 26, 27, 57, 36, 43, 4, 1, 2, 38, 25, 44, 50, 37, 73, 21, 23, 74], [176, 171, 61, 135, 154, 134], [172, 177, 156, 164, 165, 173, 168, 166, 169, 174, 148, 175, 153, 155, 145, 149, 147, 157, 160, 144], [150, 152, 130, 151, 96], [146, 161, 143, 142, 138, 141, 68, 83, 163, 140, 131, 162, 139, 167, 132, 118, 133, 137, 70, 136, 170, 77]], "centers": [[1.1233277521816623, -0.5936680084244823, 1.109334359693455, 1.2777295121337746, -0.43824169347097514, 0.6487642398033955, -0.8275393118054271, 1.314599371271042, 1.5840612307525603, 3.1650756850667543, -1.69987192060349, -1.0475882049562353, -0.34040091215987006], [-0.7789802939543566, -1.1367542115100457, -0.9742099597159839, -0.29876669738433, -0.8244150669255967, 1.9626761093982836, 1.7275559965436496, -0.9818753568481028, 0.6291753797906147, -0.24141293075762826, 0.36217727577861136, 0.22361032885673932, -0.27671103738774955], [-1.0877965352102024, -0.44106527367316695, -1.3214673462842244, 0.19670353989278877, -0.4382416934709751, -0.4648561862556865, -0.09966343811070001, -0.13580572017262843, -0.19430416140592532, -0.9443391530705961, 1.502885341862327, -0.0023805215989007866, -0.45981942735759596], [-0.8283908925552911, -1.2085672631577236, -1.522511096402679, -1.409821168854232, 2.545825283223828, -0.6331009988257638, -0.17998077589770423, -0.0955166898547489, 2.048363525256992, -0.7172399120156373, 0.44992405009274333, -0.42611336620322543, 0.00989339908679284], [0.9133327081276863, -0.5981563241524622, -0.4259088230292899, -0.9293651811915721, 1.2819851519177938, 0.48853108497475084, 0.874184282556728, -1.2236095387553811, 0.050987616822831476, 0.34255654624083715, -0.16430337010618035, 0.8309607394562719, 0.997086458054661], [-0.4701640526985084, -0.38271716920942883, -0.9376565506035377, -0.5540089408301182, -0.19249500127257954, -0.7612875226886793, -0.9982136546028113, 1.757778704767719, -1.4207630525497086, 0.5912842864438874, -0.4494803866271095, -1.450134407330344, -0.5553542395157768], [0.44393202141879906, 1.1118919682078656, 0.2320525409947431, 0.8273020237000304, -0.19249500127257954, -0.6891826030157893, -1.2793243368573266, 0.6296858558670864, -0.457116780936736, 1.2120222119941082, -1.4585682912396267, -1.4430721932536053, -0.1493312878435085], [-0.17370046109289614, -0.8854085307431734, -0.17003495924216647, -0.4489091935289113, 1.562838514430246, -1.2580103026574787, -0.7823608093002372, -1.2236095387553811, -1.1404295917168439, -0.414440923942359, -0.8662775646192362, -1.8668050378579302, -0.3722458495459303], [-0.16752413626777823, 0.7124318684176577, 0.4513729956694211, 0.451945783338577, 0.36921172375232464, -1.3140919068475045, -1.1237094948950057, 0.4685297345955674, -1.219273377576087, 0.18683135237457993, -0.6688473224124394, -1.1958947005677492, -0.6270053486344124]]}