{"clusters": [[50, 52, 65, 77, 86, 100, 102, 103, 104, 105, 107, 108, 109, 110, 111, 112, 115, 116, 117, 118, 120, 122, 124, 125, 127, 128, 129, 130, 131, 132, 135, 136, 137, 139, 140, 141, 143, 144, 145, 146, 147, 148], [1, 2, 3, 6, 8, 9, 12, 13, 25, 29, 30, 34, 35, 38, 41, 42, 45, 47], [51, 53, 54, 55, 56, 57, 58, 59, 60, 61, 62, 63, 64, 66, 67, 68, 69, 70, 71, 72, 73, 74, 75, 76, 78, 79, 80, 81, 82, 83, 84, 85, 87, 88, 89, 90, 91, 92, 93, 94, 95, 96, 97, 98, 99, 101, 106, 113, 114, 119, 121, 123, 126, 133, 134, 138, 142, 149], [0, 4, 5, 7, 10, 11, 14, 15, 16, 17, 18, 19, 20, 21, 22, 23, 24, 26, 27, 28, 31, 32, 33, 36, 37, 39, 40, 43, 44, 46, 48, 49]], "centers": [[1.1591726272442622, -0.1319794793216258, 0.9901079768349651, 1.1855672065079756], [-1.5065205225160663, 0.09821728693702086, -1.2833890997091604, -1.3154442950077407], [-0.1736739476359015, -0.5923730118389191, 0.42173370769893376, 0.13250973218556866], [-0.9006811702978099, 1.0190043519716065, -1.3402265266227635, -1.3154442950077407]]}