{"clusters": [[102, 105, 107, 117, 118, 122, 129, 130, 131, 135], [0, 4, 6, 7, 11, 17, 20, 22, 23, 24, 26, 27, 28, 31, 35, 36, 37, 39, 40, 43, 49], [53, 57, 59, 60, 62, 64, 67, 69, 79, 80, 81, 82, 87, 89, 90, 92, 93, 94, 98, 99, 106], [54, 68, 72, 76, 83, 101, 103, 108, 111, 113, 114, 116, 119, 121, 123, 126, 128, 132, 133, 134, 137, 142, 146, 147], [50, 51, 52, 55, 56, 58, 61, 63, 65, 66, 70, 71, 73, 74, 75, 77, 78, 84, 85, 86, 88, 91, 95, 96, 97, 127, 138, 149], [5, 10, 14, 15, 16, 18, 19, 21, 32, 33, 44, 46, 48], [1, 2, 3, 8, 9, 12, 13, 25, 29, 30, 34, 38, 41, 42, 45, 47], [100, 104, 109, 110, 112, 115, 120, 124, 125, 136, 139, 140, 141, 143, 144, 145, 148]], "centers": [[2.1285155907934725, -0.1319794793216258, 1.6153196728845993, 1.1855672065079756], [-1.0218490407414607, 0.7888075857129598, -1.2833890997091604, -1.3154442950077407], [-0.29484181807955345, -1.282963310614858, 0.08070914621731488, -0.13075463639503299], [0.5533332750260058, -0.8225697780975647, 0.6490834153533465, 0.7906706536370729], [0.310997534138703, -0.1319794793216258, 0.4785711346125367, 0.2641419164758693], [-0.9006811702978099, 1.7095946507475455, -1.2833890997091604, -1.18381211071744], [-1.5065205225160663, 0.09821728693702086, -1.2833890997091604, -1.3154442950077407], [1.2803404976879142, 0.3284140531956675, 1.1037828306621715, 1.448831575088577]]}