{"clusters": [[0, 1, 6, 7, 8, 10, 11, 14, 15, 18, 30, 33, 35, 36, 37, 38, 49, 51, 53, 55, 56, 57, 58, 59, 61, 65, 66, 67, 75, 76, 77, 79, 82, 83, 84, 85, 86, 87, 89, 96, 99, 100, 106, 111, 113, 117, 119, 120, 121, 122, 123, 125, 126, 132, 133, 134, 135, 136, 146, 148, 150, 151, 154, 155, 156, 158, 160, 161, 162, 163, 164, 168, 171, 173, 190, 191, 195, 197, 204, 206, 207, 211, 214, 215, 217, 223, 224, 225, 228, 229, 230, 231, 233, 235, 247, 250, 251, 253, 256, 257, 266, 275, 276, 278, 279, 282, 283, 295, 296, 302, 303, 304, 305, 306, 308, 310, 313, 314, 324, 325, 327, 330, 335, 339, 340, 346, 347, 349, 353, 356, 357, 359, 363, 364, 365, 369, 372, 374, 375, 377, 378, 379, 382, 384, 385, 388, 392, 399, 400, 401, 403, 404, 405, 407, 409, 410, 412, 416, 430, 432, 433, 434], [9, 12, 17, 19, 20, 21, 22, 23, 24, 25, 26, 27, 29, 31, 32, 34, 39, 40, 41, 42, 43, 44, 45, 46, 47, 48, 50, 52, 60, 62, 63, 64, 68, 69, 70, 71, 72, 90, 91, 92, 93, 105, 108, 109, 110, 114, 116, 124, 130, 139, 149, 170, 172, 174, 175, 176, 177, 178, 179, 180, 181, 182, 184, 185, 186, 187, 189, 193, 198, 199, 200, 201, 202, 203, 208, 209, 210, 212, 218, 220, 222, 227, 232, 236, 238, 241, 243, 244, 245, 246, 249, 252, 254, 255, 258, 259, 260, 261, 262, 263, 264, 265, 268, 269, 270, 272, 301, 312, 317, 318, 319, 321, 326, 328, 331, 332, 333, 337, 338, 344, 348, 355, 366, 371, 376, 389, 391, 395, 414, 417, 418, 419, 425, 426, 428, 429, 431], [16, 74, 80, 81, 131, 138, 144, 145, 147, 153, 169, 205, 234, 237, 267, 280, 286, 290, 291, 292, 307, 309, 311, 320, 358, 360, 361, 362, 402, 408, 411], [28, 73, 97, 103, 140, 141, 142, 166, 167, 188, 239, 240, 242, 273, 274, 277, 281, 300, 343, 345, 351, 427], [13, 98, 112, 115, 128, 137, 159, 297, 329, 354, 367, 368, 370, 383, 415], [107, 129, 183, 248], [118, 127, 143, 152, 157, 165, 192, 194, 196, 213, 219, 226, 271, 284, 285, 287, 293, 294, 298, 299, 316, 334, 336, 341, 350, 352, 380, 421, 422, 423, 424], [3, 54, 94, 101, 221, 322, 386, 387, 390, 394, 398], [104, 393], [2, 4, 5, 78, 88, 95, 102, 216, 288, 289, 315, 323, 342, 373, 381, 396, 397, 406, 413, 420]], "centers": [[0.0, 0.845679012345679, 0.15432098765432098, 0.09876543209876543, 0.35802469135802467, 0.5432098765432098, 0.018518518518518517, 0.8580246913580247, 0.12345679012345678, 0.0, 0.08024691358024691, 0.9197530864197531, 0.006172839506172839, 0.0, 0.9938271604938271, 0.0, 0.037037037037037035, 0.9629629629629629, 0.024691358024691357, 0.8888888888888888, 0.08641975308641975, 0.043209876543209874, 0.9320987654320988, 0.024691358024691357, 0.012345679012345678, 0.9444444444444444, 0.043209876543209874, 0.006172839506172839, 0.5123456790123457, 0.48148148148148145, 0.043209876543209874, 0.7283950617283951, 0.22839506172839505, 0.06172839506172839, 0.08024691358024691, 0.8580246913580247, 0.043209876543209874, 0.06172839506172839, 0.8950617283950617, 0.030864197530864196, 0.012345679012345678, 0.9567901234567902, 0.043209876543209874, 0.9012345679012346, 0.05555555555555555, 0.13580246913580246, 0.35802469135802467, 0.5061728395061729], [0.021897810218978103, 0.2116788321167883, 0.7664233576642335, 0.10948905109489052, 0.5255474452554745, 0.36496350364963503, 0.014598540145985401, 0.029197080291970802, 0.9562043795620438, 0.0072992700729927005, 0.9635036496350365, 0.029197080291970802, 0.021897810218978103, 0.9708029197080292, 0.0072992700729927005, 0.029197080291970802, 0.9343065693430657, 0.0364963503649635, 0.0072992700729927005, 0.0364963503649635, 0.9562043795620438, 0.0, 0.0072992700729927005, 0.9927007299270073, 0.043795620437956206, 0.058394160583941604, 0.8978102189781022, 0.021897810218978103, 0.5985401459854015, 0.3795620437956204, 0.029197080291970802, 0.635036496350365, 0.3357664233576642, 0.058394160583941604, 0.927007299270073, 0.014598540145985401, 0.029197080291970802, 0.8905109489051095, 0.08029197080291971, 0.029197080291970802, 0.8978102189781022, 0.072992700729927, 0.051094890510948905, 0.18248175182481752, 0.7664233576642335, 0.32116788321167883, 0.0072992700729927005, 0.6715328467153284], [0.03225806451612903, 0.3870967741935484, 0.5806451612903226, 0.03225806451612903, 0.8709677419354839, 0.0967741935483871, 0.0, 0.12903225806451613, 0.8709677419354839, 0.0, 0.967741935483871, 0.03225806451612903, 0.03225806451612903, 0.9354838709677419, 0.03225806451612903, 0.0, 0.16129032258064516, 0.8387096774193549, 0.06451612903225806, 0.0967741935483871, 0.8387096774193549, 0.0, 0.03225806451612903, 0.967741935483871, 0.0967741935483871, 0.06451612903225806, 0.8387096774193549, 0.0, 0.0967741935483871, 0.9032258064516129, 0.0, 0.6774193548387096, 0.3225806451612903, 0.03225806451612903, 0.5806451612903226, 0.3870967741935484, 0.06451612903225806, 0.5806451612903226, 0.3548387096774194, 0.0, 0.22580645161290322, 0.7741935483870968, 0.03225806451612903, 0.7419354838709677, 0.22580645161290322, 0.22580645161290322, 0.0, 0.7741935483870968], [0.0, 0.5909090909090909, 0.4090909090909091, 0.045454545454545456, 0.9545454545454546, 0.0, 0.0, 0.7272727272727273, 0.2727272727272727, 0.0, 0.13636363636363635, 0.8636363636363636, 0.0, 0.09090909090909091, 0.9090909090909091, 0.0, 0.3181818181818182, 0.6818181818181818, 0.045454545454545456, 0.0, 0.9545454545454546, 0.045454545454545456, 0.36363636363636365, 0.5909090909090909, 0.045454545454545456, 0.5454545454545454, 0.4090909090909091, 0.0, 0.2727272727272727, 0.7272727272727273, 0.0, 0.9090909090909091, 0.09090909090909091, 0.045454545454545456, 0.4090909090909091, 0.5454545454545454, 0.045454545454545456, 0.5, 0.45454545454545453, 0.0, 0.0, 1.0, 0.18181818181818182, 0.5, 0.3181818181818182, 0.09090909090909091, 0.045454545454545456, 0.8636363636363636], [0.0, 0.5333333333333333, 0.4666666666666667, 0.3333333333333333, 0.0, 0.6666666666666666, 0.0, 0.0, 1.0, 0.0, 1.0, 0.0, 0.2, 0.6666666666666666, 0.13333333333333333, 0.06666666666666667, 0.0, 0.9333333333333333, 0.0, 0.13333333333333333, 0.8666666666666667, 0.0, 0.0, 1.0, 0.13333333333333333, 0.3333333333333333, 0.5333333333333333, 0.0, 0.0, 1.0, 0.13333333333333333, 0.5333333333333333, 0.3333333333333333, 0.26666666666666666, 0.7333333333333333, 0.0, 0.06666666666666667, 0.9333333333333333, 0.0, 0.06666666666666667, 0.8666666666666667, 0.06666666666666667, 0.0, 0.26666666666666666, 0.7333333333333333, 0.4, 0.0, 0.6], [0.75, 0.25, 0.0, 1.0, 0.0, 0.0, 0.75, 0.0, 0.25, 0.75, 0.25, 0.0, 0.75, 0.25, 0.0, 0.75, 0.25, 0.0, 0.75, 0.0, 0.25, 0.75, 0.0, 0.25, 0.75, 0.0, 0.25, 0.75, 0.25, 0.0, 1.0, 0.0, 0.0, 1.0, 0.0, 0.0, 1.0, 0.0, 0.0, 0.75, 0.0, 0.25, 1.0, 0.0, 0.0, 1.0, 0.0, 0.0], [0.03225806451612903, 0.8709677419354839, 0.0967741935483871, 0.06451612903225806, 0.2903225806451613, 0.6451612903225806, 0.0, 0.1935483870967742, 0.8064516129032258, 0.06451612903225806, 0.9032258064516129, 0.03225806451612903, 0.0, 0.967741935483871, 0.03225806451612903, 0.03225806451612903, 0.16129032258064516, 0.8064516129032258, 0.03225806451612903, 0.1935483870967742, 0.7741935483870968, 0.03225806451612903, 0.03225806451612903, 0.9354838709677419, 0.03225806451612903, 0.0967741935483871, 0.8709677419354839, 0.0, 0.5483870967741935, 0.45161290322580644, 0.03225806451612903, 0.03225806451612903, 0.9354838709677419, 0.0, 0.9032258064516129, 0.0967741935483871, 0.0967741935483871, 0.5483870967741935, 0.3548387096774194, 0.06451612903225806, 0.5161290322580645, 0.41935483870967744, 0.12903225806451613, 0.06451612903225806, 0.8064516129032258, 0.16129032258064516, 0.03225806451612903, 0.8064516129032258], [0.09090909090909091, 0.36363636363636365, 0.5454545454545454, 0.18181818181818182, 0.18181818181818182, 0.6363636363636364, 0.09090909090909091, 0.09090909090909091, 0.8181818181818182, 0.09090909090909091, 0.9090909090909091, 0.0, 0.36363636363636365, 0.09090909090909091, 0.5454545454545454, 0.0, 0.0, 1.0, 0.18181818181818182, 0.7272727272727273, 0.09090909090909091, 0.09090909090909091, 0.5454545454545454, 0.36363636363636365, 0.0, 0.9090909090909091, 0.09090909090909091, 0.0, 1.0, 0.0, 0.0, 