{"clusters": [[0, 1, 6, 7, 8, 10, 11, 14, 15, 18, 28, 30, 33, 35, 36, 37, 38, 49, 51, 53, 55, 56, 57, 58, 59, 61, 65, 66, 67, 75, 76, 77, 79, 82, 83, 84, 85, 86, 87, 89, 96, 99, 100, 106, 111, 113, 117, 119, 120, 121, 122, 123, 125, 126, 132, 133, 134, 135, 136, 141, 142, 146, 148, 150, 151, 154, 155, 156, 158, 160, 161, 162, 163, 164, 168, 171, 173, 188, 190, 191, 195, 197, 204, 206, 207, 211, 214, 215, 217, 223, 224, 225, 228, 229, 230, 231, 233, 235, 239, 240, 242, 247, 250, 251, 253, 256, 257, 266, 273, 275, 276, 278, 279, 282, 283, 295, 296, 300, 302, 303, 304, 305, 306, 308, 310, 313, 314, 324, 325, 327, 330, 335, 339, 340, 343, 345, 346, 347, 349, 353, 356, 357, 359, 363, 364, 365, 369, 372, 374, 375, 377, 378, 379, 382, 384, 385, 388, 392, 399, 400, 401, 403, 404, 405, 407, 409, 410, 412, 416, 427, 430, 432, 433, 434], [9, 12, 13, 17, 19, 20, 21, 22, 23, 24, 25, 26, 27, 29, 31, 32, 34, 39, 40, 41, 42, 43, 44, 45, 46, 47, 48, 50, 52, 60, 62, 63, 64, 68, 69, 70, 71, 72, 90, 91, 92, 93, 98, 105, 108, 109, 110, 112, 114, 116, 118, 124, 127, 130, 139, 143, 149, 165, 169, 170, 172, 174, 175, 177, 178, 179, 181, 182, 184, 185, 186, 187, 189, 193, 198, 199, 200, 201, 202, 203, 208, 209, 210, 212, 218, 219, 220, 222, 227, 232, 236, 237, 238, 241, 243, 244, 245, 246, 249, 252, 254, 255, 258, 259, 260, 262, 263, 264, 265, 267, 268, 269, 270, 271, 272, 297, 298, 301, 307, 312, 317, 318, 319, 321, 326, 328, 329, 331, 332, 333, 334, 337, 338, 344, 348, 350, 352, 354, 355, 366, 367, 368, 371, 376, 380, 389, 391, 395, 411, 414, 417, 418, 419, 422, 425, 426, 428, 429, 431], [54, 159, 289, 290, 294, 322, 358, 381, 387, 390], [115, 261, 370], [104, 157, 287, 393], [107, 183, 248], [129, 180], [2, 3, 4, 5, 78, 88, 213, 221, 288, 315, 342, 373, 383, 386, 394, 396, 397, 398, 421], [73, 94, 95, 97, 101, 102, 103, 216, 274, 281, 323, 361, 406, 413, 420], [16, 74, 80, 81, 128, 131, 137, 138, 140, 144, 145, 147, 152, 153, 166, 167, 176, 192, 194, 196, 205, 226, 234, 277, 280, 284, 285, 286, 291, 292, 293, 299, 309, 311, 316, 320, 336, 341, 351, 360, 362, 402, 408, 415, 423, 424]], "centers": [[-0.1684303842133045, 0.606796704023373, -0.5549083521468989, -0.04035399987325743, -0.09027777777777724, 0.1155625408802554, -0.05124939860752466, 0.9718965430057739, -0.9460194888128564, -0.16106953848079167, -0.9838037183420385, 1.043538260813902, -0.1574851970871786, -0.9457301402282979, 1.0026194645407793, -0.16106953848079167, -0.612334472059437, 0.6553915416740379, -0.05210206370592213, 0.8295146256585645, -0.8039374539960541, 0.06299407883487133, 0.9795068206408166, -0.9925238671906101, -0.17834566402066765, 0.8816930692815086, -0.8032353902352932, -0.08221321071471076, 0.025295445206304012, -0.00459781049223544, -0.03753688470512108, 0.28709776815182636, -0.278099229208838, -0.03127494213821946, -0.9011417612605293, 0.9365976370854673, -0.04938647983247931, -0.7654240971909737, 0.7868079650931551, -0.05338262334403861, -0.7773856982620502, 0.787087578986606, -0.028102505044048744, 0.6775848537355396, -0.675721308353984, -0.25062378603944924, 0.5457928370551547, -0.1727279745602394], [-0.05323035727495919, -0.5714049456209751, 0.5926265246580318, -0.010936418490522475, 0.07372466806429054, -0.0667210141686008, -0.08094918486255924, -0.6889280808295265, 0.7079099269850678, -0.12100936167167545, 0.808950031484698, -0.7770691457334041, -0.08557686181341023, 0.9817219818593486, -0.9498591534415227, -0.04088900805344264, 1.0215278245068173, -0.9929441719018287, -0.11108553205224969, -0.7589082821771354, 0.7918199842383612, -0.1889822365046143, -0.8066474866429189, 0.8677217500996144, -0.0011876514807147942, -0.7972982895576809, 0.7976335431606173, -0.02792146778990172, 0.15741316502310598, -0.15033972798196085, -0.13719680770928308, -0.019270094552720867, 0.08167311243376875, -0.056986147939181546, 0.7671641631114355, -0.7533097331370032, -0.11181844490372675, 0.8266719449316475, -0.7728306857838736, -0.10430315504537521, 1.0165129170527818, -0.961046769511228, -0.13414969388951528, -0.6704532970667788, 0.7497389988392973, 0.17674341251230016, -0.3897102298682052, 0.12527130954149165], [0.44212975855992226, -0.6875491171063316, 0.5456211830733123, -0.03301690898721086, -0.6874999999999974, 0.7072427501871669, -0.1610695384807916, -0.6000814006452106, 0.6454369418747828, -0.16106953848079134, 0.8724297124919962, -0.8282792473724669, 2.0032117069489113, -0.3566622183342717, -0.3748325062388685, -0.1610695384807914, -0.7328727539608979, 0.7741218934265784, 1.5174726054349899, -0.24000001809784335, -0.3003214626996759, 0.359066249358767, -0.6288480543016242, 0.490477994975312, -0.23080027108556914, 0.05294762557043007, 0.0483322154582842, -0.12788721666732758, -0.17476853051628222, 0.20690147215059254, -0.22522130823072534, -1.0377878340570117, 1.1680167626771214, -0.2770066303670863, 0.32957358532034775, -0.19061409196965515, -0.24693239916239657, -0.12449669050696555, 0.2392632408470413, 0.31436433747044956, -0.8009428406336285, 0.6663543810299601, -0.26229004707778764, 0.9311029962896542, -0.8164965809277287, 1.5495556663729393, -0.40770067346288574, -1.067127623652985], [-0.16843038421330372, -0.4199125480313837, 0.47828920728979724, 0.7116978159465449, -0.21759259259259175, -0.23112508176051202, -0.1610695384807916, -0.8048150549829883, 0.8481554037632525, -0.1610695384807913, 0.8724297124919961, -0.828279247372467, 3.4646743359179286, -0.2899318678072144, -0.9750244334066274, 4.085309203285527, -0.732872753960898, -0.603150186902917, -0.18235722297072834, -0.848155403763252, 0.905584718294408, -0.1889822365046142, -0.8322301387783576, 0.8930401229267474, -0.23080027108556914, -0.2808526225909767, 0.38205465552738965, -0.1278872166673276, -0.30814451433133977, 0.34023797642541886, 4.440077219405729, -1.2425214883947895, -0.7254762501100135, 3.6100218925258996, -1.0739950402747, -0.8048150549829883, -0.2469323991623966, 1.0789713177270346, -0.9616541795583003, 1.518439064008209, 0.5653714169178555, -1.1516089651249486, 1.0959976967178984, -1.0739950402747, 0.544331053951819, 0.2209801124218801, -0.4077006734628858, 0.09937773878808291], [2.884370329652826, -0.5871854037032261, -0.36336049000414206, 1.2436369051849419, -0.8888888888888854, 0.10400628679223045, 3.0237145178439517, -0.8048150549829883, -0.1654369056790959, 4.616106546006314, -0.6415606795320128, -0.828279247372467, -0.18898223650461426, 1.0446751427339311, -0.9750244334066274, -0.16106953848079136, -0.732872753960898, 0.7741218934265786, -0.18235722297072837, 0.16543690567909586, -0.09933709920066197, -0.1889822365046142, -0.8322301387783576, 0.8930401229267474, -0.23080027108556914, -0.9484531189137902, 1.0494995356656007, -0.1278872166673276, 0.5254553845127696, -0.4931151752922456, 0.9411033236783881, -0.730687352550345, 0.3264643125495059, -0.27700663036708634, 0.4298284871485655, -0.29298091913854396, 0.8272235371940286, -0.9268086959962989, 0.5394925959483767, 1.0884123759590092, 0.2237928525299845, -0.6466191467485851, 1.7751415686157415, -0.07144602199252303, -0.8164965809277287, 1.1978739020917768, -0.40770067346288574, -0.7583467924185845], [3.9019705676082026, -0.4199125480313837, -0.8683503083805056, 2.839454172900133, -0.8888888888888854, -0.901387818865997, 6.208498574168696, -0.8048150549829883, -1.1790292151214443, 6.208498574168683, -1.1462241435400158, -0.828279247372467, 5.2915026221292, -0.9572353730777872, -0.9750244334066274, 6.208498574168686, -0.732872753960898, -1.2917862270676648, 5.483742205048332, -0.848155403763252, -1.104258916695732, 5.291502622129198, -0.8322301387783576, -1.119770516830429, 2.8115669386787516, -0.9484531189137902, -0.2853902246108213, 7.819389819088033, -0.9750244334066274, -0.9931270663228443, 4.440077219405729, -1.2425214883947895, -0.7254762501100135, 3.6100218925258996, -1.0739950402747, -0.8048150549829883, 4.049691346263304, -0.9268086959962988, -0.9616541795583003, 3.238545816205008, -0.8009428406336285, -0.47828920728979724, 3.8125731843092705, 