{"clusters": [[0, 1, 2, 3, 4, 5, 6, 7, 8, 10, 11, 14, 15, 18, 28, 30, 33, 35, 36, 37, 38, 49, 51, 53, 55, 56, 57, 58, 59, 61, 65, 66, 67, 73, 75, 76, 77, 78, 79, 82, 83, 84, 85, 86, 87, 88, 89, 94, 96, 97, 99, 100, 101, 103, 106, 107, 111, 113, 117, 119, 120, 121, 122, 123, 125, 126, 132, 133, 134, 135, 136, 141, 142, 146, 148, 150, 151, 154, 155, 156, 158, 160, 161, 162, 163, 164, 166, 167, 168, 171, 173, 188, 190, 191, 195, 197, 204, 206, 207, 211, 214, 215, 216, 217, 223, 224, 225, 228, 229, 230, 231, 233, 235, 239, 240, 242, 247, 250, 251, 253, 256, 257, 266, 273, 274, 275, 276, 277, 278, 279, 281, 282, 283, 288, 289, 295, 296, 300, 302, 303, 304, 305, 306, 308, 310, 313, 314, 315, 316, 322, 323, 324, 325, 327, 330, 335, 339, 340, 343, 345, 346, 347, 349, 351, 353, 356, 357, 359, 361, 363, 364, 365, 369, 372, 373, 374, 375, 377, 378, 379, 382, 384, 385, 388, 390, 392, 394, 397, 399, 400, 401, 403, 404, 405, 406, 407, 409, 410, 412, 413, 416, 420, 427, 430, 432, 433, 434], [9, 12, 13, 16, 17, 19, 20, 21, 22, 23, 24, 25, 26, 27, 29, 31, 32, 34, 39, 40, 41, 42, 43, 44, 45, 46, 47, 48, 50, 52, 54, 60, 62, 63, 64, 68, 69, 70, 71, 72, 74, 80, 81, 90, 91, 92, 93, 95, 98, 102, 104, 105, 108, 109, 110, 112, 114, 115, 116, 118, 124, 127, 128, 129, 130, 131, 137, 138, 139, 140, 143, 144, 145, 147, 149, 152, 153, 157, 159, 165, 169, 170, 172, 174, 175, 176, 177, 178, 179, 180, 181, 182, 183, 184, 185, 186, 187, 189, 192, 193, 194, 196, 198, 199, 200, 201, 202, 203, 205, 208, 209, 210, 212, 213, 218, 219, 220, 221, 222, 226, 227, 232, 234, 236, 237, 238, 241, 243, 244, 245, 246, 248, 249, 252, 254, 255, 258, 259, 260, 261, 262, 263, 264, 265, 267, 268, 269, 270, 271, 272, 280, 284, 285, 286, 287, 290, 291, 292, 293, 294, 297, 298, 299, 301, 307, 309, 311, 312, 317, 318, 319, 320, 321, 326, 328, 329, 331, 332, 333, 334, 336, 337, 338, 341, 342, 344, 348, 350, 352, 354, 355, 358, 360, 362, 366, 367, 368, 370, 371, 376, 380, 381, 383, 386, 387, 389, 391, 393, 395, 396, 398, 402, 408, 411, 414, 415, 417, 418, 419, 421, 422, 423, 424, 425, 426, 428, 429, 431]], "centers": [[0.00966183574879227, 0.7536231884057971, 0.23671497584541062, 0.09178743961352658, 0.40096618357487923, 0.5072463768115942, 0.024154589371980676, 0.7584541062801933, 0.21739130434782608, 0.01932367149758454, 0.15942028985507245, 0.821256038647343, 0.028985507246376812, 0.00966183574879227, 0.961352657004831, 0.00966183574879227, 0.057971014492753624, 0.9323671497584541, 0.033816425120772944, 0.7729468599033816, 0.1932367149758454, 0.05314009661835749, 0.8357487922705314, 0.1111111111111111, 0.028985507246376812, 0.8792270531400966, 0.09178743961352658, 0.00966183574879227, 0.48792270531400966, 0.5024154589371981, 0.04830917874396135, 0.7004830917874396, 0.25120772946859904, 0.06763285024154589, 0.1932367149758454, 0.7391304347826086, 0.05314009661835749, 0.12077294685990338, 0.8260869565217391, 0.028985507246376812, 0.024154589371980676, 0.9468599033816425, 0.06280193236714976, 0.8309178743961353, 0.10628019323671498, 0.15458937198067632, 0.2946859903381642, 0.5507246376811594], [0.043859649122807015, 0.3508771929824561, 0.6052631578947368, 0.12719298245614036, 0.4780701754385965, 0.39473684210526316, 0.02631578947368421, 0.06140350877192982, 0.9122807017543859, 0.03070175438596491, 0.9385964912280702, 0.03070175438596491, 0.039473684210526314, 0.9035087719298246, 0.05701754385964912, 0.039473684210526314, 0.6140350877192983, 0.34649122807017546, 0.03070175438596491, 0.09649122807017543, 0.8728070175438597, 0.017543859649122806, 0.021929824561403508, 0.9605263157894737, 0.07017543859649122, 0.10526315789473684, 0.8245614035087719, 0.021929824561403508, 0.4868421052631579, 0.49122807017543857, 0.04824561403508772, 0.5219298245614035, 0.4298245614035088, 0.07456140350877193, 0.8464912280701754, 0.07894736842105263, 0.06140350877192982, 0.7719298245614035, 0.16666666666666666, 0.04824561403508772, 0.7236842105263158, 0.22807017543859648, 0.06578947368421052, 0.2675438596491228, 0.6666666666666666, 0.3157894736842105, 0.0043859649122807015, 0.6798245614035088]]}