{"clusters": [[0, 1, 2, 3, 4, 5, 6, 7, 8, 10, 11, 14, 15, 18, 28, 30, 33, 35, 36, 37, 38, 49, 51, 53, 55, 56, 57, 58, 59, 61, 65, 66, 67, 73, 75, 76, 77, 78, 79, 82, 83, 84, 85, 86, 87, 88, 89, 94, 96, 97, 99, 100, 101, 103, 106, 107, 111, 113, 117, 119, 120, 121, 122, 123, 125, 126, 132, 133, 134, 135, 136, 141, 142, 146, 148, 150, 151, 154, 155, 156, 158, 160, 161, 162, 163, 164, 166, 167, 168, 171, 173, 188, 190, 191, 195, 197, 204, 206, 207, 211, 214, 215, 216, 217, 223, 224, 225, 228, 229, 230, 231, 233, 235, 239, 240, 242, 247, 250, 251, 253, 256, 257, 266, 273, 274, 275, 276, 277, 278, 279, 281, 282, 283, 288, 289, 295, 296, 300, 302, 303, 304, 305, 306, 308, 310, 313, 314, 315, 316, 322, 323, 324, 325, 327, 330, 335, 339, 340, 343, 345, 346, 347, 349, 351, 353, 356, 357, 359, 361, 363, 364, 365, 369, 372, 373, 374, 375, 377, 378, 379, 382, 384, 385, 388, 390, 392, 393, 394, 397, 399, 400, 401, 403, 404, 405, 406, 407, 409, 410, 412, 413, 416, 420, 427, 430, 432, 433, 434], [9, 12, 13, 16, 17, 19, 20, 21, 22, 23, 24, 25, 26, 27, 29, 31, 32, 34, 39, 40, 41, 42, 43, 44, 45, 46, 47, 48, 50, 52, 54, 60, 62, 63, 64, 68, 69, 70, 71, 72, 74, 80, 81, 90, 91, 92, 93, 95, 98, 102, 104, 105, 108, 109, 110, 112, 114, 115, 116, 118, 124, 127, 128, 129, 130, 131, 137, 138, 139, 140, 143, 144, 145, 147, 149, 152, 153, 157, 159, 165, 169, 170, 172, 174, 175, 176, 177, 178, 179, 180, 181, 182, 183, 184, 185, 186, 187, 189, 192, 193, 194, 196, 198, 199, 200, 201, 202, 203, 205, 208, 209, 210, 212, 213, 218, 219, 220, 221, 222, 226, 227, 232, 234, 236, 237, 238, 241, 243, 244, 245, 246, 248, 249, 252, 254, 255, 258, 259, 260, 261, 262, 263, 264, 265, 267, 268, 269, 270, 271, 272, 280, 284, 285, 286, 287, 290, 291, 292, 293, 294, 297, 298, 299, 301, 307, 309, 311, 312, 317, 318, 319, 320, 321, 326, 328, 329, 331, 332, 333, 334, 336, 337, 338, 341, 342, 344, 348, 350, 352, 354, 355, 358, 360, 362, 366, 367, 368, 370, 371, 376, 380, 381, 383, 386, 387, 389, 391, 395, 396, 398, 402, 408, 411, 414, 415, 417, 418, 419, 421, 422, 423, 424, 425, 426, 428, 429, 431]], "centers": [[-0.08036882515947355, 0.4164517303278285, -0.39249451798739254, -0.04529242643117358, -0.08526976495726447, 0.11367353780817423, 0.02266800323025118, 0.7405303167012006, -0.7404556196896573, -0.007954920388256004, -0.8259569452272455, 0.8354335498677006, -0.030891327120946575, -0.9283616637151221, 0.9390491804777342, -0.09982369124377735, -0.6118708632828936, 0.6350703853163913, 0.008328815472220735, 0.7209634598926892, -0.7177505253514723, 0.1008510973654431, 0.859361236917547, -0.8875231353199887, -0.09915938220153618, 0.8039981839335942, -0.7603029277860844, -0.05147109132352607, 0.006058524463747657, 0.0068967157383530925, -0.0009281097866652078, 0.19455127762999705, -0.1995059687802532, -0.015379710556981594, -0.6883992640123224, 0.7110014242486362, -0.019707104933152794, -0.6857293674237834, 0.6934563677952157, -0.05281229617155974, -0.7418234737203436, 0.7518141964474979, -0.007611095116096529, 0.5937066920600746, -0.6005960427016483, -0.18856382247819178, 0.4311902516563518, -0.1447438585553532], [0.07364191908885591, -0.38159453704047547, 0.359642553926776, 0.0415014303862744, 0.0781326480665686, -0.10415901261718263, -0.020770681373974816, -0.6785476029684961, 0.6784791581297342, 0.007289090047388695, 0.7568239850540369, -0.7655073937113728, 0.028305709432409173, 0.8506573834922646, -0.8604503503936903, 0.09146840431147835, 0.5606570024794743, -0.5819147142987157, -0.007631689948114219, -0.6606185006946267, 0.6576744901898985, -0.09240981608815946, -0.7874323228143189, 0.8132370579143494, 0.09085969822871967, -0.7367031817541315, 0.696665237795183, 0.04716293830525764, -0.005551423297178587, -0.006319457592852098, 0.0008504265886621478, -0.1782672499869576, 0.1828072313052546, 0.014092422008159172, 0.6307799423549055, -0.6514902918225345, 0.018057611568703884, 0.6283335172869903, -0.6354137643233683, 0.048391883716671, 0.6797325221754705, -0.6888870170091631, 0.00697404310197399, -0.5440131803898477, 0.5503258893477634, 0.17278094746900413, -0.3950994376410605, 0.13262873383045562]]}