{"clusters": [[0, 1, 2, 3, 4, 5, 6, 7, 8, 10, 11, 14, 15, 18, 28, 30, 33, 35, 36, 37, 38, 49, 51, 53, 55, 56, 57, 58, 59, 61, 65, 66, 67, 73, 75, 76, 77, 78, 79, 82, 83, 84, 85, 86, 87, 88, 89, 94, 96, 97, 99, 100, 101, 103, 106, 111, 113, 117, 119, 120, 121, 122, 123, 125, 126, 132, 133, 134, 135, 136, 141, 142, 146, 148, 150, 151, 154, 155, 156, 158, 160, 161, 162, 163, 164, 166, 167, 168, 171, 173, 188, 190, 191, 195, 197, 204, 206, 207, 211, 214, 215, 217, 223, 224, 225, 228, 229, 230, 231, 233, 235, 239, 240, 242, 247, 250, 251, 253, 256, 257, 266, 273, 274, 275, 276, 277, 278, 279, 281, 282, 283, 288, 289, 295, 296, 300, 302, 303, 304, 305, 306, 308, 310, 313, 314, 315, 316, 322, 323, 324, 325, 327, 330, 335, 339, 340, 343, 345, 346, 347, 349, 351, 353, 356, 357, 359, 361, 363, 364, 365, 369, 372, 373, 374, 375, 377, 378, 379, 382, 384, 385, 388, 390, 392, 394, 397, 399, 400, 401, 403, 404, 405, 406, 407, 409, 410, 412, 413, 416, 420, 427, 430, 432, 433, 434], [9, 12, 13, 16, 17, 19, 20, 21, 22, 23, 24, 25, 26, 27, 29, 31, 32, 34, 39, 40, 41, 42, 43, 44, 45, 46, 47, 48, 50, 52, 54, 60, 62, 63, 64, 68, 69, 70, 71, 72, 74, 80, 81, 90, 91, 92, 93, 95, 98, 102, 104, 105, 108, 109, 110, 112, 114, 115, 116, 118, 124, 127, 128, 129, 130, 131, 137, 138, 139, 140, 143, 144, 145, 147, 149, 152, 153, 157, 159, 165, 169, 170, 172, 174, 175, 176, 177, 178, 179, 180, 181, 182, 184, 185, 186, 187, 189, 192, 193, 194, 196, 198, 199, 200, 201, 202, 203, 205, 208, 209, 210, 212, 213, 216, 218, 219, 220, 221, 222, 226, 227, 232, 234, 236, 237, 238, 241, 243, 244, 245, 246, 249, 252, 254, 255, 258, 259, 260, 261, 262, 263, 264, 265, 267, 268, 269, 270, 271, 272, 280, 284, 285, 286, 287, 290, 291, 292, 293, 294, 297, 298, 299, 301, 307, 309, 311, 312, 317, 318, 319, 320, 321, 326, 328, 329, 331, 332, 333, 334, 336, 337, 338, 341, 342, 344, 348, 350, 352, 354, 355, 358, 360, 362, 366, 367, 368, 370, 371, 376, 380, 381, 383, 386, 387, 389, 391, 393, 395, 396, 398, 402, 408, 411, 414, 415, 417, 418, 419, 421, 422, 423, 424, 425, 426, 428, 429, 431], [107, 183, 248]], "centers": [[-0.10886354101591644, 0.42869120757210966, -0.3953842345841053, -0.07193928137050791, -0.07350948509485053, 0.11871937126527693, -0.03678528262421634, 0.7631451270185302, -0.7439261749705809, -0.06785634658836025, -0.8311172001594099, 0.8597805664126789, -0.05531187409891151, -0.937704538777189, 0.9573007955237206, -0.1299984745166479, -0.6101001039071178, 0.6431130857854824, -0.01652016654090197, 0.7241487640546329, -0.7120943049903369, 0.07835848830679118, 0.8741951553678903, -0.8939429816381635, -0.14175537714124806, 0.8296438127557508, -0.7672528697837713, -0.08912001161486278, 0.010656617714407459, 0.011774880528895519, -0.020403324090588534, 0.19560759573399125, -0.19180884271201282, -0.030512138671433656, -0.6925373650258699, 0.7231970969038418, -0.03734099694650875, -0.6919856699994213, 0.7079139414930283, -0.05063392458106657, -0.7509557336500379, 0.7599622498021634, -0.023761467679520885, 0.6083311172329525, -0.6073937980072145, -0.217430759039732, 0.44346670421907236, -0.12823306363944267], [0.04674499649972746, -0.38159453704047547, 0.36854105292900274, 0.02744136635354123, 0.07813264806656861, -0.09530091476997365, -0.04883045279533826, -0.6785476029684961, 0.6874094868472882, -0.02077068137397491, 0.765716733318495, -0.7655073937113728, -0.01998050077581826, 0.8594763725487038, -0.8516369593926953, 0.035348861468751984, 0.5606570024794743, -0.5637128806379734, -0.05755327081171803, -0.6427578432595191, 0.6576744901898985, -0.14069602629638686, -0.7784727596215113, 0.8221040651379494, 0.09085969822871957, -0.7367031817541315, 0.696665237795183, -0.02285712368377658, 0.0032619677038164003, 0.0024913246279513863, -0.04025352519668097, -0.16022904255631645, 0.18280723130525464, -0.02015452533010492, 0.6396129733529866, -0.6424711881072137, -0.01979810425002475, 0.6371695525897361, -0.6265964558035052, 0.002926507006623689, 0.6887610304852821, -0.6799885180069365, -0.028927835588661018, -0.5351801493917668, 0.5593181424416811, 0.17278094746900413, -0.3950994376410605, 0.13262873383045562], [3.9019705676082026, -0.4199125480313837, -0.8683503083805056, 2.839454172900133, -0.8888888888888854, -0.901387818865997, 6.208498574168696, -0.8048150549829883, -1.1790292151214443, 6.208498574168683, -1.1462241435400158, -0.828279247372467, 5.2915026221292, -0.9572353730777872, -0.9750244334066274, 6.208498574168686, -0.732872753960898, -1.2917862270676648, 5.483742205048332, -0.848155403763252, -1.104258916695732, 5.291502622129198, -0.8322301387783576, -1.119770516830429, 2.8115669386787516, -0.9484531189137902, -0.2853902246108213, 7.819389819088033, -0.9750244334066274, -0.9931270663228443, 4.440077219405729, -1.2425214883947895, -0.7254762501100135, 3.6100218925258996, -1.0739950402747, -0.8048150549829883, 4.049691346263304, -0.9268086959962988, -0.9616541795583003, 3.238545816205008, -0.8009428406336285, -0.47828920728979724, 3.8125731843092705, -1.0739950402747, -0.8164965809277286, 1.7840101758937148, -0.4077006734628858, -1.2729815111425848]]}