{"clusters": [[0, 1, 2, 5, 6, 7, 8, 10, 11, 14, 15, 18, 28, 30, 33, 35, 36, 37, 38, 49, 51, 53, 55, 56, 57, 58, 59, 61, 65, 66, 67, 73, 75, 76, 77, 79, 82, 83, 84, 85, 86, 87, 89, 96, 99, 100, 103, 106, 107, 111, 113, 117, 119, 120, 121, 122, 123, 125, 126, 132, 133, 134, 135, 136, 141, 142, 146, 148, 150, 151, 154, 155, 156, 158, 160, 161, 162, 163, 164, 166, 168, 171, 173, 188, 190, 191, 195, 197, 204, 206, 207, 211, 214, 215, 217, 223, 224, 225, 228, 229, 230, 231, 233, 235, 239, 240, 242, 247, 250, 251, 253, 256, 257, 266, 273, 274, 275, 276, 277, 278, 279, 282, 283, 295, 296, 300, 302, 303, 304, 305, 306, 308, 310, 313, 314, 316, 324, 325, 327, 330, 335, 339, 340, 343, 345, 346, 347, 349, 351, 353, 356, 357, 359, 363, 364, 365, 369, 372, 374, 375, 377, 378, 379, 382, 384, 385, 388, 390, 392, 393, 397, 399, 400, 401, 403, 404, 405, 407, 409, 410, 412, 416, 427, 430, 432, 433, 434], [9, 12, 13, 16, 17, 19, 20, 21, 22, 23, 24, 25, 26, 27, 29, 31, 32, 34, 39, 40, 41, 42, 43, 44, 45, 46, 47, 48, 50, 52, 60, 62, 63, 64, 68, 69, 70, 71, 72, 74, 80, 81, 90, 91, 92, 93, 98, 104, 105, 108, 109, 110, 112, 114, 115, 116, 118, 124, 127, 128, 129, 130, 131, 137, 138, 139, 140, 143, 144, 145, 147, 149, 152, 153, 157, 159, 165, 169, 170, 172, 174, 175, 176, 177, 178, 179, 180, 181, 182, 183, 184, 185, 186, 187, 189, 192, 193, 194, 196, 198, 199, 200, 201, 202, 203, 205, 208, 209, 210, 212, 213, 218, 219, 220, 222, 226, 227, 232, 234, 236, 237, 238, 241, 243, 244, 245, 246, 249, 252, 254, 255, 258, 259, 260, 261, 262, 263, 264, 265, 267, 268, 269, 270, 271, 272, 280, 284, 285, 286, 287, 291, 292, 293, 297, 298, 299, 301, 307, 309, 311, 312, 317, 318, 319, 321, 326, 328, 329, 331, 332, 333, 334, 336, 337, 338, 341, 344, 348, 350, 352, 354, 355, 360, 362, 366, 368, 370, 371, 376, 380, 389, 391, 395, 402, 408, 411, 414, 415, 417, 418, 419, 422, 423, 424, 425, 426, 428, 429, 431], [3, 4, 54, 78, 88, 94, 95, 97, 101, 102, 167, 216, 221, 248, 281, 288, 289, 290, 294, 315, 320, 322, 323, 342, 358, 361, 367, 373, 381, 383, 386, 387, 394, 396, 398, 406, 413, 420, 421]], "centers": [[0.016042780748663103, 0.8128342245989305, 0.1711229946524064, 0.10695187165775401, 0.40641711229946526, 0.48663101604278075, 0.026737967914438502, 0.8342245989304813, 0.13903743315508021, 0.016042780748663103, 0.10160427807486631, 0.8823529411764706, 0.016042780748663103, 0.016042780748663103, 0.9679144385026738, 0.0106951871657754, 0.06417112299465241, 0.9251336898395722, 0.0374331550802139, 0.7967914438502673, 0.1657754010695187, 0.0481283422459893, 0.8663101604278075, 0.0855614973262032, 0.0213903743315508, 0.8877005347593583, 0.09090909090909091, 0.0106951871657754, 0.5026737967914439, 0.48663101604278075, 0.0427807486631016, 0.7379679144385026, 0.2192513368983957, 0.06417112299465241, 0.11764705882352941, 0.8181818181818182, 0.0481283422459893, 0.10160427807486631, 0.8502673796791443, 0.026737967914438502, 0.016042780748663103, 0.9572192513368984, 0.06417112299465241, 0.8449197860962567, 0.09090909090909091, 0.13903743315508021, 0.32620320855614976, 0.5347593582887701], [0.03827751196172249, 0.3492822966507177, 0.6124401913875598, 0.12440191387559808, 0.507177033492823, 0.3684210526315789, 0.019138755980861243, 0.06698564593301436, 0.9138755980861244, 0.023923444976076555, 0.9425837320574163, 0.03349282296650718, 0.03349282296650718, 0.9617224880382775, 0.004784688995215311, 0.03349282296650718, 0.6698564593301436, 0.2966507177033493, 0.019138755980861243, 0.06220095693779904, 0.9186602870813397, 0.009569377990430622, 0.009569377990430622, 0.9808612440191388, 0.06220095693779904, 0.07177033492822966, 0.8660287081339713, 0.019138755980861243, 0.48325358851674644, 0.49760765550239233, 0.04784688995215311, 0.5502392344497608, 0.4019138755980861, 0.07177033492822966, 0.8564593301435407, 0.07177033492822966, 0.05741626794258373, 0.8086124401913876, 0.1339712918660287, 0.0430622009569378, 0.7464114832535885, 0.21052631578947367, 0.06698564593301436, 0.23923444976076555, 0.69377990430622, 0.291866028708134, 0.004784688995215311, 0.7033492822966507], [0.02564102564102564, 0.28205128205128205, 0.6923076923076923, 0.05128205128205128, 0.2564102564102564, 0.6923076923076923, 0.05128205128205128, 0.02564102564102564, 0.9230769230769231, 0.07692307692307693, 0.7948717948717948, 0.1282051282051282, 0.1282051282051282, 0.10256410256410256, 0.7692307692307693, 0.05128205128205128, 0.0, 0.9487179487179487, 0.07692307692307693, 0.5128205128205128, 0.41025641025641024, 0.10256410256410256, 0.358974358974359, 0.5384615384615384, 0.1282051282051282, 0.6410256410256411, 0.23076923076923078, 0.02564102564102564, 0.4358974358974359, 0.5384615384615384, 0.07692307692307693, 0.28205128205128205, 0.6410256410256411, 0.10256410256410256, 0.8205128205128205, 0.07692307692307693, 0.10256410256410256, 0.3333333333333333, 0.5641025641025641, 0.07692307692307693, 0.28205128205128205, 0.6410256410256411, 0.05128205128205128, 0.6410256410256411, 0.3076923076923077, 0.4358974358974359, 0.0, 0.5641025641025641]]}