{"clusters": [[0, 1, 2, 5, 6, 7, 8, 10, 11, 14, 15, 18, 28, 30, 33, 35, 36, 37, 38, 49, 51, 53, 55, 56, 57, 58, 59, 61, 65, 66, 67, 73, 75, 76, 77, 79, 82, 83, 84, 85, 86, 87, 89, 96, 99, 100, 103, 106, 111, 113, 117, 119, 120, 121, 122, 123, 125, 126, 132, 133, 134, 135, 136, 141, 142, 146, 148, 150, 151, 154, 155, 156, 158, 160, 161, 162, 163, 164, 166, 168, 171, 173, 188, 190, 191, 195, 197, 204, 206, 207, 211, 214, 215, 217, 223, 224, 225, 228, 229, 230, 231, 233, 235, 239, 240, 242, 247, 250, 251, 253, 256, 257, 266, 273, 274, 275, 276, 277, 278, 279, 282, 283, 295, 296, 300, 302, 303, 304, 305, 306, 308, 310, 313, 314, 316, 324, 325, 327, 330, 335, 339, 340, 343, 345, 346, 347, 349, 351, 353, 356, 357, 359, 363, 364, 365, 369, 372, 373, 374, 375, 377, 378, 379, 382, 384, 385, 388, 390, 392, 397, 399, 400, 401, 403, 404, 405, 407, 409, 410, 412, 416, 420, 427, 430, 432, 433, 434], [9, 12, 13, 17, 19, 20, 21, 22, 23, 24, 25, 26, 27, 29, 31, 32, 34, 39, 40, 41, 42, 43, 44, 45, 46, 47, 48, 50, 52, 60, 62, 63, 64, 68, 69, 70, 71, 72, 74, 80, 81, 90, 91, 92, 93, 98, 104, 105, 108, 109, 110, 112, 114, 115, 116, 118, 124, 127, 128, 130, 131, 137, 138, 139, 140, 143, 144, 145, 147, 149, 152, 153, 165, 169, 170, 172, 174, 175, 176, 177, 178, 179, 180, 181, 182, 184, 185, 186, 187, 189, 192, 193, 194, 196, 198, 199, 200, 201, 202, 203, 205, 208, 209, 210, 212, 213, 218, 219, 220, 222, 226, 227, 232, 234, 236, 237, 238, 241, 243, 244, 245, 246, 249, 252, 254, 255, 258, 259, 260, 261, 262, 263, 264, 265, 267, 268, 269, 270, 271, 272, 280, 284, 285, 286, 287, 291, 292, 293, 297, 298, 299, 301, 307, 309, 311, 312, 317, 318, 319, 321, 326, 328, 329, 331, 332, 333, 334, 336, 337, 338, 341, 344, 348, 350, 352, 354, 355, 360, 362, 366, 368, 370, 371, 376, 380, 389, 391, 393, 395, 402, 408, 411, 414, 415, 417, 418, 419, 422, 423, 424, 425, 426, 428, 429, 431], [3, 4, 16, 54, 78, 88, 94, 95, 97, 101, 102, 157, 159, 167, 216, 221, 281, 288, 289, 290, 294, 315, 320, 322, 323, 342, 358, 361, 367, 381, 383, 386, 387, 394, 396, 398, 406, 413, 421], [107, 129, 183, 248]], "centers": [[-0.1031298341840822, 0.5425772525188967, -0.5118869071736591, -0.04496420403962382, -0.07040998217468762, 0.09862984772453878, -0.05888395378588012, 0.9031234517920576, -0.8754935502617015, -0.09294581535085066, -0.9411202758148389, 0.978725328378037, -0.1303674251823275, -0.9358245654220504, 0.9828208905095935, -0.1270076769158212, -0.5982824156666463, 0.6305026123227028, -0.0005572413230578497, 0.767087955668938, -0.7603284550931392, 0.045477008784532785, 0.9296895235334476, -0.9367877313979611, -0.15758822593081323, 0.8508551706407442, -0.7815123547670295, -0.0853884089894917, 0.01994614104259849, 0.0015489949786675129, -0.025636344481572416, 0.26834719067544255, -0.2641975007085124, -0.04835789372632256, -0.8166562548332832, 0.8593301567465434, -0.06311961860942543, -0.7230128657249447, 0.7508840313584083, -0.06369121073964928, -0.7790233605659574, 0.7927368596396583, -0.0008014974700619732, 0.6201519638812777, -0.6309291761714284, -0.25963073597186576, 0.5253972539424694, -0.1501421248356752], [0.04005356697755393, -0.39380166324358234, 0.3830390952058013, 0.03704336130272477, 0.14261517615176109, -0.16573359521363576, -0.03678528262421642, -0.6649969495815758, 0.6701587055197205, -0.00571421866007263, 0.7542646087242658, -0.7587709020989614, -0.05531187409891151, 0.9860826398321226, -0.9652652150786943, 0.02535684530407134, 0.6892437758287575, -0.687130191801055, -0.09943869475581554, -0.7294909382675653, 0.7585229889048869, -0.16224816402347375, -0.812387984195261, 0.8635843574668876, 0.014073187261315115, -0.8019066685014653, 0.7955448983447225, -0.011585601509932139, 0.0008973993864762641, 0.0020185509478107227, -0.04316087788393698, -0.0840286150688273, 0.10581336525994826, -0.030512138671433618, 0.6572359473930592, -0.6550099420529036, -0.0792592773896863, 0.7169524859818469, -0.6785110479180153, -0.07580621851565383, 0.7586548972544088, -0.7180567308115843, -0.04363884929604314, -0.5947277047056582, 0.6273083487615467, 0.10279979054961975, -0.3937471098943282, 0.193099833905299], [-0.16843038421330372, -0.47138111900733537, 0.5300830348155781, -0.2703435795704953, -0.3208689458689447, 0.49069632743001007, 0.002252720817913172, -0.75231924617843, 0.7441972181794225, 0.0022527208179131905, 0.6136279360776358, -0.6194996022286033, 0.5136440274227978, -0.6492491398759841, 0.461332315370915, 0.002252720817913135, -0.7328727539608978, 0.7211498903369823, 0.10821197846614637, 0.24340554486696875, -0.2797076818279824, 0.23259352185183282, -0.10214060475931451, 0.01566112610951662, 0.35427034617680037, 0.23268622073426434, -0.3880740523243924, -0.1278872166673276, -0.05165223776392143, 0.08382162205075286, -0.10559826906056004, -0.7175634003492054, 0.7850025065292964, 0.0219955637016049, 0.5712136051114366, -0.5948318197647549, 0.3039167989691035, -0.2067851013263843, 0.0647709660872908, 0.32759592787196284, -0.17033626022525125, 0.03964906796801157, -0.15780637447811954, 0.262736984101536, -0.18842228790639906, 0.5215628169356946, -0.4077006734628857, -0.16453750158319932], [4.410770686585891, -0.5871854037032261, -0.8683503083805056, 2.839454172900133, -0.8888888888888854, -0.901387818865997, 4.616106546006323, -0.8048150549829883, -0.6722330604002702, 4.616106546006314, -0.6415606795320128, -0.828279247372467, 3.9213814074707463, -0.4567577441248576, -0.9750244334066274, 4.616106546006317, -0.20853122768953183, -1.2917862270676648, 4.067217348043567, -0.8481554037632522, -0.6017980079481969, 3.9213814074707454, -0.8322301387783576, -0.6165678568911349, 3.191862839899292, -0.9484531189137902, -0.45225144464537403, 5.8325705601491915, -0.4748644941001617, -0.9931270663228443, 4.440077219405729, -1.2425214883947895, -0.7254762501100135, 3.6100218925258996, -1.0739950402747, -0.8048150549829883, 4.049691346263304, -0.9268086959962989, -0.9616541795583003, 3.6685725042542074, -0.8009428406336285, -0.6466191467485851, 3.8125731843092705, -1.0739950402747, -0.8164965809277287, 1.7840101758937148, -0.40770067346288574, -1.2729815111425848]]}