{"clusters": [[0, 1, 2, 3, 4, 5, 6, 7, 8, 10, 11, 14, 15, 18, 30, 33, 35, 36, 37, 38, 49, 51, 53, 55, 56, 57, 58, 59, 61, 65, 66, 67, 75, 76, 77, 78, 79, 82, 83, 84, 85, 86, 87, 89, 94, 96, 99, 100, 106, 111, 113, 117, 119, 120, 121, 122, 123, 125, 126, 132, 133, 134, 135, 136, 146, 148, 150, 151, 154, 155, 156, 158, 160, 161, 162, 163, 164, 168, 171, 173, 190, 191, 195, 197, 204, 206, 207, 211, 214, 215, 217, 221, 223, 224, 225, 228, 229, 230, 231, 233, 235, 247, 250, 251, 253, 256, 257, 266, 275, 276, 278, 279, 282, 283, 295, 296, 302, 303, 304, 305, 306, 308, 310, 313, 314, 315, 316, 324, 325, 327, 330, 335, 339, 340, 346, 347, 353, 356, 357, 359, 363, 364, 365, 369, 372, 373, 374, 375, 377, 378, 379, 382, 384, 385, 388, 390, 392, 394, 397, 399, 400, 401, 403, 404, 405, 407, 409, 410, 412, 416, 430, 432, 433, 434], [9, 12, 13, 16, 17, 19, 20, 21, 22, 23, 24, 25, 26, 27, 29, 31, 32, 34, 39, 40, 41, 42, 43, 44, 45, 46, 47, 48, 50, 52, 60, 62, 63, 64, 68, 69, 70, 71, 72, 74, 80, 81, 90, 91, 92, 93, 98, 105, 108, 109, 110, 112, 114, 115, 116, 118, 124, 127, 128, 129, 130, 131, 137, 138, 139, 143, 144, 145, 149, 152, 153, 157, 159, 165, 169, 170, 172, 174, 175, 176, 177, 178, 179, 180, 181, 182, 184, 185, 186, 187, 189, 192, 193, 194, 196, 198, 199, 200, 201, 202, 203, 205, 208, 209, 210, 212, 213, 218, 219, 220, 222, 226, 227, 232, 234, 236, 237, 238, 241, 243, 244, 245, 246, 249, 252, 254, 255, 258, 259, 260, 261, 262, 263, 264, 265, 267, 268, 269, 270, 271, 272, 280, 284, 285, 286, 287, 291, 292, 293, 297, 298, 299, 301, 307, 309, 311, 312, 317, 318, 319, 320, 321, 326, 328, 329, 331, 332, 333, 334, 336, 337, 338, 341, 342, 344, 348, 350, 352, 354, 355, 360, 362, 366, 367, 368, 370, 371, 376, 380, 383, 389, 391, 395, 396, 398, 408, 411, 414, 415, 417, 418, 419, 421, 422, 423, 424, 425, 426, 428, 429, 431], [54, 95, 102, 104, 107, 183, 216, 248, 288, 289, 294, 322, 323, 358, 381, 386, 387, 393], [28, 73, 88, 97, 101, 103, 140, 141, 142, 147, 166, 167, 188, 239, 240, 242, 273, 274, 277, 281, 290, 300, 343, 345, 349, 351, 361, 402, 406, 413, 420, 427]], "centers": [[0.011494252873563218, 0.8160919540229885, 0.1724137931034483, 0.09770114942528736, 0.3448275862068966, 0.5574712643678161, 0.022988505747126436, 0.8160919540229885, 0.16091954022988506, 0.017241379310344827, 0.12643678160919541, 0.8563218390804598, 0.022988505747126436, 0.005747126436781609, 0.9712643678160919, 0.005747126436781609, 0.034482758620689655, 0.9597701149425287, 0.028735632183908046, 0.8908045977011494, 0.08045977011494253, 0.04597701149425287, 0.9252873563218391, 0.028735632183908046, 0.011494252873563218, 0.9482758620689655, 0.040229885057471264, 0.005747126436781609, 0.5344827586206896, 0.45977011494252873, 0.04597701149425287, 0.6896551724137931, 0.26436781609195403, 0.06321839080459771, 0.13218390804597702, 0.8045977011494253, 0.04597701149425287, 0.07471264367816093, 0.8793103448275862, 0.034482758620689655, 0.034482758620689655, 0.9310344827586207, 0.04597701149425287, 0.8735632183908046, 0.08045977011494253, 0.14367816091954022, 0.3448275862068966, 0.5114942528735632], [0.023696682464454975, 0.35545023696682465, 0.6208530805687204, 0.11374407582938388, 0.4881516587677725, 0.3981042654028436, 0.009478672985781991, 0.05687203791469194, 0.933649289099526, 0.014218009478672985, 0.9620853080568721, 0.023696682464454975, 0.02843601895734597, 0.9383886255924171, 0.03317535545023697, 0.03317535545023697, 0.6540284360189573, 0.3127962085308057, 0.014218009478672985, 0.08056872037914692, 0.9052132701421801, 0.004739336492890996, 0.014218009478672985, 0.981042654028436, 0.061611374407582936, 0.0947867298578199, 0.8436018957345972, 0.014218009478672985, 0.4928909952606635, 0.4928909952606635, 0.037914691943127965, 0.5402843601895735, 0.4218009478672986, 0.06635071090047394, 0.8720379146919431, 0.061611374407582936, 0.052132701421800945, 0.8104265402843602, 0.13744075829383887, 0.037914691943127965, 0.7677725118483413, 0.1943127962085308, 0.061611374407582936, 0.23696682464454977, 0.7014218009478673, 0.2843601895734597, 0.004739336492890996, 0.7109004739336493], [0.2222222222222222, 0.16666666666666666, 0.6111111111111112, 0.3333333333333333, 0.1111111111111111, 0.5555555555555556, 0.2777777777777778, 0.0, 0.7222222222222222, 0.2777777777777778, 0.7222222222222222, 0.0, 0.2222222222222222, 0.2777777777777778, 0.5, 0.16666666666666666, 0.0, 0.8333333333333334, 0.2222222222222222, 0.5, 0.2777777777777778, 0.2777777777777778, 0.1111111111111111, 0.6111111111111112, 0.3333333333333333, 0.3333333333333333, 0.3333333333333333, 0.16666666666666666, 0.3888888888888889, 0.4444444444444444, 0.2222222222222222, 0.16666666666666666, 0.6111111111111112, 0.2222222222222222, 0.6111111111111112, 0.16666666666666666, 0.2222222222222222, 0.2222222222222222, 0.5555555555555556, 0.16666666666666666, 0.1111111111111111, 0.7222222222222222, 0.16666666666666666, 0.6111111111111112, 0.2222222222222222, 0.8888888888888888, 0.0, 0.1111111111111111], [0.03125, 0.5, 0.46875, 0.03125, 0.84375, 0.125, 0.0, 0.53125, 0.46875, 0.0, 0.28125, 0.71875, 0.03125, 0.125, 0.84375, 0.0, 0.25, 0.75, 0.0625, 0.03125, 0.90625, 0.03125, 0.375, 0.59375, 0.03125, 0.46875, 0.5, 0.0, 0.25, 0.75, 0.03125, 0.84375, 0.125, 0.0625, 0.46875, 0.46875, 0.0625, 0.40625, 0.53125, 0.0, 0.0, 1.0, 0.125, 0.625, 0.25, 0.09375, 0.03125, 0.875]]}