{"clusters": [[0, 1, 2, 5, 6, 7, 8, 10, 11, 14, 15, 18, 30, 33, 35, 36, 37, 38, 49, 51, 53, 55, 56, 57, 58, 59, 61, 65, 66, 67, 75, 76, 77, 79, 82, 83, 84, 85, 86, 87, 89, 96, 99, 100, 103, 106, 111, 113, 117, 119, 120, 121, 122, 123, 125, 126, 132, 133, 134, 135, 136, 146, 148, 150, 151, 154, 155, 156, 158, 160, 161, 162, 163, 164, 168, 171, 173, 190, 191, 195, 197, 204, 206, 207, 211, 214, 215, 217, 223, 224, 225, 228, 229, 230, 231, 233, 235, 247, 250, 251, 253, 256, 257, 266, 275, 276, 278, 279, 282, 283, 295, 296, 302, 303, 304, 305, 306, 308, 310, 313, 314, 315, 316, 324, 325, 327, 330, 335, 339, 340, 346, 347, 353, 356, 357, 359, 363, 364, 365, 369, 372, 374, 375, 377, 378, 379, 382, 384, 385, 388, 390, 392, 397, 399, 400, 401, 403, 404, 405, 407, 409, 410, 412, 416, 430, 432, 433, 434], [9, 12, 13, 17, 19, 20, 21, 22, 23, 24, 25, 26, 27, 29, 31, 32, 34, 39, 40, 41, 42, 43, 44, 45, 46, 47, 48, 50, 52, 60, 62, 63, 64, 68, 69, 70, 71, 72, 74, 80, 81, 90, 91, 92, 93, 98, 105, 108, 109, 110, 112, 114, 115, 116, 118, 124, 127, 128, 130, 131, 137, 138, 139, 143, 144, 145, 149, 152, 153, 165, 169, 170, 172, 174, 175, 176, 177, 178, 179, 180, 181, 182, 184, 185, 186, 187, 189, 192, 193, 194, 196, 198, 199, 200, 201, 202, 203, 205, 208, 209, 210, 212, 213, 218, 219, 220, 222, 226, 227, 232, 234, 236, 237, 238, 241, 243, 244, 245, 246, 249, 252, 254, 255, 258, 259, 260, 261, 262, 263, 264, 265, 267, 268, 269, 270, 271, 272, 280, 284, 285, 286, 287, 291, 292, 293, 297, 298, 299, 301, 307, 309, 311, 312, 317, 318, 319, 321, 326, 328, 329, 331, 332, 333, 334, 336, 337, 338, 341, 344, 348, 350, 352, 354, 355, 360, 362, 366, 367, 368, 370, 371, 376, 380, 389, 391, 395, 408, 411, 414, 415, 417, 418, 419, 422, 423, 424, 425, 426, 428, 429, 431], [3, 4, 16, 54, 78, 88, 94, 101, 102, 104, 157, 159, 216, 221, 288, 289, 290, 294, 320, 322, 323, 342, 358, 361, 373, 381, 383, 386, 387, 393, 394, 396, 398, 406, 421], [28, 73, 97, 140, 141, 142, 147, 166, 167, 188, 239, 240, 242, 273, 274, 277, 281, 300, 343, 345, 349, 351, 402, 413, 420, 427], [95, 107, 129, 183, 248]], "centers": [[0.011904761904761904, 0.8273809523809523, 0.16071428571428573, 0.10119047619047619, 0.35714285714285715, 0.5416666666666666, 0.017857142857142856, 0.8511904761904762, 0.13095238095238096, 0.005952380952380952, 0.10714285714285714, 0.8869047619047619, 0.011904761904761904, 0.005952380952380952, 0.9821428571428571, 0.005952380952380952, 0.03571428571428571, 0.9583333333333334, 0.03571428571428571, 0.8809523809523809, 0.08333333333333333, 0.047619047619047616, 0.9285714285714286, 0.023809523809523808, 0.017857142857142856, 0.9404761904761905, 0.041666666666666664, 0.005952380952380952, 0.5297619047619048, 0.4642857142857143, 0.041666666666666664, 0.7142857142857143, 0.24404761904761904, 0.05952380952380952, 0.10714285714285714, 0.8333333333333334, 0.047619047619047616, 0.07142857142857142, 0.8809523809523809, 0.03571428571428571, 0.011904761904761904, 0.9523809523809523, 0.047619047619047616, 0.8809523809523809, 0.07142857142857142, 0.14285714285714285, 0.3630952380952381, 0.49404761904761907], [0.01990049751243781, 0.34328358208955223, 0.6368159203980099, 0.11442786069651742, 0.5074626865671642, 0.3781094527363184, 0.009950248756218905, 0.05970149253731343, 0.9303482587064676, 0.014925373134328358, 0.9601990049751243, 0.024875621890547265, 0.024875621890547265, 0.9651741293532339, 0.009950248756218905, 0.029850746268656716, 0.681592039800995, 0.2885572139303483, 0.014925373134328358, 0.05472636815920398, 0.9303482587064676, 0.004975124378109453, 0.009950248756218905, 0.9850746268656716, 0.05472636815920398, 0.07960199004975124, 0.8656716417910447, 0.014925373134328358, 0.4925373134328358, 0.4925373134328358, 0.03482587064676617, 0.5572139303482587, 0.4079601990049751, 0.06467661691542288, 0.8756218905472637, 0.05970149253731343, 0.03980099502487562, 0.835820895522388, 0.12437810945273632, 0.024875621890547265, 0.7761194029850746, 0.19900497512437812, 0.05472636815920398, 0.22388059701492538, 0.7213930348258707, 0.2835820895522388, 0.004975124378109453, 0.7114427860696517], [0.05714285714285714, 0.34285714285714286, 0.6, 0.08571428571428572, 0.2, 0.7142857142857143, 0.08571428571428572, 0.0, 0.9142857142857143, 0.11428571428571428, 0.8857142857142857, 0.0, 0.14285714285714285, 0.22857142857142856, 0.6285714285714286, 0.02857142857142857, 0.0, 0.9714285714285714, 0.05714285714285714, 0.6285714285714286, 0.3142857142857143, 0.02857142857142857, 0.37142857142857144, 0.6, 0.11428571428571428, 0.5142857142857142, 0.37142857142857144, 0.0, 0.45714285714285713, 0.5428571428571428, 0.05714285714285714, 0.2571428571428571, 0.6857142857142857, 0.02857142857142857, 0.8571428571428571, 0.11428571428571428, 0.05714285714285714, 0.2857142857142857, 0.6571428571428571, 0.05714285714285714, 0.34285714285714286, 0.6, 0.05714285714285714, 0.7142857142857143, 0.22857142857142856, 0.4857142857142857, 0.0, 0.5142857142857142], [0.038461538461538464, 0.5769230769230769, 0.38461538461538464, 0.038461538461538464, 0.8461538461538461, 0.11538461538461539, 0.0, 0.6153846153846154, 0.38461538461538464, 0.0, 0.11538461538461539, 0.8846153846153846, 0.0, 0.15384615384615385, 0.8461538461538461, 0.0, 0.3076923076923077, 0.6923076923076923, 0.0, 0.0, 1.0, 0.038461538461538464, 0.2692307692307692, 0.6923076923076923, 0.0, 0.5384615384615384, 0.46153846153846156, 0.0, 0.23076923076923078, 0.7692307692307693, 0.038461538461538464, 0.8846153846153846, 0.07692307692307693, 0.07692307692307693, 0.34615384615384615, 0.5769230769230769, 0.07692307692307693, 0.4230769230769231, 0.5, 0.0, 0.0, 1.0, 0.11538461538461539, 0.5769230769230769, 0.3076923076923077, 0.07692307692307693, 0.0, 0.9230769230769231], [0.6, 0.2, 0.2, 0.8, 0.2, 0.0, 0.6, 0.0, 0.4, 0.6, 0.4, 0.0, 0.6, 0.2, 0.2, 0.6, 0.2, 0.2, 0.6, 0.2, 0.2, 0.8, 0.0, 0.2, 0.8, 0.0, 0.2, 0.6, 0.4, 0.0, 0.8, 0.0, 0.2, 1.0, 0.0, 0.0, 1.0, 0.0, 0.0, 0.8, 0.0, 0.2, 0.8, 0.0, 0.2, 0.8, 0.0, 0.2]]}