{"clusters": [[0, 1, 2, 5, 6, 7, 8, 10, 11, 14, 15, 18, 28, 30, 33, 35, 36, 37, 38, 49, 51, 53, 55, 56, 57, 58, 59, 61, 65, 66, 67, 73, 75, 76, 77, 79, 82, 83, 84, 85, 86, 87, 89, 96, 99, 100, 103, 106, 111, 113, 117, 119, 120, 121, 122, 123, 125, 126, 132, 133, 134, 135, 136, 141, 142, 146, 148, 150, 151, 154, 155, 156, 158, 160, 161, 162, 163, 164, 166, 168, 171, 173, 188, 190, 191, 195, 197, 204, 206, 207, 211, 214, 215, 217, 223, 224, 225, 228, 229, 230, 231, 233, 235, 239, 240, 242, 247, 250, 251, 253, 256, 257, 266, 273, 274, 275, 276, 277, 278, 279, 282, 283, 295, 296, 300, 302, 303, 304, 305, 306, 308, 310, 313, 314, 324, 325, 327, 330, 335, 339, 340, 343, 345, 346, 347, 349, 353, 356, 357, 359, 363, 364, 365, 369, 372, 374, 375, 377, 378, 379, 382, 384, 385, 388, 390, 392, 397, 399, 400, 401, 403, 404, 405, 407, 409, 410, 412, 416, 427, 430, 432, 433, 434], [9, 12, 13, 17, 19, 20, 21, 22, 23, 24, 25, 26, 27, 29, 31, 32, 34, 39, 40, 41, 42, 43, 44, 45, 46, 47, 48, 50, 52, 60, 62, 63, 64, 68, 69, 70, 71, 72, 74, 81, 90, 91, 92, 93, 98, 105, 108, 109, 110, 112, 114, 115, 116, 118, 124, 127, 128, 130, 139, 143, 149, 169, 170, 172, 174, 175, 176, 177, 178, 179, 180, 181, 182, 184, 185, 186, 187, 189, 192, 193, 194, 198, 199, 200, 201, 202, 203, 205, 208, 209, 210, 212, 213, 218, 219, 220, 222, 226, 227, 232, 236, 237, 238, 241, 243, 244, 245, 246, 249, 252, 254, 255, 258, 259, 260, 261, 262, 263, 264, 265, 267, 268, 269, 270, 271, 272, 280, 284, 285, 287, 291, 297, 298, 301, 307, 309, 312, 317, 318, 319, 321, 326, 328, 329, 331, 332, 333, 334, 336, 337, 338, 344, 348, 350, 352, 354, 355, 360, 366, 368, 370, 371, 376, 380, 389, 391, 395, 408, 411, 414, 415, 417, 418, 419, 422, 423, 425, 426, 428, 429, 431], [3, 4, 54, 78, 88, 94, 95, 97, 101, 102, 167, 216, 221, 281, 288, 289, 315, 322, 323, 342, 361, 367, 373, 381, 383, 386, 387, 394, 396, 398, 406, 413, 420, 421], [107, 129, 183, 248], [16, 80, 104, 131, 137, 138, 140, 144, 145, 147, 152, 153, 157, 159, 165, 196, 234, 286, 290, 292, 293, 294, 299, 311, 316, 320, 341, 351, 358, 362, 393, 402, 424]], "centers": [[-0.10170249975721392, 0.545334094534002, -0.5151333862374738, -0.03824909675021128, -0.07452944748026671, 0.09851232993070949, -0.056650389093095166, 0.929267809626606, -0.9020914256563198, -0.12626315535155944, -0.9476680265532613, 0.9959756847862156, -0.12908622712063816, -0.9462959713520437, 0.9928179507499612, -0.12626315535155955, -0.595340550348739, 0.6273633930636016, 0.0034165287676016115, 0.780238798291667, -0.7747763535825923, 0.0506018010312901, 0.9682014287205909, -0.9767839686509603, -0.15598796264874204, 0.8682957727187838, -0.7996510338976375, -0.08445947330254444, 0.030761674051183407, -0.009497116754453461, -0.04676726618998688, 0.27899637990782156, -0.26561152326432136, -0.04336010713308181, -0.832945003092098, 0.8733296527037158, -0.059101852914278524, -0.7185583120578112, 0.7445672920558467, -0.06067533145114782, -0.7785442462475382, 0.7910841066617161, -0.01735291295069673, 0.6462256796193079, -0.6491817077868023, -0.25305359535236477, 0.5301617958991213, -0.15934572636278097], [-0.03349996592087809, -0.4901486642250838, 0.5043291979243072, 0.0004864369648210633, 0.13474524248004877, -0.13484424659618865, -0.09068757038521734, -0.6803912871533966, 0.7025565084842433, -0.09068757038521735, 0.7943602263471093, -0.7720471606279171, -0.03758762715008902, 0.9783134681766353, -0.9639711750794118, 0.014885381758144347, 0.8546363974021325, -0.8466458033147592, -0.11974838951195446, -0.7473561685700928, 0.7834395250077145, -0.15870331463370926, -0.8097569802726406, 0.8596786206103313, 0.02132960817666734, -0.7935402965626401, 0.783996599920016, 0.0038356071297224906, 0.10819488266041402, -0.10912814295382987, -0.04479539832213336, -0.07746257144500422, 0.09980308634110126, 0.0021722138185977253, 0.7095452021941445, -0.7256362936368829, -0.10450288273944518, 0.8240931944362236, -0.7736652647618829, -0.08762746152360924, 0.908837155694612, -0.8614490694832825, -0.03715948180778453, -0.6530352314932323, 0.6834211713290096, 0.08712947162733087, -0.3918969136200446, 0.20552707303686354], [-0.16843038421330372, -0.5576666644670187, 0.6169138633146813, -0.2583087585470024, -0.35580065359477, 0.5179920950044417, 0.02627070012654627, -0.7445992742954067, 0.7289092497112121, 0.21361093873388362, 0.45682450683834686, -0.5289260797029565, 0.2945899569042516, -0.8983556520245007, 0.7902459406161925, 0.026270700126546153, -0.7328727539608978, 0.7133598898826299, -0.015707239793697196, 0.2846830597311368, -0.276676243464498, 0.29458995690425155, 0.005225503184662459, -0.1133651969518409, 0.30608806004931133, 0.4652891085933446, -0.5994819329111558, -0.12788721666732755, 0.025295445206304053, 0.006896715738353073, 0.04920801692436016, -0.7005794622065542, 0.6977374523116893, 0.0659664745940595, 0.6362356379713665, -0.684383493607825, 0.1321814607281064, -0.15989280839620085, 0.09797883844641286, 0.10188056219908026, -0.13787856858658487, 0.09601293909900843, -0.14244112850758014, 0.16444786466210687, -0.09605842128561522, 0.40486600224209596, -0.4077006734628857, -0.062076290615525165], [4.410770686585891, -0.5871854037032261, -0.8683503083805056, 2.839454172900133, -0.8888888888888854, -0.901387818865997, 4.616106546006323, -0.8048150549829883, -0.6722330604002702, 4.616106546006314, -0.6415606795320128, -0.828279247372467, 3.9213814074707463, -0.4567577441248576, -0.9750244334066274, 4.616106546006317, -0.20853122768953183, -1.2917862270676648, 4.067217348043567, -0.8481554037632522, -0.6017980079481969, 3.9213814074707454, -0.8322301387783576, -0.6165678568911349, 3.191862839899292, -0.9484531189137902, -0.45225144464537403, 5.8325705601491915, -0.4748644941001617, -0.9931270663228443, 4.440077219405729, -1.2425214883947895, -0.7254762501100135, 3.6100218925258996, -1.0739950402747, -0.8048150549829883, 4.049691346263304, -0.9268086959962989, -0.9616541795583003, 3.6685725042542074, -0.8009428406336285, -0.6466191467485851, 3.8125731843092705, -1.0739950402747, -0.8164965809277287, 1.7840101758937148, -0.40770067346288574, -1.2729815111425848], [0.3866242910350835, 0.3100053676275647, -0.439874098849046, 0.13140062768647545, 0.1485690235690229, -0.23112508176051208, 0.22496489258887425, -0.556653049725076, 0.47957638214785303, 0.4179821081237064, 0.5054017386679939, -0.6432245619040425, 0.14316836098834412, 0.8626832776601379, -0.9143989862179649, 0.03194767705404133, -0.6057596566829908, 0.586312064290738, 0.16104274236376, -0.41814654521195305, 0.3574455451152789, -0.1889822365046143, -0.832230138778357, 0.893040122926748, 0.04577856616573273, -0.8270712104914602, 0.8067923065244327, -0.12788721666732752, -0.7325226446519775, 0.7644904900271393, -0.08384862557507519, -0.24987346736313953, 0.2945873258022478, -0.27700663036708645, 0.20197643753897995, -0.06032903920925116, 0.2738704790710217, -0.2582153580885211, 0.13008892990110116, 0.26745233513780947, -0.4283116794832235, 0.3174523246972, -0.015328639114935622, -0.04106574871124493, 0.049484641268347083, 0.29202693348878167, -0.321019445233973, -0.025382193023796018]]}