{"clusters": [[0, 1, 2, 5, 6, 7, 8, 10, 11, 14, 15, 18, 28, 30, 33, 35, 36, 37, 38, 49, 51, 53, 55, 56, 57, 58, 59, 61, 65, 66, 67, 73, 75, 76, 77, 79, 82, 83, 84, 85, 86, 87, 89, 96, 99, 100, 103, 106, 111, 113, 117, 119, 120, 121, 122, 123, 125, 126, 132, 133, 134, 135, 136, 141, 142, 146, 148, 150, 151, 154, 155, 156, 158, 160, 161, 162, 163, 164, 166, 168, 171, 173, 188, 190, 191, 195, 197, 204, 206, 207, 211, 214, 215, 217, 223, 224, 225, 228, 229, 230, 231, 233, 235, 239, 240, 242, 247, 250, 251, 253, 256, 257, 266, 273, 274, 275, 276, 277, 278, 279, 282, 283, 295, 296, 300, 302, 303, 304, 305, 306, 308, 310, 313, 314, 324, 325, 327, 330, 335, 339, 340, 343, 345, 346, 347, 349, 351, 353, 356, 357, 359, 363, 364, 365, 369, 372, 374, 375, 377, 378, 379, 382, 384, 385, 388, 390, 392, 397, 399, 400, 401, 403, 404, 405, 407, 409, 410, 412, 416, 427, 430, 432, 433, 434], [9, 12, 13, 17, 19, 20, 21, 22, 23, 24, 25, 26, 27, 29, 31, 32, 34, 39, 40, 41, 42, 43, 44, 45, 46, 47, 48, 50, 52, 60, 62, 63, 64, 68, 69, 70, 71, 72, 74, 80, 81, 90, 91, 92, 93, 98, 105, 108, 109, 110, 112, 114, 115, 116, 118, 124, 127, 130, 139, 140, 143, 147, 149, 169, 170, 172, 174, 175, 176, 177, 178, 179, 181, 182, 184, 185, 186, 187, 189, 193, 194, 198, 199, 200, 201, 202, 203, 205, 208, 209, 210, 212, 218, 219, 220, 222, 227, 232, 236, 237, 238, 241, 243, 244, 245, 246, 249, 252, 254, 255, 258, 259, 260, 262, 263, 264, 265, 267, 268, 269, 270, 271, 272, 280, 284, 285, 287, 291, 297, 298, 301, 307, 309, 312, 317, 318, 319, 321, 326, 328, 329, 331, 332, 333, 334, 337, 338, 344, 348, 350, 354, 355, 360, 366, 368, 370, 371, 376, 380, 389, 391, 395, 408, 411, 414, 415, 417, 418, 419, 422, 425, 426, 428, 429, 431], [3, 4, 54, 78, 94, 95, 97, 101, 102, 167, 216, 221, 281, 288, 289, 315, 322, 323, 342, 361, 367, 373, 381, 383, 386, 387, 394, 396, 398, 406, 413, 420, 421], [129, 180, 261], [16, 88, 104, 128, 131, 137, 138, 144, 145, 152, 153, 157, 159, 165, 192, 196, 213, 226, 234, 286, 290, 292, 293, 294, 299, 311, 316, 320, 336, 341, 352, 358, 362, 393, 402, 423, 424], [107, 183, 248]], "centers": [[-0.10206515130317094, 0.5473609217231832, -0.5170530434230338, -0.039955244933798435, -0.06801026570048267, 0.09307808999159695, -0.057217884470202214, 0.9198434462319887, -0.8925792146268655, -0.1264523204772618, -0.9487471358847112, 0.9971243076557481, -0.12941174891076848, -0.9463554246222923, 0.9929961973427289, -0.1264523204772619, -0.596088007977066, 0.6281609936090525, 0.0024068888125019956, 0.771388829802238, -0.7656439564528261, 0.049299713870768876, 0.9584164745494009, -0.9666218811967336, -0.1563945512815509, 0.858422137438172, -0.7896013025413156, -0.08469549364691827, 0.025295445206304, -0.003973107979703436, -0.04773712511412133, 0.28185409009844753, -0.2681107880841349, -0.04462992519413618, -0.8342550576420031, 0.8753361300716022, -0.0601226711004096, -0.7196901076226944, 0.746172224460166, -0.06144159425950349, -0.7786659777387669, 0.7915040316710574, -0.0186840930274744, 0.6368766539677101, -0.6389973242043111, -0.25472468950433036, 0.5250647172612843, -0.15421038348171476], [-0.06376293116646504, -0.5269671756613611, 0.5513924952833293, -0.02389795317169526, 0.1583333333333329, -0.14303340774093443, -0.08827447433622622, -0.6761253293992394, 0.6975645463603912, -0.08827447433622623, 0.7916835582507135, -0.7701192033681036, -0.03239695482936244, 0.9760382107632427, -0.963592206222479, -0.015479410191660511, 0.9210502317636398, -0.9022149814887481, -0.11760180093622503, -0.7670680190078666, 0.8022213313520581, -0.15766518016956393, -0.808986471981016, 0.8585347976737684, 0.02997406117994401, -0.8111181596702399, 0.797777466584906, -0.03706119340155207, 0.06530824035082095, -0.05596192199120774, -0.09192706458396978, -0.0024204964059639446, 0.04394313286380649, -0.010467531654424473, 0.6904912319019307, -0.6995234613235567, -0.09961958503351541, 0.8153545159233964, -0.7672199305402911, -0.11320505521846908, 0.9206131238812434, -0.8630433546241709, -0.09929551782230518, -0.6156869176314183, 0.6765257384829743, 0.0825403068000892, -0.391355070425433, 0.2091664787825361], [-0.16843038421330372, -0.602392026946121, 0.6619218685175658, -0.25546416448690407, -0.3396464646464634, 0.5000706314454715, 0.03194767705404136, -0.7427745536685102, 0.7252957298914532, 0.22496489258887375, 0.44423040969732713, -0.5198547715917591, 0.3092436597348233, -0.8965714180531891, 0.783113535064585, 0.03194767705404123, -0.7328727539608978, 0.7115186170479648, -0.01065724030348413, 0.31901149801884554, -0.3125023332147679, 0.3092436597348232, -0.031027987809407694, -0.08286806604642916, 0.322357403417035, 0.5081297821541668, -0.6494510683225726, -0.12788721666732752, 0.05560816880063531, -0.023407035233198353, 0.057524057080574884, -0.6841569765644864, 0.6771111667693457, 0.07635959898682147, 0.6273002634768731, -0.6807340523540322, 0.1436697595126671, -0.13665293301437967, 0.0694365349311344, 0.11107899402900968, -0.1177857118578866, 0.07260877639350852, -0.13880934309636173, 0.14121589097642362, -0.07422696190252087, 0.4341205756225848, -0.4077006734628857, -0.08776215892973549], [3.9019705676082026, -1.0890039707187533, -0.19503055054535423, 1.775575994423339, -0.21759259259259175, -0.901387818865997, -0.1610695384807916, -0.8048150549829883, 0.8481554037632525, -0.1610695384807913, 0.8724297124919961, -0.828279247372467, -0.18898223650461424, 1.0446751427339311, -0.9750244334066274, 1.9621198324023676, 0.6653713160960785, -1.2917862270676648, -0.18235722297072834, -0.848155403763252, 0.905584718294408, -0.1889822365046142, -0.8322301387783576, 0.8930401229267474, 1.290383333796591, -0.9484531189137902, 0.38205465552738965, 2.5212051285844588, 0.35873540474394777, -0.9931270663228443, 4.440077219405729, -1.2425214883947895, -0.7254762501100135, 2.3143457182282376, -0.405629028086582, -0.8048150549829883, 1.1852755159795036, 0.4103779798192568, -0.9616541795583003, 3.238545816205008, -0.11778571185788651, -1.1516089651249486, 3.8125731843092705, -1.0739950402747, -0.8164965809277286, 1.7840101758937148, -0.4077006734628858, -1.2729815111425848], [0.32661838019742007, 0.4300143943012206, -0.5407893451093512, 0.1653819945665697, -0.018018018018017907, -0.0862034088728396, 0.1832314405813428, -0.5834813746178232, 0.5194227628630316, 0.35538193011240937, 0.5996386508660485, -0.7182467316885391, 0.10726018828640267, 0.8823580738843315, -0.9209530886167395, 0.011080951050275671, -0.7328727539608978, 0.7182865388186257, 0.12391842178705856, -0.3550564424129208, 0.30806363762166367, -0.1889822365046143, -0.7772620078386995, 0.8386398353657432, 0.015878151327754175, -0.7319340390253098, 0.724796621003768, -0.12788721666732758, -0.4343109855077457, 0.4663671020907952, -0.09913215883514546, -0.578520447299294, 0.6392033987455793, -0.27700663036708645, 0.44337644685508165, -0.3068142741613668, 0.21756746520794942, -0.11365463637873129, 0.012062647797382057, 0.21673665694036082, -0.30242277368916803, 0.2132283818381961, 0.06810426898062244, -0.20692561905768203, 0.17653980128167096, 0.19985808453712564, -0.3303903888262879, 0.062286948249416184], [3.9019705676082026, -0.4199125480313837, -0.8683503083805056, 2.839454172900133, -0.8888888888888854, -0.901387818865997, 6.208498574168696, -0.8048150549829883, -1.1790292151214443, 6.208498574168683, -1.1462241435400158, -0.828279247372467, 5.2915026221292, -0.9572353730777872, -0.9750244334066274, 6.208498574168686, -0.732872753960898, -1.2917862270676648, 5.483742205048332, -0.848155403763252, -1.104258916695732, 5.291502622129198, -0.8322301387783576, -1.119770516830429, 2.8115669386787516, -0.9484531189137902, -0.2853902246108213, 7.819389819088033, -0.9750244334066274, -0.9931270663228443, 4.440077219405729, -1.2425214883947895, -0.7254762501100135, 3.6100218925258996, -1.0739950402747, -0.8048150549829883, 4.049691346263304, -0.9268086959962988, -0.9616541795583003, 3.238545816205008, -0.8009428406336285, -0.47828920728979724, 3.8125731843092705, 