{"clusters": [[0, 1, 2, 4, 5, 6, 7, 8, 10, 11, 14, 15, 18, 30, 33, 35, 36, 37, 38, 49, 51, 53, 55, 56, 57, 58, 59, 61, 65, 66, 67, 75, 76, 77, 78, 79, 82, 83, 84, 85, 86, 87, 89, 94, 96, 99, 100, 106, 111, 113, 117, 119, 120, 121, 122, 123, 125, 126, 132, 133, 134, 135, 136, 146, 148, 150, 151, 154, 155, 156, 158, 160, 161, 162, 163, 164, 168, 171, 173, 190, 191, 195, 197, 204, 206, 207, 211, 214, 215, 217, 223, 224, 225, 228, 229, 230, 231, 233, 235, 247, 250, 251, 253, 256, 257, 266, 275, 276, 278, 279, 282, 283, 295, 296, 302, 303, 304, 305, 306, 308, 310, 313, 314, 324, 325, 327, 330, 335, 339, 340, 346, 347, 353, 356, 357, 359, 363, 364, 365, 369, 372, 374, 375, 377, 378, 379, 382, 384, 385, 388, 390, 392, 394, 397, 399, 400, 401, 403, 404, 405, 407, 409, 410, 412, 416, 430, 432, 433, 434], [9, 12, 13, 17, 19, 20, 21, 22, 23, 24, 25, 26, 27, 29, 31, 32, 34, 39, 40, 41, 42, 43, 44, 45, 46, 47, 48, 50, 52, 60, 62, 63, 64, 68, 69, 70, 71, 72, 74, 81, 90, 91, 92, 93, 98, 105, 108, 109, 110, 112, 114, 115, 116, 118, 124, 127, 130, 137, 138, 139, 143, 145, 149, 169, 170, 172, 174, 175, 176, 177, 178, 179, 180, 181, 182, 184, 185, 186, 187, 189, 192, 193, 194, 196, 198, 199, 200, 201, 202, 203, 205, 208, 209, 210, 212, 218, 219, 220, 222, 226, 227, 232, 234, 236, 237, 238, 241, 243, 244, 245, 246, 249, 252, 254, 255, 258, 259, 260, 261, 262, 263, 264, 265, 267, 268, 269, 270, 271, 272, 280, 284, 285, 291, 297, 298, 301, 307, 309, 311, 312, 317, 318, 319, 321, 326, 328, 329, 331, 332, 333, 337, 338, 344, 348, 354, 355, 360, 366, 371, 376, 389, 391, 395, 408, 411, 414, 415, 417, 418, 419, 422, 425, 426, 428, 429, 431], [16, 54, 80, 88, 102, 104, 131, 144, 153, 216, 286, 289, 290, 292, 294, 316, 320, 322, 323, 358, 361, 362, 381, 387, 393, 406], [28, 73, 97, 101, 103, 140, 141, 142, 147, 166, 167, 188, 239, 240, 242, 273, 274, 277, 281, 300, 343, 345, 349, 351, 402, 413, 420, 427], [3, 128, 152, 157, 159, 165, 213, 221, 287, 288, 293, 299, 315, 334, 336, 341, 342, 350, 352, 367, 368, 370, 373, 380, 383, 386, 396, 398, 421, 423, 424], [95, 107, 129, 183, 248]], "centers": [[0.011834319526627219, 0.8106508875739645, 0.17751479289940827, 0.10059171597633136, 0.34911242603550297, 0.5502958579881657, 0.023668639053254437, 0.834319526627219, 0.14201183431952663, 0.011834319526627219, 0.11242603550295859, 0.8757396449704142, 0.01775147928994083, 0.0, 0.9822485207100592, 0.005917159763313609, 0.03550295857988166, 0.9585798816568047, 0.029585798816568046, 0.893491124260355, 0.07692307692307693, 0.04142011834319527, 0.9408284023668639, 0.01775147928994083, 0.011834319526627219, 0.9526627218934911, 0.03550295857988166, 0.005917159763313609, 0.5266272189349113, 0.46745562130177515, 0.04142011834319527, 0.7041420118343196, 0.25443786982248523, 0.0650887573964497, 0.11242603550295859, 0.8224852071005917, 0.04142011834319527, 0.07100591715976332, 0.8875739644970414, 0.029585798816568046, 0.023668639053254437, 0.9467455621301775, 0.04142011834319527, 0.893491124260355, 0.0650887573964497, 0.13609467455621302, 0.34911242603550297, 0.514792899408284], [0.022727272727272728, 0.29545454545454547, 0.6818181818181818, 0.11363636363636363, 0.5454545454545454, 0.3409090909090909, 0.011363636363636364, 0.05113636363636364, 0.9375, 0.005681818181818182, 0.9715909090909091, 0.022727272727272728, 0.022727272727272728, 0.9715909090909091, 0.005681818181818182, 0.028409090909090908, 0.7784090909090909, 0.19318181818181818, 0.005681818181818182, 0.03977272727272727, 0.9545454545454546, 0.005681818181818182, 0.005681818181818182, 0.9886363636363636, 0.05113636363636364, 0.056818181818181816, 0.8920454545454546, 0.017045454545454544, 0.5170454545454546, 0.4659090909090909, 0.03409090909090909, 0.6079545454545454, 0.35795454545454547, 0.06818181818181818, 0.8863636363636364, 0.045454545454545456, 0.03409090909090909, 0.8863636363636364, 0.07954545454545454, 0.022727272727272728, 0.8125, 0.16477272727272727, 0.05113636363636364, 0.22727272727272727, 0.7215909090909091, 0.2897727272727273, 0.005681818181818182, 0.7045454545454546], [0.07692307692307693, 0.3076923076923077, 0.6153846153846154, 0.11538461538461539, 0.4230769230769231, 0.46153846153846156, 0.07692307692307693, 0.07692307692307693, 0.8461538461538461, 0.07692307692307693, 0.9230769230769231, 0.0, 0.07692307692307693, 0.5769230769230769, 0.34615384615384615, 0.0, 0.0, 1.0, 0.11538461538461539, 0.4230769230769231, 0.46153846153846156, 0.038461538461538464, 0.19230769230769232, 0.7692307692307693, 0.19230769230769232, 0.19230769230769232, 0.6153846153846154, 0.0, 0.23076923076923078, 0.7692307692307693, 0.038461538461538464, 0.38461538461538464, 0.5769230769230769, 0.0, 0.6923076923076923, 0.3076923076923077, 0.038461538461538464, 0.2692307692307692, 0.6923076923076923, 0.0, 0.11538461538461539, 0.8846153846153846, 0.0, 0.8076923076923077, 0.19230769230769232, 0.6153846153846154, 0.038461538461538464, 0.34615384615384615], [0.03571428571428571, 0.5357142857142857, 0.42857142857142855, 0.03571428571428571, 0.8571428571428571, 0.10714285714285714, 0.0, 0.6071428571428571, 0.39285714285714285, 0.0, 0.17857142857142858, 0.8214285714285714, 0.0, 0.14285714285714285, 0.8571428571428571, 0.0, 0.2857142857142857, 0.7142857142857143, 0.03571428571428571, 0.0, 0.9642857142857143, 0.03571428571428571, 0.32142857142857145, 0.6428571428571429, 0.03571428571428571, 0.5357142857142857, 0.42857142857142855, 0.0, 0.2857142857142857, 0.7142857142857143, 0.03571428571428571, 0.8571428571428571, 0.10714285714285714, 0.07142857142857142, 0.39285714285714285, 0.5357142857142857, 0.07142857142857142, 0.4642857142857143, 0.4642857142857143, 0.0, 0.0, 1.0, 0.14285714285714285, 0.5714285714285714, 0.2857142857142857, 0.07142857142857142, 0.03571428571428571, 0.8928571428571429], [0.0, 0.7419354838709677, 0.25806451612903225, 0.0967741935483871, 0.03225806451612903, 0.8709677419354839, 0.0, 0.06451612903225806, 0.9354838709677419, 0.0967741935483871, 0.8387096774193549, 0.06451612903225806, 0.0967741935483871, 0.5483870967741935, 0.3548387096774194, 0.06451612903225806, 0.0, 0.9354838709677419, 0.03225806451612903, 0.3870967741935484, 0.5806451612903226, 0.03225806451612903, 0.12903225806451613, 0.8387096774193549, 0.03225806451612903, 0.4838709677419355, 0.4838709677419355, 0.0, 0.5161290322580645, 0.4838709677419355, 0.06451612903225806, 0.12903225806451613, 0.8064516129032258, 0.03225806451612903, 0.9354838709677419, 0.03225806451612903, 0.12903225806451613, 0.41935483870967744, 0.45161290322580644, 0.12903225806451613, 0.6451612903225806, 0.22580645161290322, 0.12903225806451613, 0.16129032258064516, 0.7096774193548387, 0.25806451612903225, 0.0, 0.7419354838709677], [0.6, 0.2, 0.2, 0.8, 0.2, 0.0, 0.6, 0.0, 0.4, 0.6, 0.4, 0.0, 0.6, 0.2, 0.2, 0.6, 0.2, 0.2, 0.6, 0.2, 0.2, 0.8, 0.0, 0.2, 0.8, 0.0, 0.2, 0.6, 0.4, 0.0, 0.8, 0.0, 0.2, 1.0, 0.0, 0.0, 1.0, 0.0, 0.0, 0.8, 0.0, 0.2, 0.8, 0.0, 0.2, 0.8, 0.0, 0.2]]}