{"clusters": [[0, 1, 2, 6, 7, 8, 10, 11, 14, 15, 18, 30, 33, 35, 36, 37, 38, 49, 51, 53, 55, 56, 57, 58, 59, 61, 65, 66, 67, 75, 76, 77, 79, 82, 83, 84, 85, 86, 87, 89, 96, 99, 100, 106, 111, 113, 117, 119, 120, 121, 122, 123, 125, 126, 132, 133, 134, 135, 136, 146, 148, 150, 151, 154, 155, 156, 158, 160, 161, 162, 163, 164, 168, 171, 173, 190, 191, 195, 197, 204, 206, 207, 211, 214, 215, 217, 223, 224, 225, 228, 229, 230, 231, 233, 235, 247, 250, 251, 253, 256, 257, 266, 275, 276, 278, 279, 282, 283, 295, 296, 302, 303, 304, 305, 306, 308, 310, 313, 314, 324, 325, 327, 330, 335, 339, 340, 346, 347, 353, 356, 357, 359, 363, 364, 365, 369, 372, 374, 375, 377, 378, 379, 382, 384, 385, 388, 390, 392, 397, 399, 400, 401, 403, 404, 405, 407, 409, 410, 412, 416, 430, 432, 433, 434], [9, 12, 13, 17, 19, 20, 21, 22, 23, 24, 25, 26, 27, 29, 31, 32, 34, 39, 40, 41, 42, 43, 44, 45, 46, 47, 48, 50, 52, 60, 62, 63, 64, 68, 69, 70, 71, 72, 81, 90, 91, 92, 93, 98, 105, 108, 109, 110, 114, 116, 118, 124, 130, 139, 143, 149, 169, 170, 172, 174, 175, 176, 177, 178, 179, 180, 181, 182, 184, 185, 186, 187, 189, 193, 198, 199, 200, 201, 202, 203, 208, 209, 210, 212, 218, 219, 220, 222, 227, 232, 236, 237, 238, 241, 243, 244, 245, 246, 249, 252, 254, 255, 258, 259, 260, 261, 262, 263, 264, 265, 267, 268, 269, 270, 272, 280, 287, 297, 298, 301, 307, 312, 317, 318, 319, 321, 326, 328, 329, 331, 332, 333, 337, 338, 344, 348, 355, 360, 366, 370, 371, 376, 380, 389, 391, 395, 411, 414, 417, 418, 419, 425, 426, 428, 429, 431], [54, 78, 88, 101, 102, 104, 216, 289, 290, 294, 322, 323, 358, 361, 381, 387, 393, 406], [28, 73, 97, 103, 140, 141, 142, 166, 167, 188, 239, 240, 242, 273, 274, 277, 281, 300, 343, 345, 349, 351, 402, 413, 420, 427], [16, 74, 80, 112, 115, 127, 128, 131, 137, 138, 144, 145, 147, 152, 153, 159, 165, 192, 194, 196, 205, 226, 234, 271, 284, 285, 286, 291, 292, 293, 299, 309, 311, 316, 320, 334, 336, 341, 350, 352, 354, 362, 368, 408, 415, 422, 423, 424], [107, 129, 183, 248], [3, 4, 5, 94, 95, 157, 213, 221, 288, 315, 342, 367, 373, 383, 386, 394, 396, 398, 421]], "centers": [[0.012195121951219513, 0.8292682926829268, 0.15853658536585366, 0.10365853658536585, 0.35365853658536583, 0.5426829268292683, 0.018292682926829267, 0.8597560975609756, 0.12195121951219512, 0.006097560975609756, 0.09146341463414634, 0.9024390243902439, 0.012195121951219513, 0.0, 0.9878048780487805, 0.006097560975609756, 0.036585365853658534, 0.9573170731707317, 0.03048780487804878, 0.8902439024390244, 0.07926829268292683, 0.042682926829268296, 0.9390243902439024, 0.018292682926829267, 0.012195121951219513, 0.9512195121951219, 0.036585365853658534, 0.006097560975609756, 0.5182926829268293, 0.47560975609756095, 0.042682926829268296, 0.7134146341463414, 0.24390243902439024, 0.06097560975609756, 0.09146341463414634, 0.8475609756097561, 0.042682926829268296, 0.06707317073170732, 0.8902439024390244, 0.03048780487804878, 0.012195121951219513, 0.9573170731707317, 0.042682926829268296, 0.9024390243902439, 0.054878048780487805, 0.1402439024390244, 0.3597560975609756, 0.5], [0.02564102564102564, 0.21153846153846154, 0.7628205128205128, 0.10256410256410256, 0.5128205128205128, 0.38461538461538464, 0.01282051282051282, 0.04487179487179487, 0.9423076923076923, 0.01282051282051282, 0.9615384615384616, 0.02564102564102564, 0.02564102564102564, 0.967948717948718, 0.00641025641025641, 0.02564102564102564, 0.8717948717948718, 0.10256410256410256, 0.01282051282051282, 0.04487179487179487, 0.9423076923076923, 0.0, 0.00641025641025641, 0.9935897435897436, 0.05128205128205128, 0.0641025641025641, 0.8846153846153846, 0.019230769230769232, 0.5576923076923077, 0.4230769230769231, 0.03205128205128205, 0.6089743589743589, 0.358974358974359, 0.0641025641025641, 0.9102564102564102, 0.02564102564102564, 0.03205128205128205, 0.8717948717948718, 0.09615384615384616, 0.02564102564102564, 0.8653846153846154, 0.10897435897435898, 0.05128205128205128, 0.21794871794871795, 0.7307692307692307, 0.3076923076923077, 0.00641025641025641, 0.6858974358974359], [0.1111111111111111, 0.1111111111111111, 0.7777777777777778, 0.1111111111111111, 0.2777777777777778, 0.6111111111111112, 0.1111111111111111, 0.0, 0.8888888888888888, 0.1111111111111111, 0.8888888888888888, 0.0, 0.1111111111111111, 0.2777777777777778, 0.6111111111111112, 0.0, 0.0, 1.0, 0.1111111111111111, 0.4444444444444444, 0.4444444444444444, 0.05555555555555555, 0.3888888888888889, 0.5555555555555556, 0.16666666666666666, 0.3333333333333333, 0.5, 0.0, 0.3333333333333333, 0.6666666666666666, 0.05555555555555555, 0.3333333333333333, 0.6111111111111112, 0.0, 0.8333333333333334, 0.16666666666666666, 0.0, 0.2222222222222222, 0.7777777777777778, 0.0, 0.05555555555555555, 0.9444444444444444, 0.0, 0.8888888888888888, 0.1111111111111111, 0.7222222222222222, 0.0, 0.2777777777777778], [0.038461538461538464, 0.5384615384615384, 0.4230769230769231, 0.038461538461538464, 0.8461538461538461, 0.11538461538461539, 0.0, 0.6153846153846154, 0.38461538461538464, 0.0, 0.11538461538461539, 0.8846153846153846, 0.0, 0.11538461538461539, 0.8846153846153846, 0.0, 0.2692307692307692, 0.7307692307692307, 0.038461538461538464, 0.0, 0.9615384615384616, 0.038461538461538464, 0.3076923076923077, 0.6538461538461539, 0.038461538461538464, 0.5384615384615384, 0.4230769230769231, 0.0, 0.2692307692307692, 0.7307692307692307, 0.038461538461538464, 0.8846153846153846, 0.07692307692307693, 0.07692307692307693, 0.38461538461538464, 0.5384615384615384, 0.07692307692307693, 0.46153846153846156, 0.46153846153846156, 0.0, 0.0, 1.0, 0.15384615384615385, 0.5769230769230769, 0.2692307692307692, 0.07692307692307693, 0.038461538461538464, 0.8846153846153846], [0.0, 0.8125, 0.1875, 0.14583333333333334, 0.5208333333333334, 0.3333333333333333, 0.0, 0.14583333333333334, 0.8541666666666666, 0.020833333333333332, 0.9583333333333334, 0.020833333333333332, 0.041666666666666664, 0.9583333333333334, 0.0, 0.041666666666666664, 0.041666666666666664, 0.9166666666666666, 0.020833333333333332, 0.125, 0.8541666666666666, 0.020833333333333332, 0.020833333333333332, 0.9583333333333334, 0.08333333333333333, 0.10416666666666667, 0.8125, 0.0, 0.25, 0.75, 0.041666666666666664, 0.3958333333333333, 0.5625, 0.0625, 0.7083333333333334, 0.22916666666666666, 0.08333333333333333, 0.6666666666666666, 0.25, 0.041666666666666664, 0.4166666666666667, 0.5416666666666666, 0.0625, 0.2916666666666667, 0.6458333333333334, 0.1875, 0.020833333333333332, 0.7916666666666666], [0.75, 0.25, 0.0, 1.0, 0.0, 0.0, 0.75, 0.0, 0.25, 0.75, 0.25, 0.0, 0.75, 0.25, 0.0, 0.75, 0.25, 0.0, 0.75, 0.0, 0.25, 0.75, 0.0, 0.25, 0.75, 0.0, 0.25, 0.75, 0.25, 0.0, 1.0, 0.0, 0.0, 1.0, 0.0, 0.0, 1.0, 0.0, 0.0, 0.75, 0.0, 0.25, 1.0, 0.0, 0.0, 1.0, 0.0, 0.0], [0.0, 0.5789473684210527, 0.42105263157894735, 0.05263157894736842, 0.10526315789473684, 0.8421052631578947, 0.05263157894736842, 0.0, 0.9473684210526315, 0.10526315789473684, 0.8421052631578947, 0.05263157894736842, 0.10526315789473684, 0.10526315789473684, 0.7894736842105263, 0.05263157894736842, 0.0, 0.9473684210526315, 0.0, 0.7894736842105263, 0.21052631578947367, 0.10526315789473684, 0.3684210526315789, 0.5263157894736842, 0.05263157894736842, 0.7894736842105263, 0.15789473684210525, 0.0, 0.7368421052631579, 0.2631578947368421, 0.05263157894736842, 0.21052631578947367, 0.7368421052631579, 0.10526315789473684, 0.8947368421052632, 0.0, 0.15789473684210525, 0.3157894736842105, 0.5263157894736842, 0.15789473684210525, 0.631578947368421, 0.21052631578947367, 0.10526315789473684, 0.3157894736842105, 0.5789473684210527, 0.2631578947368421, 0.0, 0.7368421052631579]]}