{"clusters": [[0, 1, 5, 6, 7, 8, 10, 11, 14, 15, 18, 28, 30, 33, 35, 36, 37, 38, 49, 51, 53, 55, 56, 57, 58, 59, 61, 65, 66, 67, 73, 75, 76, 77, 79, 82, 83, 84, 85, 86, 87, 89, 96, 99, 100, 103, 106, 111, 113, 117, 119, 120, 121, 122, 123, 125, 126, 132, 133, 134, 135, 136, 141, 142, 146, 148, 150, 151, 154, 155, 156, 158, 160, 161, 162, 163, 164, 166, 168, 171, 173, 188, 190, 191, 195, 197, 204, 206, 207, 211, 214, 215, 217, 223, 224, 225, 228, 229, 230, 231, 233, 235, 239, 240, 242, 247, 250, 251, 253, 256, 257, 266, 273, 274, 275, 276, 277, 278, 279, 282, 283, 295, 296, 300, 302, 303, 304, 305, 306, 308, 310, 313, 314, 315, 324, 325, 327, 330, 335, 339, 340, 343, 345, 346, 347, 349, 351, 353, 356, 357, 359, 363, 364, 365, 369, 372, 374, 375, 377, 378, 379, 382, 384, 385, 388, 390, 392, 399, 400, 401, 403, 404, 405, 407, 409, 410, 412, 416, 427, 430, 432, 433, 434], [9, 12, 13, 17, 19, 20, 21, 22, 23, 24, 25, 26, 27, 29, 31, 32, 34, 39, 40, 41, 42, 43, 44, 45, 46, 47, 48, 50, 52, 60, 62, 63, 64, 68, 69, 70, 71, 72, 74, 80, 81, 90, 91, 92, 93, 98, 105, 108, 109, 110, 112, 114, 116, 118, 124, 127, 130, 139, 140, 143, 147, 149, 169, 170, 172, 174, 175, 176, 177, 178, 179, 181, 182, 184, 185, 186, 187, 189, 193, 194, 198, 199, 200, 201, 202, 203, 205, 208, 209, 210, 212, 218, 219, 220, 222, 227, 232, 236, 237, 238, 241, 243, 244, 245, 246, 249, 252, 254, 255, 258, 259, 260, 262, 263, 264, 265, 267, 268, 269, 270, 271, 272, 280, 284, 285, 287, 291, 297, 298, 301, 307, 309, 312, 317, 318, 319, 321, 326, 328, 329, 331, 332, 333, 334, 337, 338, 344, 348, 350, 354, 355, 360, 366, 367, 368, 371, 376, 380, 389, 391, 395, 408, 411, 414, 415, 417, 418, 419, 422, 425, 426, 428, 429, 431], [2, 3, 4, 54, 78, 88, 94, 97, 101, 102, 167, 216, 221, 281, 288, 289, 290, 322, 323, 342, 361, 373, 381, 383, 386, 387, 394, 396, 397, 398, 406, 413, 420, 421], [115, 261, 370], [16, 104, 128, 131, 137, 138, 144, 145, 152, 153, 157, 159, 165, 192, 196, 213, 226, 234, 286, 292, 293, 294, 299, 311, 316, 320, 336, 341, 352, 358, 362, 393, 402, 423, 424], [107, 183, 248], [95, 129, 180]], "centers": [[-0.1350664419852594, 0.5672715182286698, -0.5261714150544435, -0.03824909675021126, -0.06352459016393404, 0.08752441620766882, -0.056650389093095166, 0.9180801782420279, -0.8910139140777148, -0.16106953848079167, -0.9586989219414145, 1.0182226961540046, -0.12908622712063816, -0.9462959713520437, 0.9928179507499612, -0.16106953848079167, -0.5953405503487389, 0.6386525084761384, 0.0034165287676016067, 0.7580837751344572, -0.75281084937505, 0.08054980572327812, 0.9459738785045547, -0.9657850034063855, -0.15598796264874204, 0.8573515022872623, -0.7887093145511095, -0.08445947330254444, 0.019829216361424627, 0.001432104907417573, -0.04676726618998688, 0.30137164267697764, -0.288604759606606, -0.04336010713308181, -0.8439018229640342, 0.8845172840882938, -0.035623034633263766, -0.7185583120578112, 0.733629974930115, -0.032476860103659154, -0.7785442462475382, 0.7800460778447462, -0.017352912950696724, 0.6243120398754353, -0.6268730580346785, -0.2402418735206284, 0.5145307547430878, -0.15934572636278088], [-0.06316139407998894, -0.535273138149894, 0.5595519366836962, -0.04035399987325756, 0.16435185185185142, -0.13867504905630765, -0.08785611189861378, -0.6753857332751949, 0.6966990816626736, -0.08785611189861378, 0.791219499893005, -0.7697849502416417, -0.09449111825230715, 0.987148978486467, -0.9520285741281688, -0.0512493986075244, 0.930555536279298, -0.8999760662842717, -0.11722964333832557, -0.7666019995552493, 0.8016272888983663, -0.1574851970871786, -0.8088528876890773, 0.8583364912067972, 0.03147276423894123, -0.810328878295277, 0.7963307880269709, -0.036539204762093595, 0.07128716376322008, -0.06207044164517761, -0.14478512671975227, 0.004706520789374146, 0.060456354175834406, -0.053614186522661963, 0.712155509538373, -0.6989183372220658, -0.09877295966495862, 0.813839476832571, -0.7661024923275439, -0.11269664928185918, 0.9187285524915172, -0.8613849315753158, -0.09835876765417026, -0.6130529629035832, 0.6733750538110856, 0.09971053853182414, -0.39126113017809133, 0.19402320430054243], [0.011146128367056876, -0.6167041429394338, 0.6169138633146813, -0.2583087585470024, -0.35580065359477, 0.5179920950044417, 0.026270700126546278, -0.684383493607825, 0.6692861726851914, 0.40095117734122104, 0.45682450683834674, -0.5887967132368587, 0.45578068804054034, -0.8983556520245007, 0.7314035948154318, 0.2136109387338838, -0.7328727539608978, 0.6525978863386817, 0.15094274338333388, 0.34430613675715727, -0.3949023396403885, -0.027791505368325652, 0.12486202346509404, -0.11336519695184089, 0.17186597726559086, 0.4652891085933446, -0.5405897376048432, -0.12788721666732755, 0.025295445206304053, 0.006896715738353086, 0.04920801692436017, -0.7005794622065542, 0.6977374523116893, -0.04835789372632246, 0.6952091096350239, -0.684383493607825, -0.12056111253222891, -0.218886338211593, 0.27458434144719834, -0.20166768818859018, -0.19815713877267965, 0.274244639702431, -0.14244112850758014, 0.3413682796530793, -0.2761679611961436, 0.26695158487693404, -0.3235688931230587, -0.0015310295891721138], [-0.16843038421330372, -0.4199125480313837, 0.47828920728979724, 0.7116978159465449, -0.21759259259259175, -0.23112508176051202, -0.1610695384807916, -0.8048150549829883, 0.8481554037632525, -0.1610695384807913, 0.8724297124919961, -0.828279247372467, 3.4646743359179286, -0.2899318678072144, -0.9750244334066274, 4.085309203285527, -0.732872753960898, -0.603150186902917, -0.18235722297072834, -0.848155403763252, 0.905584718294408, -0.1889822365046142, -0.8322301387783576, 0.8930401229267474, -0.23080027108556914, -0.2808526225909767, 0.38205465552738965, -0.1278872166673276, -0.30814451433133977, 0.34023797642541886, 4.440077219405729, -1.2425214883947895, -0.7254762501100135, 3.6100218925258996, -1.0739950402747, -0.8048150549829883, -0.2469323991623966, 1.0789713177270346, -0.9616541795583003, 1.518439064008209, 0.5653714169178555, -1.1516089651249486, 1.0959976967178984, -1.0739950402747, 0.544331053951819, 0.2209801124218801, -0.4077006734628858, 0.09937773878808291], [0.35490688102089, 0.4594647503577303, -0.5797846978797269, 0.19495698640067363, -0.025793650793650688, -0.09707253433941503, 0.20290578224203618, -0.5708337357398138, 0.500638040525876, 0.3848934426034494, 0.5840505902017087, -0.7119591593637432, -0.03239695482936245, 0.9874776994250241, -0.9750244334066277, 0.020918121880622337, -0.7328727539608978, 0.7150959471267427, -0.0204686678844695, -0.3268793589071875, 0.3313436797257966, -0.1889822365046143, -0.832230138778357, 0.8930401229267481, 0.029974061179944077, -0.7195615201745396, 0.7062421687373774, -0.12788721666732755, -0.40341307419923816, 0.43547833662172336, -0.09192706458396949, -0.5990728604760592, 0.6570742036710692, -0.27700663036708645, 0.4155063583159632, -0.2783570866858455, 0.24411031460054064, -0.06718869011487028, -0.046669478297087674, 0.24064547666201516, -0.27393591272091333, 0.17579284317863558, 0.08698394418396016, -0.2719558256489583, 0.2332847374079224, 0.24330911332862065, -0.3259726582756252, 0.020957210220616154], [3.9019705676082026, -0.4199125480313837, -0.8683503083805056, 2.839454172900133, -0.8888888888888854, -0.901387818865997, 6.208498574168696, -0.8048150549829883, -1.1790292151214443, 6.208498574168683, -1.1462241435400158, -0.828279247372467, 5.2915026221292, -0.9572353730777872, -0.9750244334066274, 6.208498574168686, -0.732872753960898, -1.2917862270676648, 5.483742205048332, -0.848155403763252, -1.104258916695732, 5.291502622129198, -0.8322301387783576, -1.119770516830429, 2.8115669386787516, -0.9484531189137902, -0.2853902246108213, 7.819389819088033, -0.9750244334066274, -0.9931270663228443, 4.440077219405729, -1.2425214883947895, -0.7254762501100135, 3.6100218925258996, -1.0739950402747, -0.8048150549829883, 4.049691346263304, -0.9268086959962988, -0.9616541795583003, 3.238545816205008, -0.8009428406336285, -0.47828920728979724, 