{"clusters": [[0, 1, 6, 7, 8, 10, 11, 14, 15, 18, 30, 33, 35, 36, 37, 38, 49, 51, 53, 55, 56, 57, 58, 59, 61, 65, 66, 67, 75, 76, 77, 79, 82, 83, 84, 85, 86, 87, 89, 96, 99, 100, 106, 111, 113, 117, 119, 120, 121, 122, 123, 125, 126, 132, 133, 134, 135, 136, 146, 148, 150, 151, 154, 155, 156, 158, 160, 161, 162, 163, 164, 168, 171, 173, 190, 191, 195, 197, 204, 206, 207, 211, 214, 215, 217, 223, 224, 225, 228, 229, 230, 231, 233, 235, 247, 250, 251, 253, 256, 257, 266, 275, 276, 278, 279, 282, 283, 295, 296, 302, 303, 304, 305, 306, 308, 310, 313, 314, 324, 325, 327, 330, 335, 339, 340, 346, 347, 353, 356, 357, 359, 363, 364, 365, 369, 372, 374, 375, 377, 378, 379, 382, 384, 385, 388, 390, 392, 399, 400, 401, 403, 404, 405, 407, 409, 410, 412, 416, 430, 432, 433, 434], [9, 12, 17, 19, 20, 21, 22, 23, 24, 25, 26, 27, 29, 31, 32, 34, 39, 40, 41, 42, 43, 44, 45, 46, 47, 48, 50, 52, 60, 62, 63, 64, 68, 69, 70, 71, 72, 90, 91, 92, 93, 98, 105, 108, 109, 110, 114, 116, 118, 124, 127, 130, 139, 143, 149, 169, 170, 172, 174, 175, 176, 177, 178, 179, 180, 181, 182, 184, 185, 186, 187, 189, 193, 198, 199, 200, 201, 202, 203, 208, 209, 210, 212, 218, 220, 222, 227, 232, 236, 238, 241, 243, 244, 245, 246, 249, 252, 254, 255, 258, 259, 260, 261, 262, 263, 264, 265, 267, 268, 269, 270, 272, 297, 298, 301, 312, 317, 318, 319, 321, 326, 328, 329, 331, 332, 333, 337, 338, 344, 348, 355, 366, 371, 376, 389, 391, 395, 411, 414, 417, 418, 419, 425, 426, 428, 429, 431], [16, 80, 81, 104, 131, 138, 144, 145, 147, 153, 205, 234, 237, 280, 290, 291, 307, 309, 311, 320, 358, 360, 361, 362, 381, 393, 402, 406, 408], [28, 73, 97, 103, 140, 141, 142, 166, 167, 188, 239, 240, 242, 273, 274, 277, 281, 300, 343, 345, 349, 351, 420, 427], [13, 112, 115, 354, 367, 368, 370, 413, 415], [107, 129, 183, 248], [74, 88, 128, 137, 152, 157, 159, 165, 192, 194, 196, 213, 219, 226, 271, 284, 285, 286, 287, 292, 293, 294, 299, 316, 334, 336, 341, 342, 350, 352, 380, 421, 422, 423, 424], [2, 3, 4, 5, 54, 78, 94, 95, 101, 102, 216, 221, 288, 289, 315, 322, 323, 373, 383, 386, 387, 394, 396, 397, 398]], "centers": [[0.006172839506172839, 0.8395061728395061, 0.15432098765432098, 0.10493827160493827, 0.35802469135802467, 0.5370370370370371, 0.018518518518518517, 0.8641975308641975, 0.11728395061728394, 0.0, 0.08641975308641975, 0.9135802469135802, 0.012345679012345678, 0.0, 0.9876543209876543, 0.0, 0.037037037037037035, 0.9629629629629629, 0.030864197530864196, 0.8888888888888888, 0.08024691358024691, 0.043209876543209874, 0.9382716049382716, 0.018518518518518517, 0.012345679012345678, 0.9506172839506173, 0.037037037037037035, 0.006172839506172839, 0.5123456790123457, 0.48148148148148145, 0.043209876543209874, 0.7222222222222222, 0.2345679012345679, 0.06172839506172839, 0.08024691358024691, 0.8580246913580247, 0.043209876543209874, 0.06790123456790123, 0.8888888888888888, 0.030864197530864196, 0.012345679012345678, 0.9567901234567902, 0.043209876543209874, 0.9012345679012346, 0.05555555555555555, 0.1419753086419753, 0.35802469135802467, 0.5], [0.027210884353741496, 0.21768707482993196, 0.7551020408163265, 0.11564625850340136, 0.5102040816326531, 0.3741496598639456, 0.013605442176870748, 0.047619047619047616, 0.9387755102040817, 0.006802721088435374, 0.9659863945578231, 0.027210884353741496, 0.02040816326530612, 0.9727891156462585, 0.006802721088435374, 0.027210884353741496, 0.9115646258503401, 0.061224489795918366, 0.006802721088435374, 0.04081632653061224, 0.9523809523809523, 0.0, 0.006802721088435374, 0.9931972789115646, 0.04081632653061224, 0.05442176870748299, 0.9047619047619048, 0.02040816326530612, 0.5578231292517006, 0.4217687074829932, 0.027210884353741496, 0.6190476190476191, 0.35374149659863946, 0.05442176870748299, 0.9319727891156463, 0.013605442176870748, 0.034013605442176874, 0.891156462585034, 0.07482993197278912, 0.027210884353741496, 0.8775510204081632, 0.09523809523809523, 0.047619047619047616, 0.19727891156462585, 0.7551020408163265, 0.3129251700680272, 0.006802721088435374, 0.6802721088435374], [0.10344827586206896, 0.3793103448275862, 0.5172413793103449, 0.10344827586206896, 0.7586206896551724, 0.13793103448275862, 0.06896551724137931, 0.10344827586206896, 0.8275862068965517, 0.06896551724137931, 0.896551724137931, 0.034482758620689655, 0.034482758620689655, 0.8620689655172413, 0.10344827586206896, 0.0, 0.10344827586206896, 0.896551724137931, 0.034482758620689655, 0.1724137931034483, 0.7931034482758621, 0.0, 0.06896551724137931, 0.9310344827586207, 0.06896551724137931, 0.034482758620689655, 0.896551724137931, 0.0, 0.13793103448275862, 0.8620689655172413, 0.034482758620689655, 0.7586206896551724, 0.20689655172413793, 0.034482758620689655, 0.5517241379310345, 0.41379310344827586, 0.06896551724137931, 0.4482758620689655, 0.4827586206896552, 0.0, 0.2413793103448276, 0.7586206896551724, 0.034482758620689655, 0.8275862068965517, 0.13793103448275862, 0.3103448275862069, 0.0, 0.6896551724137931], [0.0, 0.5833333333333334, 0.4166666666666667, 0.041666666666666664, 0.875, 0.08333333333333333, 0.0, 0.6666666666666666, 0.3333333333333333, 0.0, 0.125, 0.875, 0.0, 0.08333333333333333, 0.9166666666666666, 0.0, 0.2916666666666667, 0.7083333333333334, 0.041666666666666664, 0.0, 0.9583333333333334, 0.041666666666666664, 0.3333333333333333, 0.625, 0.041666666666666664, 0.5416666666666666, 0.4166666666666667, 0.0, 0.2916666666666667, 0.7083333333333334, 0.0, 0.9166666666666666, 0.08333333333333333, 0.041666666666666664, 0.4166666666666667, 0.5416666666666666, 0.041666666666666664, 0.4583333333333333, 0.5, 0.0, 0.0, 1.0, 0.16666666666666666, 0.5416666666666666, 0.2916666666666667, 0.08333333333333333, 0.041666666666666664, 0.875], [0.0, 0.5555555555555556, 0.4444444444444444, 0.2222222222222222, 0.0, 0.7777777777777778, 0.0, 0.0, 1.0, 0.0, 0.8888888888888888, 0.1111111111111111, 0.2222222222222222, 0.5555555555555556, 0.2222222222222222, 0.1111111111111111, 0.0, 0.8888888888888888, 0.0, 0.0, 1.0, 0.0, 0.0, 1.0, 0.2222222222222222, 0.5555555555555556, 0.2222222222222222, 0.0, 0.0, 1.0, 0.3333333333333333, 0.4444444444444444, 0.2222222222222222, 0.5555555555555556, 0.4444444444444444, 0.0, 0.1111111111111111, 0.8888888888888888, 0.0, 0.0, 0.8888888888888888, 0.1111111111111111, 0.0, 0.2222222222222222, 0.7777777777777778, 0.3333333333333333, 0.0, 0.6666666666666666], [0.75, 0.25, 0.0, 1.0, 0.0, 0.0, 0.75, 0.0, 0.25, 0.75, 0.25, 0.0, 0.75, 0.25, 0.0, 0.75, 0.25, 0.0, 0.75, 0.0, 0.25, 0.75, 0.0, 0.25, 0.75, 0.0, 0.25, 0.75, 0.25, 0.0, 1.0, 0.0, 0.0, 1.0, 0.0, 0.0, 1.0, 0.0, 0.0, 0.75, 0.0, 0.25, 1.0, 0.0, 0.0, 1.0, 0.0, 0.0], [0.0, 0.8571428571428571, 0.14285714285714285, 0.08571428571428572, 0.34285714285714286, 0.5714285714285714, 0.0, 0.11428571428571428, 0.8857142857142857, 0.05714285714285714, 0.9142857142857143, 0.02857142857142857, 0.02857142857142857, 0.8857142857142857, 0.08571428571428572, 0.05714285714285714, 0.02857142857142857, 0.9142857142857143, 0.05714285714285714, 0.17142857142857143, 0.7714285714285715, 0.02857142857142857, 0.08571428571428572, 0.8857142857142857, 0.05714285714285714, 0.17142857142857143, 0.7714285714285715, 0.0, 0.4857142857142857, 0.5142857142857142, 0.02857142857142857, 0.05714285714285714, 0.9142857142857143, 0.0, 0.8857142857142857, 0.11428571428571428, 0.08571428571428572, 0.5142857142857142, 0.4, 0.08571428571428572, 0.45714285714285713, 0.45714285714285713, 0.11428571428571428, 0.11428571428571428, 0.7714285714285715, 0.2, 0.02857142857142857, 0.7714285714285715], [0.04, 0.28, 0.68, 0.04, 0.16, 0.8, 0.04, 0.04, 0.92, 0.12, 0.84, 0.04, 0.12, 0.04, 0.84, 0.04, 0.0, 0.96, 0.04, 0.84, 0.12, 0.12, 0.48, 0.4, 0.16, 0.76, 0.08, 0.0, 0.72, 0.28, 0.04, 0.24, 0.72, 0.08, 0.88, 0.04, 0.08, 0.36, 0.56, 0.08, 0.32, 0.6, 0.04, 0.6, 0.36, 0.4, 0.04, 0.56]]}