{"clusters": [[0, 1, 6, 7, 8, 10, 11, 14, 15, 18, 28, 30, 33, 35, 36, 37, 38, 49, 51, 53, 55, 56, 57, 58, 59, 61, 65, 66, 67, 73, 75, 76, 77, 79, 82, 83, 84, 85, 86, 87, 89, 96, 99, 100, 106, 111, 113, 117, 119, 120, 121, 122, 123, 125, 126, 132, 133, 134, 135, 136, 141, 142, 146, 148, 150, 151, 154, 155, 156, 158, 160, 161, 162, 163, 164, 166, 168, 171, 173, 188, 190, 191, 195, 197, 204, 206, 207, 211, 214, 215, 217, 223, 224, 225, 228, 229, 230, 231, 233, 235, 239, 240, 242, 247, 250, 251, 253, 256, 257, 266, 273, 274, 275, 276, 277, 278, 279, 282, 283, 295, 296, 300, 302, 303, 304, 305, 306, 308, 310, 313, 314, 324, 325, 327, 330, 335, 339, 340, 343, 345, 346, 347, 349, 351, 353, 356, 357, 359, 363, 364, 365, 369, 372, 374, 375, 377, 378, 379, 382, 384, 385, 388, 392, 399, 400, 401, 403, 404, 405, 407, 409, 410, 412, 416, 427, 430, 432, 433, 434], [9, 12, 13, 16, 17, 19, 20, 21, 22, 23, 24, 25, 26, 27, 29, 31, 32, 34, 39, 40, 41, 42, 43, 44, 45, 46, 47, 48, 50, 52, 60, 62, 63, 64, 68, 69, 70, 71, 72, 74, 80, 81, 90, 91, 92, 93, 98, 105, 108, 109, 110, 112, 114, 116, 118, 124, 127, 130, 139, 143, 149, 169, 170, 172, 174, 175, 176, 177, 178, 179, 181, 182, 184, 185, 186, 187, 189, 193, 194, 198, 199, 200, 201, 202, 203, 205, 208, 209, 210, 212, 218, 219, 220, 222, 227, 232, 236, 237, 238, 241, 243, 244, 245, 246, 249, 252, 254, 255, 258, 259, 260, 262, 263, 264, 265, 267, 268, 269, 270, 271, 272, 280, 284, 285, 287, 291, 297, 298, 301, 307, 309, 312, 317, 318, 319, 321, 326, 328, 329, 331, 332, 333, 334, 337, 338, 344, 348, 350, 354, 355, 360, 362, 366, 367, 368, 371, 376, 380, 389, 391, 395, 408, 411, 414, 415, 417, 418, 419, 422, 425, 426, 428, 429, 431], [54, 102, 103, 216, 281, 286, 289, 290, 322, 323, 358, 361, 381, 387, 390], [115, 261, 370], [104, 128, 131, 137, 138, 140, 144, 145, 147, 152, 153, 157, 159, 165, 192, 196, 213, 226, 234, 292, 293, 294, 299, 311, 316, 320, 336, 341, 352, 393, 402, 423, 424], [107, 183, 248], [95, 129, 180], [2, 3, 4, 5, 78, 88, 94, 97, 101, 167, 221, 288, 315, 342, 373, 383, 386, 394, 396, 397, 398, 406, 413, 420, 421]], "centers": [[-0.16843038421330453, 0.5818556155452367, -0.5298096480164615, -0.04906423346702814, -0.056331471135940024, 0.08715610625047195, -0.05431700027996229, 0.9337053617400419, -0.907227925438578, -0.16106953848079167, -0.9883406017274571, 1.048113233773855, -0.158365002657498, -0.9460515154475576, 1.0032618069787251, -0.16106953848079167, -0.5922672050166234, 0.6356252596504303, -0.05574047597588883, 0.7826523343339329, -0.7561854380102871, 0.05595563427231589, 0.9516238982522065, -0.96234398634663, -0.1798108765085141, 0.8641381727783177, -0.7850416991276923, -0.08348902093685093, -0.002646450844336532, 0.023656890856697137, -0.04277946636784747, 0.30155914487895374, -0.2905957940384798, -0.03813895577589734, -0.8723650701173883, 0.9108300930989496, -0.054904522271862474, -0.7363156220672677, 0.760331693276175, -0.057524664261484254, -0.7780437189986867, 0.7893574876288938, -0.03464405649750514, 0.6510613710711681, -0.6454428279400776, -0.25928052160577847, 0.51915894011331, -0.14596022767996963], [-0.06316139407998894, -0.5583452561735963, 0.5827698593676669, -0.040353999873257544, 0.15277777777777735, -0.12711879496828193, -0.08785611189861378, -0.6989183372220656, 0.7200000542935325, -0.08785611189861378, 0.8028209588357176, -0.7814838096678066, -0.09449111825230715, 0.987148978486467, -0.9520285741281688, -0.0512493986075244, 0.9064478798990051, -0.8762299959337633, -0.11722964333832557, -0.7549515132398199, 0.7900764634099169, -0.1574851970871786, -0.8088528876890773, 0.8583364912067972, 0.057700067771392555, -0.810328878295277, 0.7848231176797604, -0.036539204762093595, 0.0712871637632201, -0.06207044164517761, -0.14478512671975227, -0.01882608315749688, 0.0846388958461682, -0.05361418652266196, 0.7006319576040952, -0.6871520352486303, -0.07407971974871898, 0.813839476832571, -0.7776055327528825, -0.11269664928185918, 0.9422856948630947, -0.8846028542592865, -0.09835876765417023, -0.6015294109693055, 0.6616437810966068, 0.0997105385318242, -0.39126113017809133, 0.19402320430054243], [0.2386097109688469, -0.9551856861812794, 0.8822810619908878, -0.13940472683489025, -0.08333333333333298, 0.17103256050277896, -0.16106953848079159, -0.5318368491992848, 0.5778641212452928, -0.16106953848079136, 0.7378527887565287, -0.6925724780289555, 0.9071147352221485, -0.5568532699154435, 0.2253594209288904, -0.1610695384807914, -0.7328727539608978, 0.7741218934265783, 1.7063425863689579, -0.1724271974683535, -0.4343110383656853, 0.1763834207376399, -0.1542898571892462, 0.08791586702387683, 1.2903833337965906, -0.28085262259097676, -0.2853902246108212, -0.12788721666732755, -0.04139254670122474, 0.07356496787576623, -0.2252213082307253, -0.42358687104367826, 0.5368524250814097, -0.2770066303670863, 0.3964101865391596, -0.25885864341558107, -0.2469323991623966, 0.009221977074590033, 0.10582797191311447, -0.20166768818859018, -0.8009428406336283, 0.8683503083805058, 0.009367501681349618, 0.39641018653915966, -0.4082482904638644, 1.471404163199348, -0.21700197135927787, -1.1357455861495183], [-0.16843038421330372, -0.4199125480313837, 0.47828920728979724, 0.7116978159465449, -0.21759259259259175, -0.23112508176051202, -0.1610695384807916, -0.8048150549829883, 0.8481554037632525, -0.1610695384807913, 0.8724297124919961, -0.828279247372467, 3.4646743359179286, -0.2899318678072144, -0.9750244334066274, 4.085309203285527, -0.732872753960898, -0.603150186902917, -0.18235722297072834, -0.848155403763252, 0.905584718294408, -0.1889822365046142, -0.8322301387783576, 0.8930401229267474, -0.23080027108556914, -0.2808526225909767, 0.38205465552738965, -0.1278872166673276, -0.30814451433133977, 0.34023797642541886, 4.440077219405729, -1.2425214883947895, -0.7254762501100135, 3.6100218925258996, -1.0739950402747, -0.8048150549829883, -0.2469323991623966, 1.0789713177270346, -0.9616541795583003, 1.518439064008209, 0.5653714169178555, -1.1516089651249486, 1.0959976967178984, -1.0739950402747, 0.544331053951819, 0.2209801124218801, -0.4077006734628858, 0.09937773878808291], [0.38662429103508356, 0.6141378324854598, -0.7459285342286605, 0.22811682572982056, 0.02651515151515142, -0.1701921056600134, 0.22496489258887423, -0.43257204709611974, 0.35671670827605323, 0.4179821081237064, 0.5054017386679939, -0.6432245619040425, -0.02290693775813507, 0.9840111877093328, -0.9750244334066275, 0.03194767705404133, -0.6057596566829909, 0.586312064290738, -0.18235722297072843, -0.3567167082760532, 0.41834989769073777, -0.1889822365046143, -0.832230138778357, 0.893040122926748, -0.23080027108556925, -0.7056893020691304, 0.8067923065244327, -0.12788721666732752, -0.3687699615200025, 0.40084547836852175, -0.0838486255750752, -0.4359949713065739, 0.4858492462857967, -0.27700663036708645, 0.5665397169143169, -0.43257204709611974, 0.14366975951266714, -0.07587172047730895, 0.00878413996116764, 0.2674523351378094, -0.3662064859581562, 0.25624143762127716, 0.10815206486649032, -0.34486848152402577, 0.29690784761008304, 0.1499332913549786, -0.321019445233973, 0.09937773878808287], [3.9019705676082026, -0.4199125480313837, -0.8683503083805056, 2.839454172900133, -0.8888888888888854, -0.901387818865997, 6.208498574168696, -0.8048150549829883, -1.1790292151214443, 6.208498574168683, -1.1462241435400158, -0.828279247372467, 5.2915026221292, -0.9572353730777872, -0.9750244334066274, 6.208498574168686, -0.732872753960898, -1.2917862270676648, 5.483742205048332, -0.848155403763252, -1.104258916695732, 5.291502622129198, -0.8322301387783576, -1.119770516830429, 2.8115669386787516, -0.9484531189137902, -0.2853902246108213, 7.819389819088033, -0.9750244334066274, -0.9931270663228443, 4.440077219405729, -1.2425214883947895, -0.7254762501100135, 3.6100218925258996, -1.0739950402747, -0.8048150549829883, 4.049691346263304, -0.9268086959962988, -0.9616541795583003, 3.238545816205008, -0.8009428406336285, -0.47828920728979724, 3.8125731843092705, 