{"clusters": [[0, 1, 6, 7, 8, 10, 11, 14, 15, 18, 28, 30, 33, 35, 36, 37, 38, 49, 51, 53, 55, 56, 57, 58, 59, 61, 65, 66, 67, 75, 76, 77, 79, 82, 83, 84, 85, 86, 87, 89, 96, 99, 100, 106, 111, 113, 117, 119, 120, 121, 122, 123, 125, 126, 132, 133, 134, 135, 136, 141, 142, 146, 148, 150, 151, 154, 155, 156, 158, 160, 161, 162, 163, 164, 168, 171, 173, 188, 190, 191, 195, 197, 204, 206, 207, 211, 214, 215, 217, 223, 224, 225, 228, 229, 230, 231, 233, 235, 240, 247, 250, 251, 253, 256, 257, 266, 273, 275, 276, 278, 279, 282, 283, 295, 296, 300, 302, 303, 304, 305, 306, 308, 310, 313, 314, 324, 325, 327, 330, 335, 339, 340, 345, 346, 347, 349, 353, 356, 357, 359, 363, 364, 365, 369, 372, 374, 375, 377, 378, 379, 382, 384, 385, 388, 392, 399, 400, 401, 403, 404, 405, 407, 409, 410, 412, 416, 427, 430, 432, 433, 434], [9, 12, 13, 17, 19, 20, 21, 22, 23, 24, 25, 26, 27, 29, 31, 32, 34, 39, 40, 41, 42, 43, 44, 45, 46, 47, 48, 50, 52, 60, 62, 63, 64, 68, 69, 70, 71, 72, 74, 80, 81, 90, 91, 92, 93, 98, 105, 108, 109, 110, 112, 114, 116, 118, 124, 127, 130, 139, 143, 149, 169, 170, 172, 174, 175, 176, 177, 178, 179, 181, 182, 184, 185, 186, 187, 189, 193, 194, 198, 199, 200, 201, 202, 203, 208, 209, 210, 212, 218, 219, 220, 222, 227, 232, 236, 237, 238, 241, 243, 244, 245, 246, 249, 252, 254, 255, 258, 259, 260, 262, 263, 264, 265, 267, 268, 269, 270, 271, 272, 280, 285, 287, 291, 297, 298, 301, 307, 309, 312, 317, 318, 319, 321, 326, 328, 329, 331, 332, 333, 334, 337, 338, 344, 348, 350, 354, 355, 360, 366, 367, 368, 371, 376, 380, 389, 391, 395, 408, 411, 414, 415, 417, 418, 419, 422, 425, 426, 428, 429, 431], [54, 159, 286, 289, 290, 294, 322, 323, 358, 381, 387, 390], [115, 261, 370], [16, 104, 128, 131, 137, 138, 140, 144, 145, 147, 152, 153, 157, 165, 192, 196, 205, 213, 226, 234, 284, 292, 293, 299, 311, 316, 320, 336, 341, 352, 362, 393, 402, 423, 424], [107, 183, 248], [95, 129, 180], [2, 3, 4, 5, 78, 88, 221, 288, 315, 342, 373, 383, 386, 394, 396, 397, 398, 421], [73, 94, 97, 101, 102, 103, 166, 167, 216, 239, 242, 274, 277, 281, 343, 351, 361, 406, 413, 420]], "centers": [[-0.1684303842133045, 0.6013322550177593, -0.5494093704585903, -0.03488336193190672, -0.1115984405458084, 0.13340377526176855, -0.049322729486941025, 0.9671487369463173, -0.9419315988776181, -0.16106953848079167, -0.9927592305083429, 1.0525689593183098, -0.1569326174482762, -0.945528294037956, 1.002216028413087, -0.16106953848079167, -0.6224850642195601, 0.6653898870847783, -0.04981688547320621, 0.8589474331922805, -0.8339290710537816, 0.06741471594609039, 0.9756106121259369, -0.9902914698285078, -0.1774254077563711, 0.8903763183262399, -0.8123203931409858, -0.08141191236466483, 0.031145269057841613, -0.010647561139913582, -0.03424417552046134, 0.27801500873373586, -0.2702505095439051, -0.04969502084118081, -0.9215606866177585, 0.9671487369463174, -0.04592076194949831, -0.7977819114877811, 0.8174827395607247, -0.0507811309783447, -0.7769724150625487, 0.7856619170674146, -0.023993951675035773, 0.6965886060482084, -0.6971257357628577, -0.24518674861357925, 0.5625207933800326, -0.18953999803942626], [-0.06068447666508738, -0.5694741601614998, 0.5931496365675597, -0.033016908987210686, 0.1417483660130715, -0.12072886623725611, -0.08613344303785665, -0.6964266497453383, 0.7169846343060096, -0.08613344303785665, 0.801183105808511, -0.7803827405453437, -0.09226779782284109, 0.9857954216806445, -0.9514874950863229, -0.0486653953163887, 0.9450201301074735, -0.9150618050951831, -0.11569722969991607, -0.7646830959268256, 0.7991812317361059, -0.15674409027735658, -0.8083028347222707, 0.8575199351663279, 0.037643894481870915, -0.8070788961630765, 0.7903738763178266, -0.0343898397760881, 0.09590626016721648, -0.08722316963211238, -0.14289251068419995, -0.002076406230606332, 0.06657311471597767, -0.04835789372632254, 0.7305931926332178, -0.7205129620203707, -0.09528685520619537, 0.8311984925023874, -0.7850486765575133, -0.11060321307228907, 0.9350799807259063, -0.8783203575330358, -0.11847134479353838, -0.6257966556309023, 0.6964235543207089, 0.11524572577525627, -0.39087431739491973, 0.18010475348988653], [0.3403697347643846, -0.5871854037032261, 0.4782892072897971, -0.08621081791105056, -0.5532407407407386, 0.606703339621344, -0.1610695384807916, -0.6342036763681734, 0.6792233521895278, -0.16106953848079134, 0.8724297124919963, -0.828279247372467, 1.6378460497066571, -0.2899318678072144, -0.3081445143313397, -0.1610695384807914, -0.7328727539608978, 0.7741218934265784, 1.7063425863689587, -0.17242719746835347, -0.43431103836568524, 0.2677248350482035, -0.6627450683810796, 0.5575716829672178, 0.5297915313555109, -0.11395249851027335, -0.11852900457626858, -0.12788721666732758, -0.3081445143313397, 0.34023797642541886, -0.2252213082307253, -0.9012987311651598, 1.0277580209891855, -0.2770066303670863, 0.26273698410153595, -0.12236954052372924, -0.2469323991623966, -0.09106702361157663, 0.20590442361355957, 0.22835899986060962, -0.8009428406336285, 0.7000203689217178, -0.26229004707778764, 0.7640114932426246, -0.6463931265677854, 1.5886314179597354, -0.4077006734628857, -1.1014366049012516], [-0.16843038421330372, -0.4199125480313837, 0.47828920728979724, 0.7116978159465449, -0.21759259259259175, -0.23112508176051202, -0.1610695384807916, -0.8048150549829883, 0.8481554037632525, -0.1610695384807913, 0.8724297124919961, -0.828279247372467, 3.4646743359179286, -0.2899318678072144, -0.9750244334066274, 4.085309203285527, -0.732872753960898, -0.603150186902917, -0.18235722297072834, -0.848155403763252, 0.905584718294408, -0.1889822365046142, -0.8322301387783576, 0.8930401229267474, -0.23080027108556914, -0.2808526225909767, 0.38205465552738965, -0.1278872166673276, -0.30814451433133977, 0.34023797642541886, 4.440077219405729, -1.2425214883947895, -0.7254762501100135, 3.6100218925258996, -1.0739950402747, -0.8048150549829883, -0.2469323991623966, 1.0789713177270346, -0.9616541795583003, 1.518439064008209, 0.5653714169178555, -1.1516089651249486, 1.0959976967178984, -1.0739950402747, 0.544331053951819, 0.2209801124218801, -0.4077006734628858, 0.09937773878808291], [0.35490688102089, 0.5168154437309335, -0.6374978199798828, 0.19495698640067363, 0.1468253968253961, -0.2694258095951113, 0.20290578224203618, -0.4538430761182265, 0.3847989194467503, 0.3848934426034494, 0.5263747657436512, -0.6537991153593811, -0.1889822365046143, 1.0446751427339303, -0.9750244334066277, 0.020918121880622337, -0.6130232622417283, 0.5970440545270718, -0.18235722297072846, -0.3268793589071875, 0.38876778358265773, -0.1889822365046143, -0.832230138778357, 0.8930401229267481, -0.10041310495281251, -0.7767844198593521, 0.8206612910467851, -0.12788721666732755, -0.4034130741992382, 0.43547833662172336, -0.09192706458396949, -0.4235868710436783, 0.4767415357865801, -0.27700663036708645, 0.4155063583159632, -0.2783570866858455, 0.24411031460054064, -0.0671886901148703, -0.046669478297087674, 0.09320775504514682, -0.15682326207364325, 0.11807972107847979, 0.20340860793787607, -0.3292443409793685, 0.2332847374079224, -0.024638897552265428, -0.3259726582756252, 0.2562187959230163], [3.9019705676082026, -0.4199125480313837, -0.8683503083805056, 2.839454172900133, -0.8888888888888854, -0.901387818865997, 6.208498574168696, -0.8048150549829883, -1.1790292151214443, 6.208498574168683, -1.1462241435400158, -0.828279247372467, 5.2915026221292, -0.9572353730777872, -0.9750244334066274, 6.208498574168686, -0.732872753960898, -1.2917862270676648, 5.483742205048332, -0.848155403763252, -1.104258916695732, 5.291502622129198, -0.8322301387783576, -1.119770516830429, 2.8115669386787516, -0.9484531189137902, -0.2853902246108213, 7.819389819088033, -0.9750244334066274, -0.9931270663228443, 4.440077219405729, -1.2425214883947895, -0.7254762501100135, 3.6100218925258996, -1.0739950402747, -0.8048150549829883, 4.049691346263304, -0.9268086959962988, -0.9616541795583003, 3.238545816205008, -0.8009428406336285, -0.47828920728979724, 3.8125731843092705, 