{"clusters": [[0, 1, 6, 7, 8, 10, 11, 14, 15, 18, 30, 33, 35, 36, 37, 38, 49, 51, 53, 55, 56, 57, 58, 59, 61, 65, 66, 67, 75, 76, 77, 79, 82, 83, 84, 85, 86, 87, 89, 96, 99, 100, 106, 111, 113, 117, 119, 120, 121, 122, 123, 125, 126, 132, 133, 134, 135, 136, 146, 148, 150, 151, 154, 155, 156, 158, 160, 161, 162, 163, 164, 168, 171, 173, 190, 191, 195, 197, 204, 206, 207, 211, 214, 215, 217, 223, 224, 225, 228, 229, 230, 231, 233, 235, 247, 250, 251, 253, 256, 257, 266, 275, 276, 278, 279, 282, 283, 295, 296, 302, 303, 304, 305, 306, 308, 310, 313, 314, 324, 325, 327, 330, 335, 339, 340, 346, 347, 353, 356, 357, 359, 363, 364, 365, 369, 372, 374, 375, 377, 378, 379, 382, 384, 385, 388, 390, 392, 399, 400, 401, 403, 404, 405, 407, 409, 410, 412, 416, 430, 432, 433, 434], [9, 12, 17, 19, 20, 21, 22, 23, 24, 25, 26, 27, 29, 31, 32, 34, 39, 40, 41, 42, 43, 44, 45, 46, 47, 48, 50, 52, 60, 62, 63, 64, 68, 69, 70, 71, 72, 90, 91, 92, 93, 98, 105, 108, 109, 110, 114, 116, 124, 130, 139, 149, 169, 170, 172, 174, 175, 176, 177, 178, 179, 180, 181, 182, 184, 185, 187, 189, 193, 198, 199, 200, 201, 202, 203, 208, 209, 210, 212, 218, 220, 222, 227, 232, 236, 238, 241, 243, 244, 245, 246, 249, 252, 254, 255, 258, 259, 260, 261, 262, 263, 264, 265, 267, 268, 269, 270, 272, 297, 301, 312, 317, 318, 319, 321, 326, 328, 329, 331, 332, 333, 337, 338, 344, 348, 355, 366, 371, 376, 389, 391, 395, 411, 414, 417, 418, 419, 425, 426, 428, 429, 431], [16, 74, 80, 81, 131, 137, 138, 144, 145, 147, 153, 196, 205, 234, 237, 280, 286, 290, 291, 292, 294, 299, 307, 309, 311, 316, 320, 358, 360, 361, 381, 402, 406, 408], [28, 73, 97, 103, 140, 141, 142, 166, 167, 188, 239, 240, 242, 273, 274, 277, 281, 300, 343, 345, 349, 351, 420, 427], [13, 112, 115, 354, 367, 368, 370, 413, 415], [107, 129, 183, 248], [88, 118, 127, 128, 143, 152, 157, 159, 165, 186, 192, 194, 213, 219, 226, 271, 284, 285, 287, 293, 298, 334, 336, 341, 342, 350, 352, 362, 380, 383, 421, 422, 423, 424], [2, 3, 4, 5, 54, 78, 94, 95, 101, 102, 216, 221, 288, 289, 315, 322, 323, 373, 386, 387, 394, 396, 397, 398], [104, 393]], "centers": [[0.006172839506172839, 0.8395061728395061, 0.15432098765432098, 0.10493827160493827, 0.35802469135802467, 0.5370370370370371, 0.018518518518518517, 0.8641975308641975, 0.11728395061728394, 0.0, 0.08641975308641975, 0.9135802469135802, 0.012345679012345678, 0.0, 0.9876543209876543, 0.0, 0.037037037037037035, 0.9629629629629629, 0.030864197530864196, 0.8888888888888888, 0.08024691358024691, 0.043209876543209874, 0.9382716049382716, 0.018518518518518517, 0.012345679012345678, 0.9506172839506173, 0.037037037037037035, 0.006172839506172839, 0.5123456790123457, 0.48148148148148145, 0.043209876543209874, 0.7222222222222222, 0.2345679012345679, 0.06172839506172839, 0.08024691358024691, 0.8580246913580247, 0.043209876543209874, 0.06790123456790123, 0.8888888888888888, 0.030864197530864196, 0.012345679012345678, 0.9567901234567902, 0.043209876543209874, 0.9012345679012346, 0.05555555555555555, 0.1419753086419753, 0.35802469135802467, 0.5], [0.02112676056338028, 0.19718309859154928, 0.7816901408450704, 0.11267605633802817, 0.528169014084507, 0.3591549295774648, 0.014084507042253521, 0.035211267605633804, 0.9507042253521126, 0.007042253521126761, 0.9647887323943662, 0.028169014084507043, 0.02112676056338028, 0.971830985915493, 0.007042253521126761, 0.028169014084507043, 0.9084507042253521, 0.06338028169014084, 0.007042253521126761, 0.035211267605633804, 0.9577464788732394, 0.0, 0.007042253521126761, 0.9929577464788732, 0.04225352112676056, 0.056338028169014086, 0.9014084507042254, 0.02112676056338028, 0.5774647887323944, 0.4014084507042254, 0.028169014084507043, 0.6408450704225352, 0.33098591549295775, 0.056338028169014086, 0.9295774647887324, 0.014084507042253521, 0.035211267605633804, 0.8873239436619719, 0.07746478873239436, 0.028169014084507043, 0.8873239436619719, 0.08450704225352113, 0.04929577464788732, 0.20422535211267606, 0.7464788732394366, 0.323943661971831, 0.007042253521126761, 0.6690140845070423], [0.029411764705882353, 0.5, 0.47058823529411764, 0.058823529411764705, 0.7941176470588235, 0.14705882352941177, 0.0, 0.11764705882352941, 0.8823529411764706, 0.0, 0.9705882352941176, 0.029411764705882353, 0.029411764705882353, 0.8823529411764706, 0.08823529411764706, 0.0, 0.08823529411764706, 0.9117647058823529, 0.058823529411764705, 0.14705882352941177, 0.7941176470588235, 0.0, 0.058823529411764705, 0.9411764705882353, 0.08823529411764706, 0.08823529411764706, 0.8235294117647058, 0.0, 0.14705882352941177, 0.8529411764705882, 0.0, 0.6764705882352942, 0.3235294117647059, 0.029411764705882353, 0.5882352941176471, 0.38235294117647056, 0.058823529411764705, 0.5, 0.4411764705882353, 0.0, 0.14705882352941177, 0.8529411764705882, 0.029411764705882353, 0.6470588235294118, 0.3235294117647059, 0.29411764705882354, 0.029411764705882353, 0.6764705882352942], [0.0, 0.5833333333333334, 0.4166666666666667, 0.041666666666666664, 0.875, 0.08333333333333333, 0.0, 0.6666666666666666, 0.3333333333333333, 0.0, 0.125, 0.875, 0.0, 0.08333333333333333, 0.9166666666666666, 0.0, 0.2916666666666667, 0.7083333333333334, 0.041666666666666664, 0.0, 0.9583333333333334, 0.041666666666666664, 0.3333333333333333, 0.625, 0.041666666666666664, 0.5416666666666666, 0.4166666666666667, 0.0, 0.2916666666666667, 0.7083333333333334, 0.0, 0.9166666666666666, 0.08333333333333333, 0.041666666666666664, 0.4166666666666667, 0.5416666666666666, 0.041666666666666664, 0.4583333333333333, 0.5, 0.0, 0.0, 1.0, 0.16666666666666666, 0.5416666666666666, 0.2916666666666667, 0.08333333333333333, 0.041666666666666664, 0.875], [0.0, 0.5555555555555556, 0.4444444444444444, 0.2222222222222222, 0.0, 0.7777777777777778, 0.0, 0.0, 1.0, 0.0, 0.8888888888888888, 0.1111111111111111, 0.2222222222222222, 0.5555555555555556, 0.2222222222222222, 0.1111111111111111, 0.0, 0.8888888888888888, 0.0, 0.0, 1.0, 0.0, 0.0, 1.0, 0.2222222222222222, 0.5555555555555556, 0.2222222222222222, 0.0, 0.0, 1.0, 0.3333333333333333, 0.4444444444444444, 0.2222222222222222, 0.5555555555555556, 0.4444444444444444, 0.0, 0.1111111111111111, 0.8888888888888888, 0.0, 0.0, 0.8888888888888888, 0.1111111111111111, 0.0, 0.2222222222222222, 0.7777777777777778, 0.3333333333333333, 0.0, 0.6666666666666666], [0.75, 0.25, 0.0, 1.0, 0.0, 0.0, 0.75, 0.0, 0.25, 0.75, 0.25, 0.0, 0.75, 0.25, 0.0, 0.75, 0.25, 0.0, 0.75, 0.0, 0.25, 0.75, 0.0, 0.25, 0.75, 0.0, 0.25, 0.75, 0.25, 0.0, 1.0, 0.0, 0.0, 1.0, 0.0, 0.0, 1.0, 0.0, 0.0, 0.75, 0.0, 0.25, 1.0, 0.0, 0.0, 1.0, 0.0, 0.0], [0.029411764705882353, 0.8235294117647058, 0.14705882352941177, 0.08823529411764706, 0.20588235294117646, 0.7058823529411765, 0.0, 0.14705882352941177, 0.8529411764705882, 0.058823529411764705, 0.9117647058823529, 0.029411764705882353, 0.029411764705882353, 0.8529411764705882, 0.11764705882352941, 0.058823529411764705, 0.17647058823529413, 0.7647058823529411, 0.029411764705882353, 0.20588235294117646, 0.7647058823529411, 0.029411764705882353, 0.08823529411764706, 0.8823529411764706, 0.029411764705882353, 0.11764705882352941, 0.8529411764705882, 0.0, 0.4411764705882353, 0.5588235294117647, 0.029411764705882353, 0.0, 0.9705882352941176, 0.0, 0.9411764705882353, 0.058823529411764705, 0.08823529411764706, 0.5882352941176471, 0.3235294117647059, 0.08823529411764706, 0.6176470588235294, 0.29411764705882354, 0.11764705882352941, 0.14705882352941177, 0.7352941176470589, 0.11764705882352941, 0.0, 0.8823529411764706], [0.041666666666666664, 0.2916666666666667, 0.6666666666666666, 0.041666666666666664, 0.16666666666666666, 0.7916666666666666, 0.041666666666666664, 0.041666666666666664, 0.9166666666666666, 0.125, 0.8333333333333334, 0.041666666666666664, 0.125, 0.041666666666666664, 0.8333333333333334, 0.041666666666666664, 0.0, 0.9583333333333334, 0.041666666666666664, 0.8333333333333334, 0.125, 0.125, 0.5, 0.375, 0.16666666666666666, 0.7916666666666666, 0.041666666666666664, 0.0, 0.75, 0.25, 0.041666666666666664, 0.25, 0.7083333333333334, 