{"clusters": [[83, 118, 131, 132, 133, 135, 136, 137, 138, 139, 140, 141, 142, 143, 144, 145, 146, 147, 148, 149, 153, 154, 155, 156, 157, 160, 161, 162, 163, 164, 165, 167, 170, 171, 172, 173, 174, 175, 176], [0, 1, 3, 5, 6, 8, 9, 10, 11, 12, 13, 14, 18, 19, 20, 22, 27, 29, 31, 39, 40, 42, 44, 46, 47, 48, 49, 50, 51, 52, 54, 55, 56, 58], [82, 86, 87, 88, 89, 90, 91, 92, 105, 107, 113, 114, 115, 127], [69, 78, 95], [38, 63, 65, 66, 71, 74, 80, 81, 84, 85, 93, 94, 97, 98, 99, 109, 110], [41, 43, 72, 79, 102, 103, 104, 106, 108, 111, 116, 117, 119, 120, 122, 123, 124, 125, 126, 128, 129], [59, 62, 67, 75, 76, 100, 101], [150, 151, 152, 158, 159, 166, 168, 169, 177], [60, 61, 64, 68, 70, 77, 96, 112, 130, 134], [2, 4, 7, 15, 16, 17, 21, 23, 24, 25, 26, 28, 30, 32, 33, 34, 35, 36, 37, 45, 53, 57, 73, 121]], "centers": [[0.09584068896734389, 1.095204640501274, 0.03147742432644417, 0.42114732259097065, -0.22850184262032977, -1.1059942326918415, -1.305710641739274, 0.863155621298902, -0.9405122999369981, 0.7554944958074731, -1.150892101817638, -1.2471410232271585, -0.3761652264549842], [1.1491229911571583, -0.39935033926017743, -0.076501235925028, -1.1104193677188614, 0.4229042783502934, 1.0403929211639948, 1.0977145204418848, -0.8183492926167089, 0.8095369814294052, 0.3975183793701042, 0.3815331818773184, 0.8700106290570646, 1.3072936128271069], [-1.2510279770168566, -0.6391923536654206, 0.15633476497610035, 0.9495609134177612, -1.0852074749728737, -0.5907536650496219, -0.26746930455854745, 1.009553856007095, -0.1317297281843054, -1.0225107285629838, 0.691227679456608, 0.11061490362892143, -0.8062468533502374], [-0.8201557927884598, -0.9901358977293698, -1.4615887478819392, -0.7892321847899627, 3.505407605141373, -0.33934021497324823, -0.23017911201458108, -0.7401411749408248, 2.20021081654146, -0.9118964043484595, 0.917906846434782, 0.08236604732196635, 0.17442557558143745], [-0.8073187255048844, -0.6393432214209829, -0.5183674460784228, -0.2828692566160803, -0.5559522939357529, 0.7486743245789036, 0.606066110826582, -0.8064995778173326, 0.7239940503664354, -0.7284358409864145, 0.7880072099501355, 0.5069297406412019, -0.6459249879049541], [-0.7395694593559825, 0.3721747903727081, -0.5407909659541252, 0.489123925241045, -0.6639274312041954, 0.12533593402982207, 0.24025100930930163, -0.1569094979581849, 0.14109480066196492, -0.9872871728075207, -0.27085302463048233, 0.6379268880254145, -0.842641067505735], [-0.5689852499003721, -0.8713023955980935, -2.159584798076747, -0.8693081827337396, -0.7040493401345458, -0.6033434129290155, -0.38937954941382197, -0.6135185082274884, -0.897640790816954, -0.6690392567713198, 0.8949255484001285, -0.034664928806847045, -0.6715882609748969], [0.655299582100586, 0.4979901169697309, 1.1296418092003653, 1.3528007602060659, 0.5018369227165381, -0.5155966852847575, -0.9106454460433682, 0.1462174920525293, 0.03930705595479383, 2.055533678769669, -1.4268819560706338, -1.3787275761099833, -0.49608727271394254], [-0.7975092684296985, -0.5945656715700779, 0.07121754089997538, -0.3227894967674632, 0.5377237412597958, -0.7660945173335392, -0.758265607964135, 0.7183217225664215, -1.089619151940889, -0.6008785865989064, 0.2989995982724377, -0.9600167504046728, -0.4305220849624206], [0.5201066942619156, -0.2749975917379119, 1.1656875320751388, 0.08659904272009562, 0.7349062061904132, 0.7589245337480887, 0.8829689913771825, -0.2063115232289184, 0.24809708147093779, -0.02584888924831857, 0.6400420611066975, 0.7291471531832902, 0.9639146482775147]]}