{"clusters": [[83, 118, 131, 132, 133, 135, 136, 137, 138, 139, 140, 141, 142, 143, 144, 145, 146, 147, 148, 149, 153, 154, 155, 156, 157, 160, 161, 162, 163, 164, 165, 167, 170, 171, 172, 173, 174, 175, 176], [0, 1, 3, 5, 6, 8, 9, 10, 11, 12, 13, 14, 18, 19, 20, 22, 27, 29, 31, 39, 40, 42, 44, 46, 47, 48, 49, 50, 51, 52, 54, 55, 56, 58], [82, 86, 87, 88, 89, 90, 91, 92, 105, 107, 113, 114, 115, 127], [69, 78, 95], [38, 63, 65, 66, 71, 74, 80, 81, 84, 85, 93, 94, 97, 98, 99, 109, 110], [41, 43, 72, 79, 102, 103, 104, 106, 108, 111, 116, 117, 119, 120, 122, 123, 124, 125, 126, 128, 129], [59, 62, 67, 75, 76, 100, 101], [150, 151, 152, 158, 159, 166, 168, 169, 177], [60, 61, 64, 68, 70, 77, 96, 112, 130, 134], [2, 4, 7, 15, 16, 17, 21, 23, 24, 25, 26, 28, 30, 32, 33, 34, 35, 36, 37, 45, 53, 57, 73, 121]], "centers": [[0.0958406889673361, 1.095204640501274, 0.031477424326448206, 0.42114732259097043, -0.22850184262032977, -1.105994232691841, -1.305710641739275, 0.8631556212989022, -0.9405122999369961, 0.7554944958074734, -1.1508921018176386, -1.2471410232271614, -0.376165226454984], [1.1491229911571508, -0.3993503392601777, -0.07650123592502392, -1.110419367718861, 0.4229042783502934, 1.0403929211639953, 1.0977145204418837, -0.8183492926167083, 0.8095369814294062, 0.3975183793701046, 0.38153318187731683, 0.8700106290570623, 1.3072936128271069], [-1.2510279770168646, -0.639192353665421, 0.15633476497610435, 0.9495609134177609, -1.0852074749728737, -0.5907536650496218, -0.2674693045585484, 1.0095538560070951, -0.13172972818430378, -1.0225107285629833, 0.6912276794566061, 0.1106149036289193, -0.8062468533502373], [-0.820155792788468, -0.9901358977293703, -1.4615887478819347, -0.7892321847899623, 3.505407605141373, -0.339340214973248, -0.23017911201458205, -0.7401411749408243, 2.2002108165414604, -0.9118964043484591, 0.91790684643478, 0.08236604732196424, 0.17442557558143754], [-0.8073187255048926, -0.6393432214209835, -0.5183674460784187, -0.28286925661608014, -0.5559522939357529, 0.7486743245789037, 0.6060661108265811, -0.8064995778173322, 0.7239940503664366, -0.728435840986414, 0.7880072099501338, 0.5069297406411997, -0.6459249879049541], [-0.7395694593559904, 0.37217479037270806, -0.540790965954121, 0.48912392524104475, -0.6639274312041954, 0.1253359340298223, 0.24025100930930066, -0.1569094979581845, 0.1410948006619664, -0.9872871728075203, -0.2708530246304836, 0.6379268880254124, -0.842641067505735], [-0.5689852499003801, -0.8713023955980939, -2.1595847980767426, -0.8693081827337392, -0.7040493401345458, -0.6033434129290153, -0.38937954941382286, -0.613518508227488, -0.897640790816952, -0.6690392567713195, 0.8949255484001268, -0.03466492880684919, -0.6715882609748967], [0.6552995821005783, 0.4979901169697308, 1.1296418092003693, 1.352800760206065, 0.5018369227165381, -0.5155966852847573, -0.9106454460433694, 0.14621749205252976, 0.03930705595479534, 2.0555336787696694, -1.426881956070635, -1.3787275761099853, -0.4960872727139425], [-0.7975092684297065, -0.5945656715700784, 0.07121754089997943, -0.322789496767463, 0.5377237412597958, -0.7660945173335388, -0.7582656079641359, 0.7183217225664219, -1.089619151940887, -0.6008785865989059, 0.29899959827243616, -0.9600167504046748, -0.4305220849624206], [0.5201066942619078, -0.2749975917379122, 1.1656875320751425, 0.08659904272009566, 0.7349062061904132, 0.7589245337480891, 0.8829689913771818, -0.206311523228918, 0.2480970814709393, -0.025848889248318158, 0.6400420611066958, 0.729147153183288, 0.9639146482775147]]}