{"clusters": [[59, 60, 61, 62, 64, 67, 68, 70, 72, 75, 76, 77, 82, 83, 86, 87, 88, 89, 90, 91, 92, 96, 101, 102, 103, 104, 105, 106, 107, 108, 111, 112, 113, 114, 115, 116, 117, 118, 119, 122, 123, 125, 126, 127, 128, 129, 130, 131, 132, 133, 134, 135, 136, 137, 138, 139, 140, 141, 142, 143, 144, 145, 146, 147, 148, 149, 150, 151, 152, 153, 154, 155, 156, 157, 158, 159, 160, 161, 162, 163, 164, 165, 166, 167, 168, 169, 170, 171, 172, 173, 174, 175, 176, 177], [0, 1, 2, 3, 4, 5, 6, 7, 8, 9, 10, 11, 12, 13, 14, 15, 16, 17, 18, 19, 20, 21, 22, 23, 24, 25, 26, 27, 28, 29, 30, 31, 32, 33, 34, 35, 36, 37, 38, 39, 40, 41, 42, 43, 44, 45, 46, 47, 48, 49, 50, 51, 52, 53, 54, 55, 56, 57, 58, 63, 65, 66, 69, 71, 73, 74, 78, 79, 80, 81, 84, 85, 93, 94, 95, 97, 98, 99, 100, 109, 110, 120, 121, 124]], "centers": [[-0.333496439546985, 0.3001752939987413, -0.09537267679972274, 0.4532235918164034, -0.3299338807999499, -0.7311159605560515, -0.763990354380869, 0.549107795231327, -0.5887094826308866, 0.06870292795755777, -0.4730039899538767, -0.6469953809437781, -0.5877750959822233], [0.37319839663591187, -0.3359104480462103, 0.10672656689492754, -0.5071787813183557, 0.3692117237523248, 0.818153574907963, 0.8549415870452579, -0.6144777708541042, 0.6587939448488489, -0.07688184795250502, 0.5293139887579101, 0.724018640579942, 0.6577483216943926]]}