{"clusters": [[61, 83, 118, 130, 131, 132, 133, 134, 135, 136, 137, 138, 139, 140, 141, 142, 143, 144, 145, 146, 147, 148, 149, 150, 151, 152, 153, 154, 155, 156, 157, 158, 159, 160, 161, 162, 163, 164, 165, 166, 167, 168, 169, 170, 171, 172, 173, 174, 175, 176, 177], [0, 1, 2, 3, 4, 5, 6, 7, 8, 9, 10, 11, 12, 13, 14, 15, 16, 17, 18, 19, 20, 21, 22, 23, 24, 25, 26, 27, 28, 29, 30, 31, 32, 33, 34, 35, 36, 37, 38, 39, 40, 41, 42, 43, 44, 45, 46, 47, 48, 49, 50, 51, 52, 53, 54, 55, 56, 57, 58, 73, 95], [59, 60, 62, 63, 64, 65, 66, 67, 68, 69, 70, 71, 72, 74, 75, 76, 77, 78, 79, 80, 81, 82, 84, 85, 86, 87, 88, 89, 90, 91, 92, 93, 94, 96, 97, 98, 99, 100, 101, 102, 103, 104, 105, 106, 107, 108, 109, 110, 111, 112, 113, 114, 115, 116, 117, 119, 120, 121, 122, 123, 124, 125, 126, 127, 128, 129]], "centers": [[0.16490746461351558, 0.8715470612840811, 0.18689832973819195, 0.5243674579494929, -0.07547276689239117, -0.979330286318247, -1.2152476372257826, 0.7260635362353478, -0.7797063884392603, 0.9415387376956255, -1.16478864978594, -1.292411626283179, -0.40708795750950216], [0.8780972812565274, -0.30457632817476316, 0.3189417921636731, -0.6645236634021131, 0.5648882468142791, 0.8765054615024696, 0.9436390295774569, -0.5855898127378103, 0.5817829402030914, 0.16718842036139528, 0.4837281352793349, 0.7670534907618489, 1.1583471327850547], [-0.9390032553323859, -0.39196581980041756, -0.43920097179745266, 0.20898792594098164, -0.4637738173357433, -0.05334831135484838, 0.06690376809530342, -0.0198221480453989, 0.0647919160305102, -0.8820752918866966, 0.4529818922279323, 0.2897383333934749, -0.756025594953087]]}