{"clusters": [[61, 83, 118, 130, 131, 132, 133, 134, 135, 136, 137, 138, 139, 140, 141, 142, 143, 144, 145, 146, 147, 148, 149, 150, 151, 152, 153, 154, 155, 156, 157, 158, 159, 160, 161, 162, 163, 164, 165, 166, 167, 168, 169, 170, 171, 172, 173, 174, 175, 176, 177], [0, 1, 2, 3, 4, 5, 6, 7, 8, 9, 10, 11, 12, 13, 14, 15, 16, 17, 18, 19, 20, 21, 22, 23, 24, 25, 26, 27, 28, 29, 30, 31, 32, 33, 34, 35, 36, 37, 38, 39, 40, 41, 42, 43, 44, 45, 46, 47, 48, 49, 50, 51, 52, 53, 54, 55, 56, 57, 58, 73, 95], [59, 60, 62, 63, 64, 65, 66, 67, 68, 69, 70, 71, 72, 74, 75, 76, 77, 78, 79, 80, 81, 82, 84, 85, 86, 87, 88, 89, 90, 91, 92, 93, 94, 96, 97, 98, 99, 100, 101, 102, 103, 104, 105, 106, 107, 108, 109, 110, 111, 112, 113, 114, 115, 116, 117, 119, 120, 121, 122, 123, 124, 125, 126, 127, 128, 129]], "centers": [[0.16490746461352337, 0.8715470612840811, 0.18689832973818798, 0.524367457949493, -0.07547276689239117, -0.9793302863182474, -1.2152476372257817, 0.7260635362353475, -0.7797063884392622, 0.941538737695625, -1.1647886497859394, -1.2924116262831762, -0.40708795750950233], [0.8780972812565351, -0.3045763281747628, 0.3189417921636692, -0.6645236634021138, 0.5648882468142791, 0.8765054615024694, 0.9436390295774583, -0.5855898127378109, 0.5817829402030902, 0.16718842036139483, 0.48372813527933656, 0.767053490761851, 1.1583471327850545], [-0.9390032553323777, -0.3919658198004171, -0.4392009717974566, 0.2089879259409817, -0.4637738173357433, -0.05334831135484865, 0.06690376809530438, -0.01982214804539934, 0.06479191603050864, -0.8820752918866974, 0.4529818922279343, 0.28973833339347693, -0.756025594953087]]}