{"clusters": [[61, 83, 118, 130, 131, 132, 133, 134, 135, 136, 137, 138, 139, 140, 141, 142, 143, 144, 145, 146, 147, 148, 149, 150, 151, 152, 153, 154, 155, 156, 157, 158, 159, 160, 161, 162, 163, 164, 165, 166, 167, 168, 169, 170, 171, 172, 173, 174, 175, 176, 177], [0, 1, 2, 3, 5, 6, 7, 8, 9, 10, 11, 12, 13, 14, 15, 16, 17, 18, 19, 20, 21, 22, 23, 24, 26, 27, 28, 29, 30, 31, 32, 33, 34, 35, 36, 37, 38, 39, 40, 41, 42, 43, 44, 45, 46, 47, 48, 49, 50, 51, 52, 53, 54, 55, 56, 57, 58], [59, 60, 62, 63, 64, 65, 66, 67, 68, 70, 71, 72, 74, 75, 76, 77, 79, 80, 81, 82, 84, 85, 86, 87, 88, 89, 90, 91, 92, 93, 94, 97, 98, 99, 100, 101, 102, 103, 104, 105, 106, 107, 108, 109, 111, 112, 113, 114, 115, 116, 117, 119, 120, 122, 123, 124, 125, 126, 127, 128, 129], [4, 25, 69, 73, 78, 95, 96, 110, 121]], "centers": [[0.16490746461352337, 0.8715470612840811, 0.18689832973818798, 0.524367457949493, -0.07547276689239117, -0.9793302863182474, -1.2152476372257817, 0.7260635362353475, -0.7797063884392622, 0.941538737695625, -1.1647886497859394, -1.2924116262831762, -0.40708795750950233], [0.9451895414361917, -0.3020849708681763, 0.25000860161137956, -0.8008221318607727, 0.4271069344456811, 0.8803995373100679, 0.9673594397701617, -0.6185672588938895, 0.5421859396418188, 0.22735632972573994, 0.4553120099190511, 0.7759498087532563, 1.2117325096989475], [-0.9018992830968392, -0.4006704321213478, -0.45467216134728483, 0.2082718961531089, -0.672478001959844, -0.06387928322957778, 0.04550027485679663, 0.04054134695645127, -0.053850204082903516, -0.9001957408749021, 0.47696731824201827, 0.28844376956122825, -0.7859168066723919], [-0.807803143138226, -0.3099067140666441, 0.43918852596526864, 0.6888372772555833, 2.280574885295401, 0.40663413917344304, 0.4514027405945811, -0.4715476394882933, 1.349476633319502, -0.6739829137194548, 0.4840477956593517, 0.45430932203020724, -0.04070466809328074]]}