{"clusters": [[61, 83, 118, 130, 131, 132, 133, 134, 135, 136, 137, 138, 139, 140, 141, 142, 143, 144, 145, 146, 147, 148, 149, 150, 151, 152, 153, 154, 155, 156, 157, 158, 159, 160, 161, 162, 163, 164, 165, 166, 167, 168, 169, 170, 171, 172, 173, 174, 175, 176, 177], [0, 1, 2, 3, 5, 6, 7, 8, 9, 10, 11, 12, 13, 14, 15, 16, 17, 18, 19, 20, 21, 22, 23, 24, 26, 27, 28, 29, 30, 31, 32, 33, 34, 35, 36, 37, 38, 39, 40, 41, 42, 43, 44, 45, 46, 47, 48, 49, 50, 51, 52, 53, 54, 55, 56, 57, 58], [59, 60, 62, 63, 64, 65, 66, 67, 68, 70, 71, 72, 74, 75, 76, 77, 79, 80, 81, 82, 84, 85, 86, 87, 88, 89, 90, 91, 92, 93, 94, 97, 98, 99, 100, 101, 102, 103, 104, 105, 106, 107, 108, 109, 111, 112, 113, 114, 115, 116, 117, 119, 120, 122, 123, 124, 125, 126, 127, 128, 129], [4, 25, 69, 73, 78, 95, 96, 110, 121]], "centers": [[0.16490746461351558, 0.8715470612840811, 0.18689832973819195, 0.5243674579494929, -0.07547276689239117, -0.979330286318247, -1.2152476372257826, 0.7260635362353478, -0.7797063884392603, 0.9415387376956255, -1.16478864978594, -1.292411626283179, -0.40708795750950216], [0.9451895414361843, -0.3020849708681767, 0.2500086016113836, -0.8008221318607719, 0.4271069344456811, 0.880399537310068, 0.9673594397701606, -0.618567258893889, 0.5421859396418199, 0.2273563297257404, 0.4553120099190494, 0.7759498087532541, 1.2117325096989477], [-0.9018992830968472, -0.40067043212134823, -0.4546721613472809, 0.20827189615310884, -0.672478001959844, -0.06387928322957755, 0.045500274856795614, 0.040541346956451674, -0.05385020408290189, -0.9001957408749014, 0.47696731824201616, 0.2884437695612262, -0.7859168066723919], [-0.807803143138234, -0.30990671406664444, 0.4391885259652726, 0.6888372772555832, 2.280574885295401, 0.40663413917344327, 0.4514027405945801, -0.4715476394882929, 1.349476633319503, -0.6739829137194546, 0.48404779565935, 0.4543093220302051, -0.04070466809328066]]}