{"clusters": [[83, 130, 131, 132, 133, 134, 135, 136, 137, 138, 139, 140, 141, 142, 143, 144, 145, 146, 147, 148, 149, 150, 151, 152, 153, 154, 155, 156, 157, 158, 159, 160, 161, 162, 163, 164, 165, 166, 167, 168, 169, 170, 171, 172, 173, 174, 175, 176, 177], [0, 1, 2, 3, 5, 6, 7, 8, 9, 10, 11, 12, 13, 14, 15, 16, 17, 18, 19, 20, 22, 23, 24, 26, 27, 28, 29, 30, 31, 32, 33, 34, 35, 36, 37, 38, 39, 40, 42, 44, 45, 46, 47, 48, 49, 50, 51, 52, 53, 54, 55, 56, 57, 58], [59, 60, 61, 62, 64, 68, 70, 72, 75, 77, 82, 86, 87, 88, 89, 90, 91, 92, 101, 103, 105, 106, 107, 112, 113, 114, 115, 116, 117, 118, 122, 127, 128, 129], [4, 25, 69, 73, 78, 95, 96, 121], [21, 41, 43, 63, 65, 66, 67, 71, 74, 76, 79, 80, 81, 84, 85, 93, 94, 97, 98, 99, 100, 102, 104, 108, 109, 110, 111, 119, 120, 123, 124, 125, 126]], "centers": [[0.18654313789046362, 0.9049714533199776, 0.24921026363935703, 0.5837034840368834, -0.050635394697412406, -0.9885569973946147, -1.2361947460303755, 0.7168417173710708, -0.7496075602240888, 0.9884982854397524, -1.1912987796807653, -1.3015396580830425, -0.3800446097221084], [0.9844748200021889, -0.39551718072996384, 0.26657520515649413, -0.8253776005284732, 0.45632827601313164, 0.911071848819177, 0.9907559742059228, -0.6162897113710463, 0.5610387747270701, 0.2562828663056726, 0.4897350865871194, 0.7749861538110111, 1.2646429042038376], [-0.949010883257567, -0.45611433229051085, -0.35172690453638866, 0.34861241834495343, -0.6488817153553142, -0.5986979979360842, -0.36394291354955527, 0.6249459699473353, -0.5292614215922543, -0.9440847001394427, 0.46876379869548485, -0.10042066995833059, -0.771244182677156], [-0.6708946095148006, -0.5061458517288747, 0.7438002685689878, 0.7747521500494272, 2.5019419453312572, 0.280227983697512, 0.43871371674281473, -0.40775667481831707, 1.082527148481262, -0.6415401649973179, 0.6583226390888083, 0.47608448210015164, 0.02780617636645169], [-0.7475371857537524, -0.10389755580461894, -0.6241833754877151, -0.06308847616344163, -0.6095196910637963, 0.5259188211014344, 0.4829414931851849, -0.6009608883881494, 0.47785902309105577, -0.7589239285555954, 0.32495137152413245, 0.6524793291532398, -0.7172326712282499]]}