{"clusters": [[83, 130, 131, 132, 133, 134, 135, 136, 137, 138, 139, 140, 141, 142, 143, 144, 145, 146, 147, 148, 149, 150, 151, 152, 153, 154, 155, 156, 157, 158, 159, 160, 161, 162, 163, 164, 165, 166, 167, 168, 169, 170, 171, 172, 173, 174, 175, 176, 177], [0, 1, 2, 3, 5, 6, 7, 8, 9, 10, 11, 12, 13, 14, 15, 16, 17, 18, 19, 20, 22, 23, 24, 26, 27, 28, 29, 30, 31, 32, 33, 34, 35, 36, 37, 38, 39, 40, 42, 44, 45, 46, 47, 48, 49, 50, 51, 52, 53, 54, 55, 56, 57, 58], [59, 60, 61, 62, 64, 68, 70, 72, 75, 77, 82, 86, 87, 88, 89, 90, 91, 92, 101, 103, 105, 106, 107, 112, 113, 114, 115, 116, 117, 118, 122, 127, 128, 129], [4, 25, 69, 73, 78, 95, 96, 121], [21, 41, 43, 63, 65, 66, 67, 71, 74, 76, 79, 80, 81, 84, 85, 93, 94, 97, 98, 99, 100, 102, 104, 108, 109, 110, 111, 119, 120, 123, 124, 125, 126]], "centers": [[0.18654313789045582, 0.9049714533199776, 0.24921026363936097, 0.5837034840368833, -0.050635394697412406, -0.9885569973946146, -1.2361947460303764, 0.7168417173710712, -0.749607560224087, 0.9884982854397526, -1.191298779680766, -1.3015396580830454, -0.38004460972210835], [0.9844748200021813, -0.3955171807299641, 0.2665752051564982, -0.8253776005284725, 0.45632827601313164, 0.9110718488191771, 0.9907559742059219, -0.6162897113710458, 0.5610387747270712, 0.256282866305673, 0.4897350865871178, 0.774986153811009, 1.2646429042038376], [-0.949010883257575, -0.45611433229051124, -0.3517269045363845, 0.3486124183449533, -0.6488817153553141, -0.598697997936084, -0.36394291354955643, 0.6249459699473358, -0.5292614215922526, -0.9440847001394417, 0.4687637986954833, -0.10042066995833271, -0.7712441826771559], [-0.6708946095148086, -0.5061458517288752, 0.7438002685689917, 0.774752150049427, 2.5019419453312572, 0.2802279836975123, 0.4387137167428138, -0.4077566748183167, 1.0825271484812629, -0.6415401649973176, 0.6583226390888065, 0.47608448210014953, 0.02780617636645176], [-0.7475371857537605, -0.10389755580461921, -0.6241833754877109, -0.06308847616344157, -0.6095196910637963, 0.5259188211014345, 0.4829414931851842, -0.6009608883881489, 0.4778590230910571, -0.7589239285555952, 0.32495137152413084, 0.6524793291532377, -0.7172326712282499]]}