{"clusters": [[83, 118, 130, 131, 132, 133, 134, 135, 136, 137, 138, 139, 140, 141, 142, 143, 144, 145, 146, 147, 148, 149, 150, 151, 152, 153, 154, 155, 156, 157, 158, 159, 160, 161, 162, 163, 164, 165, 166, 167, 168, 169, 170, 171, 172, 173, 174, 175, 176, 177], [0, 1, 2, 3, 5, 6, 7, 8, 9, 10, 11, 12, 13, 14, 15, 16, 17, 18, 19, 20, 22, 26, 27, 29, 30, 31, 32, 33, 39, 40, 42, 44, 45, 46, 47, 48, 49, 50, 51, 52, 53, 54, 55, 56, 57, 58], [60, 61, 64, 68, 70, 77, 82, 86, 87, 88, 89, 90, 91, 92, 105, 107, 112, 113, 114, 115, 122, 127, 128, 129], [69, 73, 78, 95, 96], [4, 21, 23, 24, 25, 28, 34, 35, 36, 37, 43, 65, 71, 74, 79, 109, 121], [38, 41, 59, 62, 63, 66, 67, 72, 75, 76, 80, 81, 84, 85, 93, 94, 97, 98, 99, 100, 101, 102, 103, 104, 106, 108, 110, 111, 116, 117, 119, 120, 123, 124, 125, 126]], "centers": [[0.17711478897374672, 0.906506640495507, 0.21596904098526692, 0.551039830794001, -0.07734512264247419, -0.9901004677839843, -1.2271180672957736, 0.7134870389282763, -0.7612785859403941, 0.9543835214906449, -1.1900631618383832, -1.2893984149437705, -0.39632062220979186], [1.0857327315070373, -0.3671056362425425, 0.18993665658257705, -0.9019478558086478, 0.5111647819787272, 0.996400519192499, 1.0544617853069063, -0.6315359627795831, 0.6691686045018248, 0.36352678671920396, 0.4480165115206968, 0.7784547130596486, 1.3585957255111971], [-1.0800761291788066, -0.40927303726664316, 0.13609984207457154, 0.6196049040333595, -0.6167006009007623, -0.5696753750394251, -0.3251376311690093, 0.988929709534847, -0.44251607985169095, -0.941455353184184, 0.5533921214714904, -0.13479703553775219, -0.7316955802910856], [-0.7888624136745422, -0.7525543851949694, -0.43321950485177896, 0.2777804878108626, 3.1356173444999778, -0.10433158789123545, -0.17395697556367895, -1.0463378053567103, 1.4386382479455113, -0.9162221041780774, 0.8535592119377503, 0.20101124381117516, 0.17867156723291228], [-0.06906625229091436, -0.21163313440172593, 1.083531953261139, 0.29120499334849576, 0.2742172040789952, 0.6619599113775194, 0.7489837265946331, -0.34673064360152817, 0.3426580926158487, -0.4253823999819815, 0.5608979117253219, 0.781109816561645, 0.12640840528755448], [-0.7710883233444841, -0.31264957367818774, -1.0848855595286693, -0.2020081998689331, -0.6995913502533957, 0.18364299870357914, 0.24419516428991248, -0.5342194644272166, 0.1356716831160925, -0.8342741240725314, 0.328053530212004, 0.48922804718741336, -0.7822494183914562]]}