{"clusters": [[83, 118, 130, 131, 132, 133, 134, 135, 136, 137, 138, 139, 140, 141, 142, 143, 144, 145, 146, 147, 148, 149, 150, 151, 152, 153, 154, 155, 156, 157, 158, 159, 160, 161, 162, 163, 164, 165, 166, 167, 168, 169, 170, 171, 172, 173, 174, 175, 176, 177], [0, 1, 2, 3, 5, 6, 7, 8, 9, 10, 11, 12, 13, 14, 15, 16, 17, 18, 19, 20, 22, 26, 27, 29, 30, 31, 32, 33, 39, 40, 42, 44, 45, 46, 47, 48, 49, 50, 51, 52, 53, 54, 55, 56, 57, 58], [60, 61, 64, 68, 70, 77, 82, 86, 87, 88, 89, 90, 91, 92, 105, 107, 112, 113, 114, 115, 122, 127, 128, 129], [69, 73, 78, 95, 96], [4, 21, 23, 24, 25, 28, 34, 35, 36, 37, 43, 65, 71, 74, 79, 109, 121], [38, 41, 59, 62, 63, 66, 67, 72, 75, 76, 80, 81, 84, 85, 93, 94, 97, 98, 99, 100, 101, 102, 103, 104, 106, 108, 110, 111, 116, 117, 119, 120, 123, 124, 125, 126]], "centers": [[0.1771147889737545, 0.906506640495507, 0.21596904098526296, 0.551039830794001, -0.07734512264247419, -0.9901004677839843, -1.2271180672957727, 0.713487038928276, -0.7612785859403961, 0.9543835214906444, -1.1900631618383826, -1.2893984149437674, -0.39632062220979203], [1.0857327315070449, -0.3671056362425421, 0.18993665658257294, -0.9019478558086483, 0.5111647819787272, 0.9964005191924987, 1.0544617853069072, -0.6315359627795837, 0.6691686045018239, 0.36352678671920374, 0.44801651152069843, 0.778454713059651, 1.3585957255111971], [-1.0800761291787986, -0.4092730372666427, 0.13609984207456752, 0.6196049040333598, -0.6167006009007623, -0.5696753750394252, -0.3251376311690081, 0.9889297095348469, -0.4425160798516928, -0.9414553531841844, 0.5533921214714921, -0.1347970355377501, -0.7316955802910856], [-0.788862413674534, -0.7525543851949691, -0.433219504851783, 0.2777804878108627, 3.1356173444999778, -0.10433158789123567, -0.173956975563678, -1.0463378053567107, 1.4386382479455107, -0.9162221041780778, 0.8535592119377517, 0.20101124381117735, 0.17867156723291217], [-0.06906625229090656, -0.21163313440172563, 1.0835319532611352, 0.2912049933484958, 0.2742172040789952, 0.6619599113775193, 0.748983726594634, -0.3467306436015286, 0.34265809261584723, -0.4253823999819819, 0.5608979117253236, 0.7811098165616472, 0.12640840528755448], [-0.7710883233444762, -0.3126495736781874, -1.0848855595286728, -0.20200819986893323, -0.6995913502533957, 0.18364299870357892, 0.2441951642899135, -0.5342194644272173, 0.13567168311609099, -0.834274124072532, 0.3280535302120057, 0.4892280471874154, -0.7822494183914562]]}