{"clusters": [[83, 131, 132, 133, 134, 135, 136, 137, 138, 139, 140, 141, 142, 143, 144, 145, 146, 147, 148, 149, 150, 151, 152, 153, 154, 155, 156, 157, 158, 159, 160, 161, 162, 163, 164, 165, 166, 167, 168, 169, 170, 171, 172, 173, 174, 175, 176, 177], [0, 2, 3, 5, 6, 7, 8, 9, 10, 11, 12, 13, 14, 15, 16, 17, 18, 19, 20, 29, 30, 31, 33, 39, 40, 42, 45, 46, 47, 48, 49, 50, 51, 52, 53, 54, 55, 56, 57, 58], [64, 82, 86, 87, 88, 89, 90, 91, 92, 105, 107, 112, 113, 114, 115, 127], [25, 69, 73, 78, 95, 96], [1, 4, 21, 22, 23, 24, 26, 27, 28, 32, 34, 35, 36, 37, 38, 41, 43, 44, 63, 65, 66, 71, 74, 81, 98, 109, 121], [72, 79, 84, 93, 94, 99, 102, 104, 106, 108, 110, 111, 116, 117, 119, 120, 122, 123, 124, 125, 126, 128, 129], [59, 60, 61, 62, 67, 68, 70, 75, 76, 77, 80, 85, 97, 100, 101, 103, 118, 130]], "centers": [[0.19404821286927565, 0.942271036321293, 0.25794453911605947, 0.6052162481528374, -0.08424943447090533, -0.9829433868683047, -1.2456496197122544, 0.757267785207039, -0.7414654345679881, 1.0177261856352133, -1.1980700549945478, -1.2897632960044019, -0.3802070838924454], [1.1767529619189239, -0.3483815538903829, 0.2622091035125115, -0.8730617451373537, 0.5868730796994751, 1.0593616990517982, 1.1050966286943658, -0.6595631143050646, 0.7597056474909172, 0.46713670133384316, 0.4641829009187896, 0.7561012702428409, 1.4064531281524657], [-1.2545573054883599, -0.5897407321625001, 0.30059018308057983, 0.8310555861036449, -0.9165700764999949, -0.612070397254504, -0.2515134048642551, 1.0476845454150885, -0.2359161594983037, -0.9857036576913207, 0.8146215808358541, 0.05323441425541699, -0.8113079237562362], [-0.6472186976851936, -0.66996937580014, 0.1589457227698511, 0.5069980319249235, 2.8968919863643934, 0.0024905153278611167, -0.03607887902932142, -0.7267114981681978, 1.2949673492686682, -0.8700813059954825, 0.8374723033134925, 0.3060028264186913, 0.19300178905663937], [0.03080451644986542, -0.40565744959688144, 0.2510061605345303, -0.28653286436514197, -0.0780732609897287, 0.6879323443170643, 0.7994445376715992, -0.5700319358208878, 0.2618866324957041, -0.3445888822492638, 0.5067969593704214, 0.7435985356921703, 0.31890723594411824], [-0.9422500980270122, 0.27765067528986925, -0.4799442973694279, 0.40363906718771164, -0.6168277989816103, 0.22031471710941036, 0.2752963073188476, -0.26718299294832315, 0.459299396731569, -1.0362132559735755, -0.11661490580502182, 0.6633099183302126, -0.9771612036315708], [-0.6437874061156851, -0.7372941117198382, -1.353959265495288, -0.6674499379171355, -0.32512020023679306, -0.5031341065758627, -0.4493785130582816, -0.04627454168845123, -0.9126586547901413, -0.744876327593754, 0.548882912235903, -0.3531371540769251, -0.6845031522481322]]}