{"clusters": [[83, 131, 132, 133, 134, 135, 136, 137, 138, 139, 140, 141, 142, 143, 144, 145, 146, 147, 148, 149, 150, 151, 152, 153, 154, 155, 156, 157, 158, 159, 160, 161, 162, 163, 164, 165, 166, 167, 168, 169, 170, 171, 172, 173, 174, 175, 176, 177], [0, 2, 3, 5, 6, 7, 8, 9, 10, 11, 12, 13, 14, 15, 16, 17, 18, 19, 20, 29, 30, 31, 33, 39, 40, 42, 45, 46, 47, 48, 49, 50, 51, 52, 53, 54, 55, 56, 57, 58], [64, 82, 86, 87, 88, 89, 90, 91, 92, 105, 107, 112, 113, 114, 115, 127], [25, 69, 73, 78, 95, 96], [1, 4, 21, 22, 23, 24, 26, 27, 28, 32, 34, 35, 36, 37, 38, 41, 43, 44, 63, 65, 66, 71, 74, 81, 98, 109, 121], [72, 79, 84, 93, 94, 99, 102, 104, 106, 108, 110, 111, 116, 117, 119, 120, 122, 123, 124, 125, 126, 128, 129], [59, 60, 61, 62, 67, 68, 70, 75, 76, 77, 80, 85, 97, 100, 101, 103, 118, 130]], "centers": [[0.19404821286928345, 0.9422710363212934, 0.25794453911605547, 0.6052162481528375, -0.08424943447090533, -0.9829433868683052, -1.2456496197122535, 0.7572677852070386, -0.7414654345679899, 1.0177261856352129, -1.1980700549945469, -1.289763296004399, -0.38020708389244545], [1.1767529619189312, -0.3483815538903826, 0.2622091035125075, -0.873061745137354, 0.5868730796994751, 1.0593616990517978, 1.1050966286943666, -0.6595631143050654, 0.7597056474909162, 0.4671367013338429, 0.4641829009187911, 0.756101270242843, 1.4064531281524657], [-1.254557305488352, -0.5897407321624996, 0.3005901830805759, 0.8310555861036452, -0.9165700764999949, -0.6120703972545041, -0.2515134048642541, 1.047684545415088, -0.23591615949830536, -0.9857036576913212, 0.8146215808358558, 0.05323441425541911, -0.8113079237562363], [-0.6472186976851856, -0.6699693758001396, 0.15894572276984711, 0.5069980319249237, 2.8968919863643934, 0.0024905153278608574, -0.036078879029320464, -0.7267114981681982, 1.2949673492686673, -0.8700813059954831, 0.8374723033134943, 0.3060028264186935, 0.19300178905663926], [0.030804516449873292, -0.40565744959688116, 0.2510061605345263, -0.286532864365142, -0.0780732609897287, 0.6879323443170641, 0.7994445376716001, -0.5700319358208882, 0.2618866324957026, -0.34458888224926437, 0.5067969593704231, 0.7435985356921724, 0.31890723594411813], [-0.9422500980270042, 0.2776506752898693, -0.47994429736943206, 0.4036390671877118, -0.6168277989816103, 0.22031471710941017, 0.2752963073188485, -0.26718299294832354, 0.45929939673156783, -1.0362132559735757, -0.11661490580502054, 0.6633099183302147, -0.9771612036315708], [-0.6437874061156772, -0.7372941117198377, -1.3539592654952919, -0.6674499379171359, -0.32512020023679306, -0.5031341065758629, -0.4493785130582806, -0.046274541688451666, -0.9126586547901431, -0.7448763275937543, 0.5488829122359048, -0.35313715407692287, -0.6845031522481322]]}