{"clusters": [[83, 118, 130, 131, 132, 133, 134, 135, 136, 137, 138, 139, 140, 141, 142, 143, 144, 145, 146, 147, 148, 149, 153, 154, 155, 156, 157, 160, 161, 162, 163, 164, 165, 167, 170, 171, 172, 173, 174, 175, 176, 177], [0, 2, 3, 5, 6, 7, 8, 9, 10, 12, 13, 14, 15, 16, 17, 18, 19, 20, 28, 30, 31, 33, 39, 40, 42, 45, 46, 47, 48, 49, 50, 51, 52, 53, 54, 55, 56, 57, 58], [60, 64, 68, 70, 77, 82, 86, 87, 88, 89, 90, 91, 92, 105, 107, 112, 113, 114, 115, 127], [69, 73, 78, 95, 96], [1, 4, 11, 21, 22, 23, 24, 26, 27, 29, 32, 34, 35, 36, 37, 38, 41, 43, 44, 63, 65, 71, 74, 81, 98], [72, 79, 84, 93, 94, 99, 102, 104, 106, 108, 109, 110, 111, 116, 117, 119, 120, 122, 123, 124, 125, 126, 128, 129], [59, 61, 62, 66, 67, 75, 76, 80, 85, 97, 100, 101, 103], [25, 121, 150, 151, 152, 158, 159, 166, 168, 169]], "centers": [[0.10364593462545094, 1.0101568117069886, 0.04754485690334769, 0.4018982846237164, -0.20586897091602954, -1.0775572497195047, -1.2960571155629523, 0.856071835748506, -0.9247563785463213, 0.738358070351623, -1.1472761633156827, -1.2735790554118753, -0.37967633493601116], [1.1667203932606889, -0.33254010107098725, 0.3285910317276143, -0.8485192217291049, 0.6302613235235142, 1.1027581784845562, 1.139591895564425, -0.6327037607598116, 0.7702406148892036, 0.4775405640009763, 0.4757980989289615, 0.7610629283377804, 1.3891874563312285], [-1.139677663741185, -0.5977074925796644, 0.16991174550358434, 0.5660540804084588, -0.6383497142610972, -0.6322998330516204, -0.3712364365030085, 1.0527206742048234, -0.46237303332735236, -0.9635885173123974, 0.7188679133655576, -0.13444392483391518, -0.6789125965736906], [-0.7888624136745422, -0.7525543851949694, -0.43321950485177896, 0.2777804878108626, 3.1356173444999778, -0.10433158789123545, -0.17395697556367895, -1.0463378053567103, 1.4386382479455113, -0.9162221041780774, 0.8535592119377503, 0.20101124381117516, 0.17867156723291228], [0.2304782354627571, -0.3834352997259056, 0.10046026818993671, -0.44290349368312804, -0.10543045889371942, 0.588516573587825, 0.6492957367531159, -0.6627862367304952, 0.16592433576430582, -0.34851725853897647, 0.523631340516614, 0.6959312063090267, 0.5032351690716382], [-0.9745639134163921, 0.22918987503849245, -0.4091551771860853, 0.393139972348616, -0.607923933322248, 0.2408373331354705, 0.30108661188904057, -0.28017474547836413, 0.5057994556219844, -1.036440511942885, -0.1112896939580591, 0.6738264762488345, -0.9453220352559063], [-0.6364497210670419, -0.9261486273509909, -1.8318091735079938, -0.7607436085984265, -0.727196595286671, -0.21402967081238466, -0.15140633841578938, -0.40543230768459276, -0.5595463147025905, -0.6669952447639176, 0.8650337901172905, 0.04216575180822075, -0.8413462733482794], [0.2784065161056645, 0.23846572754298406, 1.5077665190191192, 1.5029432563506466, 0.7834704334581915, -0.22931344865757844, -0.32053611702496193, 0.14621749205252968, 0.18414601071844214, 1.6476201848366674, -1.0680951455417398, -0.8625581961456801, -0.4502659461417779]]}