{"clusters": [[83, 118, 130, 131, 132, 133, 134, 135, 136, 137, 138, 139, 140, 141, 142, 143, 144, 145, 146, 147, 148, 149, 153, 154, 155, 156, 157, 160, 161, 162, 163, 164, 165, 167, 170, 171, 172, 173, 174, 175, 176, 177], [0, 2, 3, 5, 6, 7, 8, 9, 10, 12, 13, 14, 15, 16, 17, 18, 19, 20, 28, 30, 31, 33, 39, 40, 42, 45, 46, 47, 48, 49, 50, 51, 52, 53, 54, 55, 56, 57, 58], [60, 64, 68, 70, 77, 82, 86, 87, 88, 89, 90, 91, 92, 105, 107, 112, 113, 114, 115, 127], [69, 73, 78, 95, 96], [1, 4, 11, 21, 22, 23, 24, 26, 27, 29, 32, 34, 35, 36, 37, 38, 41, 43, 44, 63, 65, 71, 74, 81, 98], [72, 79, 84, 93, 94, 99, 102, 104, 106, 108, 109, 110, 111, 116, 117, 119, 120, 122, 123, 124, 125, 126, 128, 129], [59, 61, 62, 66, 67, 75, 76, 80, 85, 97, 100, 101, 103], [25, 121, 150, 151, 152, 158, 159, 166, 168, 169]], "centers": [[0.10364593462545874, 1.0101568117069886, 0.047544856903343646, 0.4018982846237166, -0.20586897091602954, -1.077557249719505, -1.2960571155629514, 0.8560718357485056, -0.9247563785463232, 0.7383580703516226, -1.1472761633156818, -1.2735790554118729, -0.3796763349360114], [1.1667203932606967, -0.332540101070987, 0.3285910317276104, -0.848519221729105, 0.6302613235235142, 1.102758178484556, 1.139591895564426, -0.632703760759812, 0.7702406148892025, 0.4775405640009761, 0.4757980989289631, 0.7610629283377827, 1.3891874563312285], [-1.139677663741177, -0.5977074925796637, 0.16991174550358035, 0.5660540804084591, -0.6383497142610972, -0.6322998330516206, -0.37123643650300764, 1.0527206742048232, -0.462373033327354, -0.9635885173123977, 0.7188679133655593, -0.13444392483391307, -0.6789125965736906], [-0.788862413674534, -0.7525543851949691, -0.433219504851783, 0.2777804878108627, 3.1356173444999778, -0.10433158789123567, -0.173956975563678, -1.0463378053567107, 1.4386382479455107, -0.9162221041780778, 0.8535592119377517, 0.20101124381117735, 0.17867156723291217], [0.2304782354627649, -0.3834352997259053, 0.10046026818993274, -0.44290349368312826, -0.10543045889371942, 0.5885165735878249, 0.6492957367531169, -0.6627862367304956, 0.16592433576430438, -0.3485172585389769, 0.5236313405166159, 0.6959312063090288, 0.5032351690716382], [-0.9745639134163842, 0.22918987503849256, -0.4091551771860895, 0.39313997234861603, -0.607923933322248, 0.2408373331354703, 0.3010866118890415, -0.28017474547836446, 0.505799455621983, -1.0364405119428854, -0.11128969395805781, 0.6738264762488365, -0.9453220352559063], [-0.6364497210670339, -0.9261486273509901, -1.831809173507998, -0.7607436085984269, -0.727196595286671, -0.21402967081238491, -0.15140633841578838, -0.4054323076845932, -0.5595463147025923, -0.6669952447639178, 0.8650337901172923, 0.0421657518082229, -0.8413462733482794], [0.27840651610567235, 0.23846572754298423, 1.5077665190191154, 1.502943256350647, 0.7834704334581915, -0.2293134486575787, -0.32053611702496104, 0.14621749205252926, 0.1841460107184406, 1.6476201848366672, -1.0680951455417387, -0.862558196145678, -0.450265946141778]]}