{"clusters": [[83, 118, 131, 132, 133, 135, 136, 137, 138, 139, 140, 141, 142, 143, 144, 145, 146, 147, 148, 149, 153, 154, 155, 156, 157, 160, 161, 162, 163, 164, 165, 167, 170, 171, 172, 173, 174, 175, 176, 177], [0, 2, 3, 5, 6, 7, 8, 9, 10, 12, 13, 14, 15, 16, 17, 18, 19, 20, 28, 30, 31, 33, 39, 40, 42, 45, 46, 47, 48, 49, 50, 51, 52, 53, 54, 55, 56, 57, 58], [82, 86, 87, 88, 89, 90, 91, 92, 105, 107, 112, 113, 114, 115, 127], [69, 73, 78, 95, 96], [1, 4, 11, 21, 22, 23, 24, 26, 27, 29, 32, 34, 35, 36, 37, 38, 41, 43, 44, 63, 65, 71, 74, 81, 98], [79, 84, 93, 94, 99, 102, 108, 109, 110, 111, 117, 119, 120, 122, 123, 124, 125, 126, 128, 129], [59, 62, 66, 67, 72, 75, 76, 80, 85, 97, 100, 101, 103, 104, 106, 116], [25, 121, 150, 151, 152, 158, 159, 166, 168, 169], [60, 61, 64, 68, 70, 77, 130, 134]], "centers": [[0.1283218228553229, 1.107403652479886, 0.06482069430530149, 0.44819222093496236, -0.22935700510233886, -1.088163158539115, -1.304925488276934, 0.8814922953538347, -0.9275513698968869, 0.7813987831413605, -1.160229258571578, -1.2516861917739854, -0.38164010607481824], [1.1667203932606889, -0.33254010107098725, 0.3285910317276143, -0.8485192217291049, 0.6302613235235142, 1.1027581784845562, 1.139591895564425, -0.6327037607598116, 0.7702406148892036, 0.4775405640009763, 0.4757980989289615, 0.7610629283377804, 1.3891874563312285], [-1.2697922400569819, -0.5760139665610949, 0.2807904198113382, 0.8963675719265378, -0.9976079738082755, -0.6096001361175624, -0.24958913531310814, 1.0701792540092379, -0.18612776879830017, -0.9906241412475116, 0.72486394294369, 0.09272396130118114, -0.7821963434958127], [-0.7888624136745422, -0.7525543851949694, -0.43321950485177896, 0.2777804878108626, 3.1356173444999778, -0.10433158789123545, -0.17395697556367895, -1.0463378053567103, 1.4386382479455113, -0.9162221041780774, 0.8535592119377503, 0.20101124381117516, 0.17867156723291228], [0.2304782354627571, -0.3834352997259056, 0.10046026818993671, -0.44290349368312804, -0.10543045889371942, 0.588516573587825, 0.6492957367531159, -0.6627862367304952, 0.16592433576430582, -0.34851725853897647, 0.523631340516614, 0.6959312063090267, 0.5032351690716382], [-1.0501209537769896, 0.3986985990318652, -0.2833505274907494, 0.37687453526628634, -0.5154763681618995, 0.40681217601214187, 0.3978020728075583, -0.26070171415805554, 0.6677212306551338, -1.0663238882658315, -0.1643033701061805, 0.6388685165689776, -1.00086491354676], [-0.6384689041829454, -0.8523072022493222, -1.6687247328524641, -0.44890919352891134, -0.8595217372396532, -0.29360700203257223, -0.12978243978082663, -0.5084792506130159, -0.42426520349538477, -0.7823957656992625, 0.7351010666136721, 0.3366057540845593, -0.7914048378899484], [0.2784065161056645, 0.23846572754298406, 1.5077665190191192, 1.5029432563506466, 0.7834704334581915, -0.22931344865757844, -0.32053611702496193, 0.14621749205252968, 0.18414601071844214, 1.6476201848366674, -1.0680951455417398, -0.8625581961456801, -0.4502659461417779], [-0.621484010913874, -0.7574915324957473, -0.3345253002481745, -0.4977055047759003, 0.34288172101678216, -0.70921174736937, -0.8174996445820517, 0.8814922953538349, -1.2367942188781411, -0.5447526313096089, 0.22836344494955996, -1.1182103457236228, -0.4339454157314221]]}