{"clusters": [[83, 118, 131, 132, 133, 135, 136, 137, 138, 139, 140, 141, 142, 143, 144, 145, 146, 147, 148, 149, 153, 154, 155, 156, 157, 160, 161, 162, 163, 164, 165, 167, 170, 171, 172, 173, 174, 175, 176, 177], [0, 2, 3, 5, 6, 7, 8, 9, 10, 12, 13, 14, 15, 16, 17, 18, 19, 20, 28, 30, 31, 33, 39, 40, 42, 45, 46, 47, 48, 49, 50, 51, 52, 53, 54, 55, 56, 57, 58], [82, 86, 87, 88, 89, 90, 91, 92, 105, 107, 112, 113, 114, 115, 127], [69, 73, 78, 95, 96], [1, 4, 11, 21, 22, 23, 24, 26, 27, 29, 32, 34, 35, 36, 37, 38, 41, 43, 44, 63, 65, 71, 74, 81, 98], [79, 84, 93, 94, 99, 102, 108, 109, 110, 111, 117, 119, 120, 122, 123, 124, 125, 126, 128, 129], [59, 62, 66, 67, 72, 75, 76, 80, 85, 97, 100, 101, 103, 104, 106, 116], [25, 121, 150, 151, 152, 158, 159, 166, 168, 169], [60, 61, 64, 68, 70, 77, 130, 134]], "centers": [[0.1283218228553307, 1.107403652479886, 0.06482069430529744, 0.4481922209349626, -0.22935700510233886, -1.0881631585391154, -1.3049254882769332, 0.8814922953538344, -0.9275513698968888, 0.7813987831413601, -1.1602292585715774, -1.2516861917739828, -0.38164010607481835], [1.1667203932606967, -0.332540101070987, 0.3285910317276104, -0.848519221729105, 0.6302613235235142, 1.102758178484556, 1.139591895564426, -0.632703760759812, 0.7702406148892025, 0.4775405640009761, 0.4757980989289631, 0.7610629283377827, 1.3891874563312285], [-1.2697922400569737, -0.5760139665610945, 0.2807904198113341, 0.896367571926538, -0.9976079738082755, -0.6096001361175625, -0.24958913531310714, 1.0701792540092376, -0.1861277687983018, -0.990624141247512, 0.7248639429436919, 0.09272396130118325, -0.7821963434958128], [-0.788862413674534, -0.7525543851949691, -0.433219504851783, 0.2777804878108627, 3.1356173444999778, -0.10433158789123567, -0.173956975563678, -1.0463378053567107, 1.4386382479455107, -0.9162221041780778, 0.8535592119377517, 0.20101124381117735, 0.17867156723291217], [0.2304782354627649, -0.3834352997259053, 0.10046026818993274, -0.44290349368312826, -0.10543045889371942, 0.5885165735878249, 0.6492957367531169, -0.6627862367304956, 0.16592433576430438, -0.3485172585389769, 0.5236313405166159, 0.6959312063090288, 0.5032351690716382], [-1.0501209537769816, 0.39869859903186533, -0.2833505274907536, 0.3768745352662864, -0.5154763681618995, 0.4068121760121416, 0.39780207280755925, -0.26070171415805593, 0.6677212306551326, -1.0663238882658317, -0.16430337010617926, 0.6388685165689798, -1.00086491354676], [-0.6384689041829376, -0.8523072022493215, -1.6687247328524681, -0.44890919352891145, -0.8595217372396532, -0.29360700203257245, -0.12978243978082568, -0.5084792506130162, -0.42426520349538654, -0.7823957656992627, 0.7351010666136738, 0.3366057540845614, -0.7914048378899486], [0.27840651610567235, 0.23846572754298423, 1.5077665190191154, 1.502943256350647, 0.7834704334581915, -0.2293134486575787, -0.32053611702496104, 0.14621749205252926, 0.1841460107184406, 1.6476201848366672, -1.0680951455417387, -0.862558196145678, -0.450265946141778], [-0.621484010913866, -0.757491532495747, -0.33452530024817867, -0.4977055047759006, 0.34288172101678216, -0.7092117473693702, -0.8174996445820506, 0.8814922953538343, -1.2367942188781433, -0.5447526313096094, 0.22836344494956146, -1.1182103457236208, -0.4339454157314221]]}