{"clusters": [[43, 72, 74, 77, 79, 84, 102, 109, 111, 114, 117, 119, 120, 121, 122, 123, 124, 125, 126, 128, 129], [69, 78, 95, 110], [59, 62, 63, 66, 67, 75, 76, 80, 81, 85, 93, 94, 97, 98, 99, 100, 101, 103, 104, 108, 115, 116], [96, 118, 130, 131, 132, 133, 141, 144, 150, 152, 163, 170], [4, 7, 15, 16, 17, 21, 23, 24, 25, 28, 30, 32, 33, 34, 35, 36, 37, 45, 53, 65, 71, 73], [0, 3, 5, 9, 19, 20, 39, 40, 42, 44, 46, 47, 49, 52, 54, 55, 56, 58], [1, 2, 6, 8, 10, 11, 12, 13, 14, 18, 22, 26, 27, 29, 31, 38, 41, 48, 50, 51, 57], [134, 145, 146, 147, 148, 149, 151, 153, 154, 155, 156, 158, 159, 160, 164, 165, 166, 167, 168, 169, 171, 172, 173, 174, 175, 176, 177], [64, 70, 82, 86, 87, 88, 89, 90, 91, 92, 105, 106, 107, 113, 127], [60, 61, 68, 83, 112, 135, 136, 137, 138, 139, 140, 142, 143, 157, 161, 162]], "centers": [[-0.8160382429050493, 0.10202092941239668, 0.3417127683320781, 0.4519457833385771, -0.12228166064446654, 0.4244378230432926, 0.08105057191006072, -0.1760947504905084, -0.49215846354084575, -0.9767819017927336, -0.690784015990971, 1.0852004462188685, -0.9836686473582874], [-0.828390892555283, -1.2085672631577231, -1.5225110964026833, -1.4098211688542326, 2.545825283223828, -0.633100998825764, -0.17998077589770328, -0.09551668985474931, 2.0483635252569914, -0.7172399120156377, 0.44992405009274494, -0.4261133662032233, 0.00989339908679277], [-0.8778014911562196, -0.8315487420074148, -1.4128508690653443, -1.0494791781072375, -1.035055088809936, 0.40841450756042774, 0.47259759362170717, -0.5789850536693061, 0.31380023635364057, -0.9335249034965509, 1.1957716317628666, 0.18123704439630925, -1.0155135847443477], [-0.1489951617924188, 0.5867590280342218, 0.12239231365740011, 0.1516607910494142, 0.2989983831242116, -1.594499927797633, -0.8124798109703628, -0.9818753568481032, -1.3331588460394403, 0.1479000539080152, -0.9540243389333672, -1.6831874718627207, -0.690695223406533], [0.6292217661723143, -0.48146011522498544, 1.0362275414685576, -0.14862420123974868, 0.7202784268928897, 0.08794819790313836, 0.5027165952918337, -0.5789850536693061, -0.08917911359360259, -0.3711839256461765, 0.6254175987210091, 0.3648546103915165, 1.1085437389058719], [1.5062598913389207, -0.5712264297845827, -0.24314177746706322, -0.9593936804204882, 1.2819851519177938, 1.44993001394662, 0.9745809547904846, -0.8207192355765842, 0.7693421102070456, 0.5718186372106048, -0.07655659579204746, 0.9863294491445262, 0.7104820215801185], [0.9256853577779276, -0.5442965354167035, 0.15894572276984725, -1.0494791781072375, -0.7542017262974837, 0.4885310849747506, 0.7336289414294712, -0.5789850536693061, 0.38388360156185686, 0.23441405050038017, 0.8447845345063383, 0.40722789485194877, 1.8250548300922276], [0.3945214228178712, 0.8111748144332148, 0.049285495432507445, 0.6020882794831586, -0.5435617044131447, -0.5850310523771705, -1.274304503245638, 0.7102639165028455, -0.5972835113531701, 1.4542614024527307, -1.787618694917621, -1.4006989087931705, -0.30855597477380986], [-1.2360283310130011, -0.7417824274478174, 0.1954991318822928, 0.75223077562774, -0.9648417481818228, -1.354150195554666, -0.7823608093002362, 1.1131542196816426, 0.06850845812488364, -0.6307259154232724, 0.40605066293567893, 0.05411719101501135, -0.945454722495015], [-0.18605311074312186, 0.8381047088010938, 0.7803536776814342, 0.75223077562774, 0.43942506438043766, -1.0336838858973763, -1.4349391788196466, 1.9189348260392372, -1.1053879091127377, 0.2257626508411438, -0.38367030589150924, -0.7086019292727734, -0.563315473862292]]}