{"clusters": [[59, 60, 61, 62, 64, 66, 67, 68, 70, 72, 75, 76, 77, 78, 80, 81, 82, 84, 85, 86, 87, 88, 89, 90, 91, 92, 93, 94, 97, 99, 100, 101, 102, 103, 104, 105, 106, 107, 108, 111, 112, 113, 114, 115, 116, 117, 118, 119, 122, 123, 125, 126, 127, 128, 129], [0, 1, 2, 3, 4, 5, 6, 7, 8, 9, 10, 11, 12, 13, 14, 15, 16, 17, 18, 19, 20, 21, 22, 23, 24, 25, 26, 27, 28, 29, 30, 31, 32, 33, 34, 35, 36, 37, 38, 39, 40, 41, 42, 43, 44, 45, 46, 47, 48, 49, 50, 51, 52, 53, 54, 55, 56, 57, 58, 63, 65, 69, 71, 73, 74, 79, 95, 96, 98, 109, 110, 120, 121, 124], [83, 130, 131, 132, 133, 134, 135, 136, 137, 138, 139, 140, 141, 142, 143, 144, 145, 146, 147, 148, 149, 150, 151, 152, 153, 154, 155, 156, 157, 158, 159, 160, 161, 162, 163, 164, 165, 166, 167, 168, 169, 170, 171, 172, 173, 174, 175, 176, 177]], "centers": [[-0.9272120897571541, -0.5442965354167035, -0.9011031414910956, -0.14862420123974868, -1.386121791950501, -1.0336838858973763, 0.0007332341230562783, 0.06563943141676974, 0.06850845812488364, -0.7172399120156377, 0.18668372715034875, 0.7885874549958412, -0.7543850981786535], [0.5921638172216134, -0.4724834837690257, 0.15894572276984725, 0.30180328719399563, 0.018145020611759512, 0.6487642398033956, 0.9545016203437334, -0.8207192355765842, 0.4714878080721272, 0.018129059019466976, 0.3621772757786129, 1.2123202996001665, 0.5512573346498172], [0.3945214228178712, 0.8111748144332148, 0.049285495432507445, 0.6020882794831586, -0.5435617044131447, -0.5850310523771705, -1.274304503245638, 0.7102639165028455, -0.5972835113531701, 1.4542614024527307, -1.787618694917621, -1.4006989087931705, -0.30855597477380986]]}