{"clusters": [[2, 4, 7, 11, 12, 15, 16, 17, 21, 22, 23, 24, 25, 26, 28, 30, 31, 32, 33, 34, 35, 36, 37, 45, 51, 53, 57, 68, 73, 96, 121, 130], [1, 27, 38, 41, 43, 59, 62, 63, 65, 66, 67, 69, 71, 72, 74, 75, 76, 78, 79, 80, 81, 84, 85, 93, 94, 97, 98, 99, 100, 101, 104, 106, 108, 109, 110, 111, 116, 117, 120, 123, 124, 125, 126], [83, 118, 131, 132, 133, 134, 135, 136, 137, 138, 139, 140, 141, 142, 143, 144, 145, 146, 147, 148, 149, 150, 151, 152, 153, 154, 155, 156, 157, 158, 159, 160, 161, 162, 163, 164, 165, 166, 167, 168, 169, 170, 171, 172, 173, 174, 175, 176, 177], [0, 3, 5, 6, 8, 9, 10, 13, 14, 18, 19, 20, 29, 39, 40, 42, 44, 46, 47, 48, 49, 50, 52, 54, 55, 56, 58, 95], [60, 61, 64, 70, 77, 82, 86, 87, 88, 89, 90, 91, 92, 102, 103, 105, 107, 112, 113, 114, 115, 119, 122, 127, 128, 129]], "centers": [[0.6292217661723143, -0.48146011522498544, 1.0362275414685576, -0.14862420123974868, 0.7202784268928897, 0.08794819790313836, 0.5027165952918337, -0.5789850536693061, -0.08917911359360259, -0.3711839256461765, 0.6254175987210091, 0.3648546103915165, 1.1085437389058719], [-0.34663755619616105, -0.4724834837690257, -0.6086758685915249, -0.20868119969758106, -0.9648417481818228, -0.15240153433982884, 0.5027165952918337, -0.8207192355765842, 0.31380023635364057, -0.5009549205347246, 0.8886579216634044, 0.746214170535409, -0.10474837550302417], [0.3945214228178712, 0.8111748144332148, 0.049285495432507445, 0.6020882794831586, -0.5435617044131447, -0.5850310523771705, -1.274304503245638, 0.7102639165028455, -0.5972835113531701, 1.4542614024527307, -1.787618694917621, -1.4006989087931705, -0.30855597477380986], [1.5062598913389207, -0.5712264297845827, -0.24314177746706322, -0.9593936804204882, 1.2819851519177938, 1.44993001394662, 0.9745809547904846, -0.8207192355765842, 0.7693421102070456, 0.5718186372106048, -0.07655659579204746, 0.9863294491445262, 0.7104820215801185], [-1.6807237184214199, -0.24806769737003262, 0.3417127683320781, 0.6321167787120753, -1.1052684294380488, -0.5529844214114414, -0.3406154514717122, 0.9519980984101236, -0.42207509833262946, -0.9767819017927336, 0.18668372715034875, 0.19536147254978645, -0.21302116261562906]]}