{"clusters": [[394, 151], [178, 124, 301, 343, 208, 318, 220, 193, 333, 236, 200, 212, 258, 431, 110, 280, 177, 344, 184, 181, 210, 422, 246, 176, 218, 22, 174, 114, 331, 109, 108, 182, 17, 68, 376, 317, 267, 309, 274, 28, 429, 170, 244, 93, 47, 249, 81, 366, 389, 227, 269, 42, 259, 319, 187, 263, 264, 24, 268, 43, 189, 337, 70, 332, 222, 116, 26, 185, 262, 260, 254, 265, 272, 25, 426, 90, 179, 203, 338, 255, 348, 91, 245, 169, 241, 39, 237, 139, 307, 408, 291, 411, 202, 94, 101, 355, 73, 281, 166, 391, 199, 326, 395, 371, 20, 105, 45, 238, 48, 418, 92, 40, 52, 9, 62, 419, 414, 46, 41, 201, 69, 34, 23, 270, 64, 44, 328, 63, 72, 31, 50, 19, 29, 27, 312, 209, 252], [120, 190, 49, 126, 225, 432, 113, 84, 171, 125, 121, 111, 197, 96, 173, 242, 161, 257, 256, 223, 79, 195, 134, 409, 356, 357, 119, 306, 87, 303, 83, 283, 278, 379, 378, 405, 276, 407, 410, 99, 359, 206, 235, 266, 122, 132, 86, 135, 305, 279, 308, 82, 412, 346, 133, 310, 340, 335, 239, 345, 302, 296, 204, 325, 160, 399, 51, 18, 6, 7, 369, 228, 1, 61, 30, 251, 250, 35, 154, 8, 327, 33, 253, 230, 374, 106, 146, 375, 324, 0, 224, 403, 434, 304, 59, 67, 217, 38, 158, 330, 233, 58, 57, 211, 136, 401, 55, 56, 148, 231, 163, 66, 5, 388, 372, 313, 36, 123, 207, 188, 100, 339, 282, 347, 397, 385, 37, 382, 364, 392, 416, 53, 404, 214, 150, 363, 156, 65, 117, 384, 413], [341, 295, 14, 15, 157, 315, 95, 21], [393, 104, 428, 2], [248, 183, 107], [129, 180], [402, 143, 144, 127, 128, 112, 137, 386, 147, 316, 192, 140, 240, 273, 300, 427, 141, 142, 425, 149, 198, 286, 131, 194, 336, 226, 196, 145, 138, 311, 205, 234, 284, 285, 153, 275, 85, 168, 430, 353, 277, 351, 298, 350, 365, 352, 314, 373, 3, 159, 424, 219, 118, 243, 232, 12, 172, 175, 186, 213, 320, 152, 334, 415, 368, 294, 271, 423, 354, 299, 165, 342, 221, 76, 398, 162, 88, 421, 75, 215, 77, 229, 349, 329, 97, 290, 16, 292, 360, 80, 74, 406, 102, 361, 167, 164, 287, 322, 60, 321, 32, 417, 54, 380, 13, 297, 98, 293, 362, 358, 216, 4, 78, 323, 396, 289, 288, 387, 383, 367, 381, 71, 420], [115, 130, 261, 370], [390, 433, 89, 10, 377, 247, 400, 191, 11, 103, 155]], "centers": [[-0.16843038421330372, -1.0890039707187533, 1.1516089651249486, -0.352180362530249, -0.8888888888888854, 1.1094003924504579, 6.208498574168695, -0.8048150549829883, -1.1790292151214443, 3.023714517843946, -1.1462241435400158, 0.18952152270386974, 2.551260192812293, -0.9572353730777872, 0.025295445206304112, -0.16106953848079136, -0.732872753960898, 0.7741218934265786, -0.18235722297072837, 1.1790292151214439, -1.104258916695732, -0.1889822365046142, 1.2015907059889768, -1.119770516830429, -0.23080027108556914, 0.052947625570430035, 0.0483322154582842, -0.1278872166673276, 1.0256153238192354, -0.9931270663228443, -0.22522130823072536, -1.2425214883947895, 1.3784048752090254, 1.6665076310794067, -0.07144602199252303, -0.8048150549829883, -0.2469323991623966, -0.9268086959962989, 1.0398748544506025, -0.20166768818859027, 0.2237928525299845, -0.14162932837222153, -0.26229004707778764, 0.931102996289654, -0.8164965809277287, -0.5605349193140373, 1.0225395923141731, -0.24371207369458403], [-0.16843038421330372, -1.0890039707187533, 1.1516089651249486, -0.352180362530249, 1.1249999999999956, -0.901387818865997, -0.1610695384807916, -0.8048150549829883, 0.8481554037632525, -0.1610695384807913, 0.8724297124919961, -0.828279247372467, -0.18898223650461426, 1.0446751427339311, -0.9750244334066274, -0.16106953848079136, 1.3644933511245667, -1.2917862270676648, -0.18235722297072837, -0.8481554037632522, 0.905584718294408, -0.1889822365046142, -0.8322301387783576, 0.8930401229267474, -0.23080027108556914, -0.9484531189137902, 1.0494995356656007, -0.1278872166673276, -0.9750244334066274, 1.0069204977995505, -0.22522130823072536, 0.8048150549829887, -0.7254762501100135, -0.27700663036708634, 0.931102996289654, -0.8048150549829883, 4.049691346263304, -0.9268086959962989, -0.9616541795583003, -0.20166768818859027, 1.2485285456935975, -1.1516089651249486, -0.26229004707778764, -1.0739950402747, 1.224744871391593, -0.5605349193140373, -0.40770067346288574, 0.7855573637534168], [-0.16843038421330372, 0.9182702973433554, -0.8683503083805056, -0.352180362530249, -0.8888888888888854, 1.1094003924504579, -0.1610695384807916, 1.242521488394789, -1.1790292151214443, -0.1610695384807913, -1.1462241435400158, 1.2073222927802065, -0.18898223650461426, -0.9572353730777872, 1.0256153238192356, -0.16106953848079136, -0.732872753960898, 0.7741218934265786, -0.18235722297072837, 1.1790292151214439, -1.104258916695732, -0.1889822365046142, 1.2015907059889768, -1.119770516830429, -0.23080027108556914, 1.0543483700546503, -0.9528351047490323, -0.1278872166673276, 1.0256153238192354, -0.9931270663228443, -0.22522130823072536, 0.8048150549829887, -0.7254762501100135, -0.27700663036708634, 0.931102996289654, -0.8048150549829883, -0.2469323991623966, -0.9268086959962989, 1.0398748544506025, -0.20166768818859027, -0.8009428406336285, 0.8683503083805055, -0.26229004707778764, 0.931102996289654, -0.8164965809277287, -0.5605349193140373, -0.40770067346288574, 0.7855573637534168], [-0.16843038421330372, 0.9182702973433554, -0.8683503083805056, -0.352180362530249, -0.8888888888888854, 1.1094003924504579, -0.1610695384807916, 0.21885321670590036, -0.1654369056790959, -0.1610695384807913, -0.13689721552400985, 0.18952152270386974, -0.18898223650461426, 0.043719884828071987, 0.025295445206304112, -0.16106953848079136, -0.732872753960898, 0.7741218934265786, -0.18235722297072837, 1.1790292151214439, -1.104258916695732, -0.1889822365046142, 0.18468028360530958, -0.11336519695184083, -0.23080027108556914, 0.052947625570430035, 0.0483322154582842, -0.1278872166673276, 0.025295445206304, 0.006896715738353099, -0.22522130823072536, -0.2188532167059004, 0.326464312549506, -0.27700663036708634, -0.07144602199252303, 0.21885321670590036, 1.901379473550454, -0.9268086959962989, 0.039110337446151056, 4.958652568401807, -0.8009428406336285, -1.1516089651249486, 1.7751415686157415, -0.07144602199252303, -0.8164965809277287, 1.7840101758937148, -0.40770067346288574, -1.2729815111425848], [5.937171043518956, -1.0890039707187533, -0.8683503083805056, 2.839454172900133, -0.8888888888888854, -0.901387818865997, 6.208498574168695, -0.8048150549829883, -1.1790292151214443, 3.023714517843946, -0.13689721552400985, -0.828279247372467, -0.18898223650461426, 1.0446751427339311, -0.9750244334066274, -0.16106953848079136, 0.31581029858183435, -0.2588321668205431, -0.18235722297072837, -0.8481554037632522, 0.905584718294408, -0.1889822365046142, -0.8322301387783576, 0.8930401229267474, -0.23080027108556914, -0.9484531189137902, 1.0494995356656007, -0.1278872166673276, -0.9750244334066274, 1.0069204977995505, 2.1074279555875015, -0.2188532167059004, -0.7254762501100135, -0.27700663036708634, 0.931102996289654, -0.8048150549829883, -0.2469323991623966, -0.9268086959962989, 1.0398748544506025, -0.20166768818859027, 0.2237928525299845, -0.14162932837222153, -0.26229004707778764, -0.07144602199252303, 0.20412414523193212, 0.6117376282898388, -0.40770067346288574, -0.24371207369458403], [5.937171043518956, -1.0890039707187533, -0.8683503083805056, 2.839454172900133, -0.8888888888888854, -0.901387818865997, 6.208498574168695, -0.8048150549829883, -1.1790292151214443, 6.208498574168683, -1.1462241435400158, -0.828279247372467, 5.2915026221292, -0.9572353730777872, -0.9750244334066274, 6.208498574168686, -0.732872753960898, -1.2917862270676648, 5.4837422050483315, -0.8481554037632522, -1.104258916695732, 5.291502622129198, -0.8322301387783576, -1.119770516830429, -0.23080027108556914, -0.9484531189137902, 1.0494995356656007, 7.819389819088032, -0.9750244334066274, -0.9931270663228443, 4.440077219405729, -1.2425214883947895, -0.7254762501100135, 3.6100218925258996, -1.0739950402747, -0.8048150549829883, 4.049691346263304, -0.9268086959962989, -0.9616541795583003, 4.958652568401807, -0.8009428406336285, -1.1516089651249486, 3.8125731843092705, -1.0739950402747, 