{"clusters": [[107, 377, 400, 95, 413], [178, 402, 143, 144, 341, 115, 124, 127, 128, 112, 137, 386, 301, 147, 192, 140, 343, 425, 208, 318, 220, 333, 193, 236, 200, 212, 258, 431, 110, 280, 149, 177, 198, 181, 184, 344, 286, 131, 194, 336, 210, 422, 226, 196, 145, 138, 311, 205, 234, 284, 285, 153, 246, 176, 277, 298, 350, 159, 424, 219, 118, 243, 232, 12, 172, 175, 186, 213, 320, 152, 334, 415, 368, 294, 271, 423, 354, 299, 165, 398, 421, 130, 218, 22, 109, 108, 174, 331, 114, 182, 68, 17, 376, 329, 317, 267, 309, 103, 97, 274, 28, 429, 290, 261, 170, 244, 93, 47, 249, 81, 366, 389, 227, 259, 42, 269, 319, 268, 264, 263, 24, 187, 337, 189, 43, 70, 222, 332, 26, 116, 185, 262, 254, 265, 260, 272, 203, 426, 90, 179, 25, 255, 338, 348, 245, 91, 169, 241, 39, 16, 237, 292, 139, 307, 408, 291, 360, 80, 411, 202, 74, 94, 406, 102, 101, 361, 355, 73, 281, 166, 167, 391, 199, 326, 395, 287, 371, 370, 20, 60, 105, 45, 238, 48, 418, 92, 40, 21, 9, 52, 62, 414, 46, 419, 41, 23, 270, 69, 201, 34, 64, 44, 63, 328, 31, 72, 29, 27, 19, 50, 312, 321, 32, 209, 417, 54, 380, 13, 252, 297, 98, 293, 362, 358, 396, 387, 383, 367, 381, 71], [390, 2, 120, 190, 126, 49, 225, 432, 113, 84, 171, 111, 121, 125, 197, 96, 316, 173, 242, 161, 240, 257, 256, 223, 79, 273, 300, 433, 195, 134, 119, 409, 356, 306, 83, 303, 357, 87, 283, 379, 278, 405, 378, 276, 407, 410, 99, 359, 89, 122, 235, 266, 206, 132, 86, 279, 308, 305, 135, 133, 82, 412, 346, 310, 340, 335, 239, 345, 302, 427, 141, 142, 275, 85, 296, 168, 430, 204, 353, 351, 325, 160, 365, 399, 352, 10, 295, 247, 51, 191, 18, 6, 7, 369, 14, 228, 1, 35, 30, 154, 250, 61, 251, 146, 106, 8, 253, 327, 33, 374, 230, 11, 375, 324, 0, 224, 403, 15, 434, 304, 59, 217, 38, 67, 330, 158, 57, 58, 211, 233, 136, 401, 55, 148, 56, 231, 163, 66, 314, 373, 3, 157, 342, 5, 221, 76, 162, 88, 388, 372, 313, 75, 215, 77, 315, 229, 349, 36, 123, 207, 188, 100, 339, 282, 347, 151, 397, 385, 164, 155, 37, 382, 364, 392, 416, 53, 150, 404, 214, 363, 156, 65, 322, 216, 4, 78, 323, 289, 288, 117, 384, 420], [248, 183, 393, 104, 428, 129, 180, 394]], "centers": [[-0.16843038421330372, 0.9182702973433554, -0.8683503083805056, -0.352180362530249, -0.8888888888888854, 1.1094003924504579, -0.1610695384807916, 1.242521488394789, -1.1790292151214443, -0.1610695384807913, -1.1462241435400158, 1.2073222927802065, -0.18898223650461426, -0.9572353730777872, 1.0256153238192356, -0.16106953848079136, -0.732872753960898, 0.7741218934265786, -0.18235722297072837, 1.1790292151214439, -1.104258916695732, 5.291502622129198, -0.8322301387783576, -1.119770516830429, -0.23080027108556914, 1.0543483700546503, -0.9528351047490323, -0.1278872166673276, 1.0256153238192354, -0.9931270663228443, 4.440077219405729, -1.2425214883947895, -0.7254762501100135, 3.6100218925258996, -1.0739950402747, -0.8048150549829883, 4.049691346263304, -0.9268086959962989, -0.9616541795583003, -0.20166768818859027, -0.8009428406336285, 0.8683503083805055, -0.26229004707778764, 0.931102996289654, -0.8164965809277287, 1.7840101758937148, -0.40770067346288574, -1.2729815111425848], [-0.16843038421330372, -1.0890039707187533, 1.1516089651249486, -0.352180362530249, 1.1249999999999956, -0.901387818865997, -0.1610695384807916, -0.8048150549829883, 0.8481554037632525, -0.1610695384807913, 0.8724297124919961, -0.828279247372467, -0.18898223650461426, 1.0446751427339311, -0.9750244334066274, -0.16106953848079136, 1.3644933511245667, -1.2917862270676648, -0.18235722297072837, -0.8481554037632522, 0.905584718294408, -0.1889822365046142, -0.8322301387783576, 0.8930401229267474, -0.23080027108556914, -0.9484531189137902, 1.0494995356656007, -0.1278872166673276, 1.0256153238192354, -0.9931270663228443, -0.22522130823072536, 0.8048150549829887, -0.7254762501100135, -0.27700663036708634, 0.931102996289654, -0.8048150549829883, -0.2469323991623966, 1.0789713177270346, -0.9616541795583003, -0.20166768818859027, 1.2485285456935975, -1.1516089651249486, -0.26229004707778764, 0.931102996289654, -0.8164965809277287, -0.5605349193140373, -0.40770067346288574, 0.7855573637534168], [-0.16843038421330372, 0.9182702973433554, -0.8683503083805056, -0.352180362530249, -0.8888888888888854, 1.1094003924504579, -0.1610695384807916, 1.242521488394789, -1.1790292151214443, -0.1610695384807913, -1.1462241435400158, 1.2073222927802065, -0.18898223650461426, -0.9572353730777872, 1.0256153238192356, -0.16106953848079136, -0.732872753960898, 0.7741218934265786, -0.18235722297072837, 1.1790292151214439, -1.104258916695732, -0.1889822365046142, 1.2015907059889768, -1.119770516830429, -0.23080027108556914, 1.0543483700546503, -0.9528351047490323, -0.1278872166673276, 1.0256153238192354, -0.9931270663228443, -0.22522130823072536, 0.8048150549829887, -0.7254762501100135, -0.27700663036708634, -1.0739950402747, 1.242521488394789, -0.2469323991623966, -0.9268086959962989, 1.0398748544506025, 2.3784924401066085, -0.8009428406336285, -0.14162932837222153, -0.26229004707778764, 0.931102996289654, -0.8164965809277287, 0.6117376282898388, -0.40770067346288574, -0.24371207369458403], [5.937171043518956, -1.0890039707187533, -0.8683503083805056, 2.839454172900133, -0.8888888888888854, -0.901387818865997, 6.208498574168695, -0.8048150549829883, -1.1790292151214443, 3.023714517843946, -0.13689721552400985, -0.828279247372467, -0.18898223650461426, 1.0446751427339311, -0.9750244334066274, -0.16106953848079136, 0.31581029858183435, -0.2588321668205431, -0.18235722297072837, -0.8481554037632522, 0.905584718294408, -0.1889822365046142, -0.8322301387783576, 0.8930401229267474, -0.23080027108556914, -0.9484531189137902, 1.0494995356656007, -0.1278872166673276, -0.9750244334066274, 1.0069204977995505, 2.1074279555875015, -0.2188532167059004, -0.7254762501100135, -0.27700663036708634, 0.931102996289654, -0.8048150549829883, -0.2469323991623966, -0.9268086959962989, 1.0398748544506025, -0.20166768818859027, 0.2237928525299845, -0.14162932837222153, -0.26229004707778764, -0.07144602199252303, 0.20412414523193212, 0.6117376282898388, -0.40770067346288574, -0.24371207369458403]]}