{"clusters": [[390, 2, 120, 190, 126, 49, 225, 432, 84, 113, 171, 111, 125, 121, 197, 96, 316, 173, 242, 161, 240, 257, 256, 223, 79, 343, 273, 300, 433, 134, 195, 87, 357, 356, 83, 119, 409, 306, 303, 283, 278, 405, 378, 379, 276, 407, 410, 99, 359, 89, 122, 235, 206, 266, 132, 305, 308, 279, 86, 135, 412, 346, 133, 82, 310, 340, 335, 239, 345, 302, 427, 141, 142, 275, 85, 296, 168, 430, 204, 353, 277, 351, 325, 160, 365, 399, 10, 247, 51, 191, 18, 6, 7, 369, 1, 154, 61, 250, 251, 35, 30, 146, 8, 230, 33, 106, 327, 374, 253, 11, 375, 324, 0, 224, 403, 434, 59, 304, 67, 217, 330, 158, 38, 57, 233, 211, 58, 136, 55, 401, 56, 148, 231, 163, 66, 314, 373, 3, 320, 5, 76, 398, 162, 88, 388, 372, 313, 75, 215, 77, 229, 349, 36, 123, 207, 188, 103, 100, 97, 28, 339, 282, 347, 406, 394, 151, 397, 385, 164, 155, 37, 382, 364, 392, 416, 53, 404, 214, 150, 363, 156, 65, 322, 4, 78, 323, 289, 288, 117, 384, 420], [393, 104, 428, 129, 180, 178, 402, 143, 144, 124, 127, 128, 112, 137, 386, 301, 147, 192, 140, 425, 208, 318, 220, 333, 236, 193, 200, 258, 212, 431, 110, 280, 149, 177, 198, 344, 181, 184, 286, 131, 194, 336, 210, 422, 226, 196, 145, 138, 311, 205, 234, 284, 285, 153, 246, 176, 298, 350, 352, 219, 118, 243, 232, 12, 172, 175, 186, 213, 152, 334, 415, 368, 294, 271, 423, 354, 299, 165, 221, 421, 218, 22, 114, 331, 108, 109, 174, 182, 68, 17, 376, 329, 317, 267, 309, 274, 429, 290, 261, 170, 244, 93, 47, 249, 81, 366, 389, 227, 259, 42, 269, 263, 24, 187, 319, 268, 264, 337, 189, 43, 70, 332, 222, 116, 26, 185, 262, 265, 254, 260, 272, 203, 426, 179, 90, 25, 338, 255, 348, 245, 91, 169, 241, 39, 16, 237, 292, 139, 307, 408, 291, 360, 80, 411, 202, 74, 94, 102, 101, 361, 355, 73, 281, 166, 167, 391, 199, 326, 395, 287, 371, 370, 105, 45, 238, 48, 418, 92, 40, 21, 9, 52, 62, 46, 419, 414, 41, 23, 34, 201, 69, 270, 64, 44, 328, 63, 72, 31, 27, 29, 50, 19, 312, 321, 32, 209, 417, 54, 380, 13, 252, 297, 98, 293, 362, 358, 216, 396, 387, 383, 367, 381, 71], [377, 400, 95, 413], [115, 424, 342, 130, 20, 60], [341, 295, 14, 228, 15, 159, 157, 315], [248, 183, 107]], "centers": [[-0.16843038421330372, 0.9182702973433554, -0.8683503083805056, -0.352180362530249, -0.8888888888888854, 1.1094003924504579, -0.1610695384807916, 1.242521488394789, -1.1790292151214443, -0.1610695384807913, -1.1462241435400158, 1.2073222927802065, -0.18898223650461426, -0.9572353730777872, 1.0256153238192356, -0.16106953848079136, -0.732872753960898, 0.7741218934265786, -0.18235722297072837, 1.1790292151214439, -1.104258916695732, -0.1889822365046142, 1.2015907059889768, -1.119770516830429, -0.23080027108556914, 1.0543483700546503, -0.9528351047490323, -0.1278872166673276, 1.0256153238192354, -0.9931270663228443, -0.22522130823072536, 0.8048150549829887, -0.7254762501100135, -0.27700663036708634, -1.0739950402747, 1.242521488394789, -0.2469323991623966, -0.9268086959962989, 1.0398748544506025, -0.20166768818859027, -0.8009428406336285, 0.8683503083805055, -0.26229004707778764, 0.931102996289654, -0.8164965809277287, -0.5605349193140373, 2.452779858091232, -1.2729815111425848], [-0.16843038421330372, -1.0890039707187533, 1.1516089651249486, -0.352180362530249, 1.1249999999999956, -0.901387818865997, -0.1610695384807916, -0.8048150549829883, 0.8481554037632525, -0.1610695384807913, 0.8724297124919961, -0.828279247372467, -0.18898223650461426, 1.0446751427339311, -0.9750244334066274, -0.16106953848079136, 1.3644933511245667, -1.2917862270676648, -0.18235722297072837, -0.8481554037632522, 0.905584718294408, -0.1889822365046142, -0.8322301387783576, 0.8930401229267474, -0.23080027108556914, -0.9484531189137902, 1.0494995356656007, -0.1278872166673276, 1.0256153238192354, -0.9931270663228443, -0.22522130823072536, 0.8048150549829887, -0.7254762501100135, -0.27700663036708634, 0.931102996289654, -0.8048150549829883, -0.2469323991623966, 1.0789713177270346, -0.9616541795583003, -0.20166768818859027, 1.2485285456935975, -1.1516089651249486, -0.26229004707778764, -1.0739950402747, 1.224744871391593, 1.7840101758937148, -0.40770067346288574, -1.2729815111425848], [-0.16843038421330372, -0.08536683668769895, 0.14162932837222147, -0.352180362530249, 0.11805555555555508, 0.10400628679223045, -0.1610695384807916, 0.21885321670590036, -0.1654369056790959, -0.1610695384807913, -0.13689721552400985, 0.18952152270386974, -0.18898223650461426, -0.9572353730777872, 1.0256153238192356, -0.16106953848079136, -0.732872753960898, 0.7741218934265786, -0.18235722297072837, 1.1790292151214439, -1.104258916695732, 5.291502622129198, -0.8322301387783576, -1.119770516830429, 2.050975136237671, 0.052947625570430035, -0.9528351047490323, -0.1278872166673276, 1.0256153238192354, -0.9931270663228443, 2.1074279555875015, -1.2425214883947895, 0.326464312549506, 3.6100218925258996, -1.0739950402747, -0.8048150549829883, 4.049691346263304, -0.9268086959962989, -0.9616541795583003, 2.3784924401066085, -0.8009428406336285, -0.14162932837222153, -0.26229004707778764, -0.07144602199252303, 0.20412414523193212, 0.6117376282898388, -0.40770067346288574, -0.24371207369458403], [-0.16843038421330372, -0.08536683668769895, 0.14162932837222147, 1.2436369051849419, -0.8888888888888854, 0.10400628679223045, -0.1610695384807916, -0.8048150549829883, 0.8481554037632525, -0.1610695384807913, 0.8724297124919961, -0.828279247372467, 2.551260192812293, -0.9572353730777872, 0.025295445206304112, 6.208498574168686, -0.732872753960898, -1.2917862270676648, -0.18235722297072837, -0.8481554037632522, 0.905584718294408, -0.1889822365046142, 0.18468028360530958, -0.11336519695184083, -0.23080027108556914, 0.052947625570430035, 0.0483322154582842, -0.1278872166673276, 0.025295445206304, 0.006896715738353099, -0.22522130823072536, -0.2188532167059004, 0.326464312549506, -0.27700663036708634, 0.931102996289654, -0.8048150549829883, -0.2469323991623966, 0.07608131086536785, 0.039110337446151056, -0.20166768818859027, 1.2485285456935975, -1.1516089651249486, -0.26229004707778764, -1.0739950402747, 1.224744871391593, 0.6117376282898388, -0.40770067346288574, -0.24371207369458403], [-0.16843038421330372, 0.9182702973433554, -0.8683503083805056, -0.352180362530249, -0.8888888888888854, 1.1094003924504579, -0.1610695384807916, 1.242521488394789, -1.1790292151214443, -0.1610695384807913, -1.1462241435400158, 1.2073222927802065, -0.18898223650461426, -0.9572353730777872, 1.0256153238192356, -0.16106953848079136, -0.732872753960898, 0.7741218934265786, -0.18235722297072837, 1.1790292151214439, -1.104258916695732, -0.1889822365046142, 1.2015907059889768, -1.119770516830429, -0.23080027108556914, 1.0543483700546503, -0.9528351047490323, -0.1278872166673276, 0.025295445206304, 0.006896715738353099, -0.22522130823072536, 0.8048150549829887, -0.7254762501100135, -0.27700663036708634, -1.0739950402747, 1.242521488394789, -0.2469323991623966, -0.9268086959962989, 1.0398748544506025, 4.958652568401807, -0.8009428406336285, -1.1516089651249486, -0.26229004707778764, 0.931102996289654, -0.8164965809277287, 0.6117376282898388, -0.40770067346288574, -0.24371207369458403], [5.937171043518956, -1.0890039707187533, -0.8683503083805056, 2.839454172900133, -0.8888888888888854, -0.901387818865997, 6.208498574168695, -0.8048150549829883, -1.1790292151214443, 6.208498574168683, -1.1462241435400158, -0.828279247372467, 5.2915026221292, -0.9572353730777872, -0.9750244334066274, 6.208498574168686, -0.732872753960898, -1.2917862270676648, 5.4837422050483315, -0.8481554037632522, -1.104258916695732, 5.291502622129198, -0.8322301387783576, -1.119770516830429, -0.23080027108556914, -0.9484531189137902, 1.0494995356656007, 7.819389819088032, -0.9750244334066274, -0.9931270663228443, 4.440077219405729, -1.2425214883947895, -0.7254762501100135, 3.6100218925258996, -1.0739950402747, -0.8048150549829883, 4.049691346263304, -0.9268086959962989, -0.9616541795583003, 4.958652568401807, -0.8009428406336285, -1.1516089651249486, 3.8125731843092705, -1.0739950402747, -0.8164965809277287, 