{"clusters": [[7, 35, 59, 67, 72, 73, 74, 75, 81, 127, 132, 148, 154, 157, 200, 206, 241, 258, 282, 288, 294, 301, 309, 345, 356, 372, 384, 392, 410, 418, 420, 438], [20, 26, 31, 34, 37, 41, 55, 57, 60, 77, 84, 90, 93, 106, 126, 131, 136, 165, 171, 187, 194, 224, 245, 247, 266, 277, 283, 286, 292, 308, 358, 379, 391, 393, 401, 406, 411, 419, 433, 436, 441], [11, 23, 25, 32, 44, 49, 61, 66, 96, 108, 109, 113, 118, 149, 172, 180, 185, 190, 197, 204, 209, 225, 235, 238, 275, 278, 284, 290, 305, 307, 316, 323, 326, 332, 333, 337, 359, 363, 364, 368, 378, 390, 402, 424], [5, 6, 10, 21, 47, 86, 133, 166, 173, 191, 219, 223, 226, 242, 263, 298, 334, 349, 351, 374, 396, 425], [16, 53, 71, 80, 91, 97, 99, 100, 114, 117, 121, 129, 137, 147, 159, 167, 177, 184, 188, 199, 207, 208, 212, 217, 231, 234, 236, 239, 249, 252, 253, 259, 267, 274, 276, 285, 287, 291, 293, 300, 302, 303, 310, 311, 317, 318, 319, 320, 321, 327, 339, 360, 365, 376, 382, 398, 403, 407, 408, 412, 416, 432, 440], [3, 9, 18, 24, 27, 42, 46, 52, 56, 63, 78, 79, 83, 95, 107, 112, 120, 135, 145, 150, 162, 179, 198, 205, 218, 221, 228, 256, 264, 272, 314, 328, 338, 344, 353, 369, 373, 381, 387, 395, 397, 404, 417, 430, 435], [1, 4, 12, 14, 19, 22, 28, 30, 33, 36, 43, 48, 54, 58, 70, 82, 85, 87, 89, 92, 94, 102, 104, 111, 119, 124, 128, 134, 143, 151, 156, 158, 160, 164, 178, 181, 189, 192, 196, 210, 211, 213, 214, 233, 237, 246, 255, 260, 261, 269, 296, 297, 312, 315, 335, 340, 343, 348, 361, 370, 380, 386, 389, 400, 413, 429, 434], [50, 62, 64, 68, 69, 76, 88, 98, 101, 105, 110, 125, 170, 174, 175, 201, 220, 222, 227, 229, 243, 244, 257, 265, 270, 279, 281, 295, 299, 306, 329, 331, 347, 352, 355, 383, 385, 427, 431, 439], [15, 17, 38, 40, 65, 103, 115, 122, 123, 141, 144, 146, 152, 155, 161, 168, 169, 182, 186, 193, 195, 202, 203, 216, 230, 232, 248, 251, 254, 268, 273, 289, 304, 322, 324, 325, 330, 336, 346, 354, 366, 367, 377, 409, 414, 415, 421, 422, 423, 426], [0, 2, 8, 13, 29, 39, 45, 51, 116, 130, 138, 139, 140, 142, 153, 163, 176, 183, 215, 240, 250, 262, 271, 280, 313, 341, 342, 350, 357, 362, 371, 375, 388, 394, 399, 405, 428, 437]], "centers": [[0.34228160591078494, 1.0654884797514645, -0.4477085309695518, -0.19159997100125692, 0.7191360673389934, 1.005997703419306, 0.01637350048490415, -0.054499187536269665, -0.2713739452687396, 0.4998395733162259], [-0.8796343542109077, -0.9385366608874605, -1.3994159818934888, -0.9878042948921786, -0.7851070498542566, -0.9098209894818554, 1.0225995302844602, -0.8303008265388868, -1.1806453629421785, -0.2839057253246669], [0.5713908484336033, 1.0654884797514645, -0.13047271399490495, 0.6046043528896652, -0.35119076604851224, -0.034206260423936125, -1.2220585361914729, 0.7213024514663485, 0.616005912494169, 0.6740051952364239], [-1.7960713243021793, 1.0654884797514645, -0.8555831527940962, -0.6982754498409354, -1.7107951219731814, -1.4628408183605404, -0.1384305040996428, -0.8303008265388868, -1.2151767919567316, -0.8934854020453619], [0.2659118584031802, -0.9385366608874605, 0.7079362308666594, 0.7011139654940072, 0.6323528105778439, 0.5714821235860519, -0.061028501807369295, 0.1859993205545414, 0.6557950744640999, 0.5869223842763249], [-0.8032646067033031, -0.9385366608874605, -0.22111151884480498, -0.7706576611037452, -0.7851070498542566, -0.40946971573447266, -0.6028425178532839, -0.054499187536269665, -0.3809147565088958, -0.37098853628476586], [0.34228160591078494, -0.9385366608874605, -0.6063264394568747, -0.19159997100125692, -0.09084099576506403, -0.20537906460067198, 0.9451975279921858, -0.8303008265388868, -0.6465071642257008, -0.8934854020453619], [0.11317236338796798, 1.0654884797514645, -0.6063264394568747, -0.19159997100125692, -0.6693960408393916, -0.6069767974768608, 0.17117750506945095, -0.8303008265388868, -0.3809147565088958, 0.15150832947582857], [-0.039567131627243825, 1.0654884797514645, 0.6399571272292353, 1.111279831729342, 0.8348470763538604, 1.1903376463788675, -0.8350485247301043, 1.4971040904689663, 0.5338600893199409, 0.5869223842763249], [0.8768698384640264, 1.0654884797514645, 0.4133601151044884, 1.2560442542549635, -0.11976874801878042, -0.053956968598175156, -0.6028425178532839, -0.054499187536269665, 0.6557950744640999, 0.15150832947582857]]}