{"clusters": [[0, 2, 7, 8, 13, 17, 23, 29, 32, 35, 39, 44, 45, 48, 51, 65, 67, 68, 71, 74, 75, 76, 80, 96, 101, 105, 108, 113, 114, 116, 121, 125, 130, 137, 138, 139, 140, 142, 153, 154, 159, 163, 167, 174, 176, 180, 183, 184, 185, 190, 197, 199, 204, 208, 209, 215, 217, 225, 227, 234, 235, 238, 240, 249, 250, 254, 259, 262, 264, 265, 268, 270, 271, 274, 275, 276, 280, 281, 284, 290, 291, 294, 295, 299, 300, 301, 302, 303, 310, 313, 316, 322, 327, 331, 332, 333, 337, 341, 342, 347, 350, 357, 359, 360, 362, 363, 365, 371, 375, 382, 388, 390, 394, 399, 405, 408, 412, 416, 422, 428, 437, 439], [1, 4, 5, 6, 9, 10, 12, 14, 16, 18, 19, 20, 21, 22, 24, 26, 27, 28, 30, 31, 33, 34, 36, 37, 41, 42, 43, 46, 47, 50, 52, 53, 54, 55, 56, 57, 58, 60, 62, 63, 64, 69, 70, 77, 78, 79, 82, 83, 84, 85, 86, 87, 88, 89, 90, 92, 93, 94, 95, 98, 99, 102, 104, 106, 110, 111, 112, 119, 120, 124, 126, 128, 131, 133, 134, 135, 136, 143, 145, 150, 151, 156, 158, 160, 162, 164, 165, 166, 170, 171, 173, 175, 178, 181, 187, 188, 189, 191, 192, 194, 196, 198, 200, 201, 205, 207, 210, 211, 212, 213, 214, 218, 219, 220, 221, 222, 223, 224, 226, 228, 229, 231, 233, 237, 242, 243, 244, 245, 246, 247, 255, 256, 257, 260, 261, 263, 266, 269, 272, 277, 279, 283, 286, 292, 293, 296, 297, 298, 306, 308, 312, 314, 315, 318, 319, 328, 329, 334, 335, 338, 340, 343, 348, 349, 351, 352, 353, 355, 356, 358, 361, 369, 370, 372, 373, 374, 379, 380, 381, 383, 385, 386, 387, 389, 391, 393, 395, 396, 397, 400, 401, 403, 404, 406, 411, 413, 417, 418, 419, 425, 427, 429, 431, 433, 434, 435, 436, 440, 441], [3, 11, 15, 25, 38, 40, 49, 59, 61, 66, 72, 73, 81, 91, 97, 100, 103, 107, 109, 115, 117, 118, 122, 123, 127, 129, 132, 141, 144, 146, 147, 148, 149, 152, 155, 157, 161, 168, 169, 172, 177, 179, 182, 186, 193, 195, 202, 203, 206, 216, 230, 232, 236, 239, 241, 248, 251, 252, 253, 258, 267, 273, 278, 282, 285, 287, 288, 289, 304, 305, 307, 309, 311, 317, 320, 321, 323, 324, 325, 326, 330, 336, 339, 344, 345, 346, 354, 364, 366, 367, 368, 376, 377, 378, 384, 392, 398, 402, 407, 409, 410, 414, 415, 420, 421, 423, 424, 426, 430, 432, 438]], "centers": [[0.8768698384640264, 1.0654884797514645, 0.4133601151044884, 1.2560442542549635, -0.11976874801878042, -0.053956968598175156, -0.6028425178532839, -0.054499187536269665, 0.6557950744640999, 0.15150832947582857], [-0.34504612165766824, -0.9385366608874605, -0.22111151884480498, 0.02554666278717608, -0.7851070498542566, -0.7518153240879448, 0.2485795073617251, -0.8303008265388868, -0.44977638466976977, -0.719319780125164], [0.2659118584031802, 1.0654884797514645, 0.005485493279942759, -0.23985477875107267, 0.8348470763538604, 1.2035047851616922, -0.8350485247301043, 1.1790254184778917, 0.5056766040364721, 0.6740051952364239]]}