{"clusters": [[1, 4, 12, 14, 19, 28, 33, 35, 36, 43, 48, 52, 54, 58, 62, 69, 70, 78, 82, 84, 85, 87, 89, 90, 92, 94, 98, 101, 102, 104, 111, 119, 124, 127, 128, 134, 143, 151, 156, 158, 164, 170, 175, 178, 181, 189, 192, 196, 200, 201, 210, 211, 213, 214, 220, 229, 233, 237, 246, 255, 257, 260, 261, 269, 272, 292, 296, 308, 314, 315, 335, 340, 343, 348, 352, 356, 361, 370, 372, 379, 386, 389, 400, 401, 413, 418, 429, 433, 434, 435], [0, 2, 8, 13, 29, 32, 42, 44, 45, 50, 51, 64, 67, 68, 75, 76, 96, 105, 108, 110, 125, 138, 140, 150, 153, 154, 163, 174, 176, 180, 183, 185, 191, 197, 204, 209, 215, 222, 225, 227, 235, 238, 240, 241, 243, 264, 270, 271, 275, 279, 284, 294, 298, 299, 306, 331, 333, 337, 341, 342, 347, 349, 355, 357, 362, 363, 371, 380, 383, 385, 388, 397, 399, 405, 427, 431, 437, 439], [7, 11, 15, 17, 23, 25, 38, 39, 40, 49, 59, 61, 65, 66, 72, 73, 81, 103, 109, 113, 115, 118, 122, 123, 132, 141, 144, 146, 148, 149, 152, 155, 157, 161, 168, 172, 179, 182, 186, 193, 195, 202, 203, 206, 216, 230, 232, 251, 252, 254, 258, 265, 268, 273, 278, 285, 288, 289, 290, 304, 305, 307, 309, 316, 322, 323, 324, 325, 326, 330, 336, 345, 346, 354, 359, 364, 366, 367, 368, 377, 378, 384, 390, 392, 402, 409, 410, 414, 415, 421, 423, 424, 426, 438], [5, 6, 9, 10, 18, 20, 21, 22, 24, 26, 27, 30, 31, 34, 37, 41, 46, 47, 55, 56, 57, 60, 63, 77, 79, 83, 86, 88, 93, 95, 106, 112, 120, 126, 131, 133, 136, 145, 160, 162, 165, 166, 171, 173, 187, 194, 198, 218, 219, 221, 223, 224, 226, 228, 242, 244, 245, 247, 263, 266, 277, 281, 283, 286, 295, 297, 312, 328, 329, 334, 338, 344, 351, 353, 358, 373, 374, 381, 387, 391, 393, 395, 396, 404, 406, 411, 417, 419, 425, 430, 436, 441], [3, 16, 53, 71, 74, 80, 91, 97, 99, 100, 107, 114, 116, 117, 121, 129, 130, 135, 137, 139, 142, 147, 159, 167, 169, 177, 184, 188, 190, 199, 205, 207, 208, 212, 217, 231, 234, 236, 239, 248, 249, 250, 253, 256, 259, 262, 267, 274, 276, 280, 282, 287, 291, 293, 300, 301, 302, 303, 310, 311, 313, 317, 318, 319, 320, 321, 327, 332, 339, 350, 360, 365, 369, 375, 376, 382, 394, 398, 403, 407, 408, 412, 416, 420, 422, 428, 432, 440]], "centers": [[0.34228160591078494, -0.9385366608874605, -0.6063264394568747, -0.19159997100125692, -0.09084099576506403, -0.20537906460067198, 0.9451975279921858, -0.8303008265388868, -0.6465071642257008, -0.8934854020453619], [0.8005000909564217, 1.0654884797514645, 0.18676310297974066, 0.8941331979409084, -0.9008180588691217, -0.44238756269153806, -0.8350485247301043, -0.054499187536269665, -0.3809147565088958, 0.15150832947582857], [0.2659118584031802, 1.0654884797514645, 0.005485493279942759, -0.23985477875107267, 0.8348470763538604, 1.2035047851616922, -0.8350485247301043, 1.1790254184778917, 0.5056766040364721, 0.6740051952364239], [-1.566962081779361, -0.9385366608874605, -0.9688816588564697, -0.9154220836293667, -0.6115405363319582, -0.4884725484314279, 0.3259815096539971, -0.8303008265388868, -0.8369487924157388, -0.45807134724486487], [0.2659118584031802, -0.9385366608874605, 0.7079362308666594, 0.7011139654940072, 0.6323528105778439, 0.5714821235860519, -0.061028501807369295, 0.1859993205545414, 0.6557950744640999, 0.5869223842763249]]}