{"clusters": [[3, 16, 53, 71, 80, 91, 97, 99, 100, 107, 114, 117, 121, 129, 135, 137, 147, 150, 159, 167, 169, 177, 184, 188, 190, 199, 205, 207, 208, 212, 217, 231, 234, 236, 239, 248, 249, 253, 256, 259, 267, 274, 276, 282, 287, 291, 293, 300, 302, 303, 310, 311, 317, 318, 319, 320, 321, 327, 332, 339, 360, 365, 369, 376, 382, 398, 403, 407, 408, 412, 416, 420, 432, 440], [6, 21, 35, 42, 50, 62, 64, 68, 69, 75, 76, 88, 98, 101, 105, 110, 125, 133, 170, 173, 174, 175, 191, 201, 220, 222, 227, 229, 241, 242, 243, 244, 257, 265, 266, 270, 275, 279, 281, 294, 295, 298, 299, 301, 306, 329, 331, 347, 349, 352, 355, 356, 363, 372, 379, 383, 385, 392, 397, 404, 427, 431, 439], [11, 15, 25, 38, 40, 49, 59, 61, 66, 72, 73, 81, 103, 109, 115, 118, 122, 123, 132, 141, 144, 146, 148, 149, 152, 155, 157, 161, 168, 172, 179, 182, 186, 193, 195, 202, 203, 206, 216, 230, 232, 251, 252, 258, 273, 278, 285, 288, 289, 304, 305, 307, 309, 323, 324, 325, 326, 330, 336, 345, 346, 354, 364, 366, 367, 368, 377, 378, 384, 402, 409, 410, 414, 415, 421, 423, 424, 426, 438], [5, 9, 10, 18, 20, 22, 24, 26, 27, 30, 31, 34, 37, 41, 46, 47, 55, 56, 57, 60, 63, 77, 79, 83, 86, 93, 95, 106, 112, 120, 126, 131, 136, 145, 160, 162, 165, 166, 171, 187, 194, 198, 218, 219, 221, 223, 224, 226, 228, 245, 247, 263, 277, 283, 286, 297, 312, 328, 334, 338, 344, 351, 353, 358, 373, 374, 381, 387, 391, 393, 395, 396, 406, 411, 417, 419, 425, 430, 436, 441], [1, 4, 12, 14, 19, 28, 33, 36, 43, 48, 52, 54, 58, 70, 78, 82, 84, 85, 87, 89, 90, 92, 94, 102, 104, 111, 119, 124, 127, 128, 134, 143, 151, 156, 158, 164, 178, 181, 189, 192, 196, 200, 210, 211, 213, 214, 233, 237, 246, 255, 260, 261, 269, 272, 292, 296, 308, 314, 315, 335, 340, 343, 348, 361, 370, 380, 386, 389, 400, 401, 413, 418, 429, 433, 434, 435], [0, 2, 7, 8, 13, 17, 23, 29, 32, 39, 44, 45, 51, 65, 67, 74, 96, 108, 113, 116, 130, 138, 139, 140, 142, 153, 154, 163, 176, 180, 183, 185, 197, 204, 209, 215, 225, 235, 238, 240, 250, 254, 262, 264, 268, 271, 280, 284, 290, 313, 316, 322, 333, 337, 341, 342, 350, 357, 359, 362, 371, 375, 388, 390, 394, 399, 405, 422, 428, 437]], "centers": [[0.2659118584031802, -0.9385366608874605, 0.7079362308666594, 0.7011139654940072, 0.6323528105778439, 0.5714821235860519, -0.061028501807369295, 0.1859993205545414, 0.6557950744640999, 0.5869223842763249], [0.11317236338796798, 1.0654884797514645, -0.6063264394568747, -0.19159997100125692, -0.6693960408393916, -0.6069767974768608, 0.17117750506945095, -0.8303008265388868, -0.3809147565088958, 0.15150832947582857], [0.2659118584031802, 1.0654884797514645, 0.005485493279942759, -0.23985477875107267, 0.8348470763538604, 1.2035047851616922, -0.8350485247301043, 1.1790254184778917, 0.5056766040364721, 0.6740051952364239], [-1.566962081779361, -0.9385366608874605, -0.9688816588564697, -0.9154220836293667, -0.6115405363319582, -0.4884725484314279, 0.3259815096539971, -0.8303008265388868, -0.8369487924157388, -0.45807134724486487], [0.34228160591078494, -0.9385366608874605, -0.6063264394568747, -0.19159997100125692, -0.09084099576506403, -0.20537906460067198, 0.9451975279921858, -0.8303008265388868, -0.6465071642257008, -0.8934854020453619], [0.8768698384640264, 1.0654884797514645, 0.4133601151044884, 1.2560442542549635, -0.11976874801878042, -0.053956968598175156, -0.6028425178532839, -0.054499187536269665, 0.6557950744640999, 0.15150832947582857]]}