{"clusters": [[16, 53, 71, 80, 91, 97, 99, 100, 114, 117, 121, 129, 137, 147, 159, 167, 169, 177, 184, 188, 190, 199, 207, 208, 212, 217, 231, 234, 236, 239, 248, 249, 253, 259, 267, 274, 276, 282, 287, 291, 293, 300, 302, 303, 310, 311, 317, 318, 319, 320, 321, 327, 332, 339, 360, 365, 376, 382, 398, 403, 407, 408, 412, 416, 420, 432, 440], [6, 21, 35, 50, 62, 64, 68, 75, 76, 88, 98, 101, 105, 110, 125, 170, 173, 174, 175, 191, 201, 220, 222, 226, 227, 229, 241, 243, 244, 257, 265, 266, 270, 275, 279, 281, 294, 295, 298, 299, 301, 306, 329, 331, 347, 352, 355, 356, 363, 372, 383, 385, 392, 427, 431, 439], [11, 15, 38, 40, 49, 59, 61, 66, 72, 73, 81, 103, 109, 115, 118, 122, 123, 132, 141, 144, 146, 148, 152, 155, 157, 161, 168, 172, 182, 186, 193, 195, 202, 203, 206, 216, 230, 232, 251, 252, 258, 273, 278, 285, 288, 289, 304, 305, 307, 309, 323, 324, 325, 326, 330, 336, 345, 346, 354, 364, 366, 367, 368, 377, 378, 384, 402, 409, 410, 414, 415, 421, 423, 424, 426, 438], [5, 10, 20, 26, 28, 31, 34, 37, 41, 55, 57, 60, 69, 77, 79, 84, 90, 104, 106, 124, 126, 131, 133, 136, 156, 160, 165, 166, 171, 187, 194, 198, 219, 223, 224, 242, 245, 263, 277, 283, 286, 292, 296, 297, 308, 334, 349, 351, 358, 361, 374, 379, 380, 391, 393, 396, 401, 406, 411, 419, 425, 436], [1, 4, 12, 14, 19, 22, 30, 33, 36, 43, 48, 54, 58, 70, 82, 85, 87, 89, 92, 93, 94, 102, 111, 119, 127, 128, 134, 143, 151, 158, 164, 178, 181, 189, 192, 196, 200, 210, 211, 213, 214, 233, 237, 246, 247, 255, 260, 261, 269, 312, 315, 335, 340, 343, 348, 370, 386, 389, 400, 413, 418, 429, 433, 434, 441], [0, 2, 7, 8, 13, 17, 23, 29, 32, 39, 44, 45, 51, 65, 67, 74, 96, 108, 113, 116, 130, 138, 139, 140, 142, 153, 154, 163, 176, 180, 183, 197, 204, 209, 215, 225, 235, 238, 240, 250, 254, 262, 268, 271, 280, 284, 290, 313, 316, 322, 333, 337, 341, 342, 350, 357, 359, 362, 371, 375, 388, 390, 394, 399, 405, 422, 428, 437], [3, 9, 18, 24, 25, 27, 42, 46, 47, 52, 56, 63, 78, 83, 86, 95, 107, 112, 120, 135, 145, 149, 150, 162, 179, 185, 205, 218, 221, 228, 256, 264, 272, 314, 328, 338, 344, 353, 369, 373, 381, 387, 395, 397, 404, 417, 430, 435]], "centers": [[0.2659118584031802, -0.9385366608874605, 0.7079362308666594, 0.7011139654940072, 0.6323528105778439, 0.5714821235860519, -0.061028501807369295, 0.1859993205545414, 0.6557950744640999, 0.5869223842763249], [0.11317236338796798, 1.0654884797514645, -0.6063264394568747, -0.19159997100125692, -0.6693960408393916, -0.6069767974768608, 0.17117750506945095, -0.8303008265388868, -0.3809147565088958, 0.15150832947582857], [0.2659118584031802, 1.0654884797514645, 0.005485493279942759, -0.23985477875107267, 0.8348470763538604, 1.2035047851616922, -0.8350485247301043, 1.1790254184778917, 0.5056766040364721, 0.6740051952364239], [-0.34504612165766824, -0.9385366608874605, -1.104839866131318, -0.6982754498409354, -0.9297458111228396, -0.7649824628707693, 0.40338351194627126, -0.8303008265388868, -1.4365505935365122, -0.6322369691650628], [0.34228160591078494, -0.9385366608874605, -0.6063264394568747, -0.19159997100125692, -0.09084099576506403, -0.20537906460067198, 0.9451975279921858, -0.8303008265388868, -0.6465071642257008, -0.8934854020453619], [0.8768698384640264, 1.0654884797514645, 0.4133601151044884, 1.2560442542549635, -0.11976874801878042, -0.053956968598175156, -0.6028425178532839, -0.054499187536269665, 0.6557950744640999, 0.15150832947582857], [-0.8032646067033031, -0.9385366608874605, -0.22111151884480498, -0.7706576611037452, -0.7851070498542566, -0.40946971573447266, -0.6028425178532839, -0.054499187536269665, -0.3809147565088958, -0.37098853628476586]]}