{"clusters": [[0, 8, 13, 25, 39, 42, 44, 45, 49, 61, 66, 68, 73, 75, 81, 88, 105, 118, 132, 142, 144, 146, 148, 149, 157, 180, 185, 186, 193, 195, 206, 244, 265, 278, 289, 295, 305, 325, 330, 347, 357, 363, 372, 377, 378, 392, 410, 422, 424, 438], [6, 21, 62, 76, 86, 98, 110, 127, 133, 166, 170, 173, 174, 191, 201, 220, 222, 226, 229, 242, 243, 257, 263, 281, 294, 298, 306, 334, 351, 355, 356, 381, 383, 389, 396, 427], [2, 11, 17, 48, 51, 64, 67, 74, 108, 140, 153, 154, 163, 176, 183, 192, 197, 204, 209, 235, 238, 241, 258, 264, 270, 271, 275, 279, 280, 284, 288, 299, 301, 326, 329, 331, 333, 337, 341, 342, 345, 349, 385, 388, 402, 431, 437, 439], [4, 12, 14, 16, 27, 28, 80, 82, 85, 87, 91, 100, 104, 111, 151, 175, 178, 181, 188, 200, 210, 211, 212, 231, 233, 236, 239, 246, 259, 267, 274, 296, 300, 311, 314, 315, 318, 328, 335, 339, 370, 386, 398, 407, 417, 418, 434], [29, 36, 50, 53, 71, 92, 121, 137, 139, 145, 147, 150, 159, 190, 199, 205, 207, 217, 234, 249, 250, 291, 293, 302, 303, 310, 319, 340, 343, 360, 380, 400, 404, 405, 416, 420, 440], [23, 32, 96, 97, 113, 114, 116, 117, 122, 125, 129, 135, 138, 141, 167, 168, 169, 172, 177, 208, 215, 225, 240, 251, 253, 254, 256, 262, 268, 290, 316, 323, 327, 332, 350, 359, 362, 364, 366, 367, 368, 371, 375, 382, 390, 394, 397, 399, 403, 412, 428, 432], [7, 15, 38, 40, 59, 65, 72, 103, 109, 115, 123, 130, 152, 155, 161, 182, 202, 203, 216, 230, 232, 248, 273, 276, 282, 285, 287, 304, 307, 309, 313, 317, 320, 321, 322, 324, 336, 346, 353, 354, 365, 376, 384, 408, 409, 414, 415, 421, 423, 426], [3, 9, 18, 19, 20, 22, 24, 30, 34, 37, 52, 54, 56, 63, 69, 77, 78, 79, 83, 95, 99, 102, 107, 112, 119, 120, 124, 128, 134, 156, 158, 162, 179, 184, 189, 194, 196, 198, 213, 218, 221, 228, 252, 255, 297, 312, 338, 344, 369, 373, 393, 395, 411, 413, 419, 429, 430, 435], [1, 5, 10, 26, 31, 41, 46, 47, 57, 60, 84, 93, 94, 106, 126, 131, 136, 160, 165, 171, 187, 219, 223, 224, 245, 247, 272, 283, 308, 358, 374, 379, 387, 391, 406, 425], [33, 35, 43, 55, 58, 70, 89, 90, 101, 143, 164, 214, 227, 237, 260, 261, 266, 269, 277, 286, 292, 348, 352, 361, 401, 433, 436, 441]], "centers": [[-0.013142885725951648, 0.048773683634882554, 0.004787729017776931, -0.01659598688995352, 0.004265080298561452, 0.015226624325504473, -0.02992605128906821, 0.026906494030018907, 0.013890305390213041, -0.0006634868089829122], [-0.031043227981809158, 0.0506801187398187, -0.034079371935339345, -0.019155187438734615, -0.04475859120263567, -0.036395203715029294, 0.003744571783643658, -0.03255392208715011, -0.04564010637035246, -0.029497153277248975], [0.04405445930072708, 0.0506801187398187, -0.004409600679340085, 0.022924343262725456, -0.01810905980317076, -0.0035515841427563193, -0.022614932216451968, 0.004418950968239914, -0.011619648222563504, 0.0080694552697936], [0.026328122506722503, -0.044641636506989026, 0.0033567614984116568, -0.016365485475902223, 0.021207451321926522, 0.015606133610260474, 0.03301272196258882, -0.018514703091021878, -0.008751477750240579, -0.013680278113686882], [0.009702835829514563, -0.03948910919635077, 0.035799586689496045, 0.05583580913586762, -0.0022011543766821315, -0.008880221340808944, 0.0012763266191918997, -0.009822887034678512, 0.01714919722545235, 0.008661851191171988], [0.025012739311488355, 0.014017905183354199, 0.05802750003644008, 0.03522451377934417, 0.012825623927123565, 0.0013960611854215573, -0.03603757004385273, 0.039113100960993644, 0.05661449146037846, 0.059460788177887025], [0.014609708039837752, 0.022083592165776378, 0.010651026699689035, 0.027289138223439945, 0.07121894637862844, 0.07190649590940985, -0.02381453253428367, 0.06467110113442423, 0.043611014702985, 0.027999893041673274], [-0.03827003101128003, -0.044641636506988984, -0.01373205568618351, -0.030047717995839454, -0.014237215445718288, -0.007080128412274145, 0.0007153314831543992, -0.01475690736279284, -0.018963162048109848, -0.02085982880062525], [-0.054251112529989605, -0.044641636506989026, -0.05144412201453162, -0.05160743157107141, -0.05481069125004949, -0.0560365711239394, 0.026345737192067068, -0.05137349373386377, -0.04823315055613737, -0.06148342334180587], [0.007329063115865694, -0.027619894498630494, -0.042312658610818454, -0.016900926869963445, -0.0027483479843837355, -0.03305371080331479, 0.10439061476918256, -0.06121232830391267, -0.03589916574475459, -0.0013735622800974407]]}