{"clusters": [[0, 8, 13, 25, 39, 42, 44, 45, 49, 61, 66, 68, 73, 75, 81, 88, 105, 118, 132, 142, 144, 146, 148, 149, 157, 180, 185, 186, 193, 195, 206, 244, 265, 278, 289, 295, 305, 325, 330, 347, 357, 363, 372, 377, 378, 392, 410, 422, 424, 438], [6, 21, 62, 76, 86, 98, 110, 127, 133, 166, 170, 173, 174, 191, 201, 220, 222, 226, 229, 242, 243, 257, 263, 281, 294, 298, 306, 334, 351, 355, 356, 381, 383, 389, 396, 427], [2, 11, 17, 48, 51, 64, 67, 74, 108, 140, 153, 154, 163, 176, 183, 192, 197, 204, 209, 235, 238, 241, 258, 264, 270, 271, 275, 279, 280, 284, 288, 299, 301, 326, 329, 331, 333, 337, 341, 342, 345, 349, 385, 388, 402, 431, 437, 439], [4, 12, 14, 16, 27, 28, 80, 82, 85, 87, 91, 100, 104, 111, 151, 175, 178, 181, 188, 200, 210, 211, 212, 231, 233, 236, 239, 246, 259, 267, 274, 296, 300, 311, 314, 315, 318, 328, 335, 339, 370, 386, 398, 407, 417, 418, 434], [29, 36, 50, 53, 71, 92, 121, 137, 139, 145, 147, 150, 159, 190, 199, 205, 207, 217, 234, 249, 250, 291, 293, 302, 303, 310, 319, 340, 343, 360, 380, 400, 404, 405, 416, 420, 440], [23, 32, 96, 97, 113, 114, 116, 117, 122, 125, 129, 135, 138, 141, 167, 168, 169, 172, 177, 208, 215, 225, 240, 251, 253, 254, 256, 262, 268, 290, 316, 323, 327, 332, 350, 359, 362, 364, 366, 367, 368, 371, 375, 382, 390, 394, 397, 399, 403, 412, 428, 432], [7, 15, 38, 40, 59, 65, 72, 103, 109, 115, 123, 130, 152, 155, 161, 182, 202, 203, 216, 230, 232, 248, 273, 276, 282, 285, 287, 304, 307, 309, 313, 317, 320, 321, 322, 324, 336, 346, 353, 354, 365, 376, 384, 408, 409, 414, 415, 421, 423, 426], [3, 9, 18, 19, 20, 22, 24, 30, 34, 37, 52, 54, 56, 63, 69, 77, 78, 79, 83, 95, 99, 102, 107, 112, 119, 120, 124, 128, 134, 156, 158, 162, 179, 184, 189, 194, 196, 198, 213, 218, 221, 228, 252, 255, 297, 312, 338, 344, 369, 373, 393, 395, 411, 413, 419, 429, 430, 435], [1, 5, 10, 26, 31, 41, 46, 47, 57, 60, 84, 93, 94, 106, 126, 131, 136, 160, 165, 171, 187, 219, 223, 224, 245, 247, 272, 283, 308, 358, 374, 379, 387, 391, 406, 425], [33, 35, 43, 55, 58, 70, 89, 90, 101, 143, 164, 214, 227, 237, 260, 261, 266, 269, 277, 286, 292, 348, 352, 361, 401, 433, 436, 441]], "centers": [[-0.27631334890082176, 1.0254079769386868, 0.10065623837233666, -0.3489106434839255, 0.08966817829812596, 0.3201214442219071, -0.6291591986326571, 0.5656766426824231, 0.29202694747976327, -0.013949011348359732], [-0.6526464935633026, 1.0654884797514652, -0.716477764795293, -0.4027147538511227, -0.9409954925548395, -0.7651653397983096, 0.07872511344256877, -0.6844070183153392, -0.9595282876484563, -0.6201421343094944], [0.9261919670626887, 1.0654884797514652, -0.09270654530744737, 0.4819567171438168, -0.3807211798075137, -0.07466778064199474, -0.475451722413917, 0.0929031238742279, -0.24428911430662412, 0.1696505817591826], [0.5535170777403335, -0.9385366608874601, 0.07057186910300865, -0.3440646287676038, 0.4458611311549502, 0.32810017002052166, 0.6940527333204479, -0.3892493415569732, -0.1839892832838891, -0.287611376854884], [0.2039904415051208, -0.8302109776096812, 0.7526432089345143, 1.1738806630917729, -0.046276620671501234, -0.1866959622736895, 0.026833230524400686, -0.20651437355705254, 0.3605412247455588, 0.18210499278613373], [0.5258627297271461, 0.2947095795057243, 1.2199583255716173, 0.7405529933624604, 0.2696433015504784, 0.029350505623934563, -0.7576465224378305, 0.822305857159573, 1.1902515214634546, 1.2500914831263097], [0.30715152205728713, 0.4642809375597873, 0.22392501296819917, 0.5737212761614059, 1.4972926029639644, 1.5117475040676456, -0.5006718748274829, 1.359632040037701, 0.9168690782839736, 0.5886640404955265], [-0.8045813264879164, -0.9385366608874597, -0.28869993797856486, -0.6317170946609004, -0.2993203137315027, -0.14885117568819567, 0.015038983204002935, -0.31024621060058044, -0.39867765120378057, -0.4385527861676018], [-1.140564324861895, -0.9385366608874608, -1.0815507287740522, -1.084984115582505, -1.1523287937417115, -1.1781014421819311, 0.5538874052923588, -1.0800658542066746, -1.0140439197373263, -1.2926149522791492], [0.15408472812418547, -0.5806750286305098, -0.8895727046128081, -0.35532163942859213, -0.05778070747510263, -0.6949144743478755, 2.1946869935674562, -1.2869155054947132, -0.7547367386822855, -0.02887749322723402]]}