{"clusters": [[0, 2, 7, 8, 9, 13, 15, 17, 18, 23, 25, 27, 30, 32, 36, 38, 40, 42, 44, 48, 49, 51, 52, 53, 56, 59, 61, 64, 65, 66, 67, 68, 71, 72, 73, 74, 75, 80, 81, 85, 88, 91, 92, 96, 97, 100, 101, 103, 104, 105, 107, 108, 109, 113, 114, 115, 116, 117, 118, 121, 122, 123, 125, 129, 130, 132, 135, 137, 138, 139, 140, 141, 142, 144, 145, 146, 147, 149, 150, 152, 153, 154, 155, 157, 159, 161, 163, 167, 168, 169, 172, 175, 176, 177, 179, 180, 182, 183, 184, 185, 186, 188, 190, 193, 195, 197, 199, 202, 203, 204, 205, 206, 207, 208, 209, 211, 215, 216, 217, 221, 222, 225, 229, 230, 232, 233, 234, 235, 236, 238, 239, 240, 241, 243, 244, 246, 248, 249, 250, 251, 252, 253, 254, 256, 258, 259, 262, 265, 267, 268, 270, 271, 273, 274, 275, 276, 279, 280, 282, 284, 285, 287, 289, 290, 291, 293, 295, 296, 299, 300, 301, 302, 303, 304, 305, 306, 307, 309, 310, 311, 313, 314, 316, 317, 318, 319, 320, 321, 322, 323, 324, 325, 326, 327, 328, 330, 331, 332, 333, 336, 337, 339, 340, 341, 342, 343, 345, 346, 349, 350, 353, 354, 357, 359, 360, 362, 363, 364, 365, 366, 367, 368, 369, 371, 372, 375, 376, 377, 378, 380, 382, 383, 384, 388, 390, 392, 394, 399, 400, 402, 403, 404, 405, 407, 408, 409, 410, 412, 414, 415, 416, 417, 418, 420, 421, 422, 423, 424, 426, 428, 431, 432, 437, 438, 440], [1, 3, 4, 5, 6, 10, 11, 12, 14, 16, 19, 20, 21, 22, 24, 26, 28, 29, 31, 33, 34, 35, 37, 39, 41, 43, 45, 46, 47, 50, 54, 55, 57, 58, 60, 62, 63, 69, 70, 76, 77, 78, 79, 82, 83, 84, 86, 87, 89, 90, 93, 94, 95, 98, 99, 102, 106, 110, 111, 112, 119, 120, 124, 126, 127, 128, 131, 133, 134, 136, 143, 148, 151, 156, 158, 160, 162, 164, 165, 166, 170, 171, 173, 174, 178, 181, 187, 189, 191, 192, 194, 196, 198, 200, 201, 210, 212, 213, 214, 218, 219, 220, 223, 224, 226, 227, 228, 231, 237, 242, 245, 247, 255, 257, 260, 261, 263, 264, 266, 269, 272, 277, 278, 281, 283, 286, 288, 292, 294, 297, 298, 308, 312, 315, 329, 334, 335, 338, 344, 347, 348, 351, 352, 355, 356, 358, 361, 370, 373, 374, 379, 381, 385, 386, 387, 389, 391, 393, 395, 396, 397, 398, 401, 406, 411, 413, 419, 425, 427, 429, 430, 433, 434, 435, 436, 439, 441]], "centers": [[0.3048172014730922, 0.2638784234958954, 0.4509837699478419, 0.3909174977837425, 0.32506366871289566, 0.35932970540503123, -0.42043666716828454, 0.5030240733379132, 0.4788004954424821, 0.40749893226042205], [-0.45636473666875393, -0.39507221596842895, -0.6752016894699328, -0.5852719599587114, -0.486677244118177, -0.537979502442561, 0.6294673265513865, -0.7531151380482883, -0.7168481993912869, -0.6100972714633434]]}