{"clusters": [[2, 7, 15, 17, 23, 32, 38, 40, 44, 49, 53, 59, 65, 66, 71, 72, 73, 74, 80, 92, 96, 97, 100, 103, 109, 113, 114, 115, 116, 117, 121, 122, 123, 129, 130, 132, 137, 138, 141, 142, 144, 145, 146, 147, 150, 152, 154, 155, 159, 161, 163, 167, 168, 169, 172, 176, 177, 182, 183, 186, 188, 195, 197, 199, 202, 203, 204, 206, 208, 211, 215, 216, 217, 230, 232, 234, 236, 238, 239, 240, 241, 248, 249, 250, 251, 253, 254, 256, 258, 262, 268, 270, 273, 275, 276, 282, 285, 287, 290, 293, 300, 301, 303, 304, 307, 309, 310, 311, 313, 316, 317, 318, 320, 321, 322, 323, 324, 327, 330, 332, 333, 336, 337, 339, 340, 341, 342, 343, 345, 346, 350, 353, 354, 359, 362, 364, 365, 366, 367, 368, 371, 375, 376, 382, 384, 390, 392, 394, 399, 400, 402, 403, 404, 407, 408, 409, 412, 414, 416, 418, 420, 421, 423, 426, 428, 432, 437], [1, 3, 5, 10, 12, 14, 19, 20, 21, 22, 26, 31, 33, 34, 35, 41, 43, 46, 47, 55, 57, 58, 60, 62, 69, 70, 76, 77, 79, 82, 84, 86, 87, 89, 90, 93, 94, 102, 106, 110, 111, 112, 126, 127, 128, 131, 136, 143, 151, 156, 158, 160, 164, 165, 166, 170, 171, 174, 178, 187, 189, 194, 213, 214, 219, 220, 223, 224, 226, 228, 242, 245, 247, 255, 260, 261, 266, 269, 272, 277, 281, 283, 286, 292, 297, 298, 308, 312, 315, 335, 344, 348, 351, 352, 358, 370, 373, 374, 379, 381, 386, 387, 389, 391, 393, 396, 401, 406, 413, 419, 425, 433, 436, 441], [0, 4, 6, 8, 9, 11, 13, 16, 18, 24, 25, 27, 28, 29, 30, 36, 37, 39, 42, 45, 48, 50, 51, 52, 54, 56, 61, 63, 64, 67, 68, 75, 78, 81, 83, 85, 88, 91, 95, 98, 99, 101, 104, 105, 107, 108, 118, 119, 120, 124, 125, 133, 134, 135, 139, 140, 148, 149, 153, 157, 162, 173, 175, 179, 180, 181, 184, 185, 190, 191, 192, 193, 196, 198, 200, 201, 205, 207, 209, 210, 212, 218, 221, 222, 225, 227, 229, 231, 233, 235, 237, 243, 244, 246, 252, 257, 259, 263, 264, 265, 267, 271, 274, 278, 279, 280, 284, 288, 289, 291, 294, 295, 296, 299, 302, 305, 306, 314, 319, 325, 326, 328, 329, 331, 334, 338, 347, 349, 355, 356, 357, 360, 361, 363, 369, 372, 377, 378, 380, 383, 385, 388, 395, 397, 398, 405, 410, 411, 415, 417, 422, 424, 427, 429, 430, 431, 434, 435, 438, 439, 440]], "centers": [[0.02124006954067477, 0.012437258850380868, 0.030084688327858267, 0.032654518906349746, 0.03154454040200628, 0.030636641378762475, -0.02089214985578196, 0.03536507060100078, 0.03230035960143342, 0.03324970351828353], [-0.03135656097685321, -0.027082365803629653, -0.039712673344877686, -0.03428066468291849, -0.027989668650055814, -0.034362027810340236, 0.04214879069031212, -0.044403821502929944, -0.040845922609520476, -0.03432355563269233], [0.0001711573793069747, 0.006275574370187781, -0.003086324157991486, -0.009598191823028845, -0.012901341745520024, -0.007447502732139675, -0.008173746042113015, -0.005241808316974794, -0.004582142086672122, -0.010185187238674379]]}