{"clusters": [[0, 2, 13, 17, 23, 27, 32, 36, 38, 40, 44, 50, 51, 53, 56, 64, 71, 74, 92, 96, 97, 108, 109, 113, 114, 116, 117, 121, 122, 124, 125, 129, 130, 135, 137, 138, 139, 140, 141, 145, 147, 150, 154, 159, 163, 167, 168, 169, 172, 179, 184, 190, 197, 204, 205, 207, 208, 209, 211, 215, 217, 222, 225, 234, 235, 238, 240, 244, 249, 250, 253, 254, 256, 262, 268, 270, 271, 273, 274, 275, 279, 290, 299, 302, 303, 307, 310, 313, 316, 323, 327, 331, 332, 333, 337, 340, 341, 342, 343, 345, 349, 350, 353, 359, 360, 362, 364, 365, 366, 367, 368, 371, 375, 380, 382, 383, 385, 390, 394, 397, 399, 402, 403, 404, 405, 408, 412, 416, 426, 428, 431, 432, 437], [1, 3, 4, 5, 6, 10, 11, 18, 19, 20, 21, 22, 25, 26, 31, 34, 39, 41, 42, 46, 47, 54, 57, 60, 62, 63, 69, 76, 77, 78, 79, 83, 84, 86, 89, 93, 94, 95, 98, 99, 102, 105, 106, 110, 112, 120, 126, 127, 128, 131, 133, 134, 136, 156, 158, 160, 162, 165, 166, 170, 171, 173, 174, 187, 189, 191, 194, 198, 201, 213, 218, 219, 220, 221, 223, 224, 226, 228, 229, 231, 242, 243, 245, 247, 257, 263, 264, 272, 277, 281, 283, 284, 294, 297, 298, 306, 308, 312, 334, 338, 344, 351, 355, 356, 358, 363, 373, 374, 379, 381, 387, 389, 391, 393, 396, 406, 413, 419, 425, 427, 435], [7, 8, 9, 15, 24, 28, 30, 45, 48, 49, 52, 59, 61, 65, 66, 67, 68, 72, 73, 75, 80, 81, 85, 88, 91, 100, 101, 103, 104, 107, 115, 118, 123, 132, 142, 144, 146, 148, 149, 152, 153, 155, 157, 161, 176, 177, 180, 182, 183, 185, 186, 188, 192, 193, 195, 199, 202, 203, 206, 216, 230, 232, 236, 239, 241, 246, 248, 251, 252, 258, 259, 265, 267, 276, 278, 280, 282, 285, 287, 289, 291, 293, 295, 300, 301, 304, 305, 309, 311, 314, 317, 320, 321, 322, 324, 325, 326, 328, 329, 330, 336, 339, 346, 347, 354, 357, 369, 372, 376, 377, 378, 384, 388, 392, 395, 398, 400, 407, 409, 410, 414, 415, 417, 418, 420, 421, 422, 423, 424, 430, 438, 439, 440], [12, 14, 16, 29, 33, 35, 37, 43, 55, 58, 70, 82, 87, 90, 111, 119, 143, 151, 164, 175, 178, 181, 196, 200, 210, 212, 214, 227, 233, 237, 255, 260, 261, 266, 269, 286, 288, 292, 296, 315, 318, 319, 335, 348, 352, 361, 370, 386, 401, 411, 429, 433, 434, 436, 441]], "centers": [[0.51741523741319, 0.20662056233478251, 0.6989064251203345, 0.763155863273055, -0.04081555953683291, -0.0875678228595989, -0.5079814172995951, 0.32389368706598454, 0.5895719336901394, 0.6707314053507054], [-0.8670112554493209, -0.2429246285995693, -0.728052107127193, -0.6904988486368625, -0.7834335435255289, -0.6508853966410769, 0.1583837856822984, -0.6353886792192217, -0.7997567043016881, -0.7783345776353126], [0.10283660808618685, 0.3120955697368322, 0.20686719879231213, -0.0034787852711405938, 0.7132635161295932, 0.8262860592424285, -0.32320596069961915, 0.6767959363867235, 0.3729520532681195, 0.1253180103900846], [0.4075430265081942, -0.7199157364541231, -0.5886106730543942, -0.31793983071262344, 0.0974523734500351, -0.3544071353699282, 1.6615178764788614, -1.0219943587942615, -0.5680932553626219, -0.21265615272094968]]}