{"clusters": [[0, 2, 13, 17, 23, 27, 32, 36, 38, 40, 44, 50, 51, 53, 56, 64, 71, 74, 92, 96, 97, 108, 109, 113, 114, 116, 117, 121, 122, 124, 125, 129, 130, 135, 137, 138, 139, 140, 141, 145, 147, 150, 154, 159, 163, 167, 168, 169, 172, 179, 184, 190, 197, 204, 205, 207, 208, 209, 211, 215, 217, 222, 225, 234, 235, 238, 240, 244, 249, 250, 253, 254, 256, 262, 268, 270, 271, 273, 274, 275, 279, 290, 299, 302, 303, 307, 310, 313, 316, 323, 327, 331, 332, 333, 337, 340, 341, 342, 343, 345, 349, 350, 353, 359, 360, 362, 364, 365, 366, 367, 368, 371, 375, 380, 382, 383, 385, 390, 394, 397, 399, 402, 403, 404, 405, 408, 412, 416, 426, 428, 431, 432, 437], [1, 3, 4, 5, 6, 10, 11, 18, 19, 20, 21, 22, 25, 26, 31, 34, 39, 41, 42, 46, 47, 54, 57, 60, 62, 63, 69, 76, 77, 78, 79, 83, 84, 86, 89, 93, 94, 95, 98, 99, 102, 105, 106, 110, 112, 120, 126, 127, 128, 131, 133, 134, 136, 156, 158, 160, 162, 165, 166, 170, 171, 173, 174, 187, 189, 191, 194, 198, 201, 213, 218, 219, 220, 221, 223, 224, 226, 228, 229, 231, 242, 243, 245, 247, 257, 263, 264, 272, 277, 281, 283, 284, 294, 297, 298, 306, 308, 312, 334, 338, 344, 351, 355, 356, 358, 363, 373, 374, 379, 381, 387, 389, 391, 393, 396, 406, 413, 419, 425, 427, 435], [7, 8, 9, 15, 24, 28, 30, 45, 48, 49, 52, 59, 61, 65, 66, 67, 68, 72, 73, 75, 80, 81, 85, 88, 91, 100, 101, 103, 104, 107, 115, 118, 123, 132, 142, 144, 146, 148, 149, 152, 153, 155, 157, 161, 176, 177, 180, 182, 183, 185, 186, 188, 192, 193, 195, 199, 202, 203, 206, 216, 230, 232, 236, 239, 241, 246, 248, 251, 252, 258, 259, 265, 267, 276, 278, 280, 282, 285, 287, 289, 291, 293, 295, 300, 301, 304, 305, 309, 311, 314, 317, 320, 321, 322, 324, 325, 326, 328, 329, 330, 336, 339, 346, 347, 354, 357, 369, 372, 376, 377, 378, 384, 388, 392, 395, 398, 400, 407, 409, 410, 414, 415, 417, 418, 420, 421, 422, 423, 424, 430, 438, 439, 440], [12, 14, 16, 29, 33, 35, 37, 43, 55, 58, 70, 82, 87, 90, 111, 119, 143, 151, 164, 175, 178, 181, 196, 200, 210, 212, 214, 227, 233, 237, 255, 260, 261, 266, 269, 286, 288, 292, 296, 315, 318, 319, 335, 348, 352, 361, 370, 386, 401, 411, 429, 433, 434, 436, 441]], "centers": [[0.02461093307738918, 0.009827937919758254, 0.03324358853826865, 0.03629962266385959, -0.0019413981878447291, -0.0041651765783022624, -0.02416221201412827, 0.015406051620014332, 0.028043077117128345, 0.031903439513142305], [-0.04123951991032522, -0.011554746256030975, -0.03462990725774178, -0.03284368090660831, -0.03726413355486709, -0.030959461143566507, 0.0075335484309628385, -0.03022235746394609, -0.038040547136120005, -0.037021600480437], [0.00489143862899731, 0.014844872406432333, 0.00983966921971193, -0.00016546894120594423, 0.033926485717293016, 0.03930241986776879, -0.015373339812642235, 0.03219189983800307, 0.0177395201384975, 0.005960769888651241], [0.01938484494908707, -0.034242899570973644, -0.027997354611363937, -0.015122855552968623, 0.004635336704041033, -0.016857428347771767, 0.0790303460511595, -0.04861131437779378, -0.027021440573234284, -0.010115021678287565]]}