{"clusters": [[0, 2, 13, 17, 23, 32, 36, 40, 44, 48, 49, 51, 53, 61, 64, 66, 67, 68, 71, 74, 75, 92, 96, 97, 108, 109, 113, 114, 116, 117, 121, 122, 125, 129, 130, 132, 135, 137, 138, 139, 140, 141, 142, 145, 147, 150, 153, 154, 159, 163, 167, 168, 172, 176, 177, 179, 180, 184, 190, 197, 199, 204, 205, 207, 208, 209, 215, 217, 222, 225, 234, 235, 238, 240, 241, 244, 249, 250, 253, 256, 258, 259, 262, 265, 268, 270, 271, 274, 275, 279, 280, 290, 293, 295, 299, 300, 301, 302, 303, 307, 310, 313, 316, 327, 330, 331, 332, 333, 337, 340, 341, 342, 343, 345, 349, 350, 359, 360, 362, 363, 364, 365, 366, 367, 368, 372, 375, 380, 382, 385, 392, 397, 399, 400, 402, 403, 404, 405, 407, 408, 412, 416, 420, 424, 426, 427, 428, 431, 432, 437, 439, 440], [1, 3, 5, 6, 10, 18, 21, 22, 26, 31, 39, 41, 42, 46, 47, 57, 60, 62, 69, 76, 77, 79, 84, 86, 93, 94, 95, 98, 105, 106, 110, 112, 126, 127, 128, 131, 133, 136, 158, 160, 165, 166, 170, 171, 173, 174, 187, 189, 191, 201, 213, 219, 220, 221, 223, 224, 226, 229, 242, 243, 245, 247, 255, 257, 263, 264, 272, 277, 281, 283, 284, 294, 298, 306, 308, 312, 334, 351, 355, 356, 358, 373, 374, 379, 381, 383, 387, 389, 391, 393, 396, 406, 419, 425], [7, 8, 9, 15, 25, 38, 45, 59, 65, 72, 73, 81, 103, 115, 118, 123, 144, 146, 148, 149, 152, 155, 157, 161, 169, 182, 183, 185, 186, 193, 195, 202, 203, 206, 216, 230, 232, 248, 251, 252, 254, 273, 276, 282, 285, 287, 289, 304, 305, 309, 320, 321, 322, 323, 324, 325, 326, 336, 346, 353, 354, 357, 371, 376, 377, 378, 384, 388, 390, 394, 409, 410, 414, 415, 421, 422, 423, 438], [16, 35, 43, 58, 70, 80, 82, 87, 88, 91, 100, 101, 111, 164, 175, 178, 181, 188, 192, 200, 210, 211, 212, 227, 233, 236, 237, 239, 246, 260, 261, 266, 267, 269, 286, 288, 291, 296, 311, 315, 317, 318, 319, 329, 339, 347, 348, 398, 418, 433, 434, 441], [4, 11, 12, 14, 19, 20, 24, 27, 28, 29, 30, 33, 34, 37, 50, 52, 54, 55, 56, 63, 78, 83, 85, 89, 90, 99, 102, 104, 107, 119, 120, 124, 134, 143, 151, 156, 162, 194, 196, 198, 214, 218, 228, 231, 278, 292, 297, 314, 328, 335, 338, 344, 352, 361, 369, 370, 386, 395, 401, 411, 413, 417, 429, 430, 435, 436]], "centers": [[0.02043897632255281, 0.01430734371143155, 0.027865670962861036, 0.029535762351361582, -0.0038320401790947764, -0.00020652678008787652, -0.022606858449337724, 0.013622381839330126, 0.0172336742751274, 0.02955209310660081], [-0.041646719358632754, -0.00509324869182411, -0.04071887267178179, -0.03481292383892778, -0.0435794353844373, -0.03841197604843386, 0.010844562418830486, -0.03613302548368993, -0.042437263244834544, -0.039149829143202426], [0.0030079390793506778, 0.02990486439115548, 0.014092839922282044, 0.013633006328245134, 0.05290466102754623, 0.051552006482045006, -0.030090308975712087, 0.058360820228126456, 0.044418023937402525, 0.009861713069481689], [0.03046154698801767, -0.028143640406579996, -0.017647343843159358, -0.010702498491933414, 0.030183798445968583, 0.012416478206091645, 0.0640038572095132, -0.02908300896544602, -0.008826643638748343, -0.002431847838008499], [-0.015311401104287562, -0.03886456043142489, -0.008933145292446295, -0.02611917588742843, -0.015411879484537849, -0.015524175048334523, 0.02175298700212007, -0.025968562965179163, -0.024788426404660148, -0.02203926885735718]]}