{"clusters": [[0, 2, 13, 17, 23, 32, 36, 40, 44, 48, 49, 51, 53, 61, 64, 66, 67, 68, 71, 74, 75, 92, 96, 97, 108, 109, 113, 114, 116, 117, 121, 122, 125, 129, 130, 132, 135, 137, 138, 139, 140, 141, 142, 145, 147, 150, 153, 154, 159, 163, 167, 168, 172, 176, 177, 179, 180, 184, 190, 197, 199, 204, 205, 207, 208, 209, 215, 217, 222, 225, 234, 235, 238, 240, 241, 244, 249, 250, 253, 256, 258, 259, 262, 265, 268, 270, 271, 274, 275, 279, 280, 290, 293, 295, 299, 300, 301, 302, 303, 307, 310, 313, 316, 327, 330, 331, 332, 333, 337, 340, 341, 342, 343, 345, 349, 350, 359, 360, 362, 363, 364, 365, 366, 367, 368, 372, 375, 380, 382, 385, 392, 397, 399, 400, 402, 403, 404, 405, 407, 408, 412, 416, 420, 424, 426, 427, 428, 431, 432, 437, 439, 440], [1, 3, 5, 6, 10, 18, 21, 22, 26, 31, 39, 41, 42, 46, 47, 57, 60, 62, 69, 76, 77, 79, 84, 86, 93, 94, 95, 98, 105, 106, 110, 112, 126, 127, 128, 131, 133, 136, 158, 160, 165, 166, 170, 171, 173, 174, 187, 189, 191, 201, 213, 219, 220, 221, 223, 224, 226, 229, 242, 243, 245, 247, 255, 257, 263, 264, 272, 277, 281, 283, 284, 294, 298, 306, 308, 312, 334, 351, 355, 356, 358, 373, 374, 379, 381, 383, 387, 389, 391, 393, 396, 406, 419, 425], [7, 8, 9, 15, 25, 38, 45, 59, 65, 72, 73, 81, 103, 115, 118, 123, 144, 146, 148, 149, 152, 155, 157, 161, 169, 182, 183, 185, 186, 193, 195, 202, 203, 206, 216, 230, 232, 248, 251, 252, 254, 273, 276, 282, 285, 287, 289, 304, 305, 309, 320, 321, 322, 323, 324, 325, 326, 336, 346, 353, 354, 357, 371, 376, 377, 378, 384, 388, 390, 394, 409, 410, 414, 415, 421, 422, 423, 438], [16, 35, 43, 58, 70, 80, 82, 87, 88, 91, 100, 101, 111, 164, 175, 178, 181, 188, 192, 200, 210, 211, 212, 227, 233, 236, 237, 239, 246, 260, 261, 266, 267, 269, 286, 288, 291, 296, 311, 315, 317, 318, 319, 329, 339, 347, 348, 398, 418, 433, 434, 441], [4, 11, 12, 14, 19, 20, 24, 27, 28, 29, 30, 33, 34, 37, 50, 52, 54, 55, 56, 63, 78, 83, 85, 89, 90, 99, 102, 104, 107, 119, 120, 124, 134, 143, 151, 156, 162, 194, 196, 198, 214, 218, 228, 231, 278, 292, 297, 314, 328, 335, 338, 344, 352, 361, 369, 370, 386, 395, 401, 411, 413, 417, 429, 430, 435, 436]], "centers": [[0.42970486950501857, 0.30079467608661214, 0.5858421828862854, 0.6209538436090314, -0.08056403114861238, -0.004341976901704604, -0.47528198118082005, 0.286394177391262, 0.3623172530081257, 0.6212971780763636], [-0.8755721335988021, -0.10707942168620435, -0.8560652740964891, -0.7318998104023653, -0.9162051611317368, -0.8075655499982071, 0.22799386845420494, -0.7596533581360962, -0.8921923670242398, -0.8230780229712379], [0.06323829770991811, 0.6287137696122128, 0.29628499217336846, 0.28661754447925303, 1.1122568030946265, 1.0838188698152371, -0.6326125187349276, 1.2269659812983094, 0.9338354758320774, 0.20733064419384087], [0.6404173509885545, -0.5916861557768777, -0.37101415763502144, -0.22500714543024686, 0.6345780222896694, 0.2610415053601972, 1.3456040398502926, -0.6114352487664176, -0.18556955559316402, -0.05112667295055584], [-0.32190377392808966, -0.8170805917578278, -0.1878086246385914, -0.549124226632718, -0.3240162109010809, -0.326377089930731, 0.4573303620287653, -0.5459577712741398, -0.5211468209244553, -0.4633490933636594]]}