{"clusters": [[0, 8, 9, 13, 25, 27, 28, 32, 36, 42, 44, 49, 50, 53, 56, 61, 65, 66, 74, 88, 91, 103, 108, 114, 118, 125, 135, 138, 139, 144, 145, 146, 147, 148, 149, 150, 177, 180, 184, 185, 186, 190, 193, 205, 207, 225, 234, 238, 241, 244, 249, 250, 252, 256, 262, 267, 275, 278, 289, 293, 295, 300, 302, 310, 316, 325, 327, 328, 330, 332, 341, 343, 347, 357, 360, 362, 363, 366, 367, 369, 380, 382, 392, 397, 403, 404, 405, 407, 409, 410, 415, 420, 422, 427, 438, 440], [1, 5, 6, 10, 21, 22, 26, 31, 39, 41, 46, 47, 55, 57, 60, 62, 69, 76, 77, 79, 84, 86, 89, 93, 94, 98, 106, 110, 126, 127, 128, 131, 133, 136, 158, 160, 165, 166, 170, 171, 173, 174, 187, 189, 191, 213, 219, 220, 223, 224, 226, 229, 242, 245, 247, 257, 263, 272, 277, 281, 283, 292, 298, 308, 312, 334, 335, 351, 355, 356, 358, 370, 372, 373, 374, 379, 381, 387, 389, 391, 393, 396, 406, 419, 425, 436], [2, 11, 45, 48, 51, 64, 67, 68, 75, 81, 101, 105, 132, 140, 153, 154, 157, 176, 183, 192, 201, 204, 206, 209, 222, 235, 243, 258, 264, 270, 271, 279, 280, 284, 288, 294, 299, 301, 305, 306, 311, 326, 329, 331, 333, 342, 345, 349, 377, 378, 383, 385, 388, 402, 424, 431, 437, 439], [12, 14, 16, 29, 33, 35, 43, 58, 70, 80, 82, 87, 90, 100, 111, 119, 143, 151, 164, 175, 178, 181, 200, 210, 211, 212, 214, 227, 233, 237, 246, 255, 260, 261, 266, 269, 286, 291, 296, 315, 318, 319, 339, 348, 352, 361, 386, 401, 433, 434, 441], [3, 4, 18, 19, 20, 24, 30, 34, 37, 52, 54, 63, 78, 83, 85, 95, 99, 102, 104, 107, 112, 120, 124, 134, 156, 162, 179, 194, 196, 198, 218, 221, 228, 231, 259, 297, 314, 338, 344, 395, 398, 411, 413, 417, 429, 430, 435], [7, 15, 17, 23, 38, 40, 59, 71, 72, 73, 92, 96, 97, 109, 113, 115, 116, 117, 121, 122, 123, 129, 130, 137, 141, 142, 152, 155, 159, 161, 163, 167, 168, 169, 172, 182, 188, 195, 197, 199, 202, 203, 208, 215, 216, 217, 230, 232, 236, 239, 240, 248, 251, 253, 254, 265, 268, 273, 274, 276, 282, 285, 287, 290, 303, 304, 307, 309, 313, 317, 320, 321, 322, 323, 324, 336, 337, 340, 346, 350, 353, 354, 359, 364, 365, 368, 371, 375, 376, 384, 390, 394, 399, 400, 408, 412, 414, 416, 418, 421, 423, 426, 428, 432]], "centers": [[-0.004492903539461337, 0.005998045967877587, 0.03795065926599991, 0.003653830905833591, -0.004693519435709732, -0.0004527191562974096, -0.027332030652938512, 0.017545755946492974, 0.020488102529931006, 0.011176035455919631], [-0.04399411926809913, -0.01028146891802345, -0.044042171008441294, -0.03752383670255508, -0.04364751815822262, -0.041735517825353494, 0.02089938669377289, -0.04154868949031982, -0.0465287560776606, -0.042884078919960884], [0.03588385736815363, 0.049036640201080645, -0.013007319981332562, 0.00814044544835424, -0.015613168303919426, -0.0013786667631405923, -0.019152817356143072, 0.0032164834086628787, -0.013812636436876658, 0.00035061522878696504], [0.028460363474842876, -0.03529636638475298, -0.023831351579272405, -0.010103587855655372, 0.012460363439878615, -0.010917096921097606, 0.07751569007044058, -0.04552780146438761, -0.016325275259500904, -0.007818773459903264], [-0.033570117909025435, -0.044641636506989026, -0.004302583877678153, -0.026572009943613778, -0.009444094263958225, -0.0012372559940786341, 0.0005829761989282319, -0.012327876867571584, -0.01875680906978955, -0.027428547873563792], [0.021729483403836073, 0.013101349844442573, 0.02227315720096785, 0.04007984424464898, 0.04729059696187302, 0.04161155018216189, -0.0196472017429651, 0.044265065144822494, 0.04374910728518045, 0.041179758621068485]]}