{"clusters": [[0, 8, 9, 13, 25, 27, 28, 32, 36, 42, 44, 49, 50, 53, 61, 65, 66, 74, 88, 91, 103, 108, 114, 118, 125, 135, 138, 139, 144, 145, 146, 147, 148, 149, 150, 177, 180, 184, 185, 186, 190, 193, 205, 207, 225, 234, 238, 241, 244, 249, 250, 252, 256, 262, 267, 275, 278, 289, 293, 295, 300, 302, 310, 316, 325, 327, 328, 330, 332, 341, 343, 347, 357, 360, 362, 363, 366, 367, 369, 372, 380, 382, 392, 397, 403, 404, 405, 407, 409, 410, 415, 420, 422, 427, 438, 440], [1, 5, 6, 10, 21, 22, 26, 31, 34, 39, 41, 46, 47, 55, 57, 60, 62, 69, 76, 77, 79, 84, 86, 89, 90, 93, 94, 98, 106, 110, 126, 127, 128, 131, 133, 136, 158, 160, 165, 166, 170, 171, 173, 174, 187, 189, 191, 201, 213, 219, 220, 223, 224, 226, 229, 242, 245, 247, 257, 263, 272, 277, 281, 283, 292, 297, 298, 308, 312, 334, 335, 351, 355, 356, 358, 370, 373, 374, 379, 381, 387, 389, 391, 393, 396, 406, 419, 425, 436], [2, 11, 45, 48, 51, 64, 67, 68, 75, 81, 101, 105, 132, 140, 153, 154, 157, 176, 183, 192, 204, 206, 209, 222, 235, 243, 258, 264, 270, 271, 279, 280, 284, 288, 294, 299, 301, 305, 306, 311, 326, 329, 331, 333, 342, 345, 349, 377, 378, 383, 385, 388, 402, 424, 431, 437, 439], [12, 14, 16, 29, 33, 35, 43, 58, 70, 80, 82, 87, 100, 111, 119, 143, 151, 164, 175, 178, 181, 200, 210, 211, 212, 214, 227, 233, 237, 239, 246, 255, 260, 261, 266, 269, 286, 291, 296, 315, 318, 319, 339, 348, 352, 361, 386, 401, 433, 434, 441], [3, 4, 18, 19, 20, 24, 30, 37, 52, 54, 56, 63, 78, 83, 85, 95, 99, 102, 104, 107, 112, 120, 124, 134, 156, 162, 179, 194, 196, 198, 218, 221, 228, 231, 259, 314, 338, 344, 395, 398, 411, 413, 417, 429, 430, 435], [7, 15, 17, 23, 38, 40, 59, 71, 72, 73, 92, 96, 97, 109, 113, 115, 116, 117, 121, 122, 123, 129, 130, 137, 141, 142, 152, 155, 159, 161, 163, 167, 168, 169, 172, 182, 188, 195, 197, 199, 202, 203, 208, 215, 216, 217, 230, 232, 236, 240, 248, 251, 253, 254, 265, 268, 273, 274, 276, 282, 285, 287, 290, 303, 304, 307, 309, 313, 317, 320, 321, 322, 323, 324, 336, 337, 340, 346, 350, 353, 354, 359, 364, 365, 368, 371, 375, 376, 384, 390, 394, 399, 400, 408, 412, 414, 416, 418, 421, 423, 426, 428, 432]], "centers": [[-0.09127581483551855, 0.14697695695862398, 0.7837046067958715, 0.07907933983680421, -0.088731680496564, -5.399420598175183e-05, -0.5609164332783021, 0.36766620435432157, 0.420978870066359, 0.23405557736508942], [-0.8882152247173812, -0.24050543212558784, -0.9253444801223889, -0.8004780477771705, -0.9222700998662597, -0.8807497223939301, 0.4486071537350157, -0.8894883897841435, -1.0015385772780465, -0.8856577336444528], [0.7804027889807349, 1.0303301439507824, -0.25768507167897386, 0.18004670441386764, -0.33038308460285587, -0.02658318007598436, -0.42359577570275575, 0.08337573532507295, -0.2759554404315519, -0.002796300471013665], [0.602837215054382, -0.7420636078836442, -0.4823645445886303, -0.2010616980110247, 0.3090426383304268, -0.19492280733195727, 1.6236033127891705, -0.9267436185247029, -0.2862585135823468, -0.14901274364137637], [-0.748477613926107, -0.9385366608874601, -0.04081911354554885, -0.5272855884467299, -0.17322220327021293, -0.006941695879063276, -0.00970760898314445, -0.22736803100967862, -0.3307854331955797, -0.5413679490327863], [0.4564655002425456, 0.2872262892120764, 0.4687993840903483, 0.853374282945207, 0.986787988676778, 0.875412924131377, -0.4300030952588867, 0.9401839624315518, 0.9152207385987428, 0.864234636654116]]}