{"clusters": [[0, 8, 9, 13, 25, 27, 28, 32, 36, 39, 42, 44, 49, 50, 56, 61, 66, 85, 91, 108, 114, 118, 125, 135, 145, 146, 147, 148, 149, 150, 180, 184, 185, 186, 193, 205, 207, 234, 238, 241, 244, 252, 256, 267, 278, 289, 293, 295, 300, 302, 310, 314, 325, 327, 328, 330, 341, 347, 357, 360, 363, 366, 367, 369, 377, 380, 397, 403, 405, 407, 415, 417, 422, 438, 440], [1, 5, 6, 10, 21, 26, 31, 41, 46, 47, 57, 60, 62, 69, 76, 77, 79, 84, 86, 89, 93, 94, 98, 106, 110, 126, 127, 128, 131, 133, 136, 160, 165, 166, 170, 171, 173, 174, 187, 189, 191, 213, 219, 220, 223, 224, 226, 242, 245, 247, 263, 272, 277, 281, 283, 297, 298, 308, 312, 334, 351, 355, 356, 358, 373, 374, 379, 381, 387, 389, 391, 393, 396, 406, 419, 425, 436], [2, 11, 45, 48, 51, 64, 67, 68, 75, 81, 88, 101, 105, 132, 140, 153, 154, 157, 176, 183, 192, 201, 222, 227, 229, 235, 243, 257, 264, 265, 271, 279, 280, 284, 288, 294, 299, 301, 305, 306, 326, 329, 331, 342, 343, 345, 349, 372, 378, 383, 385, 388, 392, 400, 424, 427, 431, 439], [12, 14, 29, 33, 35, 43, 55, 58, 70, 80, 82, 87, 90, 111, 119, 143, 151, 164, 178, 181, 200, 210, 212, 214, 233, 237, 246, 255, 260, 261, 266, 269, 286, 292, 296, 315, 318, 319, 335, 339, 348, 352, 361, 370, 386, 401, 433, 434, 441], [3, 4, 16, 18, 19, 20, 22, 24, 30, 34, 37, 52, 54, 63, 78, 83, 95, 99, 102, 104, 107, 112, 120, 124, 134, 156, 158, 162, 179, 190, 194, 196, 198, 218, 221, 228, 231, 259, 274, 338, 344, 395, 398, 411, 413, 429, 430, 435], [17, 23, 40, 59, 71, 74, 92, 96, 109, 113, 116, 117, 122, 129, 137, 138, 139, 141, 142, 163, 167, 168, 169, 172, 175, 197, 199, 204, 208, 209, 211, 215, 217, 225, 240, 250, 253, 254, 262, 268, 270, 273, 275, 290, 307, 316, 323, 332, 333, 337, 340, 350, 353, 359, 362, 364, 365, 368, 371, 375, 382, 390, 394, 399, 402, 404, 408, 412, 416, 426, 428, 432, 437], [7, 15, 38, 53, 65, 72, 73, 97, 100, 103, 115, 121, 123, 130, 144, 152, 155, 159, 161, 177, 182, 188, 195, 202, 203, 206, 216, 230, 232, 236, 239, 248, 249, 251, 258, 276, 282, 285, 287, 291, 303, 304, 309, 311, 313, 317, 320, 321, 322, 324, 336, 346, 354, 376, 384, 409, 410, 414, 418, 420, 421, 423]], "centers": [[-0.007790945741449507, 0.003654719484726907, 0.04174949773806597, -0.008883956537590961, -0.005660126318596028, 0.0002518648827290384, -0.027839789866752198, 0.017403225367109785, 0.018093455977658525, 0.0032853217831595107], [-0.04665187354100608, -0.011217124926939562, -0.045035183914322804, -0.038683418289543255, -0.04865513879891231, -0.045748424095211224, 0.017848219634148926, -0.042761767865958096, -0.04820460705674232, -0.04486568488586187], [0.02291945289641143, 0.04739316166234258, -0.01650091773804997, 0.0076457801172115, -0.016206251432454393, -0.005886924790627825, -0.005632319903202619, -0.008210139538428965, -0.01977616841014851, -0.00022070986291437123], [0.023100952002690373, -0.03686026873173942, -0.029389911806634174, -0.01625685241618064, 0.009972195786332835, -0.013712000199110307, 0.08282673620238694, -0.047694468717737803, -0.0231432341961807, -0.010629903242840301], [-0.03389376162740086, -0.04464163650698902, -0.009192391757186587, -0.02216769929575385, -0.007760747682116418, -0.0007887013600924291, 0.0008171583908105472, -0.011056456599094452, -0.014950678548406518, -0.0240318733201754], [0.03334863036702875, 0.015424127073191192, 0.026837106430567872, 0.04781179173000008, 0.013057607549159578, 0.00515928735241705, -0.02514395681532113, 0.024724677346120286, 0.041934442902793544, 0.051578127389487145], [0.014640174491362425, 0.010706479442770303, 0.01960938344021011, 0.025352245808306022, 0.06518694659057897, 0.06739190524673316, -0.019707724945079448, 0.05687806054892742, 0.03697096817525248, 0.01822986537674701]]}