{"clusters": [[0, 8, 9, 13, 25, 27, 28, 32, 36, 39, 42, 44, 49, 50, 56, 61, 66, 85, 91, 108, 114, 118, 125, 135, 145, 146, 147, 148, 149, 150, 180, 184, 185, 186, 193, 205, 207, 234, 238, 241, 244, 252, 256, 267, 278, 289, 293, 295, 300, 302, 310, 314, 325, 327, 328, 330, 341, 347, 357, 360, 363, 366, 367, 369, 377, 380, 397, 403, 405, 407, 415, 417, 422, 438, 440], [1, 5, 6, 10, 21, 26, 31, 41, 46, 47, 57, 60, 62, 69, 76, 77, 79, 84, 86, 89, 93, 94, 98, 106, 110, 126, 127, 128, 131, 133, 136, 160, 165, 166, 170, 171, 173, 174, 187, 189, 191, 213, 219, 220, 223, 224, 226, 242, 245, 247, 263, 272, 277, 281, 283, 297, 298, 308, 312, 334, 351, 355, 356, 358, 373, 374, 379, 381, 387, 389, 391, 393, 396, 406, 419, 425, 436], [2, 11, 45, 48, 51, 64, 67, 68, 75, 81, 88, 101, 105, 132, 140, 153, 154, 157, 176, 183, 192, 201, 222, 227, 229, 235, 243, 257, 264, 265, 271, 279, 280, 284, 288, 294, 299, 301, 305, 306, 326, 329, 331, 342, 343, 345, 349, 372, 378, 383, 385, 388, 392, 400, 424, 427, 431, 439], [12, 14, 29, 33, 35, 43, 55, 58, 70, 80, 82, 87, 90, 111, 119, 143, 151, 164, 178, 181, 200, 210, 212, 214, 233, 237, 246, 255, 260, 261, 266, 269, 286, 292, 296, 315, 318, 319, 335, 339, 348, 352, 361, 370, 386, 401, 433, 434, 441], [3, 4, 16, 18, 19, 20, 22, 24, 30, 34, 37, 52, 54, 63, 78, 83, 95, 99, 102, 104, 107, 112, 120, 124, 134, 156, 158, 162, 179, 190, 194, 196, 198, 218, 221, 228, 231, 259, 274, 338, 344, 395, 398, 411, 413, 429, 430, 435], [17, 23, 40, 59, 71, 74, 92, 96, 109, 113, 116, 117, 122, 129, 137, 138, 139, 141, 142, 163, 167, 168, 169, 172, 175, 197, 199, 204, 208, 209, 211, 215, 217, 225, 240, 250, 253, 254, 262, 268, 270, 273, 275, 290, 307, 316, 323, 332, 333, 337, 340, 350, 353, 359, 362, 364, 365, 368, 371, 375, 382, 390, 394, 399, 402, 404, 408, 412, 416, 426, 428, 432, 437], [7, 15, 38, 53, 65, 72, 73, 97, 100, 103, 115, 121, 123, 130, 144, 152, 155, 159, 161, 177, 182, 188, 195, 202, 203, 206, 216, 230, 232, 236, 239, 248, 249, 251, 258, 276, 282, 285, 287, 291, 303, 304, 309, 311, 313, 317, 320, 321, 322, 324, 336, 346, 354, 376, 384, 409, 410, 414, 418, 420, 421, 423]], "centers": [[-0.16379525423961586, 0.07683607703626155, 0.8777329252854698, -0.1867744902890068, -0.11899734129201477, 0.0052951559245412545, -0.5852980640003683, 0.3658818605846155, 0.38039312816246273, 0.06906993510026817], [-0.980799474285919, -0.2358265466374479, -0.9468105213118516, -0.8132722963123602, -1.0229157144854568, -0.9618055374036605, 0.3752373292945357, -0.8990146859934055, -1.0134438270277302, -0.9432470083082746], [0.4818539030798586, 0.9963841645570197, -0.34691192902440526, 0.16074332176339, -0.3407169247152693, -0.12376550611057051, -0.11841274488612377, -0.17260829912925413, -0.41577013113982697, -0.004640159142280093], [0.48566970327200465, -0.7749427718557115, -0.6178875115040553, -0.34178074947663933, 0.20965341029905077, -0.2882782955088713, 1.741332408712712, -1.0027187826355914, -0.48655863548410905, -0.22348091771970052], [-0.7125755315380206, -0.93853666088746, -0.193258969437804, -0.4660491887060823, -0.16316037639935513, -0.01658149653234127, 0.017179771342115478, -0.23244868848249464, -0.3143200164856231, -0.5052412031815859], [0.7011148031040567, 0.3242737017069308, 0.5642178519437032, 1.0051853577163368, 0.2745204779051617, 0.10846780501736826, -0.5286214197648023, 0.5198065737199149, 0.8816211747076041, 1.0843680304456575], [0.30779204252025416, 0.22509084012868963, 0.4122636779490455, 0.5330004450710532, 1.3704770696968662, 1.416833670764089, -0.4143311896898436, 1.195792744224077, 0.7772700943780094, 0.38326097154706024]]}