{"clusters": [[0, 8, 9, 13, 25, 27, 28, 30, 36, 39, 42, 44, 49, 50, 52, 56, 61, 66, 68, 85, 88, 91, 104, 107, 118, 122, 132, 135, 145, 146, 147, 148, 149, 150, 179, 180, 184, 185, 186, 190, 193, 205, 207, 222, 241, 244, 252, 259, 265, 267, 274, 278, 289, 293, 295, 300, 302, 310, 314, 325, 328, 330, 347, 357, 360, 363, 369, 372, 380, 392, 397, 405, 407, 409, 410, 415, 417, 420, 422, 438, 440], [6, 21, 62, 76, 86, 98, 101, 105, 110, 127, 133, 166, 170, 173, 174, 191, 201, 220, 226, 229, 242, 257, 263, 281, 294, 298, 306, 334, 351, 355, 356, 381, 383, 389, 396, 427], [2, 11, 45, 48, 51, 64, 67, 75, 81, 108, 140, 153, 154, 176, 183, 192, 204, 206, 209, 235, 238, 243, 258, 264, 270, 271, 279, 280, 284, 288, 299, 301, 305, 326, 329, 331, 333, 337, 341, 342, 343, 345, 349, 377, 378, 385, 388, 400, 402, 424, 431, 437, 439], [12, 14, 16, 29, 33, 35, 43, 58, 70, 82, 87, 90, 111, 119, 143, 151, 164, 175, 178, 181, 200, 210, 212, 214, 227, 233, 237, 246, 255, 260, 261, 266, 269, 277, 286, 292, 296, 315, 318, 319, 335, 339, 348, 352, 361, 370, 386, 401, 433, 434, 441], [3, 4, 18, 19, 20, 22, 24, 34, 37, 54, 63, 69, 78, 79, 83, 89, 95, 99, 102, 112, 120, 124, 128, 134, 156, 158, 160, 162, 189, 194, 196, 198, 213, 218, 221, 228, 231, 272, 297, 312, 338, 344, 395, 398, 411, 413, 429, 430, 435], [23, 32, 40, 71, 74, 96, 97, 109, 113, 114, 116, 117, 121, 125, 129, 137, 138, 139, 141, 163, 167, 168, 169, 172, 197, 208, 211, 215, 217, 225, 234, 240, 250, 251, 253, 254, 256, 262, 268, 275, 290, 316, 323, 327, 332, 340, 350, 359, 362, 364, 366, 367, 368, 371, 375, 382, 390, 394, 399, 403, 404, 412, 421, 428, 432], [7, 15, 17, 38, 53, 59, 65, 72, 73, 80, 92, 100, 103, 115, 123, 130, 142, 144, 152, 155, 157, 159, 161, 177, 182, 188, 195, 199, 202, 203, 216, 230, 232, 236, 239, 248, 249, 273, 276, 282, 285, 287, 291, 303, 304, 307, 309, 311, 313, 317, 320, 321, 322, 324, 336, 346, 353, 354, 365, 376, 384, 408, 414, 416, 418, 423, 426], [1, 5, 10, 26, 31, 41, 46, 47, 55, 57, 60, 77, 84, 93, 94, 106, 126, 131, 136, 165, 171, 187, 219, 223, 224, 245, 247, 283, 308, 358, 373, 374, 379, 387, 391, 393, 406, 419, 425, 436]], "centers": [[-0.01174817034537501, 0.002430835219829623, 0.02405262186425556, -0.011762933181568676, -0.0028260031721481687, 0.005233245043418079, -0.022288243676737443, 0.012824206278863652, 0.00896970148681829, 0.0030132722919629595], [-0.029731477985607657, 0.0506801187398187, -0.03422906805671169, -0.02001590511216868, -0.04292398739170083, -0.03523829412008463, 0.005994461552807982, -0.03255392208715011, -0.0456071630516262, -0.027311041294419535], [0.03725344489734415, 0.047083071372014645, -0.0064703231350620605, 0.017693272958121436, -0.01805443274394186, -0.003310937427819789, -0.022908710704749792, 0.007343190735764789, -0.011843964874025368, -0.0022499919103252638], [0.023474526385208198, -0.03529636638475298, -0.029178144808524726, -0.01413152154332347, 0.007118428813921287, -0.016602890560648724, 0.08126951685107839, -0.04903702570454757, -0.02211029218244563, -0.009199475764848166], [-0.03627993165581295, -0.04464163650698901, -0.0196456108121599, -0.029091499628438478, -0.012716986038698039, -0.006106966127078812, 0.004460445801105042, -0.017405426235512035, -0.020300198586404024, -0.028550855609063945], [0.02533407925138623, 0.01108492809883704, 0.05060303301982203, 0.04470123605967738, 0.011280323024836138, 0.0026992405533303025, -0.029184059670090644, 0.02932436901171883, 0.04615182949035798, 0.054107911549485244], [0.019425261252069934, 0.00799873579348688, 0.012776407762392687, 0.02937472994208475, 0.06513394888780762, 0.06213841387609023, -0.012628947588015544, 0.048325777180590224, 0.04039090318079947, 0.02018923949510287], [-0.05800473559604312, -0.04464163650698903, -0.05168962365358228, -0.04979673661327426, -0.052651209680928256, -0.05431425458409698, 0.0295876238139993, -0.051154137070879194, -0.05101706525497178, -0.053578902645996296]]}