{"clusters": [[0, 8, 9, 13, 25, 27, 28, 30, 36, 39, 42, 44, 49, 50, 52, 56, 61, 66, 68, 85, 88, 91, 104, 107, 118, 122, 132, 135, 145, 146, 147, 148, 149, 150, 179, 180, 184, 185, 186, 190, 193, 205, 207, 222, 241, 244, 252, 259, 265, 267, 274, 278, 289, 293, 295, 300, 302, 310, 314, 325, 328, 330, 347, 357, 360, 363, 369, 372, 380, 392, 397, 405, 407, 409, 410, 415, 417, 420, 422, 438, 440], [6, 21, 62, 76, 86, 98, 101, 105, 110, 127, 133, 166, 170, 173, 174, 191, 201, 220, 226, 229, 242, 257, 263, 281, 294, 298, 306, 334, 351, 355, 356, 381, 383, 389, 396, 427], [2, 11, 45, 48, 51, 64, 67, 75, 81, 108, 140, 153, 154, 176, 183, 192, 204, 206, 209, 235, 238, 243, 258, 264, 270, 271, 279, 280, 284, 288, 299, 301, 305, 326, 329, 331, 333, 337, 341, 342, 343, 345, 349, 377, 378, 385, 388, 400, 402, 424, 431, 437, 439], [12, 14, 16, 29, 33, 35, 43, 58, 70, 82, 87, 90, 111, 119, 143, 151, 164, 175, 178, 181, 200, 210, 212, 214, 227, 233, 237, 246, 255, 260, 261, 266, 269, 277, 286, 292, 296, 315, 318, 319, 335, 339, 348, 352, 361, 370, 386, 401, 433, 434, 441], [3, 4, 18, 19, 20, 22, 24, 34, 37, 54, 63, 69, 78, 79, 83, 89, 95, 99, 102, 112, 120, 124, 128, 134, 156, 158, 160, 162, 189, 194, 196, 198, 213, 218, 221, 228, 231, 272, 297, 312, 338, 344, 395, 398, 411, 413, 429, 430, 435], [23, 32, 40, 71, 74, 96, 97, 109, 113, 114, 116, 117, 121, 125, 129, 137, 138, 139, 141, 163, 167, 168, 169, 172, 197, 208, 211, 215, 217, 225, 234, 240, 250, 251, 253, 254, 256, 262, 268, 275, 290, 316, 323, 327, 332, 340, 350, 359, 362, 364, 366, 367, 368, 371, 375, 382, 390, 394, 399, 403, 404, 412, 421, 428, 432], [7, 15, 17, 38, 53, 59, 65, 72, 73, 80, 92, 100, 103, 115, 123, 130, 142, 144, 152, 155, 157, 159, 161, 177, 182, 188, 195, 199, 202, 203, 216, 230, 232, 236, 239, 248, 249, 273, 276, 282, 285, 287, 291, 303, 304, 307, 309, 311, 313, 317, 320, 321, 322, 324, 336, 346, 353, 354, 365, 376, 384, 408, 414, 416, 418, 423, 426], [1, 5, 10, 26, 31, 41, 46, 47, 55, 57, 60, 77, 84, 93, 94, 106, 126, 131, 136, 165, 171, 187, 219, 223, 224, 245, 247, 283, 308, 358, 373, 374, 379, 387, 391, 393, 406, 419, 425, 436]], "centers": [[-0.24699113720345725, 0.05110538387250256, 0.5056774163404958, -0.24730150806060647, -0.05941331430423653, 0.11002267642868378, -0.46858348918582177, 0.269613497202602, 0.18857717461315684, 0.06335042208412339], [-0.6250685291855561, 1.0654884797514652, -0.7196249455192478, -0.4208103066668254, -0.902425156216551, -0.7408427084355895, 0.12602633706562488, -0.6844070183153392, -0.9588356940346213, -0.5741817618583309], [0.7832088273697929, 0.9898648895386758, -0.13603075391494623, 0.3719797619804026, -0.3795727116559313, -0.06960847318908112, -0.4816280614333082, 0.15438174432349203, -0.24900510183569918, -0.04730337101798262], [0.49352365489643635, -0.7420636078836442, -0.6134353653274546, -0.297098226684714, 0.14965639552073462, -0.3490557848485657, 1.7085937466787255, -1.0309444269005448, -0.4648422732645153, -0.19340790217005435], [-0.7627418835360018, -0.93853666088746, -0.41302531482800814, -0.6116137547334033, -0.2673593207418232, -0.1283916102888435, 0.09377550277717772, -0.36592813119303436, -0.4267872346850808, -0.600247365138905], [0.5326185150835879, 0.23304726748606502, 1.0638678452964547, 0.9397896697273419, 0.2371552105578431, 0.056748282860506725, -0.6135597181706754, 0.6165095531518404, 0.9702866501532535, 1.1375536966547972], [0.4083927306188624, 0.16816378991313996, 0.2686085909412165, 0.6175683310803035, 1.3693628568031262, 1.3063853396812348, -0.2655084183108381, 1.0159912829979387, 0.849170110410251, 0.42445445338061705], [-1.219479730619754, -0.9385366608874606, -1.0867121051613382, -1.046916434096173, -1.1069282936768512, -1.14189181052916, 0.622044168421944, -1.0754541444637147, -1.0725723745629092, -1.1264319213636267]]}