{"clusters": [[3, 9, 18, 24, 25, 27, 30, 37, 42, 49, 52, 56, 61, 63, 66, 78, 88, 102, 104, 107, 112, 118, 120, 124, 134, 135, 147, 148, 149, 162, 179, 184, 185, 193, 198, 226, 228, 242, 244, 252, 265, 289, 293, 295, 300, 305, 314, 325, 328, 338, 344, 357, 363, 369, 377, 392, 395, 398, 407, 411, 415, 417, 422, 435, 438, 440], [6, 21, 39, 45, 62, 68, 76, 86, 98, 101, 105, 127, 133, 166, 170, 173, 174, 191, 201, 220, 222, 227, 229, 243, 257, 263, 278, 281, 294, 298, 306, 334, 347, 351, 355, 356, 372, 381, 383, 389, 396, 427], [0, 2, 8, 11, 13, 17, 44, 48, 51, 64, 67, 74, 75, 81, 108, 132, 140, 153, 154, 163, 176, 183, 192, 204, 206, 209, 235, 238, 241, 258, 264, 270, 271, 275, 279, 280, 284, 288, 299, 301, 326, 329, 330, 331, 333, 337, 341, 342, 345, 349, 378, 385, 388, 402, 424, 431, 437, 439], [4, 12, 16, 28, 43, 70, 80, 87, 91, 99, 100, 111, 119, 151, 158, 164, 175, 178, 181, 188, 189, 196, 200, 210, 211, 212, 213, 231, 233, 236, 237, 239, 246, 255, 261, 267, 296, 311, 315, 318, 339, 348, 361, 386, 401, 418, 429, 434], [29, 36, 50, 53, 54, 71, 85, 92, 121, 137, 139, 145, 150, 159, 190, 199, 205, 207, 217, 234, 249, 250, 259, 274, 291, 302, 303, 310, 319, 340, 343, 360, 380, 400, 404, 405, 408, 416, 420], [23, 32, 38, 40, 96, 97, 109, 113, 114, 116, 117, 122, 125, 129, 130, 138, 141, 142, 146, 167, 168, 169, 172, 177, 180, 197, 208, 215, 225, 240, 251, 253, 254, 256, 262, 268, 290, 309, 316, 323, 327, 332, 350, 359, 362, 364, 366, 367, 368, 371, 375, 382, 390, 394, 397, 399, 403, 412, 428, 432], [7, 15, 59, 65, 72, 73, 103, 115, 123, 144, 152, 155, 157, 161, 182, 186, 195, 202, 203, 216, 218, 230, 232, 248, 273, 276, 282, 285, 287, 304, 307, 313, 317, 320, 321, 322, 324, 336, 346, 353, 354, 365, 376, 384, 409, 410, 414, 421, 423, 426, 430], [5, 10, 19, 20, 22, 26, 31, 34, 41, 46, 47, 57, 60, 69, 77, 79, 83, 89, 93, 94, 95, 106, 126, 128, 131, 136, 156, 160, 165, 171, 194, 219, 221, 223, 224, 247, 272, 277, 283, 297, 308, 312, 358, 373, 374, 379, 387, 391, 393, 413, 419, 425], [1, 14, 33, 35, 55, 58, 82, 84, 90, 110, 143, 187, 214, 245, 260, 266, 269, 286, 292, 335, 352, 370, 406, 433, 436, 441]], "centers": [[-0.82640695443288, -0.2098002461096696, 0.3848638241857694, -0.6014002681039594, -0.11889214946563756, 0.0637492720361772, -0.3741547838079303, 0.17894657838179107, 0.005432333506890077, -0.24036431984461748], [-0.35231943094410595, 1.0654884797514652, -0.6872539437871411, -0.3978318269582999, -0.7603118336367855, -0.6066632941725073, 0.0790322642453161, -0.56301869043489, -0.7477588506277382, -0.47673194959345805], [0.8136672888025595, 1.0654884797514652, -0.010923255873917938, 0.35209859291378814, -0.3287468203344213, -0.023876867068443518, -0.5107608254710966, 0.16112016454514774, -0.1723672457162073, 0.1334911961737391], [0.6191219406258569, -0.93853666088746, -0.4052215911961612, -0.2745379214065615, 0.4961513103832638, 0.2783761279725233, 0.9564853199931423, -0.5123837798892726, -0.175457078053353, -0.08796940066444402], [0.3344488112946208, -0.8357661408546955, 0.5847604191475656, 1.2220184284538458, -0.06042976903679833, -0.19617894839985153, 0.061028501807369726, -0.25262699072770717, 0.3049743042657816, 0.16490568500815156], [0.454290568921941, 0.43088051854913856, 1.1184544844993265, 0.7843535109313602, 0.3445216756533671, 0.16198410744016858, -0.7060451875763151, 0.7872455907815703, 1.0829523863172417, 1.2110158628237015], [0.25992207428493636, 0.4760693207400163, 0.13744492975258976, 0.3955001870950153, 1.4440315061674163, 1.4951181823225124, -0.5542765556306808, 1.384688911797801, 0.8779400889163503, 0.37689913431373234], [-1.1307733315916892, -0.9385366608874599, -0.9388139784014555, -0.894078611082153, -0.9970584654055249, -0.9661611506199074, 0.39296401163769623, -0.954130703533536, -0.8683046374826061, -0.7980292438775606], [-0.08950119730529366, -0.6302251007891646, -0.9444789037045739, -0.7400344179050109, -0.19542594622080786, -0.7224424760339484, 2.0347795602603425, -1.2038791542432241, -1.0395256430010447, -0.9403761464084913]]}