{"clusters": [[3, 9, 18, 24, 25, 27, 30, 37, 42, 49, 52, 56, 61, 63, 66, 78, 88, 102, 104, 107, 112, 118, 120, 124, 134, 135, 147, 148, 149, 162, 179, 184, 185, 193, 198, 226, 228, 242, 244, 252, 265, 289, 293, 295, 300, 305, 314, 325, 328, 338, 344, 357, 363, 369, 377, 392, 395, 398, 407, 411, 415, 417, 422, 435, 438, 440], [6, 21, 39, 45, 62, 68, 76, 86, 98, 101, 105, 127, 133, 166, 170, 173, 174, 191, 201, 220, 222, 227, 229, 243, 257, 263, 278, 281, 294, 298, 306, 334, 347, 351, 355, 356, 372, 381, 383, 389, 396, 427], [0, 2, 8, 11, 13, 17, 44, 48, 51, 64, 67, 74, 75, 81, 108, 132, 140, 153, 154, 163, 176, 183, 192, 204, 206, 209, 235, 238, 241, 258, 264, 270, 271, 275, 279, 280, 284, 288, 299, 301, 326, 329, 330, 331, 333, 337, 341, 342, 345, 349, 378, 385, 388, 402, 424, 431, 437, 439], [4, 12, 16, 28, 43, 70, 80, 87, 91, 99, 100, 111, 119, 151, 158, 164, 175, 178, 181, 188, 189, 196, 200, 210, 211, 212, 213, 231, 233, 236, 237, 239, 246, 255, 261, 267, 296, 311, 315, 318, 339, 348, 361, 386, 401, 418, 429, 434], [29, 36, 50, 53, 54, 71, 85, 92, 121, 137, 139, 145, 150, 159, 190, 199, 205, 207, 217, 234, 249, 250, 259, 274, 291, 302, 303, 310, 319, 340, 343, 360, 380, 400, 404, 405, 408, 416, 420], [23, 32, 38, 40, 96, 97, 109, 113, 114, 116, 117, 122, 125, 129, 130, 138, 141, 142, 146, 167, 168, 169, 172, 177, 180, 197, 208, 215, 225, 240, 251, 253, 254, 256, 262, 268, 290, 309, 316, 323, 327, 332, 350, 359, 362, 364, 366, 367, 368, 371, 375, 382, 390, 394, 397, 399, 403, 412, 428, 432], [7, 15, 59, 65, 72, 73, 103, 115, 123, 144, 152, 155, 157, 161, 182, 186, 195, 202, 203, 216, 218, 230, 232, 248, 273, 276, 282, 285, 287, 304, 307, 313, 317, 320, 321, 322, 324, 336, 346, 353, 354, 365, 376, 384, 409, 410, 414, 421, 423, 426, 430], [5, 10, 19, 20, 22, 26, 31, 34, 41, 46, 47, 57, 60, 69, 77, 79, 83, 89, 93, 94, 95, 106, 126, 128, 131, 136, 156, 160, 165, 171, 194, 219, 221, 223, 224, 247, 272, 277, 283, 297, 308, 312, 358, 373, 374, 379, 387, 391, 393, 413, 419, 425], [1, 14, 33, 35, 55, 58, 82, 84, 90, 110, 143, 187, 214, 245, 260, 266, 269, 286, 292, 335, 352, 370, 406, 433, 436, 441]], "centers": [[-0.039308170265568265, -0.009979180053604387, 0.018306105301998294, -0.02860569361085629, -0.005655122853657117, 0.0030322436495270077, -0.017796728196330432, 0.00851162073811347, 0.0002583897549294129, -0.011432964787553153], [-0.0167581263748235, 0.0506801187398187, -0.032689336522596125, -0.018922930291492775, -0.036164345969268305, -0.028856030232183687, 0.0037591814574694086, -0.026780068134225135, -0.035567261456835746, -0.022675826413533072], [0.03870220616635847, 0.0506801187398187, -0.000519566297746945, 0.016747622180914103, -0.015636891629060828, -0.0011357067496831981, -0.024294414979092266, 0.007663704700431923, -0.00819867379682179, 0.0063495286916510265], [0.029448627612252604, -0.04464163650698902, -0.019274425531614178, -0.01305843725190999, 0.023599511211051, 0.013241002120707357, 0.04549536715915883, -0.02437161104848499, -0.008345642133606822, -0.004184277686592418], [0.015908107681048323, -0.03975334136612709, 0.027814216708996593, 0.058125489137840484, -0.002874350993376515, -0.009331280992804473, 0.0029028298070682026, -0.01201624056033805, 0.014506148350275182, 0.007843763546869909], [0.021608398788802084, 0.020494896244996254, 0.0531994546695941, 0.03730789194198292, 0.01638722497931341, 0.007704798273319905, -0.033583144841128024, 0.03744545415217856, 0.05151079206500002, 0.05760215045969197], [0.012363232299736638, 0.02264430837311054, 0.006537588620077689, 0.01881202549301288, 0.06868557435146988, 0.071115519735925, -0.026364247186055338, 0.06586293498357712, 0.041759351507121456, 0.017927263638186985], [-0.053785402472166594, -0.044641636506989005, -0.04465482715598271, -0.04252698272528033, -0.04742523488295282, -0.045955599488637915, 0.018691391928441596, -0.04538336947543893, -0.04130103981999082, -0.03795838022293697], [-0.00425713782268843, -0.02997675108440321, -0.04492428017445294, -0.03519984766022714, -0.009295464331648445, -0.034363084316621585, 0.09678459381128841, -0.05726269184972198, -0.04944519253053936, -0.044729131910647535]]}