{"clusters": [[0, 2, 3, 4, 6, 7, 9, 10, 11, 12, 13, 14, 15, 16, 17, 18, 20, 21, 22, 36, 40, 45, 47, 49, 51, 52, 54, 60, 64, 68, 81, 84, 89, 92, 95, 96, 99, 102, 103, 104, 107, 108, 109, 111, 112, 113, 114, 115, 120, 121, 123, 124, 125, 126, 127, 128, 129, 130, 137, 141, 143, 144, 145, 151, 155, 157, 159, 170, 171, 172, 174, 177, 178, 180, 182, 183, 185, 188, 190, 191, 194, 197, 198, 199, 207, 208, 216, 218, 224, 225, 227, 228, 238, 240, 242, 243, 246, 247, 248, 249, 257, 261, 262, 271, 273, 275, 282, 284, 286, 287, 290, 291, 295, 297, 301, 315, 322, 323, 325, 329, 331, 334, 336, 341, 342, 354, 359, 370, 371, 372, 373, 376, 377, 380, 386, 389, 390, 393, 394, 395, 397, 399, 400, 402, 403, 408, 413, 415, 424, 428, 429, 432, 433, 434], [1, 5, 8, 19, 23, 24, 25, 26, 27, 28, 29, 31, 32, 33, 34, 37, 39, 41, 42, 43, 44, 46, 48, 50, 56, 57, 58, 59, 62, 63, 65, 66, 69, 70, 71, 72, 73, 74, 76, 77, 78, 80, 82, 85, 88, 90, 91, 93, 94, 97, 98, 100, 101, 105, 106, 110, 116, 117, 118, 122, 131, 132, 133, 134, 136, 138, 139, 140, 142, 146, 147, 148, 149, 150, 152, 153, 160, 161, 162, 163, 164, 165, 166, 167, 168, 169, 173, 175, 176, 179, 181, 184, 186, 187, 189, 192, 193, 195, 196, 200, 201, 202, 203, 204, 205, 206, 209, 210, 211, 212, 213, 214, 215, 219, 220, 221, 222, 223, 226, 229, 230, 231, 232, 233, 234, 235, 236, 237, 239, 241, 244, 245, 252, 253, 254, 255, 258, 259, 260, 263, 264, 265, 266, 267, 268, 269, 270, 272, 274, 277, 278, 280, 281, 283, 285, 288, 289, 292, 293, 294, 296, 298, 299, 300, 302, 304, 307, 309, 311, 312, 313, 314, 317, 318, 319, 320, 321, 326, 327, 328, 332, 333, 335, 337, 338, 340, 343, 344, 345, 346, 348, 349, 350, 351, 352, 353, 355, 358, 360, 361, 362, 364, 366, 367, 368, 369, 374, 378, 379, 381, 382, 383, 384, 387, 388, 392, 396, 398, 404, 405, 406, 410, 411, 412, 414, 416, 417, 418, 419, 420, 421, 422, 423, 425, 426, 427, 430, 431], [30, 35, 38, 53, 55, 61, 67, 75, 79, 83, 86, 87, 119, 135, 154, 156, 158, 217, 250, 251, 256, 276, 279, 303, 305, 306, 308, 310, 316, 324, 330, 339, 347, 356, 357, 363, 365, 375, 385, 391, 401, 407, 409]], "centers": [[-0.16843038421330372, -1.0890039707187533, 1.1516089651249486, 2.839454172900133, -0.8888888888888854, -0.901387818865997, -0.1610695384807916, -0.8048150549829883, 0.8481554037632525, -0.1610695384807913, 0.8724297124919961, -0.828279247372467, -0.18898223650461426, 1.0446751427339311, -0.9750244334066274, -0.16106953848079136, 1.3644933511245667, -1.2917862270676648, -0.18235722297072837, -0.8481554037632522, 0.905584718294408, -0.1889822365046142, -0.8322301387783576, 0.8930401229267474, -0.23080027108556914, -0.9484531189137902, 1.0494995356656007, -0.1278872166673276, 1.0256153238192354, -0.9931270663228443, -0.22522130823072536, 0.8048150549829887, -0.7254762501100135, -0.27700663036708634, 0.931102996289654, -0.8048150549829883, -0.2469323991623966, 1.0789713177270346, -0.9616541795583003, -0.20166768818859027, 1.2485285456935975, -1.1516089651249486, -0.26229004707778764, -1.0739950402747, 1.224744871391593, 1.7840101758937148, -0.40770067346288574, -1.2729815111425848], [-0.16843038421330372, 0.9182702973433554, -0.8683503083805056, -0.352180362530249, -0.8888888888888854, 1.1094003924504579, -0.1610695384807916, 1.242521488394789, -1.1790292151214443, -0.1610695384807913, -1.1462241435400158, 1.2073222927802065, -0.18898223650461426, -0.9572353730777872, 1.0256153238192356, -0.16106953848079136, -0.732872753960898, 0.7741218934265786, -0.18235722297072837, 1.1790292151214439, -1.104258916695732, -0.1889822365046142, 1.2015907059889768, -1.119770516830429, -0.23080027108556914, 1.0543483700546503, -0.9528351047490323, -0.1278872166673276, 1.0256153238192354, -0.9931270663228443, -0.22522130823072536, 0.8048150549829887, -0.7254762501100135, -0.27700663036708634, -1.0739950402747, 1.242521488394789, -0.2469323991623966, -0.9268086959962989, 1.0398748544506025, -0.20166768818859027, -0.8009428406336285, 0.8683503083805055, -0.26229004707778764, 0.931102996289654, -0.8164965809277287, -0.5605349193140373, -0.40770067346288574, 0.7855573637534168], [-0.16843038421330372, 0.9182702973433554, -0.8683503083805056, -0.352180362530249, 1.1249999999999956, -0.901387818865997, -0.1610695384807916, 1.242521488394789, -1.1790292151214443, -0.1610695384807913, -1.1462241435400158, 1.2073222927802065, -0.18898223650461426, -0.9572353730777872, 1.0256153238192356, -0.16106953848079136, -0.732872753960898, 0.7741218934265786, -0.18235722297072837, 1.1790292151214439, -1.104258916695732, -0.1889822365046142, 1.2015907059889768, -1.119770516830429, -0.23080027108556914, 1.0543483700546503, -0.9528351047490323, -0.1278872166673276, 1.0256153238192354, -0.9931270663228443, -0.22522130823072536, 0.8048150549829887, -0.7254762501100135, -0.27700663036708634, -1.0739950402747, 1.242521488394789, -0.2469323991623966, -0.9268086959962989, 1.0398748544506025, -0.20166768818859027, -0.8009428406336285, 0.8683503083805055, -0.26229004707778764, 0.931102996289654, -0.8164965809277287, -0.5605349193140373, 2.452779858091232, -1.2729815111425848]]}