{"clusters": [[0, 2, 3, 10, 13, 14, 15, 16, 20, 21, 40, 45, 47, 51, 54, 60, 81, 92, 95, 96, 99, 102, 103, 104, 107, 115, 120, 129, 130, 143, 151, 155, 157, 159, 170, 178, 180, 183, 191, 194, 199, 216, 218, 228, 238, 240, 243, 247, 248, 249, 261, 271, 275, 286, 287, 290, 295, 301, 315, 322, 323, 325, 334, 341, 342, 359, 370, 371, 373, 377, 380, 389, 390, 393, 394, 395, 397, 399, 400, 402, 413, 415, 424, 428, 429, 433], [4, 5, 6, 8, 18, 19, 22, 23, 25, 26, 27, 28, 29, 32, 33, 34, 36, 37, 39, 42, 43, 46, 48, 50, 56, 57, 58, 63, 64, 65, 66, 69, 71, 73, 74, 77, 78, 82, 85, 88, 89, 90, 91, 93, 94, 97, 98, 100, 101, 105, 106, 110, 116, 117, 118, 122, 131, 133, 136, 138, 139, 140, 142, 146, 147, 148, 149, 150, 152, 153, 160, 161, 162, 163, 166, 167, 169, 172, 173, 175, 176, 177, 179, 181, 184, 185, 186, 188, 189, 192, 193, 198, 200, 201, 202, 203, 204, 205, 206, 208, 209, 210, 211, 212, 213, 214, 219, 223, 224, 226, 229, 230, 231, 233, 235, 236, 237, 239, 241, 242, 244, 245, 252, 253, 254, 255, 258, 259, 260, 262, 265, 266, 267, 269, 270, 274, 277, 278, 280, 282, 283, 285, 288, 291, 292, 293, 296, 297, 298, 299, 300, 302, 309, 311, 312, 313, 314, 317, 320, 321, 326, 327, 328, 333, 337, 338, 340, 343, 344, 345, 346, 349, 350, 351, 353, 354, 355, 360, 362, 364, 368, 369, 372, 374, 378, 379, 383, 384, 392, 396, 398, 403, 404, 405, 406, 408, 410, 411, 412, 414, 416, 417, 418, 419, 420, 421, 422, 423, 426, 427, 430, 431], [1, 24, 31, 41, 44, 59, 62, 70, 72, 76, 80, 132, 134, 164, 165, 168, 187, 195, 196, 215, 220, 221, 222, 232, 234, 263, 264, 268, 272, 281, 289, 294, 304, 307, 318, 319, 332, 335, 348, 352, 358, 361, 366, 367, 381, 382, 387, 388, 425], [7, 9, 11, 12, 52, 141, 145, 227, 246, 257, 273, 284, 336, 434], [30, 35, 38, 53, 55, 61, 67, 75, 79, 83, 86, 87, 119, 135, 154, 156, 158, 217, 250, 251, 256, 276, 279, 303, 305, 306, 308, 310, 316, 324, 330, 339, 347, 356, 357, 363, 365, 375, 385, 391, 401, 407, 409], [17, 49, 68, 84, 108, 109, 111, 112, 113, 114, 121, 123, 124, 125, 126, 127, 128, 137, 144, 171, 174, 182, 190, 197, 207, 225, 329, 331, 376, 386, 432]], "centers": [[-0.16843038421330372, -1.0890039707187533, 1.1516089651249486, -0.352180362530249, 1.1249999999999956, -0.901387818865997, -0.1610695384807916, -0.8048150549829883, 0.8481554037632525, -0.1610695384807913, 0.8724297124919961, -0.828279247372467, -0.18898223650461426, 1.0446751427339311, -0.9750244334066274, -0.16106953848079136, 1.3644933511245667, -1.2917862270676648, -0.18235722297072837, -0.8481554037632522, 0.905584718294408, -0.1889822365046142, -0.8322301387783576, 0.8930401229267474, 4.332750543560912, -0.9484531189137902, -0.9528351047490323, -0.1278872166673276, 1.0256153238192354, -0.9931270663228443, -0.22522130823072536, 0.8048150549829887, -0.7254762501100135, -0.27700663036708634, 0.931102996289654, -0.8048150549829883, -0.2469323991623966, 1.0789713177270346, -0.9616541795583003, -0.20166768818859027, 1.2485285456935975, -1.1516089651249486, -0.26229004707778764, 0.931102996289654, -0.8164965809277287, 1.7840101758937148, -0.40770067346288574, -1.2729815111425848], [-0.16843038421330372, 0.9182702973433554, -0.8683503083805056, -0.352180362530249, -0.8888888888888854, 1.1094003924504579, -0.1610695384807916, 1.242521488394789, -1.1790292151214443, -0.1610695384807913, -1.1462241435400158, 1.2073222927802065, -0.18898223650461426, -0.9572353730777872, 1.0256153238192356, -0.16106953848079136, -0.732872753960898, 0.7741218934265786, -0.18235722297072837, 1.1790292151214439, -1.104258916695732, -0.1889822365046142, 1.2015907059889768, -1.119770516830429, -0.23080027108556914, 1.0543483700546503, -0.9528351047490323, -0.1278872166673276, 1.0256153238192354, -0.9931270663228443, -0.22522130823072536, 0.8048150549829887, -0.7254762501100135, -0.27700663036708634, -1.0739950402747, 1.242521488394789, -0.2469323991623966, -0.9268086959962989, 1.0398748544506025, -0.20166768818859027, -0.8009428406336285, 0.8683503083805055, -0.26229004707778764, 0.931102996289654, -0.8164965809277287, -0.5605349193140373, -0.40770067346288574, 0.7855573637534168], [-0.16843038421330372, -1.0890039707187533, 1.1516089651249486, -0.352180362530249, 1.1249999999999956, -0.901387818865997, -0.1610695384807916, -0.8048150549829883, 0.8481554037632525, -0.1610695384807913, 0.8724297124919961, -0.828279247372467, -0.18898223650461426, 1.0446751427339311, -0.9750244334066274, -0.16106953848079136, 1.3644933511245667, -1.2917862270676648, -0.18235722297072837, -0.8481554037632522, 0.905584718294408, -0.1889822365046142, -0.8322301387783576, 0.8930401229267474, -0.23080027108556914, -0.9484531189137902, 1.0494995356656007, -0.1278872166673276, 1.0256153238192354, -0.9931270663228443, -0.22522130823072536, 0.8048150549829887, -0.7254762501100135, -0.27700663036708634, 0.931102996289654, -0.8048150549829883, -0.2469323991623966, 1.0789713177270346, -0.9616541795583003, -0.20166768818859027, 1.2485285456935975, -1.1516089651249486, -0.26229004707778764, -1.0739950402747, 1.224744871391593, 1.7840101758937148, -0.40770067346288574, -1.2729815111425848], [-0.16843038421330372, -1.0890039707187533, 1.1516089651249486, -0.352180362530249, -0.8888888888888854, 1.1094003924504579, -0.1610695384807916, -0.8048150549829883, 0.8481554037632525, -0.1610695384807913, 0.8724297124919961, -0.828279247372467, -0.18898223650461426, 1.0446751427339311, -0.9750244334066274, -0.16106953848079136, 1.3644933511245667, -1.2917862270676648, -0.18235722297072837, -0.8481554037632522, 0.905584718294408, -0.1889822365046142, -0.8322301387783576, 0.8930401229267474, -0.23080027108556914, -0.9484531189137902, 1.0494995356656007, -0.1278872166673276, 1.0256153238192354, -0.9931270663228443, -0.22522130823072536, 0.8048150549829887, -0.7254762501100135, -0.27700663036708634, 0.931102996289654, -0.8048150549829883, -0.2469323991623966, 1.0789713177270346, -0.9616541795583003, -0.20166768818859027, 1.2485285456935975, -1.1516089651249486, 3.8125731843092705, -1.0739950402747, -0.8164965809277287, 1.7840101758937148, -0.40770067346288574, -1.2729815111425848], [-0.16843038421330372, 0.9182702973433554, -0.8683503083805056, -0.352180362530249, 1.1249999999999956, -0.901387818865997, -0.1610695384807916, 1.242521488394789, -1.1790292151214443, -0.1610695384807913, -1.1462241435400158, 1.2073222927802065, -0.18898223650461426, -0.9572353730777872, 1.0256153238192356, -0.16106953848079136, -0.732872753960898, 0.7741218934265786, -0.18235722297072837, 1.1790292151214439, -1.104258916695732, -0.1889822365046142, 1.2015907059889768, -1.119770516830429, -0.23080027108556914, 1.0543483700546503, -0.9528351047490323, -0.1278872166673276, 1.0256153238192354, -0.9931270663228443, -0.22522130823072536, 0.8048150549829887, -0.7254762501100135, -0.27700663036708634, -1.0739950402747, 1.242521488394789, -0.2469323991623966, -0.9268086959962989, 1.0398748544506025, -0.20166768818859027, -0.8009428406336285, 0.8683503083805055, -0.26229004707778764, 0.931102996289654, -0.8164965809277287, -0.5605349193140373, 2.452779858091232, -1.2729815111425848], [-0.16843038421330372, -1.0890039707187533, 1.1516089651249486, 2.839454172900133, -0.8888888888888854, -0.901387818865997, -0.1610695384807916, -0.8048150549829883, 0.8481554037632525, -0.1610695384807913, 0.8724297124919961, -0.828279247372467, -0.18898223650461426, 1.0446751427339311, -0.9750244334066274, -0.16106953848079136, 1.3644933511245667, -1.2917862270676648, -0.18235722297072837, -0.8481554037632522, 0.905584718294408, -0.1889822365046142, -0.8322301387783576, 0.8930401229267474, -0.23080027108556914, -0.9484531189137902, 1.0494995356656007, -0.1278872166673276, 1.0256153238192354, -0.9931270663228443, -0.22522130823072536, 0.8048150549829887, -0.7254762501100135, -0.27700663036708634, 0.931102996289654, -0.8048150549829883, -0.2469323991623966, 1.0789713177270346, -0.9616541795583003, -0.20166768818859027, 1.2485285456935975, -1.1516089651249486, -0.26229004707778764, -1.0739950402747, 