{"clusters": [[0, 4, 7, 11, 17, 19, 20, 21, 23, 24, 26, 27, 28, 31, 36, 37, 39, 40, 43, 44, 46, 48, 49], [50, 51, 52, 54, 55, 56, 58, 61, 63, 65, 66, 68, 71, 72, 73, 74, 75, 76, 78, 84, 85, 86, 87, 91, 97, 133], [105, 107, 118, 122, 130, 135], [53, 57, 59, 60, 62, 64, 67, 69, 79, 80, 81, 82, 88, 89, 90, 92, 93, 94, 95, 96, 98, 99, 106], [100, 102, 109, 120, 124, 125, 129, 143, 144], [117, 131], [70, 83, 101, 111, 113, 114, 119, 121, 123, 126, 127, 134, 138, 142, 146, 149], [77, 103, 104, 108, 110, 112, 115, 116, 128, 132, 136, 137, 139, 140, 141, 145, 147, 148], [1, 2, 3, 6, 8, 9, 12, 13, 22, 25, 29, 30, 34, 35, 38, 41, 42, 45, 47], [5, 10, 14, 15, 16, 18, 32, 33]], "centers": [[5.1, 3.513043478260869, 1.526086956521739, 0.2739130434782609], [6.276923076923075, 2.911538461538461, 4.5576923076923075, 1.4269230769230767], [7.566666666666666, 2.85, 6.449999999999999, 2.0666666666666664], [5.48695652173913, 2.5739130434782607, 3.8782608695652177, 1.1869565217391305], [6.900000000000001, 3.2333333333333334, 5.866666666666666, 2.1888888888888887], [7.800000000000001, 3.8, 6.550000000000001, 2.1], [5.9937499999999995, 2.7437500000000004, 5.031249999999999, 1.83125], [6.544444444444446, 3.0333333333333337, 5.433333333333334, 2.0888888888888886], [4.678947368421052, 3.08421052631579, 1.3789473684210527, 0.20000000000000007], [5.512500000000001, 3.9999999999999996, 1.475, 0.275]]}