{"clusters": [[0, 4, 6, 7, 11, 17, 20, 21, 22, 23, 24, 26, 27, 28, 31, 35, 36, 37, 39, 40, 43, 49], [68, 72, 87, 108, 119, 134, 146], [109, 117, 131], [53, 57, 59, 60, 62, 64, 67, 69, 79, 80, 81, 82, 89, 90, 92, 93, 94, 98, 99, 106], [1, 2, 3, 8, 9, 12, 13, 25, 29, 30, 34, 38, 41, 42, 45, 47], [100, 104, 110, 112, 115, 116, 120, 124, 132, 136, 137, 139, 140, 141, 143, 144, 145, 147, 148], [5, 10, 14, 15, 16, 18, 19, 32, 33, 44, 46, 48], [102, 105, 107, 118, 122, 125, 129, 130, 135], [70, 83, 101, 103, 111, 113, 114, 121, 123, 126, 127, 128, 133, 138, 142, 149], [50, 51, 52, 54, 55, 56, 58, 61, 63, 65, 66, 71, 73, 74, 75, 76, 77, 78, 84, 85, 86, 88, 91, 95, 96, 97]], "centers": [[-0.972280366469058, 0.9039059688422829, -1.304057254950471, -1.2256950784461718], [0.5187138834706769, -1.5131600768735045, 0.7221601070994075, 0.47099249178919933], [2.128515590793473, 1.556130139908448, 1.5016448190573932, 1.3610767855617103], [-0.464476836700665, -1.2484337956760607, 0.04376481872347287, -0.03203049817730746], [-1.4232176115860555, -0.07443028775696406, -1.3331218482585632, -1.3236713065258845], [0.8977051173395413, 0.19514224115118758, 0.9990823074002708, 1.324127400497766], [-0.5472748815038265, 1.9973406085708536, -1.2691797429807594, -1.216720156790015], [1.9265691400540537, -0.31102140863390637, 1.4258615831725892, 1.0393092239631967], [0.2276946232086932, -0.5492111181654225, 0.7485489124521516, 0.8811677803366549], [0.46012722083858204, -0.14968692287998328, 0.42391976258022623, 0.2843930217513003]]}