{"clusters": [[0, 1, 2, 3, 4, 5, 6, 7, 8, 9, 10, 11, 12, 13, 14, 15, 16, 17, 18, 19, 20, 21, 22, 23, 24, 25, 26, 27, 28, 29, 30, 31, 32, 33, 34, 35, 36, 37, 38, 39, 40, 41, 42, 43, 44, 45, 46, 47, 48, 49], [50, 51, 52, 54, 56, 58, 63, 65, 68, 70, 72, 73, 74, 75, 76, 77, 78, 83, 85, 86, 91, 97, 101, 103, 110, 111, 113, 114, 115, 116, 119, 121, 123, 126, 127, 128, 132, 133, 134, 137, 138, 142, 145, 146, 147, 148, 149], [100, 102, 104, 105, 107, 108, 109, 112, 117, 118, 120, 122, 124, 125, 129, 130, 131, 135, 136, 139, 140, 141, 143, 144], [53, 55, 57, 59, 60, 61, 62, 64, 66, 67, 69, 71, 79, 80, 81, 82, 84, 87, 88, 89, 90, 92, 93, 94, 95, 96, 98, 99, 106]], "centers": [[5.005999999999999, 3.428000000000001, 1.4620000000000002, 0.2459999999999999], [6.278723404255319, 2.8957446808510636, 4.934042553191488, 1.708510638297872], [7.079166666666668, 3.1249999999999996, 5.974999999999999, 2.15], [5.558620689655171, 2.624137931034483, 3.9758620689655175, 1.2310344827586208]]}