{"clusters": [[0, 4, 5, 7, 10, 14, 15, 16, 17, 18, 19, 20, 21, 22, 23, 26, 27, 28, 31, 32, 33, 36, 37, 39, 40, 43, 44, 46, 48], [51, 52, 54, 56, 58, 61, 63, 65, 66, 68, 70, 71, 72, 73, 74, 75, 76, 77, 78, 83, 84, 85, 86, 91, 97, 101, 103, 108, 111, 114, 116, 119, 121, 123, 126, 127, 128, 132, 133, 134, 137, 138, 142, 146, 147, 149], [50, 100, 102, 104, 105, 107, 109, 110, 112, 115, 117, 118, 120, 122, 124, 125, 129, 130, 131, 135, 136, 139, 140, 141, 143, 144, 145, 148], [53, 55, 57, 59, 60, 62, 64, 67, 69, 79, 80, 81, 82, 87, 88, 89, 90, 92, 93, 94, 95, 96, 98, 99, 106, 113], [1, 2, 3, 6, 8, 9, 11, 12, 13, 24, 25, 29, 30, 34, 35, 38, 41, 42, 45, 47, 49]], "centers": [[-0.7544440852796094, 1.4000196892272971, -1.2931886560735752, -1.2110463557430196], [0.4611403301232279, -0.43724040849070034, 0.6342562605063193, 0.5846376695305147], [1.4015083681315652, 0.23797960930834175, 1.1788894305122901, 1.2466821492141862], [-0.3740669641388635, -1.1235963185896407, 0.1178720791992862, 0.036316982127271843], [-1.373812854887305, 0.0982172869370207, -1.3212807176515629, -1.3154442950077407]]}