{"clusters": [[0, 4, 5, 7, 10, 14, 15, 16, 17, 18, 19, 20, 21, 22, 23, 26, 27, 28, 31, 32, 33, 36, 37, 39, 40, 43, 44, 46, 48], [50, 51, 52, 54, 56, 58, 61, 63, 65, 66, 68, 70, 71, 72, 73, 74, 75, 76, 77, 78, 83, 84, 85, 86, 91, 97, 101, 103, 108, 111, 114, 119, 121, 123, 126, 127, 133, 134, 138, 142, 146, 149], [102, 105, 107, 109, 117, 118, 122, 125, 129, 130, 131, 135], [53, 55, 57, 59, 60, 62, 64, 67, 69, 79, 80, 81, 82, 87, 88, 89, 90, 92, 93, 94, 95, 96, 98, 99, 106, 113], [1, 2, 3, 6, 8, 9, 11, 12, 13, 24, 25, 29, 30, 34, 35, 38, 41, 42, 45, 47, 49], [100, 104, 110, 112, 115, 116, 120, 124, 128, 132, 136, 137, 139, 140, 141, 143, 144, 145, 147, 148]], "centers": [[-0.7544440852796094, 1.4000196892272971, -1.2931886560735752, -1.2110463557430196], [0.45236004965629645, -0.4389085009998211, 0.5908927163703714, 0.5242721854305114], [1.9770557527389088, 0.1557664785016822, 1.4448073921437903, 1.119751114362825], [-0.3740669641388635, -1.1235963185896407, 0.1178720791992862, 0.036316982127271843], [-1.373812854887305, 0.0982172869370207, -1.3212807176515629, -1.3154442950077407], [0.8865449187460472, 0.15576647850168227, 1.0014754622176858, 1.3171993907982764]]}