{"clusters": [[0, 4, 6, 7, 11, 17, 20, 21, 22, 23, 24, 26, 27, 28, 31, 35, 36, 37, 39, 40, 43, 49], [50, 51, 52, 54, 56, 58, 61, 63, 65, 66, 68, 70, 71, 72, 73, 74, 75, 76, 77, 78, 83, 84, 85, 86, 91, 97, 101, 103, 108, 111, 114, 119, 121, 123, 126, 127, 133, 134, 138, 142, 146, 149], [102, 105, 107, 109, 117, 118, 122, 125, 129, 130, 131, 135], [53, 55, 57, 59, 60, 62, 64, 67, 69, 79, 80, 81, 82, 87, 88, 89, 90, 92, 93, 94, 95, 96, 98, 99, 106, 113], [1, 2, 3, 8, 9, 12, 13, 25, 29, 30, 34, 38, 41, 42, 45, 47], [100, 104, 110, 112, 115, 116, 120, 124, 128, 132, 136, 137, 139, 140, 141, 143, 144, 145, 147, 148], [5, 10, 14, 15, 16, 18, 19, 32, 33, 44, 46, 48]], "centers": [[-0.972280366469058, 0.9039059688422829, -1.304057254950471, -1.2256950784461718], [0.45236004965629645, -0.4389085009998211, 0.5908927163703714, 0.5242721854305114], [1.9770557527389088, 0.1557664785016822, 1.4448073921437903, 1.119751114362825], [-0.3740669641388635, -1.1235963185896407, 0.1178720791992862, 0.036316982127271843], [-1.4232176115860555, -0.07443028775696406, -1.3331218482585632, -1.3236713065258845], [0.8865449187460472, 0.15576647850168227, 1.0014754622176858, 1.3171993907982764], [-0.5472748815038265, 1.9973406085708536, -1.2691797429807594, -1.216720156790015]]}