{"clusters": [[0, 1, 2, 3, 4, 5, 6, 7, 8, 9, 10, 11, 12, 13, 14, 15, 16, 17, 18, 19, 20, 21, 22, 23, 24, 25, 26, 27, 28, 29, 30, 31, 32, 33, 34, 35, 36, 37, 38, 39, 40, 41, 42, 43, 44, 45, 46, 47, 48, 49], [50, 51, 52, 54, 55, 56, 58, 61, 63, 65, 66, 68, 71, 72, 73, 74, 75, 76, 78, 84, 85, 86, 87, 91, 97], [105, 107, 118, 122, 130, 135], [53, 57, 59, 60, 62, 64, 67, 69, 79, 80, 81, 82, 88, 89, 90, 92, 93, 94, 95, 96, 98, 99, 106], [100, 102, 103, 104, 108, 110, 112, 115, 116, 120, 124, 125, 128, 129, 132, 136, 137, 139, 140, 141, 143, 144, 145, 147, 148], [109, 117, 131], [70, 77, 83, 101, 111, 113, 114, 119, 121, 123, 126, 127, 133, 134, 138, 142, 146, 149]], "centers": [[5.005999999999999, 3.428000000000001, 1.4620000000000002, 0.2459999999999999], [6.275999999999998, 2.9159999999999995, 4.5360000000000005, 1.4239999999999997], [7.566666666666666, 2.85, 6.449999999999999, 2.0666666666666664], [5.48695652173913, 2.5739130434782607, 3.8782608695652177, 1.1869565217391305], [6.64, 3.0839999999999996, 5.579999999999999, 2.1239999999999997], [7.6000000000000005, 3.733333333333333, 6.400000000000001, 2.2333333333333334], [6.05, 2.761111111111111, 5.033333333333331, 1.8055555555555556]]}