{"clusters": [[0, 1, 2, 3, 4, 5, 6, 7, 8, 9, 10, 11, 12, 13, 14, 15, 16, 17, 18, 19, 20, 21, 22, 23, 24, 25, 26, 27, 28, 29, 30, 31, 32, 33, 34, 35, 36, 37, 38, 39, 40, 41, 42, 43, 44, 45, 46, 47, 48, 49], [50, 51, 52, 54, 55, 56, 58, 61, 63, 65, 66, 68, 71, 72, 73, 74, 75, 76, 78, 84, 85, 86, 87, 91, 97, 133], [105, 107, 118, 122, 130, 135], [53, 57, 59, 60, 62, 64, 67, 69, 79, 80, 81, 82, 88, 89, 90, 92, 93, 94, 95, 96, 98, 99, 106], [100, 102, 109, 120, 124, 125, 129, 143, 144], [117, 131], [70, 83, 101, 111, 113, 114, 119, 121, 123, 126, 127, 134, 138, 142, 146, 149], [77, 103, 104, 108, 110, 112, 115, 116, 128, 132, 136, 137, 139, 140, 141, 145, 147, 148]], "centers": [[5.005999999999999, 3.428000000000001, 1.4620000000000002, 0.2459999999999999], [6.276923076923075, 2.911538461538461, 4.5576923076923075, 1.4269230769230767], [7.566666666666666, 2.85, 6.449999999999999, 2.0666666666666664], [5.48695652173913, 2.5739130434782607, 3.8782608695652177, 1.1869565217391305], [6.900000000000001, 3.2333333333333334, 5.866666666666666, 2.1888888888888887], [7.800000000000001, 3.8, 6.550000000000001, 2.1], [5.9937499999999995, 2.7437500000000004, 5.031249999999999, 1.83125], [6.544444444444446, 3.0333333333333337, 5.433333333333334, 2.0888888888888886]]}