{"clusters": [[0, 4, 6, 7, 11, 17, 20, 21, 22, 23, 24, 26, 27, 28, 31, 35, 36, 37, 39, 40, 43, 49], [50, 51, 52, 54, 55, 56, 58, 61, 63, 65, 66, 68, 71, 72, 73, 74, 75, 76, 77, 78, 84, 85, 86, 87, 88, 91, 95, 96, 97, 133], [109, 117, 131], [53, 57, 59, 60, 62, 64, 67, 69, 79, 80, 81, 82, 89, 90, 92, 93, 94, 98, 99, 106], [1, 2, 3, 8, 9, 12, 13, 25, 29, 30, 34, 38, 41, 42, 45, 47], [100, 104, 110, 112, 115, 116, 120, 124, 128, 132, 136, 137, 139, 140, 141, 143, 144, 145, 147, 148], [5, 10, 14, 15, 16, 18, 19, 32, 33, 44, 46, 48], [102, 105, 107, 118, 122, 125, 129, 130, 135], [70, 83, 101, 103, 108, 111, 113, 114, 119, 121, 123, 126, 127, 134, 138, 142, 146, 149]], "centers": [[-0.972280366469058, 0.9039059688422829, -1.304057254950471, -1.2256950784461718], [0.4685157657154501, -0.316136892328543, 0.4406795166701349, 0.2904683533339295], [2.128515590793473, 1.556130139908448, 1.5016448190573932, 1.3610767855617103], [-0.464476836700665, -1.2484337956760607, 0.04376481872347287, -0.03203049817730746], [-1.4232176115860555, -0.07443028775696406, -1.3331218482585632, -1.3236713065258845], [0.8865449187460472, 0.15576647850168227, 1.0014754622176858, 1.3171993907982764], [-0.5472748815038265, 1.9973406085708536, -1.2691797429807594, -1.216720156790015], [1.9265691400540537, -0.31102140863390637, 1.4258615831725892, 1.0393092239631967], [0.25041359891687776, -0.7330488134414248, 0.7659159040090859, 0.8272351492732675]]}