{"clusters": [[8, 13, 6, 46, 14, 3, 158, 16, 0, 39, 56, 45, 5, 18, 172, 177, 11, 10, 48, 7, 20, 29, 49, 47, 146, 42, 28, 71, 9, 156, 51, 17, 52, 164, 53, 33, 12, 54, 165, 30, 58, 173, 22, 161, 32, 62, 19, 15, 143, 168, 31, 55, 40, 142, 34, 150, 24, 138, 72, 35, 159, 166, 41, 169, 174, 26, 141, 68, 148, 27, 57, 36, 175, 43, 4, 153, 1, 155, 176, 145, 2, 152, 66, 149, 38, 123, 83, 25, 44, 50, 37, 76, 73, 163, 21, 140, 131, 147, 130, 162, 23, 139, 167, 132, 151, 118, 171, 81, 107, 79, 133, 92, 85, 61, 135, 101, 154, 137, 111, 104, 134, 95, 157, 126, 122, 105, 117, 128, 65, 67, 63, 98, 59, 160, 102, 60, 78, 99, 93, 70, 97, 136, 144, 106, 108, 69, 170, 64, 86, 100, 90, 114, 89, 82, 125, 129, 119, 91, 80, 74, 124, 77, 84, 103, 116, 96, 127, 112, 75, 87, 88, 94, 109, 121, 110, 120, 113, 115]], "centers": [[0.06099988226155702, -0.5263432725047841, -1.0838701870533272, -1.439849668083149, -0.01696164970229702, 0.9051372875292274, 1.1101164623060544, -1.102742447801742, 1.5402591274974242, 0.45935044164053007, 0.18668372715034898, 0.7320897423819315, 0.8617454741639048]]}