{"clusters": [[72, 123, 83, 118, 107, 92, 122, 105, 128, 90, 89, 129, 91, 127, 88], [25, 81, 79, 85, 101, 111, 104, 126, 117, 65, 67, 102, 60, 99, 93, 97, 106, 108, 64, 86, 114, 82, 125, 119, 80, 103, 116, 112, 87, 113, 115], [172, 164, 165, 138, 148, 153, 167, 171, 61, 135, 154, 134, 157, 160], [95, 78, 69, 110], [177, 156, 173, 150, 166, 169, 174, 175, 155, 176, 149, 147, 151, 144], [71, 73, 63, 98, 74, 124, 84, 94, 109, 121, 120], [62, 76, 59, 100, 75], [158, 159], [146, 161, 143, 168, 142, 141, 68, 145, 152, 163, 140, 131, 130, 162, 139, 132, 133, 137, 70, 136, 170, 77, 96], [8, 13, 6, 46, 14, 3, 16, 0, 39, 56, 45, 5, 18, 11, 10, 48, 7, 20, 29, 49, 47, 42, 28, 9, 51, 17, 52, 53, 33, 12, 54, 30, 58, 22, 32, 19, 15, 31, 55, 40, 34, 24, 35, 41, 26, 27, 57, 36, 43, 4, 1, 2, 66, 38, 44, 50, 37, 21, 23]], "centers": [[-0.7172170457031782, 0.1917872439719936, -0.35280200480440144, 0.75223077562774, -0.6839883856693707, -0.9856139394487826, -0.19002044312107882, 2.402403189853794, -0.2994292092182514, -1.020038900088916, -0.42754369304857526, 0.9722050209910484, -1.3753613772068287], [-0.8778014911562196, -0.8315487420074148, -1.4128508690653443, -1.0494791781072375, -1.035055088809936, 0.40841450756042774, 0.47259759362170717, -0.5789850536693061, 0.31380023635364057, -0.9335249034965509, 1.1957716317628666, 0.18123704439630925, -1.0155135847443477], [-0.25399268381940787, 0.48801608201866475, -0.27969518657950954, 0.0015182949048327598, -0.8946284075537098, -1.3781851687789626, -1.44999867965471, 0.6296858558670859, -1.3769609492945754, 2.1723273578843707, -1.3708215169254943, -1.3018279117188283, -0.5394317708227467], [-0.9025067904566858, -1.1188009485981258, -1.8880451875271462, -1.1095361765650698, 3.0724253379346758, -0.6731592875329251, -0.4661112917639064, -0.9415863265302234, 1.820592588330289, -0.8361966573301399, 0.9325313088204708, 0.11061490362892137, -0.041058500730903655], [0.4130503972932216, 1.5786768039177712, 0.012732086320061092, 0.6020882794831586, 0.7904917675210027, -0.9615789662244858, -1.3144631721391402, 0.5491077952313265, -0.36951257442646745, 1.5970094968301332, -1.3708215169254943, -1.4854454777140356, 0.14523438297754887], [-1.3966127764660425, 1.7716743802209047, 0.08583890454495459, 0.4519457833385771, -1.2456951106942749, 0.905137287529227, 1.004699956460611, -1.2236095387553816, 2.3111761447878028, -0.9767819017927336, -0.9101509517763011, 1.4524355782092837, -1.168369284197437], [-0.7789802939543485, -1.2534504204375216, -3.6791622340370145, -2.671018136468717, -0.8244150669255967, -0.5049144749628479, -1.4650581804897735, -0.6595631143050651, -2.0515133394236567, -1.3444663873102858, 0.40605066293567893, -1.1182103457236205, -0.7225401607925932], [1.1233277521816698, -0.5936680084244821, 1.109334359693451, 1.277729512133775, -0.43824169347097514, 0.6487642398033953, -0.8275393118054261, 1.3145993712710415, 1.5840612307525594, 3.165075685066754, -1.6998719206034894, -1.0475882049562333, -0.3404009121598701], [-0.1489951617924188, 0.5867590280342218, 0.12239231365740011, 0.1516607910494142, 0.2989983831242116, -1.594499927797633, -0.8124798109703628, -0.9818753568481032, -1.3331588460394403, 0.1479000539080152, -0.9540243389333672, -1.6831874718627207, -0.690695223406533], [0.9256853577779276, -0.5442965354167035, 0.15894572276984725, -1.0494791781072375, -0.7542017262974837, 0.4885310849747506, 0.7336289414294712, -0.5789850536693061, 0.38388360156185686, 0.23441405050038017, 0.8447845345063383, 0.40722789485194877, 1.8250548300922276]]}