{"clusters": [[72, 123, 83, 118, 107, 92, 122, 105, 128, 90, 89, 129, 91, 127, 88], [25, 81, 79, 85, 101, 111, 104, 126, 117, 65, 67, 102, 60, 99, 93, 97, 106, 108, 64, 86, 114, 82, 125, 119, 80, 103, 116, 112, 87, 113, 115], [172, 164, 165, 138, 148, 153, 167, 171, 61, 135, 154, 134, 157, 160], [95, 78, 69, 110], [177, 156, 173, 150, 166, 169, 174, 175, 155, 176, 149, 147, 151, 144], [71, 73, 63, 98, 74, 124, 84, 94, 109, 121, 120], [62, 76, 59, 100, 75], [158, 159], [146, 161, 143, 168, 142, 141, 68, 145, 152, 163, 140, 131, 130, 162, 139, 132, 133, 137, 70, 136, 170, 77, 96], [8, 13, 6, 46, 14, 3, 16, 0, 39, 56, 45, 5, 18, 11, 10, 48, 7, 20, 29, 49, 47, 42, 28, 9, 51, 17, 52, 53, 33, 12, 54, 30, 58, 22, 32, 19, 15, 31, 55, 40, 34, 24, 35, 41, 26, 27, 57, 36, 43, 4, 1, 2, 66, 38, 44, 50, 37, 21, 23]], "centers": [[-0.7172170457031862, 0.1917872439719934, -0.35280200480439733, 0.7522307756277398, -0.6839883856693707, -0.9856139394487824, -0.19002044312107977, 2.4024031898537945, -0.2994292092182497, -1.0200389000889156, -0.4275436930485765, 0.9722050209910463, -1.3753613772068287], [-0.8778014911562277, -0.8315487420074152, -1.41285086906534, -1.049479178107237, -1.035055088809936, 0.40841450756042796, 0.4725975936217062, -0.5789850536693056, 0.31380023635364196, -0.9335249034965505, 1.1957716317628648, 0.1812370443963071, -1.0155135847443477], [-0.25399268381941575, 0.4880160820186646, -0.27969518657950543, 0.0015182949048328303, -0.8946284075537098, -1.3781851687789624, -1.4499986796547109, 0.6296858558670864, -1.3769609492945734, 2.172327357884371, -1.3708215169254951, -1.3018279117188305, -0.5394317708227466], [-0.9025067904566939, -1.1188009485981263, -1.8880451875271418, -1.109536176565069, 3.0724253379346758, -0.6731592875329249, -0.46611129176390736, -0.941586326530223, 1.8205925883302896, -0.8361966573301395, 0.932531308820469, 0.11061490362891926, -0.041058500730903585], [0.4130503972932139, 1.5786768039177712, 0.012732086320065145, 0.6020882794831584, 0.7904917675210027, -0.9615789662244856, -1.314463172139141, 0.5491077952313269, -0.36951257442646573, 1.5970094968301336, -1.3708215169254951, -1.4854454777140378, 0.14523438297754893], [-1.3966127764660505, 1.771674380220905, 0.08583890454495863, 0.45194578333857693, -1.2456951106942749, 0.9051372875292272, 1.00469995646061, -1.2236095387553811, 2.311176144787803, -0.9767819017927332, -0.9101509517763021, 1.4524355782092815, -1.168369284197437], [-0.7789802939543566, -1.253450420437522, -3.6791622340370096, -2.6710181364687156, -0.8244150669255967, -0.5049144749628477, -1.4650581804897744, -0.6595631143050646, -2.0515133394236544, -1.3444663873102853, 0.4060506629356774, -1.1182103457236228, -0.7225401607925931], [1.1233277521816623, -0.5936680084244823, 1.109334359693455, 1.2777295121337746, -0.43824169347097514, 0.6487642398033955, -0.8275393118054271, 1.314599371271042, 1.5840612307525603, 3.1650756850667543, -1.69987192060349, -1.0475882049562353, -0.34040091215987006], [-0.1489951617924267, 0.5867590280342216, 0.12239231365740413, 0.15166079104941424, 0.2989983831242116, -1.5944999277976328, -0.8124798109703638, -0.9818753568481028, -1.3331588460394381, 0.1479000539080156, -0.9540243389333682, -1.6831874718627229, -0.6906952234065329], [0.9256853577779199, -0.5442965354167039, 0.15894572276985128, -1.049479178107237, -0.7542017262974837, 0.48853108497475084, 0.7336289414294702, -0.5789850536693056, 0.38388360156185825, 0.23441405050038058, 0.8447845345063365, 0.40722789485194666, 1.8250548300922276]]}