{"clusters": [[158, 172, 177, 146, 156, 164, 165, 173, 161, 168, 142, 150, 159, 166, 169, 174, 148, 175, 153, 155, 176, 152, 149, 163, 140, 131, 147, 130, 162, 139, 167, 132, 151, 171, 133, 135, 154, 137, 134, 157, 160, 136, 144, 170, 96], [8, 13, 6, 46, 14, 3, 16, 0, 39, 56, 45, 5, 18, 11, 10, 48, 7, 20, 29, 49, 47, 42, 28, 71, 9, 51, 17, 52, 53, 33, 12, 54, 30, 58, 22, 32, 62, 19, 15, 143, 31, 55, 40, 34, 24, 138, 72, 35, 41, 26, 141, 68, 27, 57, 36, 43, 4, 1, 145, 2, 66, 38, 123, 83, 25, 44, 50, 37, 76, 73, 21, 23, 118, 81, 107, 79, 92, 85, 61, 101, 111, 104, 95, 126, 122, 105, 117, 128, 65, 67, 63, 98, 59, 102, 60, 78, 99, 93, 70, 97, 106, 108, 69, 64, 86, 100, 90, 114, 89, 82, 125, 129, 119, 91, 80, 74, 124, 77, 84, 103, 116, 127, 112, 75, 87, 88, 94, 109, 121, 110, 120, 113, 115]], "centers": [[0.09805783121225005, 1.4036324905265563, -0.02382132279238116, 0.6020882794831585, 0.9309184487772288, -1.4182434574861238, -0.6418054681729796, -0.176094750490508, -0.790012765675763, 1.8781799857553212, -1.69987192060349, -1.81030732524402, -0.6270053486344124], [0.06099988226154919, -0.5442965354167039, -1.193530414390662, -2.1305051503482226, -0.5435617044131447, 0.6808108707691248, 1.2456519698216235, -1.5459217812984187, 2.311176144787803, 0.926526023239303, 0.7131643730351394, 0.42135232300542447, 1.2836908945292032]]}