{"clusters": [[158, 172, 177, 146, 156, 164, 165, 173, 161, 168, 142, 150, 159, 166, 169, 174, 148, 175, 153, 155, 176, 152, 149, 163, 140, 131, 147, 130, 162, 139, 167, 132, 151, 171, 133, 135, 154, 137, 134, 157, 160, 136, 144, 170, 96], [8, 13, 6, 46, 14, 3, 16, 0, 39, 56, 45, 5, 18, 11, 10, 48, 7, 20, 29, 49, 47, 42, 28, 71, 9, 51, 17, 52, 53, 33, 12, 54, 30, 58, 22, 32, 62, 19, 15, 143, 31, 55, 40, 34, 24, 138, 72, 35, 41, 26, 141, 68, 27, 57, 36, 43, 4, 1, 145, 2, 66, 38, 123, 83, 25, 44, 50, 37, 76, 73, 21, 23, 118, 81, 107, 79, 92, 85, 61, 101, 111, 104, 95, 126, 122, 105, 117, 128, 65, 67, 63, 98, 59, 102, 60, 78, 99, 93, 70, 97, 106, 108, 69, 64, 86, 100, 90, 114, 89, 82, 125, 129, 119, 91, 80, 74, 124, 77, 84, 103, 116, 127, 112, 75, 87, 88, 94, 109, 121, 110, 120, 113, 115]], "centers": [[0.09805783121225786, 1.4036324905265563, -0.023821322792385226, 0.6020882794831586, 0.9309184487772288, -1.418243457486124, -0.6418054681729786, -0.1760947504905084, -0.7900127656757648, 1.8781799857553207, -1.6998719206034894, -1.8103073252440178, -0.6270053486344125], [0.06099988226155702, -0.5442965354167035, -1.1935304143906662, -2.1305051503482235, -0.5435617044131447, 0.6808108707691246, 1.2456519698216244, -1.5459217812984192, 2.3111761447878028, 0.9265260232393026, 0.7131643730351411, 0.4213523230054266, 1.2836908945292032]]}