{"clusters": [[62, 72, 66, 123, 76, 81, 107, 79, 92, 85, 101, 111, 104, 126, 105, 117, 128, 67, 63, 98, 59, 102, 78, 99, 93, 97, 106, 108, 69, 64, 86, 100, 90, 114, 89, 82, 125, 119, 91, 80, 124, 84, 103, 116, 127, 75, 87, 88, 94, 109, 110, 120, 113, 115], [8, 13, 6, 46, 14, 3, 158, 16, 0, 39, 56, 45, 5, 18, 11, 10, 48, 7, 20, 29, 49, 47, 42, 28, 71, 9, 51, 17, 52, 53, 33, 12, 54, 30, 58, 22, 32, 19, 15, 31, 55, 40, 34, 24, 35, 41, 26, 27, 57, 36, 43, 4, 1, 2, 38, 25, 44, 50, 37, 73, 21, 23, 95, 65, 74, 121], [172, 177, 146, 156, 164, 165, 173, 161, 143, 168, 142, 150, 138, 159, 166, 169, 174, 141, 68, 148, 175, 153, 155, 176, 145, 152, 149, 83, 163, 140, 131, 147, 130, 162, 139, 167, 132, 151, 118, 171, 133, 61, 135, 154, 137, 134, 157, 122, 160, 60, 70, 136, 144, 170, 129, 77, 96, 112]], "centers": [[-0.9457410642325046, -0.7417824274478174, -1.2300838235031126, -0.14862420123974868, -0.9648417481818228, -0.46485618625568687, 0.005753067734744167, 0.14621749205252926, 0.4627273874210999, -0.8686394060522769, -0.12042998294911325, 0.68265424384476, -1.0696499783006501], [0.9071563833025772, -0.6744576915281195, 0.39654288200074805, -0.013495954709625613, 0.6851717565788332, 0.8089973946320403, 1.049878458965801, -0.9012972962123438, 0.7167795863008838, 0.3101137975186999, 0.42798735651421177, 0.4849122496960752, 1.3553420036478387], [-0.06870293906589922, 0.7124318684176578, 0.5793099275629797, 0.07658954297712348, 0.08835836123987253, -1.330115222330369, -1.4349391788196466, 0.8311310074564848, -1.3068775840863593, -0.051082138254425105, -1.0198344196689662, -0.8215973545005932, -0.3483621465063852]]}