{"clusters": [[62, 72, 66, 123, 76, 81, 107, 79, 92, 85, 101, 111, 104, 126, 105, 117, 128, 67, 63, 98, 59, 102, 78, 99, 93, 97, 106, 108, 69, 64, 86, 100, 90, 114, 89, 82, 125, 119, 91, 80, 124, 84, 103, 116, 127, 75, 87, 88, 94, 109, 110, 120, 113, 115], [8, 13, 6, 46, 14, 3, 158, 16, 0, 39, 56, 45, 5, 18, 11, 10, 48, 7, 20, 29, 49, 47, 42, 28, 71, 9, 51, 17, 52, 53, 33, 12, 54, 30, 58, 22, 32, 19, 15, 31, 55, 40, 34, 24, 35, 41, 26, 27, 57, 36, 43, 4, 1, 2, 38, 25, 44, 50, 37, 73, 21, 23, 95, 65, 74, 121], [172, 177, 146, 156, 164, 165, 173, 161, 143, 168, 142, 150, 138, 159, 166, 169, 174, 141, 68, 148, 175, 153, 155, 176, 145, 152, 149, 83, 163, 140, 131, 147, 130, 162, 139, 167, 132, 151, 118, 171, 133, 61, 135, 154, 137, 134, 157, 122, 160, 60, 70, 136, 144, 170, 129, 77, 96, 112]], "centers": [[-0.9457410642325126, -0.7417824274478177, -1.2300838235031082, -0.14862420123974854, -0.9648417481818228, -0.46485618625568664, 0.0057530677347432235, 0.14621749205252968, 0.4627273874211013, -0.8686394060522764, -0.1204299829491146, 0.6826542438447578, -1.0696499783006501], [0.9071563833025695, -0.67445769152812, 0.396542882000752, -0.013495954709625502, 0.6851717565788332, 0.8089973946320406, 1.0498784589658001, -0.9012972962123433, 0.7167795863008849, 0.3101137975187003, 0.4279873565142102, 0.4849122496960731, 1.3553420036478387], [-0.06870293906590708, 0.7124318684176577, 0.5793099275629836, 0.07658954297712348, 0.08835836123987253, -1.330115222330369, -1.4349391788196475, 0.8311310074564853, -1.3068775840863571, -0.05108213825442469, -1.019834419668967, -0.8215973545005955, -0.3483621465063851]]}