{"clusters": [[158, 172, 177, 146, 156, 164, 165, 173, 161, 143, 168, 142, 150, 138, 159, 166, 169, 174, 141, 68, 148, 175, 153, 155, 176, 145, 152, 149, 83, 163, 140, 131, 147, 130, 162, 139, 167, 132, 151, 171, 133, 61, 135, 154, 137, 134, 157, 160, 70, 136, 144, 170, 96], [8, 13, 6, 46, 14, 3, 16, 0, 39, 56, 45, 5, 18, 11, 10, 48, 7, 20, 29, 49, 47, 42, 28, 9, 51, 17, 52, 53, 33, 12, 54, 30, 58, 22, 32, 19, 15, 31, 55, 40, 34, 24, 35, 26, 57, 36, 4, 2, 25, 44, 50, 37, 73, 21, 95, 121], [62, 72, 41, 27, 43, 1, 38, 76, 23, 118, 81, 107, 92, 85, 101, 111, 104, 126, 122, 105, 117, 128, 67, 59, 102, 60, 78, 93, 97, 106, 108, 69, 64, 86, 100, 90, 114, 89, 82, 125, 129, 119, 91, 80, 77, 84, 103, 116, 127, 112, 75, 87, 88, 94, 120, 113], [71, 66, 123, 79, 65, 63, 98, 99, 74, 124, 109, 110, 115]], "centers": [[0.1351157801629587, -0.39169380066538834, 1.401761632593021, 1.8032282486398101, 1.1415584706615678, -0.15240153433982884, -0.7522418076301095, -0.8207192355765842, -0.054137430989494445, 0.8832690249431197, -1.524378371975225, -1.8103073252440178, -1.0250670659601657], [0.9442143322532781, -0.5577614826006432, 1.182441177918344, -0.35882369584216245, 1.6681585253724154, 1.0894054155821689, 0.7386487750411592, 0.6699748861849657, -0.13298121684873776, 0.3425565462408369, 1.0202780831346026, 0.49903667784955275, 1.7772874240131373], [-0.8778014911562196, -0.19420790863427437, -0.9742099597159883, -0.7491941858180745, -0.9297350778677663, 0.3282979301461056, 0.3471017533295128, -0.7401411749408249, 0.5065294906762351, -1.0957386471072357, 1.0202780831346026, 0.5767210326936788, -1.2352436527081636], [-0.7789802939543485, -1.1367542115100453, -0.9742099597159882, -0.29876669738433015, -0.8244150669255967, 1.9626761093982834, 1.7275559965436504, -0.9818753568481032, 0.6291753797906134, -0.24141293075762868, 0.3621772757786129, 0.22361032885674145, -0.2767110373877496]]}