{"clusters": [[158, 172, 177, 146, 156, 164, 165, 173, 161, 143, 168, 142, 150, 138, 159, 166, 169, 174, 141, 68, 148, 175, 153, 155, 176, 145, 152, 149, 83, 163, 140, 131, 147, 130, 162, 139, 167, 132, 151, 171, 133, 61, 135, 154, 137, 134, 157, 160, 70, 136, 144, 170, 96], [8, 13, 6, 46, 14, 3, 16, 0, 39, 56, 45, 5, 18, 11, 10, 48, 7, 20, 29, 49, 47, 42, 28, 9, 51, 17, 52, 53, 33, 12, 54, 30, 58, 22, 32, 19, 15, 31, 55, 40, 34, 24, 35, 26, 57, 36, 4, 2, 25, 44, 50, 37, 73, 21, 95, 121], [62, 72, 41, 27, 43, 1, 38, 76, 23, 118, 81, 107, 92, 85, 101, 111, 104, 126, 122, 105, 117, 128, 67, 59, 102, 60, 78, 93, 97, 106, 108, 69, 64, 86, 100, 90, 114, 89, 82, 125, 129, 119, 91, 80, 77, 84, 103, 116, 127, 112, 75, 87, 88, 94, 120, 113], [71, 66, 123, 79, 65, 63, 98, 99, 74, 124, 109, 110, 115]], "centers": [[0.13511578016295087, -0.39169380066538867, 1.4017616325930247, 1.8032282486398092, 1.1415584706615678, -0.15240153433982864, -0.7522418076301105, -0.8207192355765838, -0.054137430989492884, 0.8832690249431201, -1.5243783719752257, -1.81030732524402, -1.0250670659601657], [0.9442143322532703, -0.5577614826006435, 1.1824411779183475, -0.3588236958421622, 1.6681585253724154, 1.0894054155821693, 0.7386487750411583, 0.6699748861849661, -0.13298121684873615, 0.34255654624083737, 1.0202780831346006, 0.49903667784955064, 1.7772874240131373], [-0.8778014911562277, -0.19420790863427465, -0.9742099597159841, -0.7491941858180742, -0.9297350778677663, 0.32829793014610575, 0.3471017533295119, -0.7401411749408244, 0.5065294906762364, -1.0957386471072352, 1.0202780831346008, 0.5767210326936767, -1.2352436527081636], [-0.7789802939543566, -1.1367542115100457, -0.9742099597159839, -0.29876669738433, -0.8244150669255967, 1.9626761093982836, 1.7275559965436496, -0.9818753568481028, 0.6291753797906147, -0.24141293075762826, 0.36217727577861136, 0.22361032885673932, -0.27671103738774955]]}