{"clusters": [[71, 72, 43, 66, 123, 76, 21, 81, 79, 85, 101, 111, 104, 126, 122, 117, 128, 65, 67, 63, 98, 59, 102, 99, 93, 97, 106, 108, 64, 86, 100, 90, 114, 89, 82, 125, 119, 91, 80, 74, 124, 84, 103, 116, 75, 87, 88, 94, 109, 121, 110, 120, 113, 115], [8, 13, 6, 46, 14, 3, 16, 0, 39, 56, 45, 5, 18, 11, 10, 48, 7, 20, 29, 49, 47, 42, 28, 9, 51, 17, 52, 53, 33, 12, 54, 30, 58, 22, 32, 62, 19, 15, 31, 55, 40, 34, 24, 35, 41, 26, 27, 57, 36, 4, 1, 2, 38, 25, 44, 50, 37, 73, 23], [158, 172, 177, 156, 164, 168, 150, 159, 166, 169, 174, 148, 175, 153, 176, 152, 149, 130, 167, 151, 171, 154, 144], [95, 78, 69, 96], [146, 165, 173, 161, 143, 142, 138, 141, 68, 155, 145, 83, 163, 140, 131, 147, 162, 139, 132, 118, 107, 133, 92, 61, 135, 137, 134, 157, 105, 160, 60, 70, 136, 170, 129, 77, 127, 112]], "centers": [[-0.9457410642325046, -0.7417824274478174, -1.2300838235031126, -0.14862420123974868, -0.9648417481818228, -0.46485618625568687, 0.005753067734744167, 0.14621749205252926, 0.4627273874210999, -0.8686394060522769, -0.12042998294911325, 0.68265424384476, -1.0696499783006501], [0.9256853577779276, -0.5442965354167035, 0.15894572276984725, -1.0494791781072375, -0.7542017262974837, 0.4885310849747506, 0.7336289414294712, -0.5789850536693061, 0.38388360156185686, 0.23441405050038017, 0.8447845345063383, 0.40722789485194877, 1.8250548300922276], [0.3945214228178712, 0.8111748144332148, 0.049285495432507445, 0.6020882794831586, -0.5435617044131447, -0.5850310523771705, -1.274304503245638, 0.7102639165028455, -0.5972835113531701, 1.4542614024527307, -1.787618694917621, -1.4006989087931705, -0.30855597477380986], [-0.9025067904566858, -1.1188009485981258, -1.8880451875271462, -1.1095361765650698, 3.0724253379346758, -0.6731592875329251, -0.4661112917639064, -0.9415863265302234, 1.820592588330289, -0.8361966573301399, 0.9325313088204708, 0.11061490362892137, -0.041058500730903655], [-0.26016900864452464, 0.47903945056270497, -0.6452292777039721, 0.1516607910494141, -0.7542017262974837, -1.4502900884518528, -0.8626781470872406, -0.09551668985474909, -1.3331588460394403, -0.21978443160953737, -1.2172646618757632, -1.2312057709514406, -0.8945028226773186]]}