{"clusters": [[71, 72, 43, 66, 123, 76, 21, 81, 79, 85, 101, 111, 104, 126, 122, 117, 128, 65, 67, 63, 98, 59, 102, 99, 93, 97, 106, 108, 64, 86, 100, 90, 114, 89, 82, 125, 119, 91, 80, 74, 124, 84, 103, 116, 75, 87, 88, 94, 109, 121, 110, 120, 113, 115], [8, 13, 6, 46, 14, 3, 16, 0, 39, 56, 45, 5, 18, 11, 10, 48, 7, 20, 29, 49, 47, 42, 28, 9, 51, 17, 52, 53, 33, 12, 54, 30, 58, 22, 32, 62, 19, 15, 31, 55, 40, 34, 24, 35, 41, 26, 27, 57, 36, 4, 1, 2, 38, 25, 44, 50, 37, 73, 23], [158, 172, 177, 156, 164, 168, 150, 159, 166, 169, 174, 148, 175, 153, 176, 152, 149, 130, 167, 151, 171, 154, 144], [95, 78, 69, 96], [146, 165, 173, 161, 143, 142, 138, 141, 68, 155, 145, 83, 163, 140, 131, 147, 162, 139, 132, 118, 107, 133, 92, 61, 135, 137, 134, 157, 105, 160, 60, 70, 136, 170, 129, 77, 127, 112]], "centers": [[-0.9457410642325126, -0.7417824274478177, -1.2300838235031082, -0.14862420123974854, -0.9648417481818228, -0.46485618625568664, 0.0057530677347432235, 0.14621749205252968, 0.4627273874211013, -0.8686394060522764, -0.1204299829491146, 0.6826542438447578, -1.0696499783006501], [0.9256853577779199, -0.5442965354167039, 0.15894572276985128, -1.049479178107237, -0.7542017262974837, 0.48853108497475084, 0.7336289414294702, -0.5789850536693056, 0.38388360156185825, 0.23441405050038058, 0.8447845345063365, 0.40722789485194666, 1.8250548300922276], [0.3945214228178635, 0.8111748144332148, 0.04928549543251149, 0.6020882794831585, -0.5435617044131447, -0.5850310523771702, -1.2743045032456388, 0.7102639165028459, -0.5972835113531684, 1.4542614024527312, -1.7876186949176214, -1.4006989087931727, -0.3085559747738098], [-0.9025067904566939, -1.1188009485981263, -1.8880451875271418, -1.109536176565069, 3.0724253379346758, -0.6731592875329249, -0.46611129176390736, -0.941586326530223, 1.8205925883302896, -0.8361966573301395, 0.932531308820469, 0.11061490362891926, -0.041058500730903585], [-0.2601690086445325, 0.47903945056270486, -0.645229277703968, 0.151660791049414, -0.7542017262974837, -1.4502900884518528, -0.8626781470872416, -0.09551668985474865, -1.3331588460394381, -0.21978443160953695, -1.217264661875764, -1.2312057709514426, -0.8945028226773186]]}