{"clusters": [[165, 161, 143, 142, 138, 141, 145, 83, 163, 140, 162, 139, 171, 135, 137, 157, 122, 105, 160, 136, 170, 129, 127, 112], [13, 6, 14, 3, 16, 0, 39, 56, 45, 5, 18, 11, 10, 48, 7, 20, 49, 42, 28, 51, 17, 52, 53, 33, 12, 54, 30, 58, 32, 19, 15, 31, 55, 40, 34, 26, 57, 36, 4, 2, 25, 37, 73, 121], [8, 46, 29, 47, 71, 9, 22, 24, 72, 35, 41, 27, 43, 1, 66, 38, 123, 44, 50, 76, 21, 23, 81, 79, 85, 101, 111, 104, 126, 117, 128, 65, 67, 63, 98, 102, 99, 93, 97, 106, 108, 100, 114, 89, 82, 125, 119, 80, 74, 124, 84, 103, 116, 87, 94, 109, 110, 120, 113, 115], [62, 68, 130, 118, 107, 92, 61, 154, 134, 59, 60, 70, 64, 86, 90, 91, 77, 96, 75, 88], [158, 172, 177, 146, 156, 164, 173, 168, 150, 159, 166, 169, 174, 148, 175, 153, 155, 176, 152, 149, 131, 147, 167, 132, 151, 133, 144], [95, 78, 69]], "centers": [[-0.24164003416917423, 0.3039951371714903, 0.28688265466340823, 0.6771595275554492, -0.43824169347097514, -0.7052059184986541, -1.4801176813248367, 1.1534432499995224, -1.5171276797110078, 1.0173655033762943, -0.9978977260904333, -1.0193393486492783, -0.690695223406533], [0.98127228120398, -0.4590185365850862, 0.6706934503440951, -1.1846074246373604, 0.9309184487772288, 1.8344895855353673, 1.2406321362099366, -0.055227659536869325, 0.32256065700466763, 0.6994267821843436, 0.4937974372498105, 0.68265424384476, 1.7056363148945017], [-0.7480986698287634, -0.6430394814322605, -0.44418552758551766, 1.2026582640614842, -0.12228166064446655, -0.29661137368560936, 0.2416852474840696, 0.06563943141676996, 0.2875189744005595, -1.28390658969563, 0.07700025925768389, 0.36485461039151623, -1.284603305656557], [-0.8036855932548157, -1.1816373687898438, -1.9977054148644853, -1.8602486572879773, -0.3680283528428621, -0.4488328707728223, -1.2040268326820092, 0.7505529468207254, -2.0602737600746837, -1.0589701985554805, 0.8447845345063387, -1.2241435568747019, -0.46778066170411114], [0.3945214228178712, 0.8111748144332148, 0.049285495432507445, 0.6020882794831586, -0.5435617044131447, -0.5850310523771705, -1.274304503245638, 0.7102639165028455, -0.5972835113531701, 1.4542614024527307, -1.787618694917621, -1.4006989087931705, -0.30855597477380986], [-0.828390892555283, -1.2085672631577231, -1.5225110964026833, -1.4098211688542326, 2.545825283223828, -0.633100998825764, -0.17998077589770328, -0.09551668985474931, 2.0483635252569914, -0.7172399120156377, 0.44992405009274494, -0.4261133662032233, 0.00989339908679277]]}