{"clusters": [[165, 161, 143, 142, 138, 141, 145, 83, 163, 140, 162, 139, 171, 135, 137, 157, 122, 105, 160, 136, 170, 129, 127, 112], [13, 6, 14, 3, 16, 0, 39, 56, 45, 5, 18, 11, 10, 48, 7, 20, 49, 42, 28, 51, 17, 52, 53, 33, 12, 54, 30, 58, 32, 19, 15, 31, 55, 40, 34, 26, 57, 36, 4, 2, 25, 37, 73, 121], [8, 46, 29, 47, 71, 9, 22, 24, 72, 35, 41, 27, 43, 1, 66, 38, 123, 44, 50, 76, 21, 23, 81, 79, 85, 101, 111, 104, 126, 117, 128, 65, 67, 63, 98, 102, 99, 93, 97, 106, 108, 100, 114, 89, 82, 125, 119, 80, 74, 124, 84, 103, 116, 87, 94, 109, 110, 120, 113, 115], [62, 68, 130, 118, 107, 92, 61, 154, 134, 59, 60, 70, 64, 86, 90, 91, 77, 96, 75, 88], [158, 172, 177, 146, 156, 164, 173, 168, 150, 159, 166, 169, 174, 148, 175, 153, 155, 176, 152, 149, 131, 147, 167, 132, 151, 133, 144], [95, 78, 69]], "centers": [[-0.24164003416918212, 0.3039951371714901, 0.28688265466341223, 0.677159527555449, -0.4382416934709751, -0.705205918498654, -1.4801176813248376, 1.1534432499995229, -1.5171276797110056, 1.0173655033762947, -0.9978977260904343, -1.0193393486492806, -0.6906952234065329], [0.9812722812039725, -0.4590185365850865, 0.670693450344099, -1.18460742463736, 0.9309184487772288, 1.8344895855353676, 1.2406321362099355, -0.055227659536868895, 0.322560657004669, 0.6994267821843441, 0.4937974372498089, 0.6826542438447579, 1.7056363148945017], [-0.7480986698287715, -0.6430394814322609, -0.4441855275855135, 1.2026582640614838, -0.12228166064446655, -0.29661137368560914, 0.24168524748406867, 0.0656394314167704, 0.2875189744005609, -1.2839065896956297, 0.07700025925768245, 0.3648546103915141, -1.284603305656557], [-0.8036855932548239, -1.1816373687898443, -1.9977054148644806, -1.8602486572879764, -0.36802835284286206, -0.4488328707728221, -1.2040268326820103, 0.7505529468207258, -2.0602737600746814, -1.05897019855548, 0.844784534506337, -1.224143556874704, -0.46778066170411103], [0.3945214228178635, 0.8111748144332148, 0.04928549543251149, 0.6020882794831585, -0.5435617044131447, -0.5850310523771702, -1.2743045032456388, 0.7102639165028459, -0.5972835113531684, 1.4542614024527312, -1.7876186949176214, -1.4006989087931727, -0.3085559747738098], [-0.8283908925552911, -1.2085672631577236, -1.522511096402679, -1.409821168854232, 2.545825283223828, -0.6331009988257638, -0.17998077589770423, -0.0955166898547489, 2.048363525256992, -0.7172399120156373, 0.44992405009274333, -0.42611336620322543, 0.00989339908679284]]}