{"clusters": [[158, 177, 156, 173, 159, 166, 175, 153, 155, 176, 149], [8, 13, 6, 46, 14, 3, 0, 39, 56, 5, 18, 10, 20, 49, 47, 42, 9, 52, 54, 58, 19, 31, 40, 1, 44, 50], [66, 123, 81, 79, 126, 65, 63, 98, 78, 99, 93, 97, 108, 100, 125, 124, 94, 109, 110, 120], [76, 59], [62, 72, 107, 92, 85, 101, 111, 104, 122, 105, 117, 128, 67, 60, 106, 64, 86, 90, 114, 89, 82, 119, 91, 80, 103, 116, 127, 112, 75, 87, 88, 113, 115], [172, 146, 164, 165, 161, 143, 168, 142, 150, 138, 169, 174, 141, 68, 148, 145, 152, 83, 163, 140, 131, 147, 130, 162, 139, 167, 132, 151, 118, 171, 133, 61, 135, 154, 137, 134, 157, 160, 70, 136, 144, 170, 129, 77, 96], [16, 45, 11, 48, 7, 29, 28, 71, 51, 17, 53, 33, 12, 30, 22, 32, 15, 55, 34, 24, 35, 41, 26, 27, 57, 36, 43, 4, 2, 38, 25, 37, 73, 21, 23, 95, 102, 69, 74, 84, 121]], "centers": [[0.5551058682709104, 1.2240998614073622, 0.8534604959063268, 1.0525157679169028, 0.7904917675210027, -0.9535673084830537, -1.1136698276716293, 0.5491077952313265, -0.22934584401003513, 2.4318695639464583, -0.47141708020564127, -1.4854454777140356, -0.16525375653653868], [1.2345015990337744, -0.5891796926965023, -0.33452530024817867, -0.8392796835048235, 1.211771811289681, 1.033323811392143, 1.3309891412203165, -0.6595631143050653, 0.8744671580193704, 0.9589687719614396, 0.6473542922995421, 1.1205115166025625, 0.8697067085104199], [-0.8778014911562196, 0.5957356594901813, -0.5538457549228559, -0.44890919352891157, -0.8244150669255967, 0.568647662389073, 0.5930736003022139, -0.09551668985474909, 1.4176132383830458, -1.2255096419957838, 1.4370752611267292, 0.6402809593843275, -1.2702730838328298], [-0.3713428554966305, -1.271403683349441, -3.0394775745692044, -1.8602486572879773, -0.8946284075537098, -0.5289494481871446, -0.7321624731833586, -0.8207192355765842, -1.1404295917168459, -0.771311159885866, 0.7131643730351407, -0.6521042166588633, -0.9263477600633789], [-1.038385936609259, -0.6520161128882201, -0.20658836835461608, 0.9924587694590705, -0.6839883856693707, -0.8253807846201376, -0.3406154514717122, 0.5491077952313265, -0.054137430989494445, -1.1281813958293727, 1.634505503333527, -0.49673550697061114, -0.8021525042577439], [-0.17370046109288825, -0.8854085307431729, -0.17003495924217055, -0.44890919352891157, 1.562838514430246, -1.258010302657479, -0.7823608093002362, -1.2236095387553816, -1.1404295917168459, -0.4144409239423594, -0.8662775646192351, -1.866805037857928, -0.3722458495459304], [0.5921638172216134, -0.4724834837690257, 0.15894572276984725, 0.30180328719399563, 0.018145020611759512, 0.6487642398033956, 0.9545016203437334, -0.8207192355765842, 0.4714878080721272, 0.018129059019466976, 0.3621772757786129, 1.2123202996001665, 0.5512573346498172]]}