{"clusters": [[158, 177, 156, 173, 159, 166, 175, 153, 155, 176, 149], [8, 13, 6, 46, 14, 3, 0, 39, 56, 5, 18, 10, 20, 49, 47, 42, 9, 52, 54, 58, 19, 31, 40, 1, 44, 50], [66, 123, 81, 79, 126, 65, 63, 98, 78, 99, 93, 97, 108, 100, 125, 124, 94, 109, 110, 120], [76, 59], [62, 72, 107, 92, 85, 101, 111, 104, 122, 105, 117, 128, 67, 60, 106, 64, 86, 90, 114, 89, 82, 119, 91, 80, 103, 116, 127, 112, 75, 87, 88, 113, 115], [172, 146, 164, 165, 161, 143, 168, 142, 150, 138, 169, 174, 141, 68, 148, 145, 152, 83, 163, 140, 131, 147, 130, 162, 139, 167, 132, 151, 118, 171, 133, 61, 135, 154, 137, 134, 157, 160, 70, 136, 144, 170, 129, 77, 96], [16, 45, 11, 48, 7, 29, 28, 71, 51, 17, 53, 33, 12, 30, 22, 32, 15, 55, 34, 24, 35, 41, 26, 27, 57, 36, 43, 4, 2, 38, 25, 37, 73, 21, 23, 95, 102, 69, 74, 84, 121]], "centers": [[0.5551058682709026, 1.2240998614073622, 0.8534604959063307, 1.0525157679169024, 0.7904917675210027, -0.9535673084830535, -1.1136698276716301, 0.5491077952313269, -0.22934584401003347, 2.4318695639464587, -0.47141708020564244, -1.4854454777140378, -0.1652537565365386], [1.2345015990337669, -0.5891796926965025, -0.33452530024817456, -0.8392796835048231, 1.211771811289681, 1.0333238113921432, 1.3309891412203156, -0.6595631143050649, 0.8744671580193715, 0.95896877196144, 0.6473542922995403, 1.1205115166025603, 0.8697067085104199], [-0.8778014911562277, 0.5957356594901811, -0.5538457549228517, -0.4489091935289113, -0.8244150669255967, 0.5686476623890733, 0.5930736003022129, -0.09551668985474865, 1.4176132383830466, -1.2255096419957834, 1.4370752611267275, 0.6402809593843254, -1.2702730838328298], [-0.3713428554966384, -1.2714036833494415, -3.0394775745692, -1.8602486572879764, -0.8946284075537098, -0.5289494481871444, -0.7321624731833596, -0.8207192355765838, -1.1404295917168439, -0.7713111598858655, 0.7131643730351391, -0.6521042166588654, -0.9263477600633789], [-1.038385936609267, -0.6520161128882205, -0.20658836835461197, 0.9924587694590702, -0.6839883856693707, -0.8253807846201374, -0.3406154514717131, 0.5491077952313269, -0.054137430989492884, -1.1281813958293723, 1.634505503333525, -0.49673550697061325, -0.8021525042577438], [-0.17370046109289614, -0.8854085307431734, -0.17003495924216647, -0.4489091935289113, 1.562838514430246, -1.2580103026574787, -0.7823608093002372, -1.2236095387553811, -1.1404295917168439, -0.414440923942359, -0.8662775646192362, -1.8668050378579302, -0.3722458495459303], [0.5921638172216056, -0.47248348376902605, 0.15894572276985128, 0.3018032871939956, 0.018145020611759537, 0.6487642398033958, 0.9545016203437324, -0.8207192355765838, 0.47148780807212853, 0.01812905901946739, 0.36217727577861136, 1.2123202996001643, 0.5512573346498173]]}