{"clusters": [[156, 165, 173, 148, 175, 153, 155, 176, 149, 167, 160], [46, 3, 0, 39, 56, 10, 48, 20, 29, 47, 42, 71, 9, 51, 54, 30, 58, 19, 31, 55, 40, 24, 35, 41, 43, 2, 44, 50, 73, 21, 98, 74, 121], [146, 164, 161, 143, 142, 150, 138, 141, 145, 152, 83, 163, 140, 131, 147, 130, 162, 139, 132, 151, 118, 171, 133, 135, 154, 137, 134, 70, 136, 144, 170, 77, 96], [95, 78, 69, 110], [8, 13, 6, 14, 16, 45, 5, 18, 11, 7, 49, 28, 17, 52, 53, 33, 12, 22, 32, 15, 34, 26, 27, 57, 36, 4, 1, 38, 25, 37, 23], [62, 72, 66, 123, 76, 81, 107, 79, 92, 85, 101, 111, 104, 126, 122, 105, 117, 128, 65, 67, 63, 102, 99, 93, 97, 106, 108, 64, 86, 100, 90, 114, 89, 82, 125, 129, 119, 91, 80, 124, 84, 103, 116, 127, 112, 75, 87, 88, 94, 109, 120, 113, 115], [158, 172, 177, 168, 159, 166, 169, 174, 157], [68, 61, 59, 60]], "centers": [[0.2833475759657665, 0.8650346031689728, -0.3162485956919559, -0.29876669738433015, -0.12228166064446654, -0.7933341536544086, -1.2040268326820092, 1.9995128866749967, 0.48900864937418126, 2.362658366672566, -1.743745307760555, -1.556067618481423, -0.2289436313086592], [0.8886274088272268, -0.8135954790954953, 0.48792640478186344, -0.8392796835048235, 0.5798517456366636, 1.7703963236039095, 1.647238658756646, -1.3847656600269005, 0.7868629515091, 0.7534980300545718, -0.29592353157737716, 0.3648546103915165, 1.7135975492410167], [-0.18605311074312186, 0.8381047088010938, 0.7803536776814342, 0.75223077562774, 0.43942506438043766, -1.0336838858973763, -1.4349391788196466, 1.9189348260392372, -1.1053879091127377, 0.2257626508411438, -0.38367030589150924, -0.7086019292727734, -0.563315473862292], [-0.9025067904566858, -1.1188009485981258, -1.8880451875271462, -1.1095361765650698, 3.0724253379346758, -0.6731592875329251, -0.4661112917639064, -0.9415863265302234, 1.820592588330289, -0.8361966573301399, 0.9325313088204708, 0.11061490362892137, -0.041058500730903655], [0.9380380074281612, -0.723829164535898, 1.21899458703079, 0.0015182949048327598, 2.264971920711376, 1.0493471268750079, 0.7135496069827205, 1.1131542196816426, -0.42207509833262946, 0.1479000539080152, 1.2835184060769986, 0.5484721763867239, 1.5543728623107154], [-0.964270038707855, -0.9392683194789313, -1.5590645055151295, -0.14862420123974868, -0.5435617044131447, 0.10397151338600251, 0.010772901346432056, 0.2267955526882888, 0.8569463167173162, -1.020038900088916, -0.42754369304857526, 0.5767210326936788, -1.3849148584226467], [0.5921638172216134, -0.5981563241524619, 0.9996741323561121, 0.9023732717723214, -0.7542017262974837, 0.4885310849747506, -0.9329558176508693, 1.2743103409531618, 1.2248839840604513, 2.8947194457156122, -1.6998719206034894, -1.1747080583375307, -0.40409078693199063], [-0.6122195236761904, -1.0649411598623675, -2.4728997333262868, -1.7401346603723118, -0.4031350231569186, -0.4728678439971189, -1.0433921571080005, 0.3476626436419281, -1.8763049264031162, -0.5225834196828157, 0.25249380788594783, -1.2806412694886118, -0.8339974416438041]]}