{"clusters": [[156, 165, 173, 148, 175, 153, 155, 176, 149, 167, 160], [46, 3, 0, 39, 56, 10, 48, 20, 29, 47, 42, 71, 9, 51, 54, 30, 58, 19, 31, 55, 40, 24, 35, 41, 43, 2, 44, 50, 73, 21, 98, 74, 121], [146, 164, 161, 143, 142, 150, 138, 141, 145, 152, 83, 163, 140, 131, 147, 130, 162, 139, 132, 151, 118, 171, 133, 135, 154, 137, 134, 70, 136, 144, 170, 77, 96], [95, 78, 69, 110], [8, 13, 6, 14, 16, 45, 5, 18, 11, 7, 49, 28, 17, 52, 53, 33, 12, 22, 32, 15, 34, 26, 27, 57, 36, 4, 1, 38, 25, 37, 23], [62, 72, 66, 123, 76, 81, 107, 79, 92, 85, 101, 111, 104, 126, 122, 105, 117, 128, 65, 67, 63, 102, 99, 93, 97, 106, 108, 64, 86, 100, 90, 114, 89, 82, 125, 129, 119, 91, 80, 124, 84, 103, 116, 127, 112, 75, 87, 88, 94, 109, 120, 113, 115], [158, 172, 177, 168, 159, 166, 169, 174, 157], [68, 61, 59, 60]], "centers": [[0.2833475759657587, 0.8650346031689728, -0.3162485956919518, -0.29876669738433, -0.12228166064446651, -0.7933341536544084, -1.20402683268201, 1.9995128866749972, 0.4890086493741826, 2.3626583666725662, -1.7437453077605556, -1.5560676184814253, -0.2289436313086591], [0.8886274088272191, -0.8135954790954958, 0.4879264047818674, -0.8392796835048231, 0.5798517456366636, 1.7703963236039097, 1.6472386587566452, -1.3847656600269, 0.7868629515091012, 0.7534980300545723, -0.29592353157737844, 0.3648546103915144, 1.7135975492410167], [-0.18605311074312975, 0.8381047088010938, 0.780353677681438, 0.7522307756277398, 0.43942506438043766, -1.033683885897376, -1.4349391788196475, 1.9189348260392376, -1.1053879091127357, 0.22576265084114422, -0.38367030589151047, -0.7086019292727755, -0.5633154738622919], [-0.9025067904566939, -1.1188009485981263, -1.8880451875271418, -1.109536176565069, 3.0724253379346758, -0.6731592875329249, -0.46611129176390736, -0.941586326530223, 1.8205925883302896, -0.8361966573301395, 0.932531308820469, 0.11061490362891926, -0.041058500730903585], [0.9380380074281536, -0.7238291645358983, 1.2189945870307939, 0.0015182949048328303, 2.264971920711376, 1.049347126875008, 0.7135496069827195, 1.113154219681643, -0.42207509833262774, 0.1479000539080156, 1.2835184060769966, 0.5484721763867217, 1.5543728623107154], [-0.9642700387078631, -0.9392683194789317, -1.559064505515125, -0.14862420123974854, -0.5435617044131447, 0.1039715133860027, 0.010772901346431113, 0.22679555268828921, 0.8569463167173175, -1.0200389000889156, -0.4275436930485765, 0.5767210326936767, -1.3849148584226467], [0.5921638172216056, -0.5981563241524622, 0.999674132356116, 0.9023732717723211, -0.7542017262974837, 0.48853108497475084, -0.9329558176508703, 1.2743103409531622, 1.2248839840604524, 2.8947194457156127, -1.69987192060349, -1.174708058337533, -0.4040907869319906], [-0.6122195236761984, -1.064941159862368, -2.4728997333262823, -1.740134660372311, -0.4031350231569186, -0.4728678439971187, -1.0433921571080016, 0.34766264364192856, -1.876304926403114, -0.5225834196828154, 0.25249380788594633, -1.280641269488614, -0.8339974416438041]]}