{"clusters": [[158, 159], [107, 92, 101, 105, 128, 70, 106, 64, 86, 90, 114, 89, 82, 129, 91, 77, 103, 127, 112, 75, 87, 88, 113, 115], [8, 13, 6, 46, 14, 3, 16, 0, 39, 56, 45, 5, 18, 10, 20, 49, 47, 42, 9, 52, 53, 12, 54, 58, 19, 15, 31, 55, 40, 26, 57, 1, 44, 50], [95, 78, 69, 96], [11, 48, 7, 29, 28, 71, 51, 17, 33, 30, 22, 32, 34, 24, 72, 35, 41, 27, 36, 4, 2, 38, 25, 37, 73, 21, 23, 65, 74, 109, 121], [43, 66, 123, 76, 81, 79, 85, 111, 104, 126, 122, 117, 67, 63, 98, 102, 99, 93, 97, 108, 100, 125, 119, 80, 124, 84, 116, 94, 110, 120], [62, 138, 68, 162, 118, 61, 135, 154, 134, 59, 60, 170], [172, 177, 146, 156, 164, 165, 173, 161, 143, 168, 142, 166, 174, 141, 148, 175, 153, 155, 176, 145, 83, 163, 140, 147, 139, 167, 132, 171, 137, 157, 160, 136], [150, 169, 152, 149, 131, 130, 151, 133, 144]], "centers": [[1.1233277521816698, -0.5936680084244821, 1.109334359693451, 1.277729512133775, -0.43824169347097514, 0.6487642398033953, -0.8275393118054261, 1.3145993712710415, 1.5840612307525594, 3.165075685066754, -1.6998719206034894, -1.0475882049562333, -0.3404009121598701], [-1.13720713381113, -0.9931281082146897, 0.14066901821362288, 1.2927437617482334, -1.8074018357191792, -0.31263468916847387, -0.4460319573171553, 0.3879516739598077, -0.35199173312441356, -1.3358149876510492, 1.020278083134603, 0.4990366778495527, -0.3802070838924454], [1.0986224528812025, -0.4949250624089251, -0.04209802734860796, -1.1996216742518189, 0.08835836123987253, 1.4098717252394586, 1.4514651479008231, -1.3847656600269005, 0.5766128558844514, 0.30578809768908155, -0.27398683799884416, 1.1770092292164724, 0.9333965832825404], [-0.9025067904566858, -1.1188009485981258, -1.8880451875271462, -1.1095361765650698, 3.0724253379346758, -0.6731592875329251, -0.4661112917639064, -0.9415863265302234, 1.820592588330289, -0.8361966573301399, 0.9325313088204708, 0.11061490362892137, -0.041058500730903655], [0.5921638172216134, -0.4724834837690257, 0.15894572276984725, 0.30180328719399563, 0.018145020611759512, 0.6487642398033956, 0.9545016203437334, -0.8207192355765842, 0.4714878080721272, 0.018129059019466976, 0.3621772757786129, 1.2123202996001665, 0.5512573346498172], [-0.7975092684296989, -0.5173666410488243, -0.31624859569195507, 0.07658954297712348, -0.47334836378503165, 1.1935569662207879, 0.9043032842268556, -0.5789850536693059, 0.06850845812488385, -0.6090974162751811, -0.16430337010617901, 0.654405387537805, -0.6301898423730186], [-0.4701640526985005, -0.3827171692094285, -0.9376565506035419, -0.5540089408301185, -0.19249500127257957, -0.7612875226886795, -0.9982136546028104, 1.7577787047677185, -1.4207630525497108, 0.591284286443887, -0.44948038662710826, -1.4501344073303417, -0.5553542395157769], [0.3080528752662337, 1.3048895445109996, -0.35280200480440227, -0.07355295316745797, 0.6500650862647767, -0.9615789662244858, -1.274304503245638, 1.2743103409531615, 0.0334667755207759, 2.2934471693986733, -1.6779352270249561, -1.5207565480977294, 0.025815867779822893], [-0.1489951617924188, 0.5867590280342218, 0.12239231365740011, 0.1516607910494142, 0.2989983831242116, -1.594499927797633, -0.8124798109703628, -0.9818753568481032, -1.3331588460394403, 0.1479000539080152, -0.9540243389333672, -1.6831874718627207, -0.690695223406533]]}