{"clusters": [[158, 159], [107, 92, 101, 105, 128, 70, 106, 64, 86, 90, 114, 89, 82, 129, 91, 77, 103, 127, 112, 75, 87, 88, 113, 115], [8, 13, 6, 46, 14, 3, 16, 0, 39, 56, 45, 5, 18, 10, 20, 49, 47, 42, 9, 52, 53, 12, 54, 58, 19, 15, 31, 55, 40, 26, 57, 1, 44, 50], [95, 78, 69, 96], [11, 48, 7, 29, 28, 71, 51, 17, 33, 30, 22, 32, 34, 24, 72, 35, 41, 27, 36, 4, 2, 38, 25, 37, 73, 21, 23, 65, 74, 109, 121], [43, 66, 123, 76, 81, 79, 85, 111, 104, 126, 122, 117, 67, 63, 98, 102, 99, 93, 97, 108, 100, 125, 119, 80, 124, 84, 116, 94, 110, 120], [62, 138, 68, 162, 118, 61, 135, 154, 134, 59, 60, 170], [172, 177, 146, 156, 164, 165, 173, 161, 143, 168, 142, 166, 174, 141, 148, 175, 153, 155, 176, 145, 83, 163, 140, 147, 139, 167, 132, 171, 137, 157, 160, 136], [150, 169, 152, 149, 131, 130, 151, 133, 144]], "centers": [[1.1233277521816623, -0.5936680084244823, 1.109334359693455, 1.2777295121337746, -0.43824169347097514, 0.6487642398033955, -0.8275393118054271, 1.314599371271042, 1.5840612307525603, 3.1650756850667543, -1.69987192060349, -1.0475882049562353, -0.34040091215987006], [-1.137207133811138, -0.9931281082146901, 0.14066901821362693, 1.2927437617482327, -1.8074018357191792, -0.31263468916847365, -0.4460319573171562, 0.3879516739598081, -0.3519917331244119, -1.3358149876510488, 1.0202780831346012, 0.4990366778495506, -0.3802070838924454], [1.098622452881195, -0.4949250624089254, -0.04209802734860385, -1.1996216742518184, 0.08835836123987256, 1.409871725239459, 1.4514651479008223, -1.3847656600269, 0.5766128558844527, 0.30578809768908194, -0.2739868379988454, 1.1770092292164702, 0.9333965832825404], [-0.9025067904566939, -1.1188009485981263, -1.8880451875271418, -1.109536176565069, 3.0724253379346758, -0.6731592875329249, -0.46611129176390736, -0.941586326530223, 1.8205925883302896, -0.8361966573301395, 0.932531308820469, 0.11061490362891926, -0.041058500730903585], [0.5921638172216056, -0.47248348376902605, 0.15894572276985128, 0.3018032871939956, 0.018145020611759537, 0.6487642398033958, 0.9545016203437324, -0.8207192355765838, 0.47148780807212853, 0.01812905901946739, 0.36217727577861136, 1.2123202996001643, 0.5512573346498173], [-0.797509268429707, -0.5173666410488247, -0.3162485956919509, 0.07658954297712348, -0.47334836378503165, 1.1935569662207883, 0.9043032842268547, -0.5789850536693054, 0.06850845812488535, -0.6090974162751808, -0.16430337010618035, 0.6544053875378028, -0.6301898423730184], [-0.4701640526985084, -0.38271716920942883, -0.9376565506035377, -0.5540089408301182, -0.19249500127257954, -0.7612875226886793, -0.9982136546028113, 1.757778704767719, -1.4207630525497086, 0.5912842864438874, -0.4494803866271095, -1.450134407330344, -0.5553542395157768], [0.30805287526622593, 1.3048895445109996, -0.3528020048043981, -0.07355295316745787, 0.6500650862647767, -0.9615789662244856, -1.2743045032456388, 1.274310340953162, 0.033466775520777425, 2.293447169398674, -1.6779352270249568, -1.5207565480977316, 0.025815867779822962], [-0.1489951617924267, 0.5867590280342216, 0.12239231365740413, 0.15166079104941424, 0.2989983831242116, -1.5944999277976328, -0.8124798109703638, -0.9818753568481028, -1.3331588460394381, 0.1479000539080156, -0.9540243389333682, -1.6831874718627229, -0.6906952234065329]]}