{"clusters": [[25, 60, 61, 69, 70, 73, 77, 83, 88, 92, 94, 95, 96, 105, 107, 112, 122, 123, 127, 129, 130, 131, 132, 133, 134, 135, 136, 137, 138, 139, 140, 141, 142, 143, 144, 145, 146, 147, 148, 149, 150, 151, 152, 153, 154, 155, 156, 157, 158, 159, 160, 161, 162, 163, 164, 165, 166, 167, 168, 169, 170, 171, 172, 173, 174, 175, 176, 177], [0, 1, 2, 3, 4, 5, 6, 7, 8, 9, 10, 11, 12, 13, 14, 15, 16, 17, 18, 19, 20, 21, 22, 23, 24, 26, 27, 28, 29, 30, 31, 32, 33, 34, 35, 36, 37, 38, 39, 40, 41, 42, 43, 44, 45, 46, 47, 48, 49, 50, 51, 52, 53, 54, 55, 56, 57, 58, 59, 62, 63, 64, 65, 66, 67, 68, 71, 72, 74, 75, 76, 78, 79, 80, 81, 82, 84, 85, 86, 87, 89, 90, 91, 93, 97, 98, 99, 100, 101, 102, 103, 104, 106, 108, 109, 110, 111, 113, 114, 115, 116, 117, 118, 119, 120, 121, 124, 125, 126, 128]], "centers": [[0.49334262001974233, 1.4126091219825163, 0.41481958655697077, 1.0525157679169028, 0.15857170186798555, -0.7933341536544086, -1.2843441704690135, 0.5491077952313265, -0.31695005052030545, 0.969783021535485, -1.1295178875616314, -1.4854454777140356, 0.00989339908679277], [0.5921638172216134, -0.4724834837690257, 0.15894572276984725, 0.30180328719399563, 0.018145020611759512, 0.6487642398033956, 0.9545016203437334, -0.8207192355765842, 0.4714878080721272, 0.018129059019466976, 0.3621772757786129, 1.2123202996001665, 0.5512573346498172]]}