{"clusters": [[2, 9, 22, 27, 29, 35, 38, 41, 44, 47, 50, 59, 61, 62, 63, 64, 65, 66, 67, 70, 71, 72, 75, 76, 77, 79, 80, 81, 82, 84, 85, 86, 87, 88, 89, 90, 91, 93, 94, 97, 98, 99, 100, 101, 102, 103, 104, 106, 107, 108, 109, 110, 111, 113, 114, 115, 116, 117, 118, 119, 120, 124, 125, 126, 128], [0, 1, 3, 4, 5, 6, 7, 8, 10, 11, 12, 13, 14, 15, 16, 17, 18, 19, 20, 21, 23, 24, 25, 26, 28, 30, 31, 32, 33, 34, 36, 37, 39, 40, 42, 43, 45, 46, 48, 49, 51, 52, 53, 54, 55, 56, 57, 58, 68, 69, 74, 95, 96, 121], [60, 73, 78, 83, 92, 105, 112, 122, 123, 127, 129, 130, 131, 132, 133, 134, 135, 136, 137, 138, 139, 140, 141, 142, 143, 144, 145, 146, 147, 148, 149, 150, 151, 152, 153, 154, 155, 156, 157, 158, 159, 160, 161, 162, 163, 164, 165, 166, 167, 168, 169, 170, 171, 172, 173, 174, 175, 176, 177]], "centers": [[-0.34663755619616105, -0.4724834837690257, -0.6086758685915249, -0.20868119969758106, -0.9648417481818228, -0.15240153433982884, 0.5027165952918337, -0.8207192355765842, 0.31380023635364057, -0.5009549205347246, 0.8886579216634044, 0.746214170535409, -0.10474837550302417], [0.35746347386716815, -0.3288573804736702, 1.1458877688058975, -0.8092511842759068, 0.15857170186798555, 1.12946370428933, 1.2054933009281221, -0.41782893239778696, 0.12107098203104584, 0.40744204368511083, 0.493797437249811, 0.3224813259310837, 1.6658301431619265], [0.49334262001974233, 1.4126091219825163, 0.41481958655697077, 1.0525157679169028, 0.15857170186798555, -0.7933341536544086, -1.2843441704690135, 0.5491077952313265, -0.31695005052030545, 0.969783021535485, -1.1295178875616314, -1.4854454777140356, 0.00989339908679277]]}