{"clusters": [[60, 61, 65, 70, 79, 82, 87, 88, 89, 90, 91, 92, 102, 105, 107, 112, 113, 114, 118, 120, 122, 125, 126, 128, 129, 134, 154], [0, 4, 7, 11, 12, 16, 17, 19, 20, 23, 24, 25, 26, 28, 30, 32, 34, 35, 36, 37, 39, 40, 46, 56, 57, 68, 96, 98, 121, 130], [21, 22, 38, 41, 43, 44, 45, 47, 59, 62, 63, 64, 66, 67, 71, 72, 74, 75, 76, 77, 80, 81, 84, 85, 86, 93, 94, 97, 99, 100, 101, 103, 104, 106, 108, 109, 110, 111, 115, 116, 117, 119, 124], [1, 2, 3, 5, 6, 8, 9, 10, 13, 14, 15, 18, 27, 29, 31, 33, 42, 48, 49, 50, 51, 52, 53, 54, 55, 58, 69, 78, 95], [73, 83, 123, 127, 131, 132, 133, 135, 136, 137, 138, 139, 140, 141, 142, 143, 144, 145, 146, 147, 148, 149, 150, 151, 152, 153, 155, 156, 157, 158, 159, 160, 161, 162, 163, 164, 165, 166, 167, 168, 169, 170, 171, 172, 173, 174, 175, 176, 177]], "centers": [[-1.6807237184214199, -0.24806769737003262, 0.3417127683320781, 0.6321167787120753, -1.1052684294380488, -0.5529844214114414, -0.3406154514717122, 0.9519980984101236, -0.42207509833262946, -0.9767819017927336, 0.18668372715034875, 0.19536147254978645, -0.21302116261562906], [0.6292217661723143, -0.48146011522498544, 1.0362275414685576, -0.14862420123974868, 0.7202784268928897, 0.08794819790313836, 0.5027165952918337, -0.5789850536693061, -0.08917911359360259, -0.3711839256461765, 0.6254175987210091, 0.3648546103915165, 1.1085437389058719], [-0.34663755619616105, -0.4724834837690257, -0.6086758685915249, -0.20868119969758106, -0.9648417481818228, -0.15240153433982884, 0.5027165952918337, -0.8207192355765842, 0.31380023635364057, -0.5009549205347246, 0.8886579216634044, 0.746214170535409, -0.10474837550302417], [1.4815545920384512, -0.5173666410488243, 0.3051593592196326, -1.2897071719385678, 0.8607051081491157, 1.5620932223266712, 1.366127976502131, -0.1760947504905084, 0.6642170623947216, 0.7318695309064807, 0.40605066293567893, 0.3366057540845615, 2.239039016111011], [0.49334262001974233, 1.4126091219825163, 0.41481958655697077, 1.0525157679169028, 0.15857170186798555, -0.7933341536544086, -1.2843441704690135, 0.5491077952313265, -0.31695005052030545, 0.969783021535485, -1.1295178875616314, -1.4854454777140356, 0.00989339908679277]]}