{"clusters": [[21, 43, 62, 63, 67, 71, 72, 75, 77, 79, 84, 98, 101, 102, 103, 104, 108, 111, 113, 114, 116, 117, 118, 119, 120, 122, 125, 126, 128, 129], [0, 4, 7, 11, 12, 16, 17, 19, 20, 22, 23, 24, 25, 26, 28, 30, 32, 34, 35, 36, 37, 39, 40, 45, 46, 56, 57, 65, 68, 96, 121, 124, 130], [44, 59, 66, 74, 76, 80, 81, 85, 93, 94, 97, 99, 100, 110, 115, 133], [1, 2, 3, 5, 6, 8, 9, 10, 13, 14, 15, 18, 27, 29, 31, 33, 38, 41, 42, 47, 48, 49, 50, 51, 52, 53, 54, 55, 58, 69, 78, 95], [73, 83, 123, 131, 132, 136, 137, 138, 139, 140, 141, 142, 143, 144, 145, 146, 147, 148, 149, 150, 151, 152, 153, 155, 156, 157, 158, 159, 160, 161, 162, 163, 164, 165, 166, 167, 168, 169, 170, 171, 172, 173, 174, 175, 176, 177], [60, 61, 64, 70, 82, 86, 87, 88, 89, 90, 91, 92, 105, 106, 107, 109, 112, 127, 134, 135, 154]], "centers": [[-0.59369054920084, 0.08406766650047721, -0.7183360959288647, 0.4519457833385771, -0.8244150669255967, 0.40841450756042774, 0.2416852474840696, -0.8207192355765842, -0.6498460352593324, -1.3228378881621945, -0.2520501444203111, 0.23773475701021865, -1.3435164398207684], [0.6292217661723143, -0.48146011522498544, 1.0362275414685576, -0.14862420123974868, 0.7202784268928897, 0.08794819790313836, 0.5027165952918337, -0.5789850536693061, -0.08917911359360259, -0.3711839256461765, 0.6254175987210091, 0.3648546103915165, 1.1085437389058719], [-0.8778014911562196, -0.8315487420074148, -1.4128508690653443, -1.0494791781072375, -1.035055088809936, 0.40841450756042774, 0.47259759362170717, -0.5789850536693061, 0.31380023635364057, -0.9335249034965509, 1.1957716317628666, 0.18123704439630925, -1.0155135847443477], [1.4815545920384512, -0.5173666410488243, 0.3051593592196326, -1.2897071719385678, 0.8607051081491157, 1.5620932223266712, 1.366127976502131, -0.1760947504905084, 0.6642170623947216, 0.7318695309064807, 0.40605066293567893, 0.3366057540845615, 2.239039016111011], [0.49334262001974233, 1.4126091219825163, 0.41481958655697077, 1.0525157679169028, 0.15857170186798555, -0.7933341536544086, -1.2843441704690135, 0.5491077952313265, -0.31695005052030545, 0.969783021535485, -1.1295178875616314, -1.4854454777140356, 0.00989339908679277], [-1.2360283310130011, -0.7417824274478174, 0.1954991318822928, 0.75223077562774, -0.9648417481818228, -1.354150195554666, -0.7823608093002362, 1.1131542196816426, 0.06850845812488364, -0.6307259154232724, 0.40605066293567893, 0.05411719101501135, -0.945454722495015]]}