{"clusters": [[65, 67, 68, 72, 79, 84, 89, 93, 98, 102, 103, 104, 108, 109, 111, 113, 114, 116, 118, 119, 120, 122, 125, 126, 128, 129], [4, 7, 16, 17, 24, 25, 28, 30, 34, 36, 55, 71, 121], [60, 61, 64, 70, 77, 82, 86, 87, 88, 90, 91, 92, 105, 106, 107, 112, 117, 127, 134, 135, 154], [59, 62, 63, 66, 74, 75, 76, 80, 81, 85, 94, 97, 99, 100, 101, 115, 133], [73, 83, 123, 130, 131, 132, 136, 137, 138, 139, 140, 141, 142, 143, 144, 145, 146, 147, 148, 149, 150, 151, 152, 153, 155, 156, 157, 158, 159, 160, 161, 162, 163, 164, 165, 166, 167, 168, 169, 170, 171, 172, 173, 174, 175, 176, 177], [1, 2, 3, 5, 8, 10, 13, 14, 15, 18, 31, 33, 49, 50, 52, 53, 54, 58, 69], [6, 9, 11, 12, 23, 26, 27, 29, 32, 35, 37, 38, 44, 47, 48, 51, 57, 110], [0, 19, 20, 21, 22, 39, 40, 41, 42, 43, 45, 46, 56, 78, 95, 96, 124]], "centers": [[-1.1495597834613636, -0.15830138281043532, -0.7183360959288647, 0.4519457833385771, -1.035055088809936, 0.4885310849747506, 0.6231926019723403, 0.06563943141676974, -0.42207509833262946, -0.9940847011112066, -0.42754369304857526, 0.9439561646840935, -1.174738271674649], [1.0739171535807333, -0.39169380066538834, 1.584528678155252, -0.028510204324083955, 0.5096384050085506, 1.0493471268750079, 0.9444619531203581, 0.06563943141676974, 0.2962793950515865, -0.24141293075762868, 1.2835184060769986, 1.1134493025258236, 0.535334865956787], [-1.2360283310130011, -0.7417824274478174, 0.1954991318822928, 0.75223077562774, -0.9648417481818228, -1.354150195554666, -0.7823608093002362, 1.1131542196816426, 0.06850845812488364, -0.6307259154232724, 0.40605066293567893, 0.05411719101501135, -0.945454722495015], [-0.8778014911562196, -0.8315487420074148, -1.4128508690653443, -1.0494791781072375, -1.035055088809936, 0.40841450756042774, 0.47259759362170717, -0.5789850536693061, 0.31380023635364057, -0.9335249034965509, 1.1957716317628666, 0.18123704439630925, -1.0155135847443477], [0.49334262001974233, 1.4126091219825163, 0.41481958655697077, 1.0525157679169028, 0.15857170186798555, -0.7933341536544086, -1.2843441704690135, 0.5491077952313265, -0.31695005052030545, 0.969783021535485, -1.1295178875616314, -1.4854454777140356, 0.00989339908679277], [1.4815545920384512, -0.5173666410488243, 0.3051593592196326, -1.2897071719385678, 0.8607051081491157, 1.5620932223266712, 1.366127976502131, -0.1760947504905084, 0.6642170623947216, 0.7318695309064807, 0.40605066293567893, 0.3366057540845615, 2.239039016111011], [0.9256853577779276, -0.5442965354167035, 0.15894572276984725, -1.0494791781072375, -0.7542017262974837, 0.4885310849747506, 0.7336289414294712, -0.5789850536693061, 0.38388360156185686, 0.23441405050038017, 0.8447845345063383, 0.40722789485194877, 1.8250548300922276], [0.7898062116253557, 0.6855019740497786, 0.7072468594565414, -1.2897071719385678, 1.1415584706615678, 0.6487642398033956, 1.004699956460611, -1.5459217812984192, 0.12107098203104584, 0.018129059019466976, 0.011190178522084612, 1.0569515899119135, 0.31242030425436523]]}