{"clusters": [[1, 4, 5, 6, 9, 10, 12, 14, 16, 18, 19, 20, 21, 22, 24, 26, 27, 28, 30, 31, 33, 34, 35, 37, 41, 43, 46, 47, 48, 50, 52, 54, 55, 56, 57, 58, 60, 62, 63, 64, 68, 69, 70, 77, 78, 79, 82, 83, 84, 85, 86, 87, 88, 89, 90, 92, 93, 94, 95, 98, 101, 102, 104, 105, 106, 110, 111, 112, 119, 120, 124, 126, 127, 128, 131, 133, 134, 136, 143, 151, 156, 158, 160, 162, 164, 165, 166, 170, 171, 173, 175, 178, 181, 187, 189, 191, 192, 194, 196, 198, 199, 200, 201, 210, 212, 213, 214, 218, 219, 220, 221, 223, 224, 226, 227, 228, 229, 231, 233, 237, 242, 243, 244, 245, 246, 247, 255, 257, 259, 260, 261, 263, 265, 266, 269, 272, 277, 279, 281, 283, 286, 292, 294, 295, 296, 297, 298, 306, 308, 312, 314, 315, 319, 328, 329, 334, 335, 338, 340, 343, 347, 348, 349, 351, 352, 355, 356, 358, 361, 370, 372, 373, 374, 379, 380, 381, 383, 385, 386, 387, 389, 391, 393, 395, 396, 397, 400, 401, 406, 411, 413, 417, 419, 425, 427, 429, 431, 433, 434, 435, 436, 441], [0, 2, 8, 13, 17, 23, 29, 32, 36, 42, 44, 45, 51, 61, 67, 71, 74, 76, 96, 108, 113, 114, 116, 121, 125, 130, 135, 137, 138, 139, 140, 142, 145, 150, 153, 154, 159, 163, 167, 172, 174, 176, 180, 183, 184, 185, 190, 197, 204, 205, 207, 208, 209, 211, 215, 217, 222, 225, 234, 235, 238, 240, 250, 251, 254, 256, 262, 264, 268, 270, 271, 274, 275, 280, 284, 290, 291, 299, 300, 303, 310, 313, 316, 318, 321, 322, 323, 326, 327, 330, 331, 332, 333, 337, 341, 342, 350, 357, 359, 360, 362, 363, 367, 368, 371, 375, 378, 382, 388, 390, 394, 399, 403, 404, 405, 408, 412, 416, 424, 428, 437, 439], [3, 7, 11, 15, 25, 38, 39, 40, 49, 53, 59, 65, 66, 72, 73, 75, 80, 81, 91, 97, 99, 100, 103, 107, 109, 115, 117, 118, 122, 123, 129, 132, 141, 144, 146, 147, 148, 149, 152, 155, 157, 161, 168, 169, 177, 179, 182, 186, 188, 193, 195, 202, 203, 206, 216, 230, 232, 236, 239, 241, 248, 249, 252, 253, 258, 267, 273, 276, 278, 282, 285, 287, 288, 289, 293, 301, 302, 304, 305, 307, 309, 311, 317, 320, 324, 325, 336, 339, 344, 345, 346, 353, 354, 364, 365, 366, 369, 376, 377, 384, 392, 398, 402, 407, 409, 410, 414, 415, 418, 420, 421, 422, 423, 426, 430, 432, 438, 440]], "centers": [[-1.185113344241331, -0.9385366608874605, -1.5580338903808117, -1.0601865061549904, -0.5247572795708088, -0.9888238221788086, 1.951423557791741, -1.6061024655415046, -1.2861642577844972, -0.9805682130054607], [1.029609333479238, 1.0654884797514645, 1.5690048769406975, 1.400808676780585, -0.2065520047799295, -0.047373399206762076, -0.9124505270223783, 0.7213024514663485, 0.7075939698709538, 0.41275676235612696], [0.11317236338796798, 1.0654884797514645, 0.730595932079134, -0.02270814496263837, 3.206922761158597, 4.179278150080341, -1.2994605384837448, 3.894331154987044, 0.32727416463544196, 1.5448333048374157]]}