{"clusters": [[1, 4, 5, 6, 10, 12, 14, 18, 19, 20, 21, 22, 24, 26, 27, 28, 30, 31, 33, 34, 35, 37, 41, 43, 46, 47, 50, 52, 54, 55, 57, 58, 60, 62, 63, 69, 70, 77, 78, 79, 82, 83, 84, 85, 86, 88, 89, 90, 93, 94, 95, 98, 102, 104, 106, 110, 111, 112, 119, 120, 124, 126, 127, 128, 131, 133, 134, 136, 143, 151, 156, 158, 160, 162, 164, 165, 166, 170, 171, 173, 175, 178, 181, 187, 189, 192, 194, 196, 198, 201, 210, 213, 214, 218, 219, 220, 221, 223, 224, 226, 228, 229, 233, 237, 242, 244, 245, 246, 247, 255, 257, 260, 261, 263, 266, 269, 272, 277, 281, 283, 286, 292, 295, 296, 297, 308, 312, 314, 315, 328, 329, 334, 335, 338, 347, 348, 351, 352, 356, 358, 361, 370, 372, 373, 374, 379, 381, 386, 387, 389, 391, 393, 395, 396, 400, 401, 406, 411, 413, 417, 419, 425, 429, 433, 434, 435, 436, 441], [9, 16, 36, 53, 56, 71, 74, 80, 87, 91, 92, 97, 100, 114, 117, 121, 129, 130, 135, 137, 139, 145, 147, 150, 159, 167, 169, 177, 184, 188, 190, 199, 200, 205, 207, 208, 212, 217, 231, 234, 236, 239, 248, 249, 250, 253, 256, 262, 274, 276, 282, 287, 291, 293, 300, 302, 303, 310, 311, 317, 318, 319, 320, 321, 327, 332, 339, 340, 343, 350, 353, 360, 365, 367, 369, 375, 376, 382, 390, 394, 398, 403, 404, 407, 408, 412, 416, 418, 422, 428, 432, 440], [3, 7, 11, 15, 17, 23, 25, 38, 39, 40, 44, 49, 59, 61, 65, 66, 72, 73, 75, 81, 99, 103, 107, 109, 113, 115, 118, 122, 123, 132, 141, 142, 144, 146, 148, 149, 152, 154, 155, 157, 161, 168, 172, 179, 180, 182, 185, 186, 193, 195, 202, 203, 206, 216, 230, 232, 241, 251, 252, 254, 258, 265, 267, 268, 273, 278, 285, 288, 289, 290, 301, 304, 305, 307, 309, 313, 316, 322, 323, 324, 325, 326, 330, 336, 344, 345, 346, 354, 359, 364, 366, 368, 371, 377, 378, 384, 392, 402, 409, 410, 414, 415, 420, 421, 423, 424, 426, 430, 438], [0, 2, 8, 13, 29, 32, 42, 45, 48, 51, 64, 67, 68, 76, 96, 101, 105, 108, 116, 125, 138, 140, 153, 163, 174, 176, 183, 191, 197, 204, 209, 211, 215, 222, 225, 227, 235, 238, 240, 243, 259, 264, 270, 271, 275, 279, 280, 284, 294, 298, 299, 306, 331, 333, 337, 341, 342, 349, 355, 357, 362, 363, 380, 383, 385, 388, 397, 399, 405, 427, 431, 437, 439]], "centers": [[-1.185113344241331, -0.9385366608874605, -1.5580338903808117, -1.0601865061549904, -0.5247572795708088, -0.9888238221788086, 1.951423557791741, -1.6061024655415046, -1.2861642577844972, -0.9805682130054607], [0.2659118584031802, -0.9385366608874605, 0.7079362308666594, 0.7011139654940072, 0.6323528105778439, 0.5714821235860519, -0.061028501807369295, 0.1859993205545414, 0.6557950744640999, 0.5869223842763249], [0.2659118584031802, 1.0654884797514645, 0.005485493279942759, -0.23985477875107267, 0.8348470763538604, 1.2035047851616922, -0.8350485247301043, 1.1790254184778917, 0.5056766040364721, 0.6740051952364239], [0.8005000909564217, 1.0654884797514645, 0.18676310297974066, 0.8941331979409084, -0.9008180588691217, -0.44238756269153806, -0.8350485247301043, -0.054499187536269665, -0.3809147565088958, 0.15150832947582857]]}