{"clusters": [[1, 12, 14, 27, 28, 31, 33, 35, 37, 43, 48, 50, 54, 55, 58, 69, 70, 82, 85, 87, 89, 90, 101, 110, 111, 119, 124, 127, 143, 151, 164, 170, 175, 178, 181, 189, 192, 196, 200, 210, 211, 213, 214, 227, 229, 233, 237, 246, 255, 259, 260, 261, 266, 269, 277, 286, 292, 296, 315, 318, 319, 329, 335, 340, 343, 348, 352, 361, 370, 379, 386, 397, 400, 401, 411, 413, 433, 434, 441], [16, 36, 53, 71, 74, 80, 91, 92, 97, 100, 114, 117, 121, 129, 130, 135, 137, 139, 145, 147, 150, 159, 167, 169, 179, 184, 188, 190, 199, 205, 207, 208, 212, 217, 231, 234, 236, 239, 248, 249, 250, 252, 253, 256, 267, 274, 276, 282, 287, 291, 293, 300, 302, 303, 310, 311, 317, 320, 327, 332, 339, 350, 353, 360, 365, 369, 376, 382, 394, 398, 403, 404, 407, 408, 412, 416, 418, 420, 422, 432, 440], [0, 2, 8, 11, 13, 29, 32, 45, 51, 64, 67, 68, 75, 76, 105, 108, 125, 138, 140, 153, 163, 174, 183, 191, 197, 204, 209, 215, 222, 225, 235, 238, 241, 243, 264, 270, 271, 275, 279, 284, 294, 298, 299, 306, 331, 337, 341, 342, 349, 357, 362, 363, 380, 383, 385, 388, 405, 427, 431, 437, 439], [3, 4, 5, 6, 9, 10, 18, 19, 20, 21, 22, 24, 25, 26, 30, 34, 41, 42, 46, 47, 52, 56, 57, 60, 62, 63, 77, 78, 79, 83, 84, 86, 88, 93, 94, 95, 98, 99, 102, 104, 106, 112, 120, 126, 128, 131, 133, 134, 136, 148, 156, 158, 160, 162, 165, 166, 171, 173, 187, 194, 198, 201, 218, 219, 220, 221, 223, 224, 226, 228, 242, 244, 245, 247, 257, 263, 272, 281, 283, 295, 297, 308, 312, 314, 328, 334, 338, 344, 347, 351, 355, 356, 358, 372, 373, 374, 381, 387, 389, 391, 393, 395, 396, 406, 417, 419, 425, 429, 430, 435, 436], [7, 15, 17, 23, 38, 39, 40, 44, 49, 59, 61, 65, 66, 72, 73, 81, 96, 103, 107, 109, 113, 115, 116, 118, 122, 123, 132, 141, 142, 144, 146, 149, 152, 154, 155, 157, 161, 168, 172, 176, 177, 180, 182, 185, 186, 193, 195, 202, 203, 206, 216, 230, 232, 240, 251, 254, 258, 262, 265, 268, 273, 278, 280, 285, 288, 289, 290, 301, 304, 305, 307, 309, 313, 316, 321, 322, 323, 324, 325, 326, 330, 333, 336, 345, 346, 354, 359, 364, 366, 367, 368, 371, 375, 377, 378, 384, 390, 392, 399, 402, 409, 410, 414, 415, 421, 423, 424, 426, 428, 438]], "centers": [[0.41865135341839177, -0.9385366608874605, -0.8555831527940962, -0.33636439352687836, -0.17762425252621314, -0.369968299385995, 1.100001532576734, -0.8303008265388868, -0.6465071642257008, 0.0644255185157294], [0.2659118584031802, -0.9385366608874605, 0.7079362308666594, 0.7011139654940072, 0.6323528105778439, 0.5714821235860519, -0.061028501807369295, 0.1859993205545414, 0.6557950744640999, 0.5869223842763249], [0.8005000909564217, 1.0654884797514645, 0.18676310297974066, 0.8941331979409084, -0.9008180588691217, -0.44238756269153806, -0.8350485247301043, -0.054499187536269665, -0.3809147565088958, 0.15150832947582857], [-2.025180566824998, -0.9385366608874605, -1.603353292805761, -0.9154220836293667, -0.9586735633765553, -0.7320646159137061, 0.17117750506945095, -0.8303008265388868, -1.250341860408433, -1.7643135116463535], [0.8005000909564217, 1.0654884797514645, 0.3453810114670643, 0.45983993036404147, 0.8348470763538604, 0.9467455788965875, -0.9124505270223783, 1.4971040904689663, 1.0463261554389456, 0.3256739513960259]]}