{"clusters": [[12, 14, 16, 27, 28, 29, 33, 35, 36, 37, 43, 50, 53, 54, 55, 58, 70, 82, 85, 87, 89, 90, 92, 101, 111, 119, 124, 127, 143, 151, 164, 175, 178, 199, 211, 212, 213, 214, 227, 231, 233, 237, 255, 260, 261, 266, 269, 277, 286, 292, 296, 315, 318, 319, 335, 340, 343, 348, 352, 361, 370, 379, 386, 397, 400, 401, 411, 413, 433, 434, 441], [0, 9, 32, 56, 71, 97, 108, 114, 121, 129, 130, 135, 137, 138, 139, 145, 147, 150, 159, 163, 167, 184, 190, 205, 207, 208, 215, 217, 225, 234, 240, 249, 250, 256, 262, 270, 274, 293, 300, 302, 303, 310, 327, 328, 332, 341, 350, 357, 360, 362, 367, 369, 380, 382, 390, 394, 403, 404, 405, 407, 408, 412, 416, 428, 440], [7, 52, 59, 72, 80, 91, 99, 100, 107, 132, 148, 179, 181, 188, 196, 200, 202, 210, 230, 236, 239, 246, 248, 252, 253, 267, 276, 282, 287, 288, 291, 309, 311, 317, 320, 325, 339, 344, 353, 365, 376, 384, 392, 398, 415, 418, 420, 422, 430, 432, 438], [1, 3, 4, 5, 6, 10, 18, 19, 20, 21, 22, 24, 25, 26, 30, 31, 34, 41, 42, 46, 47, 57, 60, 62, 63, 69, 77, 78, 79, 83, 84, 86, 93, 94, 95, 102, 104, 106, 112, 120, 126, 128, 131, 133, 134, 136, 156, 158, 160, 162, 165, 166, 171, 173, 187, 189, 194, 198, 201, 218, 219, 221, 223, 224, 226, 228, 229, 242, 244, 245, 247, 257, 259, 263, 272, 281, 283, 295, 297, 308, 312, 314, 334, 338, 351, 355, 356, 358, 372, 373, 374, 381, 387, 389, 391, 393, 395, 396, 406, 417, 419, 425, 429, 435, 436], [13, 15, 17, 23, 38, 40, 44, 49, 61, 65, 66, 73, 74, 81, 96, 103, 109, 113, 115, 116, 117, 118, 122, 123, 141, 142, 144, 146, 149, 152, 154, 155, 157, 161, 168, 169, 172, 176, 177, 180, 182, 183, 185, 186, 193, 195, 197, 203, 206, 216, 232, 238, 251, 254, 258, 268, 273, 280, 285, 289, 290, 301, 304, 305, 307, 313, 316, 321, 322, 323, 324, 326, 330, 333, 336, 337, 342, 345, 346, 354, 359, 364, 366, 368, 371, 375, 377, 378, 399, 402, 409, 410, 414, 421, 423, 424, 426, 437], [2, 8, 11, 39, 45, 48, 51, 64, 67, 68, 75, 76, 88, 98, 105, 110, 125, 140, 153, 170, 174, 191, 192, 204, 209, 220, 222, 235, 241, 243, 264, 265, 271, 275, 278, 279, 284, 294, 298, 299, 306, 329, 331, 347, 349, 363, 383, 385, 388, 427, 431, 439]], "centers": [[0.6477605959412103, -0.9385366608874605, -0.4250488297570772, -0.11921775973844594, -0.09084099576506403, -0.6201439362596853, 1.6418155486226464, -0.8303008265388868, -0.22925263520425734, -0.022657292444369787], [0.6477605959412103, -0.9385366608874605, 2.2034765108899994, 1.6179553105690185, -0.23547975703364507, -0.2382969115577376, -1.2220585361914729, 0.7213024514663485, 1.2005467900263314, 0.7610880061965228], [0.9532395859716333, -0.9385366608874605, -0.13047271399490495, -0.33636439352687836, 2.6283677160842824, 2.6321393430982867, 0.40338351194627126, 0.7213024514663485, 0.6818695237624066, -0.10974010340446896], [-2.025180566824998, -0.9385366608874605, -1.603353292805761, -0.9154220836293667, -0.9586735633765553, -0.7320646159137061, 0.17117750506945095, -0.8303008265388868, -1.250341860408433, -1.7643135116463535], [0.8005000909564217, 1.0654884797514645, 0.3453810114670643, 0.45983993036404147, 0.8348470763538604, 0.9467455788965875, -0.9124505270223783, 1.4971040904689663, 1.0463261554389456, 0.3256739513960259], [0.8005000909564217, 1.0654884797514645, -0.28909062248222694, -0.33636439352687836, -0.7561792976005409, -0.46213827086577475, -0.29323450868418954, -0.054499187536269665, -0.5456184781111583, -0.022657292444369787]]}