{"clusters": [[15, 17, 23, 38, 40, 44, 49, 59, 61, 65, 66, 72, 73, 81, 96, 103, 109, 113, 115, 116, 118, 122, 123, 132, 142, 144, 146, 149, 152, 154, 155, 157, 161, 168, 172, 180, 182, 185, 186, 193, 195, 202, 203, 206, 216, 232, 240, 251, 254, 258, 262, 268, 273, 278, 280, 290, 304, 305, 307, 309, 313, 316, 321, 322, 323, 326, 330, 333, 345, 346, 354, 359, 364, 367, 368, 371, 377, 378, 384, 390, 394, 399, 402, 409, 410, 414, 421, 422, 423, 424, 426], [7, 16, 36, 53, 71, 74, 80, 87, 92, 101, 114, 117, 121, 130, 137, 139, 159, 167, 176, 188, 190, 199, 200, 207, 208, 211, 212, 217, 231, 234, 236, 250, 253, 259, 261, 274, 276, 282, 288, 291, 301, 302, 303, 310, 317, 318, 319, 327, 332, 340, 343, 350, 360, 365, 375, 400, 408, 412, 416, 428], [3, 39, 91, 97, 99, 100, 107, 129, 135, 141, 147, 169, 177, 179, 184, 218, 230, 239, 246, 248, 249, 252, 256, 267, 285, 287, 289, 293, 300, 311, 320, 324, 325, 336, 339, 344, 353, 366, 369, 376, 382, 398, 403, 407, 415, 418, 420, 430, 432, 438, 440], [9, 10, 18, 24, 27, 28, 30, 37, 41, 46, 47, 50, 56, 60, 69, 78, 83, 85, 95, 104, 112, 120, 124, 145, 156, 162, 171, 174, 194, 198, 205, 219, 221, 223, 224, 233, 245, 272, 297, 314, 328, 338, 357, 373, 374, 379, 380, 387, 395, 397, 404, 411, 417, 425, 435], [6, 21, 25, 42, 48, 62, 75, 86, 88, 98, 105, 110, 133, 148, 166, 170, 173, 191, 192, 201, 220, 226, 229, 242, 243, 244, 257, 263, 265, 279, 281, 294, 295, 298, 329, 334, 347, 349, 351, 355, 356, 372, 381, 383, 389, 392, 396, 427], [0, 2, 8, 11, 13, 29, 32, 45, 51, 64, 67, 68, 76, 108, 125, 138, 140, 150, 153, 163, 183, 197, 204, 209, 215, 222, 225, 227, 235, 238, 241, 264, 270, 271, 275, 284, 299, 306, 331, 337, 341, 342, 362, 363, 385, 388, 405, 431, 437, 439], [1, 4, 5, 12, 14, 19, 20, 22, 26, 31, 33, 34, 35, 43, 52, 54, 55, 57, 58, 63, 70, 77, 79, 82, 84, 89, 90, 93, 94, 102, 106, 111, 119, 126, 127, 128, 131, 134, 136, 143, 151, 158, 160, 164, 165, 175, 178, 181, 187, 189, 196, 210, 213, 214, 228, 237, 247, 255, 260, 266, 269, 277, 283, 286, 292, 296, 308, 312, 315, 335, 348, 352, 358, 361, 370, 386, 391, 393, 401, 406, 413, 419, 429, 433, 434, 436, 441]], "centers": [[0.8005000909564217, 1.0654884797514645, 0.3453810114670643, 0.45983993036404147, 0.8348470763538604, 0.9467455788965875, -0.9124505270223783, 1.4971040904689663, 1.0463261554389456, 0.3256739513960259], [1.5641975660324796, -0.9385366608874605, 0.66261682844171, 2.124630789408699, 0.9794858376224413, 0.7755727747198524, 0.3259815096539971, -0.054499187536269665, 0.7075939698709538, 0.9352536281167206], [-0.039567131627243825, -0.9385366608874605, 1.1384705539036784, -1.3979701589560496, 1.5291131304430527, 1.1903376463788675, -0.9124505270223783, 1.7841506968999334, 1.7764115797133093, 1.0223364390768197], [-0.8032646067033031, -0.9385366608874605, 0.20942280419221557, -0.9878042948921786, -1.247951085913719, -1.1139116406156557, -0.21583250639191542, -0.8303008265388868, -0.3363443183664419, -0.8934854020453619], [-0.9560041017185147, 1.0654884797514645, -0.9915413600689443, -0.33636439352687836, -0.8429625543616902, -0.5213903953884933, 0.01637350048490415, -0.8303008265388868, -1.3226690274163697, -0.8064025910852629], [0.8005000909564217, 1.0654884797514645, 0.18676310297974066, 0.8941331979409084, -0.9008180588691217, -0.44238756269153806, -0.8350485247301043, -0.054499187536269665, -0.3809147565088958, 0.15150832947582857], [-1.185113344241331, -0.9385366608874605, -1.5580338903808117, -1.0601865061549904, -0.5247572795708088, -0.9888238221788086, 1.951423557791741, -1.6061024655415046, -1.2861642577844972, -0.9805682130054607]]}