{"clusters": [[6, 21, 25, 42, 48, 62, 86, 88, 98, 105, 110, 133, 166, 170, 173, 191, 192, 201, 220, 226, 229, 242, 243, 244, 257, 263, 265, 266, 279, 281, 294, 298, 329, 334, 347, 349, 351, 355, 356, 372, 381, 383, 389, 396, 427], [0, 2, 8, 13, 29, 45, 51, 64, 67, 68, 76, 108, 125, 140, 153, 174, 183, 197, 204, 209, 222, 225, 235, 238, 259, 264, 270, 271, 284, 299, 306, 331, 333, 337, 341, 342, 363, 380, 385, 388, 405, 431, 437, 439], [11, 15, 17, 39, 40, 44, 49, 61, 65, 66, 73, 75, 81, 103, 109, 115, 118, 122, 123, 132, 141, 144, 146, 148, 149, 152, 154, 155, 157, 161, 168, 177, 180, 182, 185, 186, 193, 195, 203, 206, 216, 230, 232, 258, 273, 278, 285, 289, 304, 305, 307, 309, 325, 326, 330, 336, 345, 346, 354, 364, 377, 378, 392, 402, 409, 410, 414, 415, 420, 421, 423, 424, 426, 438], [3, 4, 5, 10, 18, 19, 20, 22, 24, 26, 30, 31, 34, 41, 46, 47, 52, 54, 55, 57, 60, 63, 69, 77, 78, 79, 83, 84, 89, 93, 94, 95, 102, 104, 106, 112, 120, 126, 128, 131, 134, 136, 156, 158, 160, 162, 165, 171, 187, 189, 194, 196, 198, 213, 218, 219, 221, 223, 224, 228, 245, 247, 272, 283, 297, 308, 312, 338, 344, 358, 373, 374, 387, 391, 393, 395, 406, 411, 413, 419, 425, 429, 430, 435, 436], [9, 27, 32, 56, 97, 107, 135, 139, 145, 147, 150, 184, 205, 252, 256, 293, 295, 300, 310, 314, 328, 357, 366, 367, 369, 382, 403, 404, 407, 417, 440], [7, 53, 59, 72, 80, 91, 99, 100, 121, 142, 159, 169, 179, 188, 190, 199, 202, 217, 231, 236, 239, 246, 248, 249, 253, 267, 274, 276, 282, 287, 288, 291, 302, 303, 311, 317, 320, 324, 327, 339, 353, 376, 384, 398, 408, 418, 422], [23, 38, 71, 74, 96, 113, 114, 116, 117, 129, 130, 137, 138, 163, 167, 172, 176, 207, 208, 215, 234, 240, 241, 250, 251, 254, 262, 268, 275, 280, 290, 301, 313, 316, 321, 322, 323, 332, 350, 359, 360, 362, 365, 368, 371, 375, 390, 394, 399, 412, 416, 428, 432], [1, 12, 14, 16, 28, 33, 35, 36, 37, 43, 50, 58, 70, 82, 85, 87, 90, 92, 101, 111, 119, 124, 127, 143, 151, 164, 175, 178, 181, 200, 210, 211, 212, 214, 227, 233, 237, 255, 260, 261, 269, 277, 286, 292, 296, 315, 318, 319, 335, 340, 343, 348, 352, 361, 370, 379, 386, 397, 400, 401, 433, 434, 441]], "centers": [[-0.9560041017185147, 1.0654884797514645, -0.9915413600689443, -0.33636439352687836, -0.8429625543616902, -0.5213903953884933, 0.01637350048490415, -0.8303008265388868, -1.3226690274163697, -0.8064025910852629], [0.8005000909564217, 1.0654884797514645, 0.18676310297974066, 0.8941331979409084, -0.9008180588691217, -0.44238756269153806, -0.8350485247301043, -0.054499187536269665, -0.3809147565088958, 0.15150832947582857], [0.2659118584031802, 1.0654884797514645, 0.005485493279942759, -0.23985477875107267, 0.8348470763538604, 1.2035047851616922, -0.8350485247301043, 1.1790254184778917, 0.5056766040364721, 0.6740051952364239], [-1.566962081779361, -0.9385366608874605, -0.9688816588564697, -0.9154220836293667, -0.6115405363319582, -0.4884725484314279, 0.3259815096539971, -0.8303008265388868, -0.8369487924157388, -0.45807134724486487], [-1.0323738492261194, -0.9385366608874605, 3.3817809739386666, -0.9878042948921786, -0.6115405363319582, -0.41605328512588485, -0.9898525293146503, 0.7213024514663485, 0.5890133189440309, 0.23859114043592694], [0.5713908484336033, -0.9385366608874605, 0.1414437005547913, 0.7493687754152868, 1.6737518917116336, 1.4865982689924477, 0.3259815096539971, 0.7213024514663485, 0.855085376884886, 0.23859114043592694], [1.029609333479238, 1.0654884797514645, 1.8635809927028684, 1.835101944357452, 0.7480638195927112, 0.452977874540619, -0.5254405155610098, 0.7213024514663485, 1.3885840152883393, 2.7639926582787973], [0.6477605959412103, -0.9385366608874605, -0.4250488297570772, -0.11921775973844594, -0.09084099576506403, -0.6201439362596853, 1.6418155486226464, -0.8303008265388868, -0.22925263520425734, -0.022657292444369787]]}