{"clusters": [[5, 10, 20, 26, 31, 33, 34, 35, 41, 43, 47, 55, 57, 60, 69, 70, 89, 90, 126, 136, 156, 160, 165, 171, 189, 194, 213, 214, 219, 223, 255, 266, 277, 283, 286, 292, 308, 312, 335, 352, 358, 370, 373, 374, 379, 391, 393, 401, 413, 419, 425, 436], [71, 72, 80, 99, 100, 123, 161, 169, 177, 188, 200, 202, 217, 230, 236, 239, 248, 249, 253, 276, 282, 285, 287, 291, 303, 317, 320, 321, 324, 340, 346, 353, 376, 408, 418], [9, 27, 36, 50, 53, 54, 56, 92, 97, 107, 114, 117, 119, 120, 121, 124, 129, 135, 137, 139, 147, 150, 159, 167, 179, 184, 190, 199, 205, 207, 208, 231, 234, 244, 250, 259, 274, 293, 300, 302, 310, 311, 318, 319, 325, 327, 332, 343, 360, 365, 369, 380, 382, 397, 400, 403, 404, 405, 407, 411, 412, 415, 416, 420, 432, 434, 440], [6, 21, 62, 76, 86, 98, 101, 110, 127, 133, 148, 166, 170, 173, 201, 220, 226, 229, 242, 257, 263, 281, 334, 351, 355, 356, 372, 381, 389, 396, 427], [23, 96, 113, 115, 130, 138, 141, 168, 172, 215, 225, 251, 254, 256, 262, 270, 273, 323, 350, 366, 367, 368, 371, 375, 390, 394, 422, 428], [7, 8, 13, 15, 17, 32, 38, 40, 44, 59, 73, 81, 88, 103, 109, 116, 122, 132, 140, 142, 144, 145, 152, 153, 154, 155, 157, 163, 176, 182, 183, 193, 195, 197, 203, 206, 209, 232, 238, 240, 241, 258, 265, 268, 275, 288, 290, 295, 304, 307, 309, 313, 326, 330, 333, 337, 341, 342, 345, 354, 359, 362, 364, 384, 388, 392, 399, 414, 421, 426, 437], [3, 18, 19, 22, 24, 30, 37, 46, 52, 63, 77, 78, 79, 83, 84, 93, 94, 95, 102, 106, 112, 128, 131, 134, 158, 162, 187, 198, 218, 221, 224, 228, 245, 247, 252, 272, 297, 314, 338, 344, 387, 395, 406, 429, 430, 435], [25, 42, 49, 61, 65, 66, 108, 118, 125, 146, 149, 180, 185, 186, 216, 289, 305, 316, 322, 336, 357, 363, 377, 409, 410, 423, 424, 438], [0, 2, 11, 29, 39, 45, 48, 51, 64, 67, 68, 74, 75, 105, 174, 191, 192, 204, 222, 227, 235, 243, 264, 271, 278, 279, 280, 284, 294, 298, 299, 301, 306, 329, 331, 347, 349, 378, 383, 385, 402, 431, 439], [1, 4, 12, 14, 16, 28, 58, 82, 85, 87, 91, 104, 111, 143, 151, 164, 175, 178, 181, 196, 210, 211, 212, 233, 237, 246, 260, 261, 267, 269, 296, 315, 328, 339, 348, 361, 386, 398, 417, 433, 441]], "centers": [[-0.8796343542109077, -0.9385366608874605, -1.3994159818934888, -0.9878042948921786, -0.7851070498542566, -0.9098209894818554, 1.0225995302844602, -0.8303008265388868, -1.1806453629421785, -0.2839057253246669], [0.5713908484336033, -0.9385366608874605, 0.1414437005547913, 0.7493687754152868, 1.6737518917116336, 1.4865982689924477, 0.3259815096539971, 0.7213024514663485, 0.855085376884886, 0.23859114043592694], [0.34228160591078494, -0.9385366608874605, 0.4360198163169631, 0.45983993036404147, -0.29333526154107864, -0.2777983279062152, -0.1384305040996428, -0.054499187536269665, 0.2799521934141583, 0.8481708171566219], [-0.9560041017185147, 1.0654884797514645, -0.9915413600689443, -0.33636439352687836, -0.8429625543616902, -0.5213903953884933, 0.01637350048490415, -0.8303008265388868, -1.3226690274163697, -0.8064025910852629], [0.189542110895574, 1.0654884797514645, 1.4557063708783242, 1.2560442542549635, 0.372003040294398, -0.4884725484314279, -0.9898525293146503, 0.7213024514663485, 2.171595510177624, 1.5448333048374157], [0.5713908484336033, 1.0654884797514645, 0.5266586211668618, 0.3150755078384199, 0.5455695538166967, 1.0191648422021304, -0.8350485247301043, 0.7213024514663485, 0.1647664813027621, 0.4998395733162259], [-1.1087435967337262, -0.9385366608874605, -0.2664309212697544, -1.2773331399434218, -0.004057739003915037, 0.16988439070986414, 0.2485795073617251, -0.054499187536269665, -0.5703471110197512, -1.0676510239655597], [-0.8796343542109077, 1.0654884797514645, 0.30006160904211493, -0.11921775973844594, -0.2644075092873629, 0.13038297436138688, -1.531666545360565, 1.4971040904689663, 0.7455445656447278, -0.2839057253246669], [0.8005000909564217, 1.0654884797514645, -0.28909062248222694, -0.33636439352687836, -0.7561792976005409, -0.46213827086577475, -0.29323450868418954, -0.054499187536269665, -0.5456184781111583, -0.022657292444369787], [0.41865135341839177, -0.9385366608874605, 0.09612429812984212, -0.5535110273153118, 0.4877140493092631, 0.21596937644975525, 1.4096095417458263, -0.8303008265388868, -0.49709835589105344, -0.9805682130054607]]}