{"clusters": [[1, 3, 4, 5, 9, 10, 12, 14, 16, 18, 19, 20, 21, 22, 24, 26, 27, 28, 29, 30, 31, 33, 34, 35, 36, 37, 41, 43, 46, 47, 50, 52, 53, 54, 55, 56, 57, 58, 60, 62, 63, 64, 69, 70, 76, 77, 78, 79, 80, 82, 83, 84, 85, 86, 87, 89, 90, 91, 93, 94, 95, 97, 99, 100, 101, 102, 104, 106, 110, 111, 112, 119, 120, 121, 124, 125, 126, 127, 128, 131, 133, 134, 136, 139, 143, 150, 151, 156, 158, 159, 160, 162, 164, 165, 166, 170, 171, 173, 174, 175, 178, 181, 184, 187, 188, 189, 191, 194, 196, 198, 200, 205, 207, 210, 211, 212, 213, 214, 219, 220, 221, 222, 223, 224, 226, 227, 228, 231, 233, 234, 236, 237, 239, 242, 244, 245, 246, 247, 249, 250, 253, 255, 259, 260, 261, 263, 266, 269, 270, 272, 274, 277, 281, 283, 286, 291, 292, 293, 296, 297, 298, 300, 302, 308, 310, 311, 312, 314, 315, 318, 319, 328, 331, 334, 335, 338, 339, 344, 348, 351, 352, 355, 356, 358, 360, 361, 370, 373, 374, 379, 380, 381, 382, 385, 386, 387, 389, 391, 393, 395, 396, 397, 398, 400, 401, 404, 405, 406, 411, 413, 417, 419, 422, 425, 427, 429, 430, 431, 433, 434, 435, 436, 440, 441], [0, 2, 6, 7, 8, 11, 13, 15, 17, 23, 25, 32, 38, 39, 40, 42, 44, 45, 48, 49, 51, 59, 61, 65, 66, 67, 68, 71, 72, 73, 74, 75, 81, 88, 92, 96, 98, 103, 105, 107, 108, 109, 113, 114, 115, 116, 117, 118, 122, 123, 129, 130, 132, 135, 137, 138, 140, 141, 142, 144, 145, 146, 147, 148, 149, 152, 153, 154, 155, 157, 161, 163, 167, 168, 169, 172, 176, 177, 179, 180, 182, 183, 185, 186, 190, 192, 193, 195, 197, 199, 201, 202, 203, 204, 206, 208, 209, 215, 216, 217, 218, 225, 229, 230, 232, 235, 238, 240, 241, 243, 248, 251, 252, 254, 256, 257, 258, 262, 264, 265, 267, 268, 271, 273, 275, 276, 278, 279, 280, 282, 284, 285, 287, 288, 289, 290, 294, 295, 299, 301, 303, 304, 305, 306, 307, 309, 313, 316, 317, 320, 321, 322, 323, 324, 325, 326, 327, 329, 330, 332, 333, 336, 337, 340, 341, 342, 343, 345, 346, 347, 349, 350, 353, 354, 357, 359, 362, 363, 364, 365, 366, 367, 368, 369, 371, 372, 375, 376, 377, 378, 383, 384, 388, 390, 392, 394, 399, 402, 403, 407, 408, 409, 410, 412, 414, 415, 416, 418, 420, 421, 423, 424, 426, 428, 432, 437, 438, 439]], "centers": [[0.036802615880362176, -0.9385366608874605, -0.0851533115699558, -0.11921775973844594, -0.17762425252621314, -0.5016396872142523, 1.100001532576734, -0.8303008265388868, -0.18803723036118075, -0.2839057253246669], [0.5713908484336033, 1.0654884797514645, 0.5266586211668618, 0.3150755078384199, 0.5455695538166967, 1.0191648422021304, -0.8350485247301043, 0.7213024514663485, 0.1647664813027621, 0.4998395733162259]]}