{"clusters": [[1, 3, 4, 5, 9, 10, 12, 14, 19, 20, 22, 24, 26, 28, 30, 31, 33, 34, 35, 37, 41, 46, 47, 52, 54, 55, 57, 58, 60, 63, 64, 77, 78, 79, 82, 83, 84, 85, 86, 87, 90, 91, 93, 94, 95, 99, 100, 102, 104, 106, 110, 111, 112, 120, 124, 125, 126, 127, 128, 131, 133, 134, 136, 143, 151, 156, 158, 160, 162, 164, 165, 166, 170, 171, 173, 174, 178, 181, 187, 189, 191, 194, 196, 198, 210, 213, 214, 218, 219, 220, 221, 223, 224, 226, 228, 236, 237, 242, 245, 246, 247, 255, 260, 261, 263, 266, 267, 269, 272, 277, 281, 283, 286, 292, 296, 297, 298, 308, 312, 314, 315, 334, 335, 338, 339, 344, 348, 351, 352, 358, 361, 370, 373, 374, 381, 385, 386, 387, 391, 393, 395, 396, 398, 406, 417, 419, 425, 427, 429, 430, 433, 435, 436, 440, 441], [16, 18, 23, 27, 29, 36, 38, 43, 50, 53, 56, 69, 70, 71, 76, 80, 89, 92, 97, 107, 109, 114, 117, 119, 121, 129, 130, 135, 137, 139, 147, 150, 159, 167, 168, 169, 175, 177, 179, 184, 188, 190, 199, 200, 204, 205, 207, 208, 211, 212, 215, 217, 227, 231, 233, 234, 249, 250, 252, 253, 254, 259, 262, 273, 274, 293, 300, 302, 303, 310, 311, 317, 318, 319, 323, 325, 327, 328, 332, 340, 343, 349, 350, 353, 360, 365, 369, 371, 375, 379, 380, 382, 394, 397, 400, 401, 402, 403, 404, 405, 407, 408, 411, 412, 413, 415, 416, 420, 428, 432, 434], [0, 2, 6, 7, 8, 11, 13, 15, 17, 21, 25, 32, 39, 40, 42, 44, 45, 48, 49, 51, 59, 61, 62, 65, 66, 67, 68, 72, 73, 74, 75, 81, 88, 96, 98, 101, 103, 105, 108, 113, 115, 116, 118, 122, 123, 132, 138, 140, 141, 142, 144, 145, 146, 148, 149, 152, 153, 154, 155, 157, 161, 163, 172, 176, 180, 182, 183, 185, 186, 192, 193, 195, 197, 201, 202, 203, 206, 209, 216, 222, 225, 229, 230, 232, 235, 238, 239, 240, 241, 243, 244, 248, 251, 256, 257, 258, 264, 265, 268, 270, 271, 275, 276, 278, 279, 280, 282, 284, 285, 287, 288, 289, 290, 291, 294, 295, 299, 301, 304, 305, 306, 307, 309, 313, 316, 320, 321, 322, 324, 326, 329, 330, 331, 333, 336, 337, 341, 342, 345, 346, 347, 354, 355, 356, 357, 359, 362, 363, 364, 366, 367, 368, 372, 376, 377, 378, 383, 384, 388, 389, 390, 392, 399, 409, 410, 414, 418, 421, 422, 423, 424, 426, 431, 437, 438, 439]], "centers": [[-0.5741553641804845, -0.9385366608874605, -0.3797294273321278, -0.843039872366557, -0.061913243511347874, -0.2382969115577376, 0.7903935234076398, -0.8303008265388868, -0.18803723036118075, -1.1547338349256586], [0.34228160591078494, -0.9385366608874605, 0.4360198163169631, 0.45983993036404147, -0.29333526154107864, -0.2777983279062152, -0.1384305040996428, -0.054499187536269665, 0.2799521934141583, 0.8481708171566219], [0.036802615880362176, 1.0654884797514645, 0.5493183223793365, -0.19159997100125692, 0.5166418015629788, 0.8084906216769178, -0.4480385132687378, 0.7213024514663485, 0.1983891412525376, 0.0644255185157294]]}