{"clusters": [[1, 3, 4, 5, 9, 10, 12, 14, 18, 19, 20, 22, 24, 26, 28, 30, 31, 33, 34, 35, 37, 41, 46, 47, 50, 52, 54, 55, 57, 58, 60, 63, 69, 70, 77, 78, 79, 82, 83, 84, 85, 87, 89, 90, 91, 93, 94, 95, 99, 102, 104, 106, 111, 112, 120, 124, 125, 126, 127, 128, 131, 134, 136, 143, 151, 156, 158, 160, 162, 164, 165, 166, 171, 178, 181, 187, 189, 194, 196, 198, 205, 210, 213, 214, 218, 219, 221, 223, 224, 226, 228, 237, 242, 245, 246, 247, 255, 260, 261, 266, 267, 269, 272, 277, 281, 283, 286, 292, 296, 297, 308, 312, 314, 315, 328, 335, 338, 339, 344, 348, 352, 358, 361, 370, 373, 374, 386, 391, 393, 395, 397, 398, 406, 411, 417, 419, 429, 430, 433, 435, 436, 441], [2, 6, 13, 21, 25, 29, 39, 42, 43, 45, 48, 51, 62, 64, 67, 68, 74, 75, 76, 86, 88, 98, 101, 105, 108, 110, 118, 133, 140, 148, 170, 173, 174, 185, 191, 192, 201, 220, 222, 225, 227, 229, 235, 243, 244, 257, 263, 264, 265, 270, 271, 275, 278, 279, 280, 284, 294, 295, 298, 299, 301, 306, 329, 331, 334, 347, 349, 351, 355, 356, 357, 363, 372, 379, 381, 383, 385, 387, 389, 392, 396, 425, 427, 431, 439], [16, 23, 27, 32, 36, 53, 56, 71, 72, 80, 92, 97, 100, 107, 114, 117, 119, 121, 129, 135, 137, 139, 145, 147, 150, 159, 161, 167, 168, 169, 175, 177, 179, 184, 186, 188, 190, 199, 200, 202, 207, 208, 211, 212, 217, 231, 233, 234, 236, 239, 248, 249, 250, 252, 253, 254, 256, 259, 262, 273, 274, 276, 282, 287, 289, 291, 293, 300, 302, 303, 310, 311, 317, 318, 319, 320, 323, 327, 332, 340, 343, 346, 350, 353, 360, 365, 366, 367, 369, 371, 380, 382, 390, 394, 400, 401, 403, 404, 405, 407, 408, 412, 413, 415, 416, 418, 420, 422, 428, 432, 434, 440], [0, 7, 8, 11, 15, 17, 38, 40, 44, 49, 59, 61, 65, 66, 73, 81, 96, 103, 109, 113, 115, 116, 122, 123, 130, 132, 138, 141, 142, 144, 146, 149, 152, 153, 154, 155, 157, 163, 172, 176, 180, 182, 183, 193, 195, 197, 203, 204, 206, 209, 215, 216, 230, 232, 238, 240, 241, 251, 258, 268, 285, 288, 290, 304, 305, 307, 309, 313, 316, 321, 322, 324, 325, 326, 330, 333, 336, 337, 341, 342, 345, 354, 359, 362, 364, 368, 375, 376, 377, 378, 384, 388, 399, 402, 409, 410, 414, 421, 423, 424, 426, 437, 438]], "centers": [[-0.5741553641804845, -0.9385366608874605, -0.3797294273321278, -0.843039872366557, -0.061913243511347874, -0.2382969115577376, 0.7903935234076398, -0.8303008265388868, -0.18803723036118075, -1.1547338349256586], [0.11317236338796798, 1.0654884797514645, -0.6063264394568747, -0.19159997100125692, -0.6693960408393916, -0.6069767974768608, 0.17117750506945095, -0.8303008265388868, -0.3809147565088958, 0.15150832947582857], [0.2659118584031802, -0.9385366608874605, 0.7079362308666594, 0.7011139654940072, 0.6323528105778439, 0.5714821235860519, -0.061028501807369295, 0.1859993205545414, 0.6557950744640999, 0.5869223842763249], [0.5713908484336033, 1.0654884797514645, 0.5266586211668618, 0.3150755078384199, 0.5455695538166967, 1.0191648422021304, -0.8350485247301043, 0.7213024514663485, 0.1647664813027621, 0.4998395733162259]]}