{"clusters": [[23, 36, 53, 71, 80, 91, 92, 97, 100, 114, 121, 129, 130, 135, 137, 139, 145, 147, 150, 159, 161, 167, 169, 177, 179, 184, 188, 190, 199, 202, 207, 208, 211, 217, 230, 234, 236, 239, 248, 249, 250, 253, 254, 256, 259, 262, 274, 276, 282, 287, 293, 300, 302, 303, 310, 311, 317, 318, 320, 323, 327, 332, 340, 343, 346, 353, 360, 365, 366, 367, 369, 371, 394, 400, 403, 404, 407, 408, 412, 416, 418, 420, 432, 440], [4, 9, 10, 12, 14, 16, 20, 27, 28, 29, 33, 34, 35, 43, 47, 50, 54, 55, 57, 58, 60, 69, 70, 82, 85, 87, 89, 90, 104, 111, 119, 120, 124, 143, 151, 156, 164, 175, 178, 181, 194, 196, 198, 200, 205, 210, 212, 214, 231, 233, 237, 246, 260, 261, 266, 269, 277, 281, 286, 291, 292, 296, 308, 315, 319, 328, 335, 348, 352, 361, 370, 380, 381, 386, 397, 398, 401, 411, 413, 417, 419, 425, 433, 434, 436, 441], [1, 3, 5, 11, 18, 19, 22, 24, 26, 30, 31, 37, 41, 46, 52, 56, 63, 77, 78, 79, 83, 84, 93, 94, 95, 99, 102, 106, 107, 112, 126, 128, 131, 134, 136, 158, 160, 162, 165, 171, 187, 189, 213, 218, 219, 221, 223, 224, 226, 228, 242, 245, 247, 252, 255, 272, 283, 297, 312, 314, 338, 339, 344, 358, 373, 374, 387, 391, 393, 395, 406, 415, 429, 430, 435], [7, 8, 13, 15, 21, 25, 32, 39, 44, 49, 61, 65, 66, 72, 73, 74, 81, 88, 103, 105, 118, 122, 123, 138, 142, 144, 146, 148, 149, 155, 180, 182, 185, 186, 193, 195, 206, 216, 232, 238, 265, 267, 268, 278, 280, 285, 288, 289, 290, 304, 305, 313, 321, 324, 325, 326, 336, 347, 354, 355, 357, 362, 372, 376, 377, 378, 384, 388, 389, 392, 409, 410, 414, 421, 422, 423, 424, 438], [0, 2, 6, 42, 45, 48, 51, 62, 64, 67, 68, 75, 76, 86, 98, 101, 110, 127, 133, 140, 153, 166, 170, 173, 174, 191, 192, 201, 209, 220, 222, 227, 229, 235, 243, 244, 257, 263, 264, 270, 271, 279, 284, 294, 295, 298, 299, 306, 329, 331, 334, 341, 349, 351, 356, 363, 379, 383, 385, 396, 427, 431, 439], [17, 38, 40, 59, 96, 108, 109, 113, 115, 116, 117, 125, 132, 141, 152, 154, 157, 163, 168, 172, 176, 183, 197, 203, 204, 215, 225, 240, 241, 251, 258, 273, 275, 301, 307, 309, 316, 322, 330, 333, 337, 342, 345, 350, 359, 364, 368, 375, 382, 390, 399, 402, 405, 426, 428, 437]], "centers": [[0.2659118584031802, -0.9385366608874605, 0.7079362308666594, 0.7011139654940072, 0.6323528105778439, 0.5714821235860519, -0.061028501807369295, 0.1859993205545414, 0.6557950744640999, 0.5869223842763249], [0.036802615880362176, -0.9385366608874605, -0.0851533115699558, -0.11921775973844594, -0.17762425252621314, -0.5016396872142523, 1.100001532576734, -0.8303008265388868, -0.18803723036118075, -0.2839057253246669], [-1.1087435967337262, -0.9385366608874605, -0.2664309212697544, -1.2773331399434218, -0.004057739003915037, 0.16988439070986414, 0.2485795073617251, -0.054499187536269665, -0.5703471110197512, -1.0676510239655597], [0.036802615880362176, 1.0654884797514645, 0.5493183223793365, -0.19159997100125692, 0.5166418015629788, 0.8084906216769178, -0.4480385132687378, 0.7213024514663485, 0.1983891412525376, 0.0644255185157294], [0.189542110895574, 1.0654884797514645, -0.03983390914500643, 0.45983993036404147, -0.8140348021079724, -0.5213903953884933, -0.1384305040996428, -0.8303008265388868, -0.8369487924157388, -0.2839057253246669], [0.8005000909564217, 1.0654884797514645, 0.11878399934231638, 0.676986564152475, 0.1405810222646667, 0.3673914724522515, -0.5254405155610098, 0.7213024514663485, 0.31162964951080846, 1.2835848719571166]]}