{"clusters": [[27, 29, 50, 53, 56, 69, 91, 92, 97, 107, 114, 117, 120, 121, 129, 130, 135, 137, 139, 147, 150, 159, 167, 175, 179, 184, 190, 199, 205, 207, 208, 211, 234, 250, 259, 274, 293, 300, 302, 310, 311, 318, 319, 325, 327, 332, 343, 350, 360, 365, 369, 382, 397, 400, 403, 404, 405, 407, 412, 415, 416, 420, 428, 432, 440], [71, 80, 99, 100, 123, 161, 169, 177, 188, 200, 202, 216, 217, 230, 236, 239, 248, 249, 251, 253, 254, 276, 282, 285, 287, 291, 303, 317, 320, 321, 322, 323, 324, 336, 346, 353, 371, 376, 408, 418], [4, 9, 10, 12, 14, 16, 20, 28, 33, 34, 35, 36, 43, 47, 54, 55, 57, 58, 60, 70, 82, 85, 87, 89, 90, 104, 111, 119, 124, 143, 151, 156, 164, 178, 181, 194, 196, 198, 210, 212, 214, 231, 233, 237, 246, 260, 261, 266, 269, 277, 281, 286, 292, 296, 308, 315, 328, 335, 348, 352, 361, 370, 380, 381, 386, 398, 401, 411, 413, 417, 419, 425, 433, 434, 436, 441], [7, 8, 13, 15, 21, 25, 39, 44, 49, 59, 61, 65, 66, 72, 73, 74, 81, 88, 103, 105, 115, 118, 132, 144, 146, 148, 149, 152, 155, 157, 180, 182, 185, 186, 193, 195, 206, 232, 241, 258, 265, 267, 275, 278, 288, 289, 301, 304, 305, 307, 316, 326, 333, 345, 347, 354, 355, 357, 372, 377, 378, 384, 388, 389, 392, 409, 410, 414, 421, 422, 423, 424, 426, 438], [6, 42, 45, 48, 51, 62, 64, 67, 68, 75, 76, 86, 98, 101, 110, 127, 133, 140, 153, 154, 166, 170, 173, 174, 183, 191, 192, 201, 209, 220, 222, 227, 229, 235, 243, 244, 257, 263, 264, 270, 271, 279, 284, 294, 295, 298, 299, 306, 329, 331, 334, 349, 351, 356, 363, 379, 383, 385, 396, 427, 431, 439], [0, 2, 17, 23, 32, 38, 40, 96, 108, 109, 113, 116, 122, 125, 138, 141, 142, 145, 163, 168, 172, 176, 197, 203, 204, 215, 225, 238, 240, 256, 262, 268, 273, 280, 290, 309, 313, 330, 337, 340, 341, 342, 359, 362, 364, 366, 367, 368, 375, 390, 394, 399, 402, 437], [1, 3, 5, 11, 18, 19, 22, 24, 26, 30, 31, 37, 41, 46, 52, 63, 77, 78, 79, 83, 84, 93, 94, 95, 102, 106, 112, 126, 128, 131, 134, 136, 158, 160, 162, 165, 171, 187, 189, 213, 218, 219, 221, 223, 224, 226, 228, 242, 245, 247, 252, 255, 272, 283, 297, 312, 314, 338, 339, 344, 358, 373, 374, 387, 391, 393, 395, 406, 429, 430, 435]], "centers": [[0.34228160591078494, -0.9385366608874605, 0.4360198163169631, 0.45983993036404147, -0.29333526154107864, -0.2777983279062152, -0.1384305040996428, -0.054499187536269665, 0.2799521934141583, 0.8481708171566219], [0.5713908484336033, -0.9385366608874605, 0.1414437005547913, 0.7493687754152868, 1.6737518917116336, 1.4865982689924477, 0.3259815096539971, 0.7213024514663485, 0.855085376884886, 0.23859114043592694], [0.036802615880362176, -0.9385366608874605, -0.0851533115699558, -0.11921775973844594, -0.17762425252621314, -0.5016396872142523, 1.100001532576734, -0.8303008265388868, -0.18803723036118075, -0.2839057253246669], [0.036802615880362176, 1.0654884797514645, 0.5493183223793365, -0.19159997100125692, 0.5166418015629788, 0.8084906216769178, -0.4480385132687378, 0.7213024514663485, 0.1983891412525376, 0.0644255185157294], [0.189542110895574, 1.0654884797514645, -0.03983390914500643, 0.45983993036404147, -0.8140348021079724, -0.5213903953884933, -0.1384305040996428, -0.8303008265388868, -0.8369487924157388, -0.2839057253246669], [1.029609333479238, 1.0654884797514645, 1.2291093587535773, 1.4731908880433968, 0.2852197835332488, 0.43322716636638015, -0.4480385132687378, 0.7213024514663485, 0.4626086688797921, 0.5869223842763249], [-1.1087435967337262, -0.9385366608874605, -0.2664309212697544, -1.2773331399434218, -0.004057739003915037, 0.16988439070986414, 0.2485795073617251, -0.054499187536269665, -0.5703471110197512, -1.0676510239655597]]}