{"clusters": [[6, 10, 21, 26, 42, 62, 86, 133, 166, 173, 226, 242, 263, 281, 334, 349, 351, 355, 379, 381, 389, 396], [7, 8, 13, 15, 17, 32, 38, 40, 44, 59, 73, 74, 81, 88, 96, 103, 109, 113, 115, 116, 122, 123, 130, 132, 138, 141, 142, 144, 145, 152, 154, 155, 157, 163, 168, 172, 176, 182, 183, 193, 195, 197, 203, 204, 206, 215, 232, 238, 240, 241, 251, 256, 258, 262, 267, 268, 275, 278, 288, 290, 304, 307, 309, 313, 321, 326, 330, 333, 337, 341, 342, 345, 354, 359, 362, 364, 366, 367, 368, 384, 388, 392, 399, 402, 414, 421, 426, 437], [23, 27, 29, 50, 53, 56, 69, 91, 92, 97, 107, 114, 117, 120, 121, 129, 135, 137, 139, 147, 150, 159, 167, 175, 179, 184, 190, 199, 205, 207, 208, 211, 234, 250, 259, 273, 274, 293, 300, 302, 310, 311, 318, 319, 325, 327, 332, 343, 350, 360, 365, 369, 382, 397, 400, 403, 404, 405, 407, 412, 415, 416, 420, 422, 428, 432, 440], [25, 39, 49, 61, 65, 66, 108, 118, 125, 146, 149, 180, 185, 186, 216, 225, 289, 305, 316, 322, 336, 347, 357, 363, 371, 377, 378, 390, 394, 409, 410, 423, 424, 438], [0, 2, 45, 48, 51, 64, 67, 68, 75, 76, 98, 101, 105, 110, 127, 140, 148, 153, 170, 174, 191, 192, 201, 209, 220, 222, 227, 229, 235, 243, 244, 257, 264, 265, 270, 271, 279, 280, 284, 294, 295, 298, 299, 301, 306, 329, 331, 356, 372, 375, 383, 385, 427, 431, 439], [4, 9, 12, 14, 16, 20, 28, 33, 34, 35, 36, 43, 47, 54, 55, 57, 58, 60, 70, 82, 85, 87, 89, 90, 104, 111, 119, 124, 143, 151, 156, 164, 178, 181, 194, 196, 198, 210, 212, 214, 231, 233, 237, 246, 260, 261, 266, 269, 277, 286, 292, 296, 308, 315, 328, 335, 348, 352, 361, 370, 380, 386, 398, 401, 411, 413, 417, 419, 425, 433, 434, 436, 441], [1, 3, 5, 11, 18, 19, 22, 24, 30, 31, 37, 41, 46, 52, 63, 77, 78, 79, 83, 84, 93, 94, 95, 102, 106, 112, 126, 128, 131, 134, 136, 158, 160, 162, 165, 171, 187, 189, 213, 218, 219, 221, 223, 224, 228, 245, 247, 252, 255, 272, 283, 297, 312, 314, 338, 339, 344, 358, 373, 374, 387, 391, 393, 395, 406, 429, 430, 435], [71, 72, 80, 99, 100, 161, 169, 177, 188, 200, 202, 217, 230, 236, 239, 248, 249, 253, 254, 276, 282, 285, 287, 291, 303, 317, 320, 323, 324, 340, 346, 353, 376, 408, 418]], "centers": [[-1.2614830917489377, 1.0654884797514645, -0.9915413600689443, -0.481128816052502, -1.508300856197167, -1.2126651814868499, -0.1384305040996428, -0.8303008265388868, -1.3226690274163697, -1.1547338349256586], [0.5713908484336033, 1.0654884797514645, 0.5266586211668618, 0.3150755078384199, 0.5455695538166967, 1.0191648422021304, -0.8350485247301043, 0.7213024514663485, 0.1647664813027621, 0.4998395733162259], [0.34228160591078494, -0.9385366608874605, 0.4360198163169631, 0.45983993036404147, -0.29333526154107864, -0.2777983279062152, -0.1384305040996428, -0.054499187536269665, 0.2799521934141583, 0.8481708171566219], [-0.8796343542109077, 1.0654884797514645, 0.30006160904211493, -0.11921775973844594, -0.2644075092873629, 0.13038297436138688, -1.531666545360565, 1.4971040904689663, 0.7455445656447278, -0.2839057253246669], [0.189542110895574, 1.0654884797514645, -0.03983390914500643, 0.45983993036404147, -0.8140348021079724, -0.5213903953884933, -0.1384305040996428, -0.8303008265388868, -0.8369487924157388, -0.2839057253246669], [0.036802615880362176, -0.9385366608874605, -0.0851533115699558, -0.11921775973844594, -0.17762425252621314, -0.5016396872142523, 1.100001532576734, -0.8303008265388868, -0.18803723036118075, -0.2839057253246669], [-1.1087435967337262, -0.9385366608874605, -0.2664309212697544, -1.2773331399434218, -0.004057739003915037, 0.16988439070986414, 0.2485795073617251, -0.054499187536269665, -0.5703471110197512, -1.0676510239655597], [0.5713908484336033, -0.9385366608874605, 0.1414437005547913, 0.7493687754152868, 1.6737518917116336, 1.4865982689924477, 0.3259815096539971, 0.7213024514663485, 0.855085376884886, 0.23859114043592694]]}