{"clusters": [[71, 97, 114, 117, 121, 129, 135, 139, 159, 167, 169, 177, 184, 190, 207, 208, 217, 234, 249, 250, 253, 274, 300, 302, 310, 321, 327, 332, 360, 365, 382, 394, 397, 403, 408, 412, 420, 432], [6, 21, 42, 62, 86, 88, 98, 110, 133, 166, 170, 173, 191, 192, 201, 220, 226, 229, 242, 243, 244, 257, 263, 265, 266, 279, 281, 294, 295, 298, 306, 329, 334, 347, 349, 351, 352, 355, 356, 357, 372, 381, 383, 389, 396, 427], [0, 2, 13, 29, 45, 51, 64, 67, 68, 75, 76, 105, 108, 125, 140, 153, 174, 183, 204, 209, 222, 225, 235, 238, 264, 270, 271, 275, 284, 299, 331, 333, 337, 363, 385, 388, 405, 431, 439], [7, 59, 72, 80, 87, 91, 99, 100, 181, 188, 199, 200, 202, 210, 212, 231, 236, 239, 246, 267, 276, 282, 287, 288, 291, 303, 311, 317, 318, 339, 353, 376, 384, 398, 418], [16, 36, 50, 53, 54, 85, 92, 104, 124, 137, 145, 150, 211, 259, 319, 340, 343, 361, 380, 400, 404, 416], [8, 17, 23, 32, 38, 44, 74, 96, 113, 116, 122, 130, 138, 142, 154, 155, 163, 172, 176, 197, 215, 240, 241, 251, 254, 262, 268, 280, 290, 301, 313, 316, 322, 323, 341, 342, 350, 359, 362, 366, 367, 368, 371, 375, 390, 399, 422, 428, 437], [11, 15, 25, 39, 40, 49, 61, 65, 66, 73, 81, 103, 109, 115, 118, 123, 132, 141, 144, 146, 148, 149, 152, 157, 161, 168, 179, 180, 182, 185, 186, 193, 195, 203, 206, 216, 230, 232, 248, 258, 273, 278, 285, 289, 304, 305, 307, 309, 320, 324, 325, 326, 330, 336, 345, 346, 354, 364, 377, 378, 392, 402, 409, 410, 414, 415, 421, 423, 424, 426, 430, 438], [3, 9, 24, 27, 30, 52, 56, 102, 107, 112, 134, 147, 162, 198, 205, 252, 256, 293, 314, 328, 344, 369, 395, 407, 417, 440], [5, 10, 18, 19, 20, 22, 26, 28, 31, 34, 37, 41, 46, 47, 57, 60, 63, 69, 77, 78, 79, 83, 84, 93, 94, 95, 106, 120, 126, 128, 131, 136, 156, 158, 160, 165, 171, 187, 189, 194, 218, 219, 221, 223, 224, 228, 245, 247, 272, 277, 283, 297, 308, 312, 338, 358, 373, 374, 379, 387, 391, 393, 406, 411, 419, 425, 435, 436], [1, 4, 12, 14, 33, 35, 43, 48, 55, 58, 70, 82, 89, 90, 101, 111, 119, 127, 143, 151, 164, 175, 178, 196, 213, 214, 227, 233, 237, 255, 260, 261, 269, 286, 292, 296, 315, 335, 348, 370, 386, 401, 413, 429, 433, 434, 441]], "centers": [[0.49502110092599655, -0.9385366608874605, 0.8325645875352701, 0.725241370454647, 0.25629203127953304, 0.13038297436138668, -0.4867395144148738, 0.31012758279496033, 0.8960403193272101, 0.8046294116765724], [-0.7268948591956962, 1.0654884797514645, -0.6856353937005362, -0.4449377104210961, -0.741715421473682, -0.5543082423455566, 0.17117750506945095, -0.8303008265388868, -0.8369487924157388, -0.6322369691650628], [0.8005000909564217, 1.0654884797514645, -0.2664309212697544, 0.6046043528896652, -0.7851070498542566, -0.5082232566056667, -0.680244520145558, -0.054499187536269665, 0.04221243020361221, 0.15150832947582857], [0.9532395859716333, -0.9385366608874605, -0.0624936103574807, 0.24269329657561015, 1.4134021214281876, 1.0718333973334346, 0.6355895188230916, -0.054499187536269665, 0.6818695237624066, -0.022657292444369787], [-0.11593687913484962, -0.9385366608874605, 0.5379884717730992, 1.075088726097936, -0.3511907660485112, -0.3995943616473532, 0.36468251080013414, -0.8303008265388868, -0.5955649145684535, -0.19682291436456792], [0.7241303434488149, 1.0654884797514645, 1.2744287611785265, 1.111279831729342, 0.372003040294398, 0.33447362549518606, -0.5254405155610098, 0.7213024514663485, 0.7075939698709538, 0.8481708171566219], [-0.0013822578734408245, 1.0654884797514645, 0.028145194492417844, -0.11921775973844594, 0.7480638195927101, 1.0158730575064243, -0.8737495258762413, 1.4971040904689663, 0.48425017489380945, 0.3256739513960259], [-1.1087435967337262, -0.9385366608874605, 0.8892138405664568, -0.6620843442095294, -0.17762425252621314, -0.024330906336816928, -0.17713150524577911, -0.054499187536269665, -0.1791857377854964, -0.19682291436456792], [-0.994188975472317, -0.9385366608874605, -0.9688816588564697, -0.9154220836293667, -0.9586735633765553, -0.9065292047861482, 0.2485795073617251, -0.8303008265388868, -0.8369487924157388, -0.9805682130054607], [0.34228160591078494, -0.9385366608874605, -0.7649443479441974, -0.481128816052502, 0.024870013249801225, -0.21854620338349875, 1.5644135463303748, -0.8303008265388868, -0.6725816135240075, -0.10974010340446896]]}