{"clusters": [[71, 97, 114, 117, 121, 129, 135, 139, 159, 167, 169, 177, 184, 190, 207, 208, 217, 234, 249, 250, 253, 274, 300, 302, 310, 321, 327, 332, 360, 365, 382, 394, 397, 403, 408, 412, 420, 432], [6, 21, 42, 62, 86, 88, 98, 110, 133, 166, 170, 173, 191, 192, 201, 220, 226, 229, 242, 243, 244, 257, 263, 265, 266, 279, 281, 294, 295, 298, 306, 329, 334, 347, 349, 351, 352, 355, 356, 357, 372, 381, 383, 389, 396, 427], [0, 2, 13, 29, 45, 51, 64, 67, 68, 75, 76, 105, 108, 125, 140, 153, 174, 183, 204, 209, 222, 225, 235, 238, 264, 270, 271, 275, 284, 299, 331, 333, 337, 363, 385, 388, 405, 431, 439], [7, 59, 72, 80, 87, 91, 99, 100, 181, 188, 199, 200, 202, 210, 212, 231, 236, 239, 246, 267, 276, 282, 287, 288, 291, 303, 311, 317, 318, 339, 353, 376, 384, 398, 418], [16, 36, 50, 53, 54, 85, 92, 104, 124, 137, 145, 150, 211, 259, 319, 340, 343, 361, 380, 400, 404, 416], [8, 17, 23, 32, 38, 44, 74, 96, 113, 116, 122, 130, 138, 142, 154, 155, 163, 172, 176, 197, 215, 240, 241, 251, 254, 262, 268, 280, 290, 301, 313, 316, 322, 323, 341, 342, 350, 359, 362, 366, 367, 368, 371, 375, 390, 399, 422, 428, 437], [11, 15, 25, 39, 40, 49, 61, 65, 66, 73, 81, 103, 109, 115, 118, 123, 132, 141, 144, 146, 148, 149, 152, 157, 161, 168, 179, 180, 182, 185, 186, 193, 195, 203, 206, 216, 230, 232, 248, 258, 273, 278, 285, 289, 304, 305, 307, 309, 320, 324, 325, 326, 330, 336, 345, 346, 354, 364, 377, 378, 392, 402, 409, 410, 414, 415, 421, 423, 424, 426, 430, 438], [3, 9, 24, 27, 30, 52, 56, 102, 107, 112, 134, 147, 162, 198, 205, 252, 256, 293, 314, 328, 344, 369, 395, 407, 417, 440], [5, 10, 18, 19, 20, 22, 26, 28, 31, 34, 37, 41, 46, 47, 57, 60, 63, 69, 77, 78, 79, 83, 84, 93, 94, 95, 106, 120, 126, 128, 131, 136, 156, 158, 160, 165, 171, 187, 189, 194, 218, 219, 221, 223, 224, 228, 245, 247, 272, 277, 283, 297, 308, 312, 338, 358, 373, 374, 379, 387, 391, 393, 406, 411, 419, 425, 435, 436], [1, 4, 12, 14, 33, 35, 43, 48, 55, 58, 70, 82, 89, 90, 101, 111, 119, 127, 143, 151, 164, 175, 178, 196, 213, 214, 227, 233, 237, 255, 260, 261, 269, 286, 292, 296, 315, 335, 348, 370, 386, 401, 413, 429, 433, 434, 441]], "centers": [[0.0235457526293458, -0.044641636506989, 0.03960105900413005, 0.034496214147941004, 0.0121905687618, 0.00620168565673015, -0.023151837729548, 0.014751264813494442, 0.042620291671068095, 0.03827231819046335], [-0.034574862586967, 0.0506801187398187, -0.03261234994589035, -0.02116352867674745, -0.035279804846139004, -0.0263657543693812, 0.0081420836051921, -0.0394933828740919, -0.0398095943643375, -0.0300724459043093], [0.0380759064334241, 0.0506801187398187, -0.0126728265790937, 0.0287580963824284, -0.0373437341334407, -0.0241737151368545, -0.0323559322397657, -0.00259226199818282, 0.00200784054982379, 0.00720651632920303], [0.0453409833354632, -0.044641636506989, -0.00297251791416553, 0.0115437429137471, 0.0672286830898452, 0.0509819156926333, 0.0302319104297145, -0.00259226199818282, 0.0324332257796019, -0.00107769750046639], [-0.00551455497881059, -0.044641636506989, 0.02558950204367835, 0.051136755891714056, -0.016704441260423752, -0.019006765517327197, 0.017346178115409748, -0.0394933828740919, -0.02832813414805005, -0.0093619113301358], [0.0344433679824045, 0.0506801187398187, 0.0606183944448076, 0.0528581912385822, 0.0176943801946045, 0.0159092879722056, -0.0249926566315915, 0.0343088588777263, 0.0336568129023847, 0.0403433716478807], [-6.574730228126003e-05, 0.0506801187398187, 0.00133873038135806, -0.00567061055493425, 0.03558176735121915, 0.048320153767422255, -0.04156002674998335, 0.0712099797536354, 0.023033431923282652, 0.0154907301588724], [-0.0527375548420648, -0.044641636506989, 0.0422955891888323, -0.03149214075795625, -0.00844872411121698, -0.00115730319532386, -0.008425286513199685, -0.00259226199818282, -0.008522996390885605, -0.0093619113301358], [-0.04728874716553545, -0.044641636506989, -0.0460850008694016, -0.0435421881860331, -0.0455994512826475, -0.0431191970751212, 0.0118237214092792, -0.0394933828740919, -0.0398095943643375, -0.0466408735636482], [0.0162806757273067, -0.044641636506989, -0.0363846922044735, -0.0228849640236156, 0.00118294589619092, -0.0103951828181151, 0.0744115640787594, -0.0394933828740919, -0.0319914449413559, -0.0052198044153011]]}