{"clusters": [[0, 2, 7, 8, 11, 13, 15, 17, 23, 25, 29, 32, 38, 39, 40, 44, 45, 49, 51, 59, 61, 65, 66, 67, 68, 71, 72, 73, 74, 75, 80, 81, 91, 96, 97, 100, 101, 103, 105, 107, 108, 109, 113, 114, 115, 116, 117, 118, 121, 122, 123, 125, 129, 130, 132, 135, 137, 138, 139, 140, 141, 142, 144, 146, 147, 148, 149, 152, 153, 154, 155, 157, 159, 161, 163, 167, 168, 169, 172, 176, 177, 179, 180, 182, 183, 185, 186, 188, 190, 193, 195, 197, 199, 202, 203, 204, 206, 208, 209, 215, 216, 217, 225, 230, 232, 234, 235, 236, 238, 239, 240, 241, 248, 249, 250, 251, 252, 253, 254, 256, 258, 262, 264, 265, 267, 268, 270, 271, 273, 275, 276, 278, 280, 282, 284, 285, 287, 288, 289, 290, 291, 299, 300, 301, 302, 303, 304, 305, 307, 309, 310, 311, 313, 316, 317, 320, 321, 322, 323, 324, 325, 326, 327, 330, 332, 333, 336, 337, 339, 341, 342, 345, 346, 350, 353, 354, 357, 359, 362, 363, 364, 365, 366, 367, 368, 371, 375, 376, 377, 378, 382, 384, 388, 390, 392, 394, 399, 402, 403, 405, 407, 408, 409, 410, 412, 414, 415, 416, 420, 421, 422, 423, 424, 426, 428, 432, 437, 438, 439, 440], [1, 3, 4, 5, 6, 9, 10, 12, 14, 16, 18, 19, 20, 21, 22, 24, 26, 27, 28, 30, 31, 33, 34, 35, 36, 37, 41, 42, 43, 46, 47, 48, 50, 52, 53, 54, 55, 56, 57, 58, 60, 62, 63, 64, 69, 70, 76, 77, 78, 79, 82, 83, 84, 85, 86, 87, 88, 89, 90, 92, 93, 94, 95, 98, 99, 102, 104, 106, 110, 111, 112, 119, 120, 124, 126, 127, 128, 131, 133, 134, 136, 143, 145, 150, 151, 156, 158, 160, 162, 164, 165, 166, 170, 171, 173, 174, 175, 178, 181, 184, 187, 189, 191, 192, 194, 196, 198, 200, 201, 205, 207, 210, 211, 212, 213, 214, 218, 219, 220, 221, 222, 223, 224, 226, 227, 228, 229, 231, 233, 237, 242, 243, 244, 245, 246, 247, 255, 257, 259, 260, 261, 263, 266, 269, 272, 274, 277, 279, 281, 283, 286, 292, 293, 294, 295, 296, 297, 298, 306, 308, 312, 314, 315, 318, 319, 328, 329, 331, 334, 335, 338, 340, 343, 344, 347, 348, 349, 351, 352, 355, 356, 358, 360, 361, 369, 370, 372, 373, 374, 379, 380, 381, 383, 385, 386, 387, 389, 391, 393, 395, 396, 397, 398, 400, 401, 404, 406, 411, 413, 417, 418, 419, 425, 427, 429, 430, 431, 433, 434, 435, 436, 441]], "centers": [[0.49502110092599655, 1.0654884797514645, 0.334051160860827, 0.45983993036404147, 0.40093079254811376, 0.429935381670674, -0.6028425178532839, 0.7213024514663485, 0.5890133189440309, 0.41275676235612696], [-0.42141586916527296, -0.9385366608874605, -0.6403159912755867, -0.5535110273153118, -0.5247572795708088, -0.5016396872142523, 0.40338351194627126, -0.8303008265388868, -0.6465071642257008, -0.45807134724486487]]}