{"clusters": [[9, 16, 36, 53, 71, 80, 87, 91, 92, 97, 100, 107, 114, 117, 121, 129, 135, 137, 139, 141, 145, 147, 150, 159, 167, 169, 177, 179, 184, 188, 190, 199, 200, 205, 207, 208, 211, 212, 217, 231, 234, 236, 239, 246, 248, 249, 250, 252, 253, 256, 267, 274, 276, 282, 287, 291, 293, 300, 302, 303, 310, 311, 317, 318, 319, 320, 321, 324, 325, 327, 332, 336, 339, 353, 360, 365, 369, 376, 382, 394, 398, 403, 407, 408, 412, 415, 416, 418, 420, 422, 432, 440], [1, 3, 4, 5, 6, 10, 12, 14, 18, 19, 20, 21, 22, 24, 26, 27, 28, 30, 31, 33, 34, 35, 37, 41, 43, 46, 47, 48, 50, 52, 54, 55, 56, 57, 58, 60, 62, 63, 64, 69, 70, 76, 77, 78, 79, 82, 83, 84, 85, 86, 88, 89, 90, 93, 94, 95, 98, 99, 102, 104, 106, 110, 111, 112, 119, 120, 124, 126, 127, 128, 131, 133, 134, 136, 143, 151, 156, 158, 160, 162, 164, 165, 166, 170, 171, 173, 174, 175, 178, 181, 187, 189, 191, 192, 194, 196, 198, 201, 210, 213, 214, 218, 219, 220, 221, 222, 223, 224, 226, 227, 228, 229, 233, 237, 242, 243, 244, 245, 247, 255, 257, 259, 260, 261, 263, 266, 269, 272, 277, 279, 281, 283, 286, 292, 295, 296, 297, 298, 306, 308, 312, 314, 315, 328, 329, 334, 335, 338, 340, 343, 344, 347, 348, 349, 351, 352, 355, 356, 358, 361, 370, 372, 373, 374, 379, 380, 381, 383, 385, 386, 387, 389, 391, 393, 395, 396, 397, 400, 401, 404, 406, 411, 413, 417, 419, 425, 427, 429, 430, 431, 433, 434, 435, 436, 441], [0, 2, 7, 8, 11, 13, 15, 17, 23, 25, 29, 32, 38, 39, 40, 42, 44, 45, 49, 51, 59, 61, 65, 66, 67, 68, 72, 73, 74, 75, 81, 96, 101, 103, 105, 108, 109, 113, 115, 116, 118, 122, 123, 125, 130, 132, 138, 140, 142, 144, 146, 148, 149, 152, 153, 154, 155, 157, 161, 163, 168, 172, 176, 180, 182, 183, 185, 186, 193, 195, 197, 202, 203, 204, 206, 209, 215, 216, 225, 230, 232, 235, 238, 240, 241, 251, 254, 258, 262, 264, 265, 268, 270, 271, 273, 275, 278, 280, 284, 285, 288, 289, 290, 294, 299, 301, 304, 305, 307, 309, 313, 316, 322, 323, 326, 330, 331, 333, 337, 341, 342, 345, 346, 350, 354, 357, 359, 362, 363, 364, 366, 367, 368, 371, 375, 377, 378, 384, 388, 390, 392, 399, 402, 405, 409, 410, 414, 421, 423, 424, 426, 428, 437, 438, 439]], "centers": [[0.0162806757273067, -0.044641636506989, 0.0336730925977851, 0.0218723549949558, 0.02388616805650955, 0.02279855413157535, -0.0139477432193303, 0.0005443332762694505, 0.0372320112089689, 0.0196328370737072], [-0.0236772472339084, -0.044641636506989, -0.0331512559828308, -0.0263278347173518, -0.0277120641260328, -0.0257394574458021, 0.0191869970174533, -0.0394933828740919, -0.0332487872476258, -0.0259303389894746], [0.0235457526293458, 0.0506801187398187, 0.00457216660300077, 0.0218723549949558, 0.0121905687618, 0.0171618818193638, -0.0360375700438527, 0.0343088588777263, 0.0220040504561505, 0.0196328370737072]]}