{"clusters": [[9, 16, 36, 53, 56, 71, 80, 87, 91, 92, 97, 100, 114, 117, 121, 129, 130, 135, 137, 138, 139, 145, 147, 150, 159, 167, 169, 177, 184, 188, 190, 199, 205, 207, 208, 211, 212, 215, 217, 231, 234, 236, 239, 249, 250, 252, 253, 256, 274, 276, 291, 293, 300, 302, 303, 310, 311, 317, 318, 319, 321, 327, 332, 339, 340, 343, 350, 353, 360, 362, 365, 369, 382, 394, 397, 398, 400, 403, 404, 405, 407, 408, 412, 416, 432, 440], [2, 6, 21, 25, 29, 35, 39, 42, 45, 48, 51, 62, 64, 67, 68, 75, 76, 86, 88, 98, 101, 105, 110, 125, 127, 133, 166, 170, 173, 174, 191, 192, 201, 220, 222, 226, 227, 229, 242, 243, 244, 257, 263, 264, 265, 270, 271, 279, 281, 284, 294, 295, 298, 299, 306, 329, 331, 334, 347, 349, 351, 352, 355, 356, 357, 363, 372, 381, 383, 385, 389, 396, 427, 431, 439], [0, 7, 8, 11, 13, 15, 17, 23, 32, 38, 40, 44, 49, 59, 61, 65, 66, 72, 73, 74, 81, 96, 103, 107, 108, 109, 113, 115, 116, 118, 122, 123, 132, 140, 141, 142, 144, 146, 148, 149, 152, 153, 154, 155, 157, 161, 163, 168, 172, 176, 179, 180, 182, 183, 185, 186, 193, 195, 197, 202, 203, 204, 206, 209, 216, 225, 230, 232, 235, 238, 240, 241, 248, 251, 254, 258, 262, 267, 268, 273, 275, 278, 280, 282, 285, 287, 288, 289, 290, 301, 304, 305, 307, 309, 313, 316, 320, 322, 323, 324, 325, 326, 330, 333, 336, 337, 341, 342, 345, 346, 354, 359, 364, 366, 367, 368, 371, 375, 376, 377, 378, 384, 388, 390, 392, 399, 402, 409, 410, 414, 415, 420, 421, 422, 423, 424, 426, 428, 437, 438], [1, 3, 4, 5, 10, 12, 14, 18, 19, 20, 22, 24, 26, 27, 28, 30, 31, 33, 34, 37, 41, 43, 46, 47, 50, 52, 54, 55, 57, 58, 60, 63, 69, 70, 77, 78, 79, 82, 83, 84, 85, 89, 90, 93, 94, 95, 99, 102, 104, 106, 111, 112, 119, 120, 124, 126, 128, 131, 134, 136, 143, 151, 156, 158, 160, 162, 164, 165, 171, 175, 178, 181, 187, 189, 194, 196, 198, 200, 210, 213, 214, 218, 219, 221, 223, 224, 228, 233, 237, 245, 246, 247, 255, 259, 260, 261, 266, 269, 272, 277, 283, 286, 292, 296, 297, 308, 312, 314, 315, 328, 335, 338, 344, 348, 358, 361, 370, 373, 374, 379, 380, 386, 387, 391, 393, 395, 401, 406, 411, 413, 417, 418, 419, 425, 429, 430, 433, 434, 435, 436, 441]], "centers": [[0.34228160591078494, -0.9385366608874605, 0.8212347369290328, 0.7493687754152868, 0.25629203127953304, 0.13038297436138668, -0.21583250639191542, -0.054499187536269665, 0.7455036308889691, 0.45629816783617644], [-0.039567131627243825, 1.0654884797514645, -0.5383473358194506, -0.33636439352687836, -0.7851070498542566, -0.54114110356273, -0.1384305040996428, -0.8303008265388868, -0.49709835589105344, -0.37098853628476586], [0.41865135341839177, 1.0654884797514645, 0.1414437005547913, 0.45983993036404147, 0.5311056776898377, 0.739363143067082, -0.8350485247301043, 0.7213024514663485, 0.561635103890466, 0.41275676235612696], [-0.49778561667287985, -0.9385366608874605, -0.7649443479441974, -0.6258932385781236, -0.4379740228096615, -0.4753054096486013, 0.5581875165308195, -0.8303008265388868, -0.6990157217255352, -0.6322369691650628]]}