{"clusters": [[9, 16, 36, 53, 56, 71, 80, 87, 91, 92, 97, 100, 114, 117, 121, 129, 130, 135, 137, 138, 139, 145, 147, 150, 159, 167, 169, 177, 184, 188, 190, 199, 205, 207, 208, 211, 212, 215, 217, 231, 234, 236, 239, 249, 250, 252, 253, 256, 274, 276, 291, 293, 300, 302, 303, 310, 311, 317, 318, 319, 321, 327, 332, 339, 340, 343, 350, 353, 360, 362, 365, 369, 382, 394, 397, 398, 400, 403, 404, 405, 407, 408, 412, 416, 432, 440], [2, 6, 21, 25, 29, 35, 39, 42, 45, 48, 51, 62, 64, 67, 68, 75, 76, 86, 88, 98, 101, 105, 110, 125, 127, 133, 166, 170, 173, 174, 191, 192, 201, 220, 222, 226, 227, 229, 242, 243, 244, 257, 263, 264, 265, 270, 271, 279, 281, 284, 294, 295, 298, 299, 306, 329, 331, 334, 347, 349, 351, 352, 355, 356, 357, 363, 372, 381, 383, 385, 389, 396, 427, 431, 439], [0, 7, 8, 11, 13, 15, 17, 23, 32, 38, 40, 44, 49, 59, 61, 65, 66, 72, 73, 74, 81, 96, 103, 107, 108, 109, 113, 115, 116, 118, 122, 123, 132, 140, 141, 142, 144, 146, 148, 149, 152, 153, 154, 155, 157, 161, 163, 168, 172, 176, 179, 180, 182, 183, 185, 186, 193, 195, 197, 202, 203, 204, 206, 209, 216, 225, 230, 232, 235, 238, 240, 241, 248, 251, 254, 258, 262, 267, 268, 273, 275, 278, 280, 282, 285, 287, 288, 289, 290, 301, 304, 305, 307, 309, 313, 316, 320, 322, 323, 324, 325, 326, 330, 333, 336, 337, 341, 342, 345, 346, 354, 359, 364, 366, 367, 368, 371, 375, 376, 377, 378, 384, 388, 390, 392, 399, 402, 409, 410, 414, 415, 420, 421, 422, 423, 424, 426, 428, 437, 438], [1, 3, 4, 5, 10, 12, 14, 18, 19, 20, 22, 24, 26, 27, 28, 30, 31, 33, 34, 37, 41, 43, 46, 47, 50, 52, 54, 55, 57, 58, 60, 63, 69, 70, 77, 78, 79, 82, 83, 84, 85, 89, 90, 93, 94, 95, 99, 102, 104, 106, 111, 112, 119, 120, 124, 126, 128, 131, 134, 136, 143, 151, 156, 158, 160, 162, 164, 165, 171, 175, 178, 181, 187, 189, 194, 196, 198, 200, 210, 213, 214, 218, 219, 221, 223, 224, 228, 233, 237, 245, 246, 247, 255, 259, 260, 261, 266, 269, 272, 277, 283, 286, 292, 296, 297, 308, 312, 314, 315, 328, 335, 338, 344, 348, 358, 361, 370, 373, 374, 379, 380, 386, 387, 391, 393, 395, 401, 406, 411, 413, 417, 418, 419, 425, 429, 430, 433, 434, 435, 436, 441]], "centers": [[0.0162806757273067, -0.044641636506989, 0.0390621529671896, 0.0356438377699009, 0.0121905687618, 0.00620168565673015, -0.0102661054152432, -0.00259226199818282, 0.03545999159299575, 0.02170389053112455], [-0.00188201652779104, 0.0506801187398187, -0.0256065714656645, -0.015999222636143, -0.0373437341334407, -0.0257394574458021, -0.00658446761115617, -0.0394933828740919, -0.0236445575721341, -0.0176461251598052], [0.0199132141783263, 0.0506801187398187, 0.00672779075076256, 0.0218723549949558, 0.025262120914710702, 0.035167918372261894, -0.0397192078479398, 0.0343088588777263, 0.0267142576335128, 0.0196328370737072], [-0.0236772472339084, -0.044641636506989, -0.0363846922044735, -0.0297707054110881, -0.0208322998350272, -0.0226079728279068, 0.0265502726256275, -0.0394933828740919, -0.0332487872476258, -0.0300724459043093]]}