{"clusters": [[3, 9, 71, 80, 91, 97, 99, 100, 107, 114, 117, 121, 129, 135, 137, 139, 141, 147, 150, 159, 167, 169, 177, 179, 184, 188, 190, 205, 207, 208, 217, 230, 234, 236, 239, 248, 249, 250, 252, 253, 256, 267, 274, 276, 282, 285, 287, 289, 291, 293, 300, 302, 303, 310, 311, 317, 320, 321, 324, 325, 327, 332, 336, 339, 344, 353, 360, 365, 366, 367, 369, 376, 382, 394, 398, 403, 407, 412, 415, 416, 420, 422, 432, 440], [6, 21, 25, 29, 39, 42, 45, 48, 62, 64, 68, 75, 76, 86, 88, 98, 105, 110, 133, 148, 166, 170, 173, 174, 191, 192, 201, 220, 222, 226, 229, 242, 243, 244, 257, 263, 264, 265, 270, 279, 281, 284, 294, 295, 298, 299, 306, 329, 331, 334, 347, 349, 351, 352, 355, 356, 357, 363, 372, 381, 383, 385, 389, 392, 396, 427, 431, 439], [0, 2, 7, 8, 11, 13, 15, 17, 23, 32, 38, 40, 44, 49, 51, 59, 61, 65, 66, 67, 72, 73, 74, 81, 96, 103, 108, 109, 113, 115, 116, 118, 122, 123, 125, 130, 132, 138, 140, 142, 144, 146, 149, 152, 153, 154, 155, 157, 161, 163, 168, 172, 176, 180, 182, 183, 185, 186, 193, 195, 197, 202, 203, 204, 206, 209, 215, 216, 225, 232, 235, 238, 240, 241, 251, 254, 258, 262, 268, 271, 273, 275, 278, 280, 288, 290, 301, 304, 305, 307, 309, 313, 316, 322, 323, 326, 330, 333, 337, 341, 342, 345, 346, 350, 354, 359, 362, 364, 368, 371, 375, 377, 378, 384, 388, 390, 399, 402, 405, 408, 409, 410, 414, 421, 423, 424, 426, 428, 437, 438], [1, 5, 10, 18, 19, 20, 22, 24, 26, 27, 28, 30, 31, 34, 37, 41, 46, 47, 56, 57, 60, 63, 69, 77, 78, 79, 83, 84, 93, 94, 95, 104, 106, 112, 120, 124, 126, 128, 131, 134, 136, 145, 156, 158, 160, 162, 165, 171, 187, 189, 194, 198, 218, 219, 221, 223, 224, 228, 245, 247, 272, 277, 283, 297, 308, 312, 314, 328, 338, 358, 373, 374, 379, 380, 387, 391, 393, 395, 406, 411, 417, 419, 425, 430, 435, 436], [4, 12, 14, 16, 33, 35, 36, 43, 50, 52, 53, 54, 55, 58, 70, 82, 85, 87, 89, 90, 92, 101, 102, 111, 119, 127, 143, 151, 164, 175, 178, 181, 196, 199, 200, 210, 211, 212, 213, 214, 227, 231, 233, 237, 246, 255, 259, 260, 261, 266, 269, 286, 292, 296, 315, 318, 319, 335, 340, 343, 348, 361, 370, 386, 397, 400, 401, 404, 413, 418, 429, 433, 434, 441]], "centers": [[0.0126481372762872, -0.044641636506989, 0.0390621529671896, 0.0063794368731426646, 0.0245741444856101, 0.03172328529257705, -0.0213110188275045, 0.0343088588777263, 0.03810018861992725, 0.02170389053112455], [-0.01096336265533992, 0.0506801187398187, -0.02937891372424765, -0.01829446975956245, -0.0373437341334407, -0.02605260590759165, -0.0029028298070691, -0.0394933828740919, -0.02892393264488615, -0.0176461251598052], [0.030810829531385, 0.0506801187398187, 0.00672779075076256, 0.0293319081073366, 0.017006403765503948, 0.01966706951368, -0.0397192078479398, 0.0343088588777263, 0.0247228590711712, 0.0196328370737072], [-0.0454724779400257, -0.044641636506989, -0.0385403163522353, -0.0400993174922969, -0.038031710562541246, -0.0352904855303829, 0.0118237214092792, -0.0394933828740919, -0.0364725370560114, -0.0424987666488135], [0.0162806757273067, -0.044641636506989, -0.0256065714656645, -0.00911348124867051, 0.00531080447079431, -0.009455737432746466, 0.0633666506664982, -0.0394933828740919, -0.0271286455543265, 0.000993355956950965]]}