{"clusters": [[71, 80, 91, 97, 99, 100, 107, 114, 117, 121, 129, 135, 141, 147, 150, 159, 167, 169, 177, 179, 184, 188, 190, 199, 205, 207, 208, 217, 234, 236, 239, 248, 249, 252, 253, 256, 267, 274, 276, 282, 285, 287, 291, 293, 300, 302, 303, 310, 311, 317, 320, 321, 324, 325, 327, 332, 336, 339, 344, 353, 360, 365, 369, 376, 382, 394, 398, 403, 407, 408, 412, 415, 416, 420, 432, 440], [6, 21, 42, 45, 48, 62, 64, 67, 68, 75, 76, 86, 88, 98, 105, 110, 133, 166, 170, 173, 174, 191, 192, 201, 220, 222, 226, 229, 242, 243, 244, 257, 263, 264, 265, 279, 281, 284, 294, 295, 298, 299, 306, 329, 331, 334, 347, 349, 351, 352, 355, 356, 363, 372, 381, 383, 385, 389, 396, 427, 431, 439], [7, 11, 15, 17, 25, 38, 39, 40, 49, 59, 61, 65, 66, 72, 73, 81, 103, 109, 115, 118, 122, 123, 132, 142, 144, 146, 148, 149, 152, 155, 157, 161, 168, 180, 182, 185, 186, 193, 195, 202, 203, 206, 216, 230, 232, 241, 251, 258, 273, 278, 288, 289, 301, 304, 305, 307, 309, 323, 326, 330, 345, 346, 354, 364, 366, 368, 377, 378, 384, 392, 402, 409, 410, 414, 421, 422, 423, 424, 426, 438], [3, 5, 9, 10, 18, 19, 20, 22, 24, 26, 27, 28, 30, 31, 34, 37, 41, 46, 47, 56, 57, 60, 63, 69, 77, 78, 79, 83, 84, 93, 94, 95, 104, 106, 112, 120, 124, 126, 128, 131, 134, 136, 145, 156, 158, 160, 162, 165, 171, 187, 189, 194, 198, 218, 219, 221, 223, 224, 228, 245, 247, 272, 277, 283, 297, 308, 312, 314, 328, 338, 358, 373, 374, 379, 380, 387, 391, 393, 395, 397, 406, 411, 417, 419, 425, 430, 435, 436], [1, 4, 12, 14, 16, 33, 35, 36, 43, 50, 52, 53, 54, 55, 58, 70, 82, 85, 87, 89, 90, 92, 101, 102, 111, 119, 127, 143, 151, 164, 175, 178, 181, 196, 200, 210, 211, 212, 213, 214, 227, 231, 233, 237, 246, 255, 259, 260, 261, 266, 269, 286, 292, 296, 315, 318, 319, 335, 340, 343, 348, 361, 370, 386, 400, 401, 404, 413, 418, 429, 433, 434, 441], [0, 2, 8, 13, 23, 29, 32, 44, 51, 74, 96, 108, 113, 116, 125, 130, 137, 138, 139, 140, 153, 154, 163, 172, 176, 183, 197, 204, 209, 215, 225, 235, 238, 240, 250, 254, 262, 268, 270, 271, 275, 280, 290, 313, 316, 322, 333, 337, 341, 342, 350, 357, 359, 362, 367, 371, 375, 388, 390, 399, 405, 428, 437]], "centers": [[0.34228160591078494, -0.9385366608874605, 0.7079362308666594, 0.20650219094420422, 0.5166418015629788, 0.6406096021958878, -0.37063651097646366, 0.7057864186862959, 0.7827582098769513, 0.4998395733162259], [-0.1541217528886525, 1.0654884797514645, -0.6403159912755867, -0.3846192009147833, -0.7851070498542566, -0.5477246729541434, -0.09972950295350605, -0.8303008265388868, -0.6336449411714282, -0.37098853628476586], [0.11317236338796798, 1.0654884797514645, 0.016815343886180303, 0.09792887404998708, 0.8348470763538604, 1.0224566268978366, -0.8350485247301043, 0.8880998038519112, 0.5056766040364721, 0.36921535687607643], [-0.994188975472317, -0.9385366608874605, -0.7876040491566723, -0.843039872366557, -0.7995709259811146, -0.7419399700008255, 0.2485795073617251, -0.8303008265388868, -0.726009654105459, -0.8064025910852629], [0.2659118584031802, -0.9385366608874605, -0.5383473358194506, -0.19159997100125692, 0.11165327001095035, -0.19221192581784646, 1.3322075394535544, -0.8303008265388868, -0.5953990031785318, -0.022657292444369787], [0.8005000909564217, 1.0654884797514645, 0.6852765296541847, 1.1836620429921538, -0.17762425252621314, -0.15271050946936884, -0.6028425178532839, -0.054499187536269665, 0.5890133189440309, 0.4998395733162259]]}