{"clusters": [[71, 80, 91, 97, 99, 100, 107, 114, 117, 121, 129, 135, 141, 147, 150, 159, 167, 169, 177, 179, 184, 188, 190, 199, 205, 207, 208, 217, 234, 236, 239, 248, 249, 252, 253, 256, 267, 274, 276, 282, 285, 287, 291, 293, 300, 302, 303, 310, 311, 317, 320, 321, 324, 325, 327, 332, 336, 339, 344, 353, 360, 365, 369, 376, 382, 394, 398, 403, 407, 408, 412, 415, 416, 420, 432, 440], [6, 21, 42, 45, 48, 62, 64, 67, 68, 75, 76, 86, 88, 98, 105, 110, 133, 166, 170, 173, 174, 191, 192, 201, 220, 222, 226, 229, 242, 243, 244, 257, 263, 264, 265, 279, 281, 284, 294, 295, 298, 299, 306, 329, 331, 334, 347, 349, 351, 352, 355, 356, 363, 372, 381, 383, 385, 389, 396, 427, 431, 439], [7, 11, 15, 17, 25, 38, 39, 40, 49, 59, 61, 65, 66, 72, 73, 81, 103, 109, 115, 118, 122, 123, 132, 142, 144, 146, 148, 149, 152, 155, 157, 161, 168, 180, 182, 185, 186, 193, 195, 202, 203, 206, 216, 230, 232, 241, 251, 258, 273, 278, 288, 289, 301, 304, 305, 307, 309, 323, 326, 330, 345, 346, 354, 364, 366, 368, 377, 378, 384, 392, 402, 409, 410, 414, 421, 422, 423, 424, 426, 438], [3, 5, 9, 10, 18, 19, 20, 22, 24, 26, 27, 28, 30, 31, 34, 37, 41, 46, 47, 56, 57, 60, 63, 69, 77, 78, 79, 83, 84, 93, 94, 95, 104, 106, 112, 120, 124, 126, 128, 131, 134, 136, 145, 156, 158, 160, 162, 165, 171, 187, 189, 194, 198, 218, 219, 221, 223, 224, 228, 245, 247, 272, 277, 283, 297, 308, 312, 314, 328, 338, 358, 373, 374, 379, 380, 387, 391, 393, 395, 397, 406, 411, 417, 419, 425, 430, 435, 436], [1, 4, 12, 14, 16, 33, 35, 36, 43, 50, 52, 53, 54, 55, 58, 70, 82, 85, 87, 89, 90, 92, 101, 102, 111, 119, 127, 143, 151, 164, 175, 178, 181, 196, 200, 210, 211, 212, 213, 214, 227, 231, 233, 237, 246, 255, 259, 260, 261, 266, 269, 286, 292, 296, 315, 318, 319, 335, 340, 343, 348, 361, 370, 386, 400, 401, 404, 413, 418, 429, 433, 434, 441], [0, 2, 8, 13, 23, 29, 32, 44, 51, 74, 96, 108, 113, 116, 125, 130, 137, 138, 139, 140, 153, 154, 163, 172, 176, 183, 197, 204, 209, 215, 225, 235, 238, 240, 250, 254, 262, 268, 270, 271, 275, 280, 290, 313, 316, 322, 333, 337, 341, 342, 350, 357, 359, 362, 367, 371, 375, 388, 390, 399, 405, 428, 437]], "centers": [[0.0162806757273067, -0.044641636506989, 0.0336730925977851, 0.009822307566878949, 0.0245741444856101, 0.0304706914454189, -0.0176293810234174, 0.0335708364602081, 0.0372320112089689, 0.0237749439885419], [-0.007330824204320366, 0.0506801187398187, -0.03045672579812855, -0.01829446975956245, -0.0373437341334407, -0.02605260590759165, -0.0047436487091126345, -0.0394933828740919, -0.03013941630316495, -0.0176461251598052], [0.00538306037424807, 0.0506801187398187, 0.0007998243444176004, 0.00465800152627453, 0.0397096259258226, 0.04863330222921175, -0.0397192078479398, 0.042242599866046754, 0.024052583226893, 0.0175617836162898], [-0.04728874716553545, -0.044641636506989, -0.0374625042783544, -0.0400993174922969, -0.038031710562541246, -0.0352904855303829, 0.0118237214092792, -0.0394933828740919, -0.034532757674587494, -0.0383566597339788], [0.0126481372762872, -0.044641636506989, -0.0256065714656645, -0.00911348124867051, 0.00531080447079431, -0.00914258897095694, 0.0633666506664982, -0.0394933828740919, -0.0283202425479987, -0.00107769750046639], [0.0380759064334241, 0.0506801187398187, 0.0325952805239042, 0.0563010619323185, -0.00844872411121698, -0.00726369820021974, -0.0286742944356786, -0.00259226199818282, 0.028016506523264, 0.0237749439885419]]}