{"clusters": [[9, 56, 91, 97, 100, 107, 114, 121, 129, 135, 137, 139, 141, 145, 147, 150, 159, 167, 169, 177, 179, 184, 190, 205, 207, 234, 239, 249, 250, 252, 253, 256, 274, 285, 291, 293, 300, 302, 303, 310, 311, 321, 324, 325, 327, 328, 332, 336, 360, 365, 366, 367, 369, 382, 394, 397, 398, 403, 407, 412, 415, 416, 420, 432, 440], [6, 21, 42, 62, 64, 68, 75, 76, 86, 88, 98, 105, 110, 133, 166, 170, 173, 174, 191, 192, 201, 220, 222, 226, 229, 242, 243, 244, 257, 263, 265, 266, 279, 281, 294, 295, 298, 306, 329, 334, 347, 351, 352, 355, 356, 357, 372, 381, 383, 385, 389, 396, 427, 431], [0, 2, 8, 11, 13, 25, 32, 39, 44, 45, 49, 51, 61, 66, 67, 108, 125, 140, 149, 180, 185, 209, 225, 235, 238, 258, 264, 271, 278, 284, 299, 305, 326, 331, 333, 349, 363, 377, 378, 388, 402, 405, 424, 439], [3, 5, 10, 18, 19, 20, 22, 24, 26, 27, 28, 30, 31, 34, 37, 41, 46, 47, 57, 60, 63, 69, 77, 78, 79, 83, 84, 93, 94, 95, 104, 106, 112, 120, 124, 126, 128, 131, 134, 136, 156, 158, 160, 162, 165, 171, 187, 189, 194, 198, 218, 219, 221, 223, 224, 228, 245, 247, 272, 277, 283, 297, 308, 312, 314, 338, 358, 373, 374, 379, 380, 387, 391, 393, 395, 404, 406, 411, 417, 419, 425, 435, 436], [1, 4, 12, 14, 16, 33, 35, 36, 43, 48, 50, 52, 53, 54, 55, 58, 70, 82, 85, 87, 89, 90, 92, 101, 102, 111, 119, 127, 143, 151, 164, 175, 178, 181, 196, 199, 200, 210, 211, 212, 213, 214, 227, 231, 233, 237, 246, 255, 259, 260, 261, 269, 286, 292, 296, 315, 318, 319, 335, 340, 343, 348, 361, 370, 386, 400, 401, 413, 429, 433, 434, 441], [17, 23, 29, 38, 40, 65, 71, 74, 96, 109, 113, 116, 117, 118, 122, 130, 138, 146, 152, 153, 163, 168, 172, 176, 183, 195, 197, 203, 204, 208, 215, 216, 217, 240, 241, 251, 254, 262, 268, 270, 273, 275, 280, 290, 301, 307, 313, 316, 322, 323, 330, 337, 341, 342, 350, 359, 362, 364, 368, 371, 375, 390, 399, 408, 421, 426, 428, 437], [7, 15, 59, 72, 73, 80, 81, 99, 103, 115, 123, 132, 142, 144, 148, 154, 155, 157, 161, 182, 186, 188, 193, 202, 206, 230, 232, 236, 248, 267, 276, 282, 287, 288, 289, 304, 309, 317, 320, 339, 344, 345, 346, 353, 354, 376, 384, 392, 409, 410, 414, 418, 422, 423, 430, 438]], "centers": [[0.0126481372762872, -0.044641636506989, 0.0476846495582368, 0.00121513083253827, 0.0121905687618, 0.0152829910486266, -0.0286742944356786, 0.0206554441536399, 0.0372320112089689, 0.0237749439885419], [-0.0273097856849279, 0.0506801187398187, -0.030995631835069, -0.02116352867674745, -0.0373437341334407, -0.02761834821653935, 0.00446044580110504, -0.0394933828740919, -0.03013941630316495, -0.0176461251598052], [0.0344433679824045, 0.0506801187398187, -0.0056670480988678, -0.0010801162908811218, -0.0208322998350272, -0.008672866278272635, -0.0581273968683752, 0.0343088588777263, 0.01328747279328715, -0.003148750957883745], [-0.0491050163910452, -0.044641636506989, -0.0385403163522353, -0.0400993174922969, -0.0387196869916418, -0.0363865051466462, 0.0118237214092792, -0.0394933828740919, -0.0371283460104736, -0.0424987666488135], [0.0162806757273067, -0.044641636506989, -0.02937891372424765, -0.00911348124867051, 0.00531080447079431, -0.007889995123798805, 0.0633666506664982, -0.0394933828740919, -0.0295357262062775, -0.00107769750046639], [0.030810829531385, 0.0506801187398187, 0.0207393477112143, 0.0563010619323185, 0.0176943801946045, 0.0174750302811533, -0.0323559322397657, 0.0343088588777263, 0.02865845989592545, 0.0486275854775501], [0.00901559882526763, 0.0506801187398187, -0.0013557998033441934, -0.00222773986119799, 0.07066856523534795, 0.0707102687853738, -0.008425286513199685, 0.0343088588777263, 0.02505922912912695, 0.00306440941436832]]}