{"clusters": [[9, 56, 91, 97, 100, 107, 114, 121, 129, 135, 137, 139, 141, 145, 147, 150, 159, 167, 169, 177, 179, 184, 190, 205, 207, 234, 239, 249, 250, 252, 253, 256, 274, 285, 291, 293, 300, 302, 303, 310, 311, 321, 324, 325, 327, 328, 332, 336, 360, 365, 366, 367, 369, 382, 394, 397, 398, 403, 407, 412, 415, 416, 420, 432, 440], [6, 21, 42, 62, 64, 68, 75, 76, 86, 88, 98, 105, 110, 133, 166, 170, 173, 174, 191, 192, 201, 220, 222, 226, 229, 242, 243, 244, 257, 263, 265, 266, 279, 281, 294, 295, 298, 306, 329, 334, 347, 351, 352, 355, 356, 357, 372, 381, 383, 385, 389, 396, 427, 431], [0, 2, 8, 11, 13, 25, 32, 39, 44, 45, 49, 51, 61, 66, 67, 108, 125, 140, 149, 180, 185, 209, 225, 235, 238, 258, 264, 271, 278, 284, 299, 305, 326, 331, 333, 349, 363, 377, 378, 388, 402, 405, 424, 439], [3, 5, 10, 18, 19, 20, 22, 24, 26, 27, 28, 30, 31, 34, 37, 41, 46, 47, 57, 60, 63, 69, 77, 78, 79, 83, 84, 93, 94, 95, 104, 106, 112, 120, 124, 126, 128, 131, 134, 136, 156, 158, 160, 162, 165, 171, 187, 189, 194, 198, 218, 219, 221, 223, 224, 228, 245, 247, 272, 277, 283, 297, 308, 312, 314, 338, 358, 373, 374, 379, 380, 387, 391, 393, 395, 404, 406, 411, 417, 419, 425, 435, 436], [1, 4, 12, 14, 16, 33, 35, 36, 43, 48, 50, 52, 53, 54, 55, 58, 70, 82, 85, 87, 89, 90, 92, 101, 102, 111, 119, 127, 143, 151, 164, 175, 178, 181, 196, 199, 200, 210, 211, 212, 213, 214, 227, 231, 233, 237, 246, 255, 259, 260, 261, 269, 286, 292, 296, 315, 318, 319, 335, 340, 343, 348, 361, 370, 386, 400, 401, 413, 429, 433, 434, 441], [17, 23, 29, 38, 40, 65, 71, 74, 96, 109, 113, 116, 117, 118, 122, 130, 138, 146, 152, 153, 163, 168, 172, 176, 183, 195, 197, 203, 204, 208, 215, 216, 217, 240, 241, 251, 254, 262, 268, 270, 273, 275, 280, 290, 301, 307, 313, 316, 322, 323, 330, 337, 341, 342, 350, 359, 362, 364, 368, 371, 375, 390, 399, 408, 421, 426, 428, 437], [7, 15, 59, 72, 73, 80, 81, 99, 103, 115, 123, 132, 142, 144, 148, 154, 155, 157, 161, 182, 186, 188, 193, 202, 206, 230, 232, 236, 248, 267, 276, 282, 287, 288, 289, 304, 309, 317, 320, 339, 344, 345, 346, 353, 354, 376, 384, 392, 409, 410, 414, 418, 422, 423, 430, 438]], "centers": [[0.2659118584031802, -0.9385366608874605, 1.0025123466288304, 0.02554666278717608, 0.25629203127953304, 0.3213064867123616, -0.6028425178532839, 0.43425584503537923, 0.7827582098769513, 0.4998395733162259], [-0.5741553641804845, 1.0654884797514645, -0.6516458418818241, -0.4449377104210961, -0.7851070498542566, -0.5806425199112087, 0.09377550277717768, -0.8303008265388868, -0.6336449411714282, -0.37098853628476586], [0.7241303434488149, 1.0654884797514645, -0.11914286338866784, -0.02270814460072764, -0.4379740228096615, -0.18233657173072695, -1.2220585361914729, 0.7213024514663485, 0.27935311791474876, -0.06619869792441938], [-1.0323738492261194, -0.9385366608874605, -0.8102637503691469, -0.843039872366557, -0.8140348021079724, -0.7649824628707693, 0.2485795073617251, -0.8303008265388868, -0.7805787738871552, -0.8934854020453619], [0.34228160591078494, -0.9385366608874605, -0.617656290063112, -0.19159997100125692, 0.11165327001095035, -0.16587764825219467, 1.3322075394535544, -0.8303008265388868, -0.6209530837021162, -0.022657292444369787], [0.6477605959412103, 1.0654884797514645, 0.43601981631696307, 1.1836620429921538, 0.372003040294398, 0.3673914724522515, -0.680244520145558, 0.7213024514663485, 0.6025096157190999, 1.0223364390768197], [0.189542110895574, 1.0654884797514645, -0.02850405853876895, -0.04683554847563493, 1.4857215020624772, 1.4865982689924477, -0.17713150524577911, 0.7213024514663485, 0.5268401221711785, 0.0644255185157294]]}