{"clusters": [[3, 80, 91, 97, 99, 100, 107, 121, 129, 135, 141, 147, 169, 177, 179, 188, 236, 239, 248, 249, 252, 253, 256, 267, 276, 282, 285, 287, 293, 300, 302, 311, 317, 320, 324, 325, 336, 339, 344, 353, 365, 369, 376, 398, 407, 415, 420, 430, 432, 440], [6, 21, 42, 62, 64, 76, 86, 88, 98, 110, 133, 166, 170, 173, 174, 191, 201, 220, 222, 226, 229, 242, 243, 244, 257, 263, 265, 266, 279, 281, 294, 295, 298, 306, 329, 334, 347, 351, 352, 355, 356, 357, 372, 381, 383, 385, 389, 396, 427, 431], [0, 2, 8, 11, 13, 25, 32, 39, 44, 45, 49, 51, 61, 66, 67, 68, 75, 105, 108, 125, 140, 149, 180, 185, 209, 225, 235, 238, 258, 264, 271, 278, 284, 299, 305, 326, 331, 333, 349, 363, 378, 388, 402, 424, 439], [4, 12, 14, 33, 35, 43, 48, 52, 54, 55, 58, 70, 82, 87, 89, 90, 101, 102, 111, 119, 127, 143, 151, 164, 175, 178, 181, 189, 192, 196, 200, 210, 212, 213, 214, 227, 231, 233, 237, 246, 255, 260, 261, 269, 286, 296, 315, 318, 335, 348, 361, 370, 386, 401, 413, 418, 429, 433, 434, 441], [16, 29, 36, 50, 53, 71, 85, 92, 114, 137, 139, 145, 150, 159, 184, 190, 199, 205, 207, 211, 217, 234, 250, 259, 270, 274, 291, 303, 310, 319, 327, 332, 340, 343, 360, 380, 382, 394, 397, 400, 403, 404, 405, 412, 416], [17, 23, 65, 74, 96, 109, 113, 116, 117, 122, 130, 138, 152, 153, 163, 167, 168, 172, 176, 183, 197, 204, 208, 215, 240, 241, 251, 254, 262, 268, 273, 275, 290, 301, 307, 313, 316, 321, 322, 323, 330, 337, 341, 342, 350, 359, 362, 364, 367, 368, 371, 375, 390, 399, 408, 426, 428, 437], [7, 15, 38, 40, 59, 72, 73, 81, 103, 115, 118, 123, 132, 142, 144, 146, 148, 154, 155, 157, 161, 182, 186, 193, 195, 202, 203, 206, 216, 230, 232, 280, 288, 289, 304, 309, 345, 346, 354, 366, 377, 384, 392, 409, 410, 414, 421, 422, 423, 438], [1, 5, 9, 10, 18, 19, 20, 22, 24, 26, 27, 28, 30, 31, 34, 37, 41, 46, 47, 56, 57, 60, 63, 69, 77, 78, 79, 83, 84, 93, 94, 95, 104, 106, 112, 120, 124, 126, 128, 131, 134, 136, 156, 158, 160, 162, 165, 171, 187, 194, 198, 218, 219, 221, 223, 224, 228, 245, 247, 272, 277, 283, 292, 297, 308, 312, 314, 328, 338, 358, 373, 374, 379, 387, 391, 393, 395, 406, 411, 417, 419, 425, 435, 436]], "centers": [[0.189542110895574, -0.9385366608874605, 0.48133921874191243, -0.33636439352687836, 0.9071664569881508, 0.913827731939524, -0.4867395144148738, 0.7213024514663485, 0.6883222163627244, 0.36921535687607643], [-0.6123402379342879, 1.0654884797514645, -0.6516458418818241, -0.3846192009147833, -0.7995709259811146, -0.6234357209553925, 0.09377550277717768, -0.8303008265388868, -0.6727614429756179, -0.4145299417648154], [0.7241303434488149, 1.0654884797514645, -0.17579211641985434, -0.11921775973844594, -0.4379740228096615, -0.20537906460067198, -1.0672545316069244, 0.5971741892259287, 0.1305433850795088, 0.0644255185157294], [0.34228160591078494, -0.9385366608874605, -0.6743055430942988, -0.3001732878954735, 0.22736427902581519, -0.01445555224969741, 1.3709085405996904, -0.8303008265388868, -0.5828730570991415, -0.022657292444369787], [0.34228160591078494, -0.9385366608874605, 0.7759153345040833, 1.1836620429921538, -0.2065520047799295, -0.35021759121175616, 0.01637350048490415, -0.054499187536269665, 0.561635103890466, 0.15150832947582857], [0.8005000909564217, 1.0654884797514645, 0.43601981631696307, 1.1836620429921538, 0.35753916416754017, 0.3476407642780137, -0.680244520145558, 0.7213024514663485, 0.6688322991132533, 1.1965020609970176], [0.151357237141771, 1.0654884797514645, 0.13011384994855385, 0.20650219094420422, 1.0807329705104494, 1.2067965698573984, -0.5641415167071469, 0.7213024514663485, 0.5056766040364721, 0.10796692399577898], [-1.0323738492261194, -0.9385366608874605, -0.7989338997629096, -0.843039872366557, -0.8140348021079724, -0.7583988934793571, 0.2485795073617251, -0.8303008265388868, -0.7945676534264243, -0.8934854020453619]]}