{"clusters": [[3, 80, 91, 97, 99, 100, 107, 121, 129, 135, 141, 147, 169, 177, 179, 188, 236, 239, 248, 249, 252, 253, 256, 267, 276, 282, 285, 287, 293, 300, 302, 311, 317, 320, 324, 325, 336, 339, 344, 353, 365, 369, 376, 398, 407, 415, 420, 430, 432, 440], [6, 21, 42, 62, 64, 76, 86, 88, 98, 110, 133, 166, 170, 173, 174, 191, 201, 220, 222, 226, 229, 242, 243, 244, 257, 263, 265, 266, 279, 281, 294, 295, 298, 306, 329, 334, 347, 351, 352, 355, 356, 357, 372, 381, 383, 385, 389, 396, 427, 431], [0, 2, 8, 11, 13, 25, 32, 39, 44, 45, 49, 51, 61, 66, 67, 68, 75, 105, 108, 125, 140, 149, 180, 185, 209, 225, 235, 238, 258, 264, 271, 278, 284, 299, 305, 326, 331, 333, 349, 363, 378, 388, 402, 424, 439], [4, 12, 14, 33, 35, 43, 48, 52, 54, 55, 58, 70, 82, 87, 89, 90, 101, 102, 111, 119, 127, 143, 151, 164, 175, 178, 181, 189, 192, 196, 200, 210, 212, 213, 214, 227, 231, 233, 237, 246, 255, 260, 261, 269, 286, 296, 315, 318, 335, 348, 361, 370, 386, 401, 413, 418, 429, 433, 434, 441], [16, 29, 36, 50, 53, 71, 85, 92, 114, 137, 139, 145, 150, 159, 184, 190, 199, 205, 207, 211, 217, 234, 250, 259, 270, 274, 291, 303, 310, 319, 327, 332, 340, 343, 360, 380, 382, 394, 397, 400, 403, 404, 405, 412, 416], [17, 23, 65, 74, 96, 109, 113, 116, 117, 122, 130, 138, 152, 153, 163, 167, 168, 172, 176, 183, 197, 204, 208, 215, 240, 241, 251, 254, 262, 268, 273, 275, 290, 301, 307, 313, 316, 321, 322, 323, 330, 337, 341, 342, 350, 359, 362, 364, 367, 368, 371, 375, 390, 399, 408, 426, 428, 437], [7, 15, 38, 40, 59, 72, 73, 81, 103, 115, 118, 123, 132, 142, 144, 146, 148, 154, 155, 157, 161, 182, 186, 193, 195, 202, 203, 206, 216, 230, 232, 280, 288, 289, 304, 309, 345, 346, 354, 366, 377, 384, 392, 409, 410, 414, 421, 422, 423, 438], [1, 5, 9, 10, 18, 19, 20, 22, 24, 26, 27, 28, 30, 31, 34, 37, 41, 46, 47, 56, 57, 60, 63, 69, 77, 78, 79, 83, 84, 93, 94, 95, 104, 106, 112, 120, 124, 126, 128, 131, 134, 136, 156, 158, 160, 162, 165, 171, 187, 194, 198, 218, 219, 221, 223, 224, 228, 245, 247, 272, 277, 283, 292, 297, 308, 312, 314, 328, 338, 358, 373, 374, 379, 387, 391, 393, 395, 406, 411, 417, 419, 425, 435, 436]], "centers": [[0.00901559882526763, -0.044641636506989, 0.0228949718589761, -0.015999222636143, 0.0431495080713254, 0.0434663526096845, -0.023151837729548, 0.0343088588777263, 0.032740149067268, 0.0175617836162898], [-0.0291260549104377, 0.0506801187398187, -0.030995631835069, -0.01829446975956245, -0.038031710562541246, -0.0296538132181713, 0.00446044580110504, -0.0394933828740919, -0.03199999855609105, -0.01971717861722255], [0.0344433679824045, 0.0506801187398187, -0.00836157828357004, -0.00567061055493425, -0.0208322998350272, -0.00976888589453599, -0.050764121260201, 0.0284046795375808, 0.0062093156165054, 0.00306440941436832], [0.0162806757273067, -0.044641636506989, -0.0320734439089499, -0.0142777872892749, 0.0108146159035988, -0.000687580502639555, 0.0652074695685417, -0.0394933828740919, -0.027724444051162603, -0.00107769750046639], [0.0162806757273067, -0.044641636506989, 0.0369065288194278, 0.0563010619323185, -0.00982467696941811, -0.0166581520539057, 0.000778807997017968, -0.00259226199818282, 0.0267142576335128, 0.00720651632920303], [0.0380759064334241, 0.0506801187398187, 0.0207393477112143, 0.0563010619323185, 0.017006403765503948, 0.01653558489578475, -0.0323559322397657, 0.0343088588777263, 0.0318131082412021, 0.0569117993072195], [0.00719932959975785, 0.0506801187398187, 0.006188884713822104, 0.009822307566878949, 0.0514052252205322, 0.05740145915931865, -0.02683347553363505, 0.0343088588777263, 0.024052583226893, 0.005135462871785675], [-0.0491050163910452, -0.044641636506989, -0.03800141031529485, -0.0400993174922969, -0.0387196869916418, -0.0360733566848567, 0.0118237214092792, -0.0394933828740919, -0.0377937291559137, -0.0424987666488135]]}