{"clusters": [[71, 91, 97, 114, 117, 121, 129, 135, 139, 141, 159, 167, 169, 177, 184, 190, 207, 208, 217, 234, 249, 250, 253, 274, 300, 302, 303, 310, 311, 317, 321, 325, 327, 332, 360, 365, 382, 394, 403, 408, 412, 420, 432], [6, 21, 42, 48, 62, 86, 88, 98, 110, 133, 166, 170, 173, 191, 192, 201, 220, 226, 229, 242, 243, 244, 257, 263, 265, 266, 279, 281, 294, 295, 298, 306, 329, 334, 347, 349, 351, 352, 355, 356, 357, 372, 381, 383, 389, 396, 427], [0, 2, 13, 29, 45, 51, 64, 67, 68, 75, 76, 105, 108, 125, 140, 153, 174, 183, 204, 209, 222, 225, 235, 238, 264, 270, 271, 275, 284, 299, 331, 333, 337, 363, 385, 388, 405, 431, 439], [14, 35, 43, 52, 58, 59, 72, 80, 87, 99, 100, 111, 127, 164, 178, 181, 188, 196, 199, 200, 210, 212, 231, 236, 239, 246, 267, 269, 276, 282, 287, 288, 291, 315, 318, 339, 353, 384, 398, 418, 429, 430, 433, 441], [16, 36, 50, 53, 85, 92, 101, 124, 137, 145, 150, 211, 227, 259, 261, 319, 340, 343, 361, 380, 400, 404, 416, 434], [8, 17, 23, 32, 38, 44, 74, 96, 113, 116, 122, 130, 138, 142, 154, 155, 163, 172, 176, 197, 215, 240, 241, 251, 254, 262, 268, 280, 290, 301, 313, 316, 322, 323, 341, 342, 350, 359, 362, 366, 367, 368, 371, 375, 390, 399, 422, 428, 437], [7, 11, 15, 25, 39, 40, 49, 61, 65, 66, 73, 81, 103, 109, 115, 118, 123, 132, 144, 146, 148, 149, 152, 157, 161, 168, 179, 180, 182, 185, 186, 193, 195, 202, 203, 206, 216, 230, 232, 248, 258, 273, 278, 285, 289, 304, 305, 307, 309, 320, 324, 326, 330, 336, 345, 346, 354, 364, 376, 377, 378, 392, 402, 409, 410, 414, 415, 421, 423, 424, 426, 438], [3, 9, 18, 22, 24, 27, 30, 54, 56, 79, 102, 104, 107, 112, 120, 134, 147, 162, 198, 205, 228, 252, 256, 293, 314, 328, 338, 344, 369, 387, 395, 407, 413, 417, 440], [1, 4, 5, 10, 12, 19, 20, 26, 28, 31, 33, 34, 37, 41, 46, 47, 55, 57, 60, 63, 69, 70, 77, 78, 82, 83, 84, 89, 90, 93, 94, 95, 106, 119, 126, 128, 131, 136, 143, 151, 156, 158, 160, 165, 171, 175, 187, 189, 194, 213, 214, 218, 219, 221, 223, 224, 233, 237, 245, 247, 255, 260, 272, 277, 283, 286, 292, 296, 297, 308, 312, 335, 348, 358, 370, 373, 374, 379, 386, 391, 393, 397, 401, 406, 411, 419, 425, 435, 436]], "centers": [[0.0235457526293458, -0.044641636506989, 0.0401399650410705, 0.0333485905259811, 0.0149424744782022, 0.0149698425868371, -0.0213110188275045, 0.0236075338237126, 0.0428956878925287, 0.0403433716478807], [-0.034574862586967, 0.0506801187398187, -0.0331512559828308, -0.0194420933298793, -0.0332158755588373, -0.0263657543693812, 0.0081420836051921, -0.0394933828740919, -0.0398095943643375, -0.0300724459043093], [0.0380759064334241, 0.0506801187398187, -0.0126728265790937, 0.0287580963824284, -0.0373437341334407, -0.0241737151368545, -0.0323559322397657, -0.00259226199818282, 0.00200784054982379, 0.00720651632920303], [0.030810829531384948, -0.044641636506989, -0.01806188694849815, -0.0125563519424068, 0.0493412959332305, 0.0401782937608944, 0.056003375058324, -0.00259226199818282, 0.006994149806103825, -0.0093619113301358], [0.0126481372762872, -0.044641636506989, 0.0207393477112143, 0.0580224972791866, -0.011888606256719805, -0.018693617055537647, 0.021027815919496852, -0.0394933828740919, -0.02832813414805005, 0.00720651632920303], [0.0344433679824045, 0.0506801187398187, 0.0606183944448076, 0.0528581912385822, 0.0176943801946045, 0.0159092879722056, -0.0249926566315915, 0.0343088588777263, 0.0336568129023847, 0.0403433716478807], [0.00175052192322852, 0.0506801187398187, 0.00133873038135806, -0.00337536343151486, 0.0383336730676214, 0.0489464506910013, -0.0397192078479398, 0.0712099797536354, 0.023033431923282652, 0.0154907301588724], [-0.0527375548420648, -0.044641636506989, 0.0390621529671896, -0.0297707054110881, -0.00707277125301585, -0.00100072896442909, -0.00658446761115617, -0.00259226199818282, -0.0236445575721341, -0.0135040182449705], [-0.0236772472339084, -0.044641636506989, -0.0471628129432825, -0.0400993174922969, -0.0373437341334407, -0.0376390989938044, 0.0302319104297145, -0.0394933828740919, -0.0398095943643375, -0.0383566597339788]]}