{"clusters": [[71, 91, 97, 114, 117, 121, 129, 135, 139, 141, 159, 167, 169, 177, 184, 190, 207, 208, 217, 234, 249, 250, 253, 274, 300, 302, 303, 310, 311, 317, 321, 325, 327, 332, 360, 365, 382, 394, 403, 408, 412, 420, 432], [6, 21, 42, 48, 62, 86, 88, 98, 110, 133, 166, 170, 173, 191, 192, 201, 220, 226, 229, 242, 243, 244, 257, 263, 265, 266, 279, 281, 294, 295, 298, 306, 329, 334, 347, 349, 351, 352, 355, 356, 357, 372, 381, 383, 389, 396, 427], [0, 2, 13, 29, 45, 51, 64, 67, 68, 75, 76, 105, 108, 125, 140, 153, 174, 183, 204, 209, 222, 225, 235, 238, 264, 270, 271, 275, 284, 299, 331, 333, 337, 363, 385, 388, 405, 431, 439], [14, 35, 43, 52, 58, 59, 72, 80, 87, 99, 100, 111, 127, 164, 178, 181, 188, 196, 199, 200, 210, 212, 231, 236, 239, 246, 267, 269, 276, 282, 287, 288, 291, 315, 318, 339, 353, 384, 398, 418, 429, 430, 433, 441], [16, 36, 50, 53, 85, 92, 101, 124, 137, 145, 150, 211, 227, 259, 261, 319, 340, 343, 361, 380, 400, 404, 416, 434], [8, 17, 23, 32, 38, 44, 74, 96, 113, 116, 122, 130, 138, 142, 154, 155, 163, 172, 176, 197, 215, 240, 241, 251, 254, 262, 268, 280, 290, 301, 313, 316, 322, 323, 341, 342, 350, 359, 362, 366, 367, 368, 371, 375, 390, 399, 422, 428, 437], [7, 11, 15, 25, 39, 40, 49, 61, 65, 66, 73, 81, 103, 109, 115, 118, 123, 132, 144, 146, 148, 149, 152, 157, 161, 168, 179, 180, 182, 185, 186, 193, 195, 202, 203, 206, 216, 230, 232, 248, 258, 273, 278, 285, 289, 304, 305, 307, 309, 320, 324, 326, 330, 336, 345, 346, 354, 364, 376, 377, 378, 392, 402, 409, 410, 414, 415, 421, 423, 424, 426, 438], [3, 9, 18, 22, 24, 27, 30, 54, 56, 79, 102, 104, 107, 112, 120, 134, 147, 162, 198, 205, 228, 252, 256, 293, 314, 328, 338, 344, 369, 387, 395, 407, 413, 417, 440], [1, 4, 5, 10, 12, 19, 20, 26, 28, 31, 33, 34, 37, 41, 46, 47, 55, 57, 60, 63, 69, 70, 77, 78, 82, 83, 84, 89, 90, 93, 94, 95, 106, 119, 126, 128, 131, 136, 143, 151, 156, 158, 160, 165, 171, 175, 187, 189, 194, 213, 214, 218, 219, 221, 223, 224, 233, 237, 245, 247, 255, 260, 272, 277, 283, 286, 292, 296, 297, 308, 312, 335, 348, 358, 370, 373, 374, 379, 386, 391, 393, 397, 401, 406, 411, 419, 425, 435, 436]], "centers": [[0.49502110092599655, -0.9385366608874605, 0.8438944381415074, 0.7011139654940072, 0.3141475357869645, 0.31472291732094937, -0.4480385132687378, 0.4963199761555881, 0.9018301933178325, 0.8481708171566219], [-0.7268948591956962, 1.0654884797514645, -0.6969652443067734, -0.4087466047896902, -0.6983237930931073, -0.5543082423455566, 0.17117750506945095, -0.8303008265388868, -0.8369487924157388, -0.6322369691650628], [0.8005000909564217, 1.0654884797514645, -0.2664309212697544, 0.6046043528896652, -0.7851070498542566, -0.5082232566056667, -0.680244520145558, -0.054499187536269665, 0.04221243020361221, 0.15150832947582857], [0.6477605959412092, -0.9385366608874605, -0.3797294273321268, -0.2639821822640686, 1.0373413421298747, 0.8447002533296882, 1.1774035348690062, -0.054499187536269665, 0.14704357900812193, -0.19682291436456792], [0.2659118584031802, -0.9385366608874605, 0.43601981631696307, 1.2198531486235586, -0.24994363316050405, -0.39301079225593993, 0.4420845130924083, -0.8303008265388868, -0.5955649145684535, 0.15150832947582857], [0.7241303434488149, 1.0654884797514645, 1.2744287611785265, 1.111279831729342, 0.372003040294398, 0.33447362549518606, -0.5254405155610098, 0.7213024514663485, 0.7075939698709538, 0.8481708171566219], [0.036802615880362176, 1.0654884797514645, 0.028145194492417844, -0.07096295235054226, 0.8059193241001427, 1.02904019628925, -0.8350485247301043, 1.4971040904689663, 0.48425017489380945, 0.3256739513960259], [-1.1087435967337262, -0.9385366608874605, 0.8212347369290328, -0.6258932385781236, -0.14869650027249678, -0.021039121641110384, -0.1384305040996428, -0.054499187536269665, -0.49709835589105344, -0.2839057253246669], [-0.49778561667287985, -0.9385366608874605, -0.9915413600689443, -0.843039872366557, -0.7851070498542566, -0.7913167404364225, 0.6355895188230916, -0.8303008265388868, -0.8369487924157388, -0.8064025910852629]]}