{"clusters": [[83, 118, 131, 132, 133, 135, 136, 137, 138, 139, 140, 141, 142, 143, 145, 146, 147, 155, 157, 160, 161, 162, 163, 165, 170, 171, 173], [0, 1, 6, 8, 9, 10, 11, 12, 13, 14, 19, 20, 22, 23, 24, 26, 27, 29, 32, 35, 38, 39, 40, 41, 42, 44, 46, 47, 48, 49, 50, 51, 52, 54, 56], [72, 82, 86, 87, 88, 89, 90, 91, 92, 105, 107, 113, 114, 115, 117, 127, 128], [69, 78, 95, 96], [63, 65, 66, 71, 74, 81, 84, 93, 94, 98, 99, 109], [21, 43, 79, 102, 110, 111, 119, 120, 122, 123, 124, 125, 126, 129], [59, 62, 67, 75, 76, 80, 85, 97, 100, 101, 103, 104, 106, 108, 116], [144, 148, 149, 150, 151, 152, 153, 154, 156, 158, 159, 164, 166, 167, 168, 169, 172, 174, 175, 176, 177], [60, 61, 64, 68, 70, 77, 112, 130, 134], [2, 3, 4, 5, 7, 15, 16, 17, 18, 25, 28, 30, 31, 33, 34, 36, 37, 45, 53, 55, 57, 58, 73, 121]], "centers": [[-0.1489951617924188, 0.999684075008369, -0.023821322792385226, 0.4519457833385771, -0.3329216825288056, -1.0817538323459692, -1.4349391788196466, 1.1131542196816426, -1.2805963221332781, 0.19115705220419768, -0.9978977260904333, -1.2170813427979632, -0.5314705364762317], [1.0245065549797987, -0.5442965354167035, -0.17003495924217055, -1.0494791781072375, 0.08835836123987253, 0.7288808172177178, 0.9645412875671092, -0.7401411749408247, 0.6817379036967756, 0.08301455646374108, 0.3621772757786129, 1.0145783054514812, 0.9652415206686006], [-1.13720713381113, -0.6520161128882201, -0.20658836835461608, 0.9023732717723214, -0.9648417481818228, -0.5529844214114414, -0.2703377809080833, 0.5491077952313265, -0.054137430989494445, -1.020038900088916, 0.40605066293567893, 0.19536147254978645, -0.8753958602456825], [-0.9025067904566858, -0.8809202150151931, -1.065593482497104, -0.4789376927578277, 3.0724253379346758, -0.6731592875329251, -0.4661112917639064, -1.0624534174838625, 1.820592588330289, -1.0092246505148703, 0.6692909858780747, -0.2001225157475835, -0.041058500730903655], [-0.8283908925552841, -0.948244950934891, -0.4259088230292941, -0.3588236958421625, -0.8244150669255967, 0.9692305494606853, 0.7286091078177834, -0.9415863265302234, 0.6642170623947216, -0.754008360567393, 0.8667212280848713, 0.6967786719982375, -0.7512006044400474], [-0.7666276443041138, 1.28693628159908, -0.11520484557350066, 0.4519457833385771, -0.5435617044131447, 0.5045544004576151, 0.5378554305736482, -0.25667281112626794, 0.36636276025980274, -0.9854333014519701, -0.6469106288339052, 0.7038408860749764, -0.9438624756257121], [-0.8778014911562196, -0.8943851621991327, -1.6321713237400224, -0.29876669738433015, -0.9648417481818228, -0.29661137368560975, -0.0896237708873235, -0.4984069930335465, -0.28190836791619733, -0.9335249034965509, 0.7131643730351411, 0.4919744637728138, -0.8021525042577439], [0.49334262001974233, 0.8111748144332148, 0.41481958655697077, 0.75223077562774, 0.22878504249609857, -0.9856139394487826, -1.2040268326820092, 0.5491077952313265, -0.42207509833262946, 1.8349229874591382, -1.5682517591322913, -1.4006989087931705, -0.30855597477380986], [-0.828390892555283, -0.8764318992872132, -0.3162485956919559, -0.44890919352891157, 0.22878504249609857, -0.6491243143086285, -0.7321624731833584, 1.3548884015889213, -1.1229087504147919, -0.7734740098006752, 0.09893695283621669, -1.1182103457236205, -0.3722458495459304], [0.8330404854011744, -0.4769717994970056, 1.072780950581004, -0.16363845085420703, 0.8607051081491157, 1.0493471268750079, 0.9143429514502315, -0.41782893239778696, 0.4364461254680191, 0.3425565462408369, 0.5815442115639431, 0.4142901089286877, 1.4747605188455648]]}