{"clusters": [[83, 118, 131, 132, 133, 135, 136, 137, 138, 139, 140, 141, 142, 143, 145, 146, 147, 155, 157, 160, 161, 162, 163, 165, 170, 171, 173], [0, 1, 6, 8, 9, 10, 11, 12, 13, 14, 19, 20, 22, 23, 24, 26, 27, 29, 32, 35, 38, 39, 40, 41, 42, 44, 46, 47, 48, 49, 50, 51, 52, 54, 56], [72, 82, 86, 87, 88, 89, 90, 91, 92, 105, 107, 113, 114, 115, 117, 127, 128], [69, 78, 95, 96], [63, 65, 66, 71, 74, 81, 84, 93, 94, 98, 99, 109], [21, 43, 79, 102, 110, 111, 119, 120, 122, 123, 124, 125, 126, 129], [59, 62, 67, 75, 76, 80, 85, 97, 100, 101, 103, 104, 106, 108, 116], [144, 148, 149, 150, 151, 152, 153, 154, 156, 158, 159, 164, 166, 167, 168, 169, 172, 174, 175, 176, 177], [60, 61, 64, 68, 70, 77, 112, 130, 134], [2, 3, 4, 5, 7, 15, 16, 17, 18, 25, 28, 30, 31, 33, 34, 36, 37, 45, 53, 55, 57, 58, 73, 121]], "centers": [[-0.1489951617924267, 0.999684075008369, -0.02382132279238116, 0.45194578333857693, -0.3329216825288056, -1.081753832345969, -1.4349391788196475, 1.113154219681643, -1.280596322133276, 0.1911570522041981, -0.9978977260904343, -1.2170813427979654, -0.5314705364762315], [1.0245065549797912, -0.5442965354167039, -0.17003495924216647, -1.049479178107237, 0.08835836123987256, 0.728880817217718, 0.9645412875671082, -0.7401411749408242, 0.6817379036967768, 0.08301455646374149, 0.36217727577861136, 1.014578305451479, 0.9652415206686007], [-1.137207133811138, -0.6520161128882205, -0.20658836835461197, 0.9023732717723211, -0.9648417481818228, -0.5529844214114412, -0.27033778090808425, 0.5491077952313269, -0.054137430989492884, -1.0200389000889156, 0.4060506629356774, 0.1953614725497843, -0.8753958602456824], [-0.9025067904566939, -0.8809202150151936, -1.0655934824970998, -0.47893769275782744, 3.0724253379346758, -0.6731592875329249, -0.46611129176390736, -1.062453417483862, 1.8205925883302896, -1.0092246505148699, 0.6692909858780729, -0.2001225157475856, -0.041058500730903585], [-0.8283908925552922, -0.9482449509348915, -0.4259088230292899, -0.35882369584216234, -0.8244150669255967, 0.9692305494606855, 0.7286091078177825, -0.941586326530223, 0.6642170623947228, -0.7540083605673925, 0.8667212280848695, 0.6967786719982354, -0.7512006044400473], [-0.7666276443041218, 1.28693628159908, -0.11520484557349658, 0.45194578333857693, -0.5435617044131447, 0.5045544004576153, 0.5378554305736472, -0.2566728111262675, 0.3663627602598042, -0.9854333014519696, -0.6469106288339064, 0.7038408860749743, -0.9438624756257119], [-0.8778014911562277, -0.8943851621991331, -1.632171323740018, -0.29876669738433, -0.9648417481818228, -0.2966113736856095, -0.08962377088732444, -0.4984069930335461, -0.28190836791619567, -0.9335249034965505, 0.7131643730351394, 0.4919744637728117, -0.8021525042577438], [0.4933426200197346, 0.8111748144332148, 0.4148195865569747, 0.7522307756277398, 0.2287850424960986, -0.9856139394487824, -1.20402683268201, 0.5491077952313269, -0.42207509833262774, 1.8349229874591386, -1.568251759132292, -1.4006989087931727, -0.3085559747738098], [-0.8283908925552911, -0.8764318992872137, -0.3162485956919518, -0.4489091935289113, 0.2287850424960986, -0.6491243143086283, -0.7321624731833594, 1.3548884015889218, -1.1229087504147899, -0.7734740098006747, 0.09893695283621524, -1.1182103457236228, -0.3722458495459303], [0.8330404854011668, -0.4769717994970059, 1.0727809505810078, -0.1636384508542069, 0.8607051081491157, 1.049347126875008, 0.9143429514502304, -0.4178289323977865, 0.4364461254680204, 0.3425565462408373, 0.5815442115639414, 0.41429010892868556, 1.4747605188455648]]}