{"clusters": [[59, 60, 61, 62, 64, 68, 70, 72, 75, 77, 82, 83, 86, 87, 88, 89, 90, 91, 92, 96, 101, 102, 103, 105, 106, 107, 108, 111, 112, 113, 114, 116, 117, 118, 119, 122, 123, 125, 126, 127, 128, 129, 130, 131, 132, 133, 134, 135, 136, 137, 138, 139, 140, 141, 142, 143, 144, 145, 146, 147, 148, 149, 150, 151, 152, 153, 154, 155, 156, 157, 158, 159, 160, 161, 162, 163, 164, 165, 166, 167, 168, 169, 170, 171, 172, 173, 174, 175, 176, 177], [0, 1, 2, 3, 4, 5, 6, 7, 8, 9, 10, 11, 12, 13, 14, 15, 16, 17, 18, 19, 20, 21, 22, 23, 24, 25, 26, 27, 28, 29, 30, 31, 32, 33, 34, 35, 36, 37, 38, 39, 40, 41, 42, 43, 44, 45, 46, 47, 48, 49, 50, 51, 52, 53, 54, 55, 56, 57, 58, 63, 65, 66, 67, 69, 71, 73, 74, 76, 78, 79, 80, 81, 84, 85, 93, 94, 95, 97, 98, 99, 100, 104, 109, 110, 115, 120, 121, 124]], "centers": [[-0.35899020584639574, 0.20974050688391324, -0.060374731904830746, 0.4519457833385771, -0.5084550340990881, -0.8814623888101634, -0.8225194781937384, 0.5491077952313265, -0.5972835113531701, -0.24141293075762868, -0.6688473224124379, -0.941654993805152, -0.5919759175097461], [0.5489295434457946, -0.5442965354167035, 0.08583890454495459, -0.5840374400590347, 0.08835836123987253, 0.8089973946320399, 0.8440652808866023, -0.6595631143050651, 0.5328107526293162, -0.13327043501717212, 0.5815442115639431, 0.7250275283051926, 0.766210662005724]]}