{"clusters": [[59, 60, 61, 62, 64, 68, 70, 72, 75, 77, 82, 83, 86, 87, 88, 89, 90, 91, 92, 96, 101, 102, 103, 105, 106, 107, 108, 111, 112, 113, 114, 116, 117, 118, 119, 122, 123, 125, 126, 127, 128, 129, 130, 131, 132, 133, 134, 135, 136, 137, 138, 139, 140, 141, 142, 143, 144, 145, 146, 147, 148, 149, 150, 151, 152, 153, 154, 155, 156, 157, 158, 159, 160, 161, 162, 163, 164, 165, 166, 167, 168, 169, 170, 171, 172, 173, 174, 175, 176, 177], [0, 1, 2, 3, 4, 5, 6, 7, 8, 9, 10, 11, 12, 13, 14, 15, 16, 17, 18, 19, 20, 21, 22, 23, 24, 25, 26, 27, 28, 29, 30, 31, 32, 33, 34, 35, 36, 37, 38, 39, 40, 41, 42, 43, 44, 45, 46, 47, 48, 49, 50, 51, 52, 53, 54, 55, 56, 57, 58, 63, 65, 66, 67, 69, 71, 73, 74, 76, 78, 79, 80, 81, 84, 85, 93, 94, 95, 97, 98, 99, 100, 104, 109, 110, 115, 120, 121, 124]], "centers": [[-0.3589902058464036, 0.20974050688391305, -0.06037473190482667, 0.45194578333857693, -0.5084550340990881, -0.8814623888101631, -0.8225194781937394, 0.5491077952313269, -0.5972835113531684, -0.24141293075762826, -0.668847322412439, -0.9416549938051542, -0.5919759175097461], [0.5489295434457868, -0.5442965354167039, 0.08583890454495863, -0.5840374400590342, 0.08835836123987256, 0.8089973946320401, 0.8440652808866013, -0.6595631143050646, 0.5328107526293175, -0.13327043501717167, 0.5815442115639414, 0.7250275283051903, 0.7662106620057241]]}