{"clusters": [[60, 61, 68, 70, 83, 118, 130, 131, 132, 133, 134, 135, 136, 137, 138, 139, 140, 141, 142, 143, 144, 145, 146, 147, 148, 149, 150, 151, 152, 153, 154, 155, 156, 157, 158, 159, 160, 161, 162, 163, 164, 165, 166, 167, 168, 169, 170, 171, 172, 173, 174, 175, 176, 177], [0, 1, 2, 3, 4, 5, 6, 7, 8, 9, 10, 11, 12, 13, 14, 15, 16, 17, 18, 19, 20, 21, 22, 23, 24, 25, 26, 27, 28, 29, 30, 31, 32, 33, 34, 35, 36, 37, 38, 39, 40, 41, 42, 43, 44, 45, 46, 47, 48, 49, 50, 51, 52, 53, 54, 55, 56, 57, 58, 66, 69, 73, 78, 95, 98], [59, 62, 63, 64, 65, 67, 71, 72, 74, 75, 76, 77, 79, 80, 81, 82, 84, 85, 86, 87, 88, 89, 90, 91, 92, 93, 94, 96, 97, 99, 100, 101, 102, 103, 104, 105, 106, 107, 108, 109, 110, 111, 112, 113, 114, 115, 116, 117, 119, 120, 121, 122, 123, 124, 125, 126, 127, 128, 129]], "centers": [[0.11658680568760046, 0.8201514458891743, -0.005544618236157592, 0.45194578333857693, -0.157388330958523, -1.033683885897376, -1.3094433385274533, 0.9117090680922444, -0.895137813488087, 0.8832690249431201, -1.173391274718698, -1.3159523398723079, -0.3802070838924454], [0.8886274088272191, -0.5442965354167039, 0.19549913188229678, -0.8092511842759064, 0.36921172375232464, 0.8089973946320401, 0.9444619531203571, -0.6595631143050646, 0.6291753797906147, 0.08301455646374149, 0.4937974372498094, 0.6897164579214968, 1.013008926747691], [-1.038385936609267, -0.5981563241524622, -0.35280200480439733, 0.36186028565182793, -0.8244150669255967, -0.15240153433982864, 0.010772901346431113, 0.06563943141677016, -0.054137430989492884, -0.9767819017927332, 0.36217727577861136, 0.3648546103915144, -0.8945028226773185]]}