{"clusters": [[61, 68, 83, 118, 130, 131, 132, 133, 134, 135, 136, 137, 138, 139, 140, 141, 142, 143, 144, 145, 146, 147, 148, 149, 150, 151, 152, 153, 154, 155, 156, 157, 158, 159, 160, 161, 162, 163, 164, 165, 166, 167, 168, 169, 170, 171, 172, 173, 174, 175, 176, 177], [0, 1, 2, 3, 4, 5, 6, 7, 8, 9, 10, 11, 12, 13, 14, 15, 16, 17, 18, 19, 20, 21, 22, 23, 24, 25, 26, 27, 28, 29, 30, 31, 32, 33, 34, 35, 36, 37, 38, 39, 40, 41, 42, 43, 44, 45, 46, 47, 48, 49, 50, 51, 52, 53, 54, 55, 56, 57, 58, 73, 95], [59, 60, 62, 64, 67, 70, 72, 75, 77, 82, 86, 87, 88, 89, 90, 91, 92, 96, 101, 102, 103, 104, 105, 106, 107, 108, 111, 112, 113, 114, 115, 116, 117, 119, 122, 125, 126, 127, 128, 129], [63, 65, 66, 69, 71, 74, 76, 78, 79, 80, 81, 84, 85, 93, 94, 97, 98, 99, 100, 109, 110, 120, 121, 123, 124]], "centers": [[0.16599740428853602, 0.8336163930731139, 0.031008790876288734, 0.45194578333857693, -0.1924950012725795, -1.033683885897376, -1.3345425065858922, 0.9117090680922444, -0.895137813488087, 0.9265260232393028, -1.2392013554542967, -1.3159523398723079, -0.3961295525854755], [0.9133327081276863, -0.5173666410488247, 0.26860595010718946, -0.7491941858180741, 0.36921172375232464, 0.8089973946320401, 0.9444619531203571, -0.5789850536693056, 0.5766128558844525, 0.1479000539080156, 0.4937974372498094, 0.788587454995839, 1.0607763328267814], [-1.03220961178415, -0.6205979027923616, -0.33452530024817456, 0.45194578333857693, -0.8244150669255967, -0.4728678439971187, -0.27535761451977203, 0.3073736133240488, -0.2994292092182497, -1.007061800600061, 0.14281033999328127, 0.2094859007032618, -0.8132982323428648], [-0.8778014911562277, -0.8315487420074152, -0.5721224594790753, -0.29876669738433, -0.4031350231569186, 0.7128575017348538, 0.5227959297385837, -0.8207192355765838, 0.6291753797906147, -0.7994282087783843, 0.8886579216634025, 0.6897164579214968, -0.8976873164159246]]}