{"clusters": [[61, 68, 83, 118, 130, 131, 132, 133, 134, 135, 136, 137, 138, 139, 140, 141, 142, 143, 144, 145, 146, 147, 148, 149, 150, 151, 152, 153, 154, 155, 156, 157, 158, 159, 160, 161, 162, 163, 164, 165, 166, 167, 168, 169, 170, 171, 172, 173, 174, 175, 176, 177], [0, 1, 2, 3, 4, 5, 6, 7, 8, 9, 10, 11, 12, 13, 14, 15, 16, 17, 18, 19, 20, 21, 22, 23, 24, 25, 26, 27, 28, 29, 30, 31, 32, 33, 34, 35, 36, 37, 38, 39, 40, 41, 42, 43, 44, 45, 46, 47, 48, 49, 50, 51, 52, 53, 54, 55, 56, 57, 58, 73, 95], [59, 60, 62, 64, 67, 70, 72, 75, 77, 82, 86, 87, 88, 89, 90, 91, 92, 96, 101, 102, 103, 104, 105, 106, 107, 108, 111, 112, 113, 114, 115, 116, 117, 119, 122, 125, 126, 127, 128, 129], [63, 65, 66, 69, 71, 74, 76, 78, 79, 80, 81, 84, 85, 93, 94, 97, 98, 99, 100, 109, 110, 120, 121, 123, 124]], "centers": [[0.16599740428854382, 0.8336163930731139, 0.03100879087628468, 0.4519457833385771, -0.19249500127257954, -1.0336838858973763, -1.3345425065858914, 0.911709068092244, -0.895137813488089, 0.9265260232393023, -1.239201355454296, -1.3159523398723056, -0.39612955258547555], [0.913332708127694, -0.5173666410488243, 0.26860595010718546, -0.7491941858180745, 0.36921172375232464, 0.8089973946320399, 0.9444619531203581, -0.5789850536693061, 0.5766128558844512, 0.1479000539080152, 0.493797437249811, 0.7885874549958412, 1.0607763328267814], [-1.032209611784142, -0.6205979027923613, -0.33452530024817867, 0.4519457833385771, -0.8244150669255967, -0.4728678439971189, -0.27535761451977103, 0.30737361332404833, -0.2994292092182514, -1.0070618006000613, 0.14281033999328271, 0.20948590070326395, -0.813298232342865], [-0.8778014911562196, -0.8315487420074148, -0.5721224594790795, -0.29876669738433015, -0.4031350231569186, 0.7128575017348536, 0.5227959297385847, -0.8207192355765842, 0.6291753797906134, -0.7994282087783847, 0.8886579216634044, 0.6897164579214989, -0.8976873164159247]]}