{"clusters": [[61, 68, 83, 118, 130, 131, 132, 133, 134, 135, 136, 137, 138, 139, 140, 141, 142, 143, 144, 145, 146, 147, 148, 149, 150, 151, 152, 153, 154, 155, 156, 157, 158, 159, 160, 161, 162, 163, 164, 165, 166, 167, 168, 169, 170, 171, 172, 173, 174, 175, 176, 177], [0, 1, 2, 3, 5, 6, 7, 8, 9, 10, 11, 12, 13, 14, 15, 16, 17, 18, 19, 20, 22, 23, 24, 26, 27, 28, 29, 30, 31, 32, 34, 35, 36, 37, 38, 39, 40, 41, 42, 43, 44, 45, 46, 47, 48, 49, 50, 51, 52, 53, 54, 55, 56, 57, 58], [59, 60, 64, 70, 72, 75, 77, 82, 86, 87, 88, 89, 90, 91, 92, 101, 102, 103, 105, 106, 107, 112, 113, 114, 115, 116, 117, 119, 122, 127, 128, 129], [4, 21, 25, 33, 69, 73, 78, 95, 96, 121], [62, 63, 65, 66, 67, 71, 74, 76, 79, 80, 81, 84, 85, 93, 94, 97, 98, 99, 100, 104, 108, 109, 110, 111, 120, 123, 124, 125, 126]], "centers": [[0.16599740428853602, 0.8336163930731139, 0.031008790876288734, 0.45194578333857693, -0.1924950012725795, -1.033683885897376, -1.3345425065858922, 0.9117090680922444, -0.895137813488087, 0.9265260232393028, -1.2392013554542967, -1.3159523398723079, -0.3961295525854755], [0.9503906570783872, -0.5173666410488247, 0.19549913188229678, -0.8092511842759064, 0.2287850424960986, 0.889113972046363, 0.9645412875671082, -0.6595631143050646, 0.4890086493741826, 0.23441405050038058, 0.4937974372498094, 0.788587454995839, 1.1085437389058719], [-1.137207133811138, -0.6205979027923616, -0.27969518657950543, 0.5270170314108678, -0.8244150669255967, -0.5289494481871444, -0.3406154514717131, 0.4685297345955674, -0.2994292092182497, -1.0308531496629614, 0.18668372715034728, 0.10355268955218065, -0.8132982323428648], [-0.3713428554966373, -0.4276003264892275, 1.1276110642496775, 0.2267320391217049, 2.3351852613394892, 0.43244948078472484, 0.5177760961268963, -0.21638378080838794, 0.6116545384885606, -0.6783086135490729, 0.6034809051424739, 0.5979076749238929, 0.0417383364728531], [-0.7789802939543566, -0.7417824274478177, -0.7183360959288605, -0.14862420123974854, -0.8244150669255967, 0.48853108497475084, 0.5027165952918327, -0.7401411749408242, 0.41892528416596636, -0.8686394060522765, 0.7131643730351394, 0.6897164579214968, -0.9454547224950149]]}