{"clusters": [[61, 68, 83, 118, 130, 131, 132, 133, 134, 135, 136, 137, 138, 139, 140, 141, 142, 143, 144, 145, 146, 147, 148, 149, 150, 151, 152, 153, 154, 155, 156, 157, 158, 159, 160, 161, 162, 163, 164, 165, 166, 167, 168, 169, 170, 171, 172, 173, 174, 175, 176, 177], [0, 1, 2, 3, 5, 6, 7, 8, 9, 10, 11, 12, 13, 14, 15, 16, 17, 18, 19, 20, 22, 23, 24, 26, 27, 28, 29, 30, 31, 32, 34, 35, 36, 37, 38, 39, 40, 41, 42, 43, 44, 45, 46, 47, 48, 49, 50, 51, 52, 53, 54, 55, 56, 57, 58], [59, 60, 64, 70, 72, 75, 77, 82, 86, 87, 88, 89, 90, 91, 92, 101, 102, 103, 105, 106, 107, 112, 113, 114, 115, 116, 117, 119, 122, 127, 128, 129], [4, 21, 25, 33, 69, 73, 78, 95, 96, 121], [62, 63, 65, 66, 67, 71, 74, 76, 79, 80, 81, 84, 85, 93, 94, 97, 98, 99, 100, 104, 108, 109, 110, 111, 120, 123, 124, 125, 126]], "centers": [[0.16599740428854382, 0.8336163930731139, 0.03100879087628468, 0.4519457833385771, -0.19249500127257954, -1.0336838858973763, -1.3345425065858914, 0.911709068092244, -0.895137813488089, 0.9265260232393023, -1.239201355454296, -1.3159523398723056, -0.39612955258547555], [0.9503906570783949, -0.5173666410488243, 0.1954991318822928, -0.8092511842759068, 0.22878504249609857, 0.8891139720463628, 0.9645412875671092, -0.6595631143050651, 0.48900864937418126, 0.23441405050038017, 0.493797437249811, 0.7885874549958412, 1.1085437389058719], [-1.13720713381113, -0.6205979027923613, -0.27969518657950954, 0.5270170314108679, -0.8244150669255967, -0.5289494481871446, -0.3406154514717122, 0.46852973459556696, -0.2994292092182514, -1.0308531496629618, 0.18668372715034875, 0.10355268955218278, -0.813298232342865], [-0.3713428554966294, -0.4276003264892272, 1.127611064249674, 0.22673203912170492, 2.3351852613394892, 0.4324494807847246, 0.5177760961268973, -0.21638378080838838, 0.6116545384885593, -0.6783086135490733, 0.6034809051424757, 0.597907674923895, 0.04173833647285303], [-0.7789802939543485, -0.7417824274478174, -0.7183360959288647, -0.14862420123974868, -0.8244150669255967, 0.4885310849747506, 0.5027165952918337, -0.7401411749408247, 0.418925284165965, -0.868639406052277, 0.7131643730351411, 0.6897164579214989, -0.945454722495015]]}