{"clusters": [[61, 68, 83, 118, 130, 131, 132, 133, 134, 135, 136, 137, 138, 139, 140, 141, 142, 143, 144, 145, 146, 147, 148, 149, 150, 151, 152, 153, 154, 155, 156, 157, 158, 159, 160, 161, 162, 163, 164, 165, 166, 167, 168, 169, 170, 171, 172, 173, 174, 175, 176, 177], [0, 1, 2, 3, 5, 6, 7, 8, 9, 10, 11, 12, 13, 14, 15, 16, 17, 18, 19, 20, 21, 22, 23, 24, 26, 27, 28, 29, 30, 31, 32, 34, 35, 36, 37, 38, 39, 40, 41, 42, 43, 44, 45, 46, 47, 48, 49, 50, 51, 52, 53, 54, 55, 56, 57, 58], [60, 64, 70, 77, 82, 86, 87, 88, 89, 90, 91, 92, 102, 105, 107, 112, 113, 114, 115, 117, 122, 127, 128, 129], [4, 25, 33, 69, 73, 78, 79, 95, 96, 121], [63, 65, 66, 71, 74, 81, 84, 93, 94, 98, 99, 109, 110, 120, 123, 124, 126], [59, 62, 67, 72, 75, 76, 80, 85, 97, 100, 101, 103, 104, 106, 108, 111, 116, 119, 125]], "centers": [[0.16599740428854382, 0.8336163930731139, 0.03100879087628468, 0.4519457833385771, -0.19249500127257954, -1.0336838858973763, -1.3345425065858914, 0.911709068092244, -0.895137813488089, 0.9265260232393023, -1.239201355454296, -1.3159523398723056, -0.39612955258547555], [0.9380380074281612, -0.5128783253208444, 0.21377583643851636, -0.8092511842759068, 0.22878504249609857, 0.8490556833392013, 0.9595214539554213, -0.6595631143050651, 0.5590920145823973, 0.19764560194862493, 0.47186074367127795, 0.7885874549958412, 1.1085437389058719], [-1.13720713381113, -0.6430394814322605, -0.06037473190483155, 0.75223077562774, -0.8244150669255967, -0.5129261327042802, -0.2803774481314588, 0.5491077952313265, -0.28190836791619733, -0.9984104009408248, 0.29636719504301384, -0.002380521598898684, -0.8371819353824101], [-0.5133983264743193, -0.4276003264892272, 1.0362275414685584, 0.5270170314108679, 2.3351852613394892, 0.6727992130276919, 0.5880537666905259, 0.06563943141676974, 0.6028941178375323, -0.7280541615896834, 0.8228478409278053, 0.597907674923895, -0.013990303952752425], [-0.8778014911562196, -0.723829164535898, -0.3162485956919559, -0.14862420123974868, -0.8244150669255967, 0.905137287529227, 0.763747943099598, -0.9012972962123437, 0.6992587449988297, -0.7821254094599116, 0.3621772757786129, 0.6897164579214989, -0.7798610480875017], [-0.8778014911562196, -0.7776889532716563, -1.4128508690653443, -0.14862420123974868, -0.8946284075537098, -0.29661137368560975, -0.0896237708873235, -0.4984069930335465, -0.2994292092182514, -0.9940847011112066, 0.3621772757786129, 0.4919744637728138, -0.8753958602456825]]}