{"clusters": [[61, 68, 83, 118, 130, 131, 132, 133, 134, 135, 136, 137, 138, 139, 140, 141, 142, 143, 144, 145, 146, 147, 148, 149, 150, 151, 152, 153, 154, 155, 156, 157, 158, 159, 160, 161, 162, 163, 164, 165, 166, 167, 168, 169, 170, 171, 172, 173, 174, 175, 176, 177], [0, 1, 2, 3, 5, 6, 7, 8, 9, 10, 11, 12, 13, 14, 15, 16, 17, 18, 19, 20, 21, 22, 23, 24, 26, 27, 28, 29, 30, 31, 32, 34, 35, 36, 37, 38, 39, 40, 41, 42, 43, 44, 45, 46, 47, 48, 49, 50, 51, 52, 53, 54, 55, 56, 57, 58], [60, 64, 70, 77, 82, 86, 87, 88, 89, 90, 91, 92, 102, 105, 107, 112, 113, 114, 115, 117, 122, 127, 128, 129], [4, 25, 33, 69, 73, 78, 79, 95, 96, 121], [63, 65, 66, 71, 74, 81, 84, 93, 94, 98, 99, 109, 110, 120, 123, 124, 126], [59, 62, 67, 72, 75, 76, 80, 85, 97, 100, 101, 103, 104, 106, 108, 111, 116, 119, 125]], "centers": [[0.16599740428853602, 0.8336163930731139, 0.031008790876288734, 0.45194578333857693, -0.1924950012725795, -1.033683885897376, -1.3345425065858922, 0.9117090680922444, -0.895137813488087, 0.9265260232393028, -1.2392013554542967, -1.3159523398723079, -0.3961295525854755], [0.9380380074281536, -0.5128783253208449, 0.21377583643852036, -0.8092511842759064, 0.2287850424960986, 0.8490556833392016, 0.9595214539554203, -0.6595631143050646, 0.5590920145823987, 0.19764560194862535, 0.4718607436712764, 0.788587454995839, 1.1085437389058719], [-1.137207133811138, -0.6430394814322609, -0.06037473190482749, 0.7522307756277398, -0.8244150669255967, -0.51292613270428, -0.28037744813145976, 0.5491077952313269, -0.28190836791619567, -0.9984104009408243, 0.29636719504301234, -0.0023805215989008144, -0.8371819353824101], [-0.5133983264743271, -0.4276003264892275, 1.0362275414685622, 0.5270170314108678, 2.3351852613394892, 0.6727992130276921, 0.588053766690525, 0.06563943141677016, 0.6028941178375335, -0.728054161589683, 0.8228478409278035, 0.5979076749238929, -0.013990303952752355], [-0.8778014911562277, -0.7238291645358983, -0.3162485956919518, -0.14862420123974854, -0.8244150669255967, 0.9051372875292272, 0.763747943099597, -0.9012972962123432, 0.6992587449988309, -0.7821254094599112, 0.36217727577861136, 0.6897164579214968, -0.7798610480875016], [-0.8778014911562277, -0.7776889532716568, -1.41285086906534, -0.14862420123974854, -0.8946284075537098, -0.2966113736856095, -0.08962377088732444, -0.4984069930335461, -0.2994292092182497, -0.9940847011112062, 0.36217727577861136, 0.4919744637728117, -0.8753958602456824]]}