{"clusters": [[83, 118, 131, 132, 133, 134, 135, 136, 137, 138, 139, 140, 141, 142, 143, 144, 145, 146, 147, 148, 149, 150, 151, 152, 153, 154, 155, 156, 157, 158, 159, 160, 161, 162, 163, 164, 165, 166, 167, 168, 169, 170, 171, 172, 173, 174, 175, 176, 177], [0, 1, 2, 3, 5, 6, 7, 8, 9, 10, 11, 12, 13, 14, 15, 16, 17, 18, 19, 20, 21, 22, 23, 24, 26, 27, 28, 29, 30, 31, 32, 34, 35, 36, 37, 39, 40, 41, 42, 44, 45, 46, 47, 48, 49, 50, 51, 52, 53, 54, 55, 56, 57, 58], [64, 70, 72, 82, 86, 87, 88, 89, 90, 91, 92, 105, 106, 107, 112, 113, 114, 115, 117, 127], [4, 25, 33, 69, 73, 78, 95, 96, 121], [63, 65, 66, 71, 74, 80, 81, 84, 85, 93, 94, 97, 98, 99, 109], [43, 79, 102, 103, 104, 108, 110, 111, 116, 119, 120, 122, 123, 124, 125, 126, 128, 129], [38, 59, 60, 61, 62, 67, 68, 75, 76, 77, 100, 101, 130]], "centers": [[0.19687902841412896, 0.8650346031689728, 0.049285495432507445, 0.4519457833385771, -0.2627083419006926, -1.0336838858973763, -1.344582173809267, 0.8714200377743642, -0.8425752895819267, 1.0562970181278504, -1.261138049032829, -1.3159523398723056, -0.40409078693199063], [0.98127228120398, -0.5128783253208444, 0.2503292455509627, -0.8092511842759068, 0.2638917128101551, 0.8891139720463628, 0.9695611211787969, -0.6595631143050651, 0.6466962210926674, 0.23441405050038017, 0.47186074367127795, 0.8097740972260576, 1.124466207598902], [-1.13720713381113, -0.6520161128882201, -0.18831166379839331, 0.75223077562774, -0.9297350778677662, -0.6571359720500607, -0.27535761451977103, 0.6296858558670859, -0.24686668531208922, -0.9227106539225052, 0.42798735651421194, 0.10355268955218278, -0.8371819353824101], [-0.655453797452008, -0.5981563241524619, 1.21899458703079, 0.4519457833385771, 2.4053986019676024, 0.5366010314233437, 0.6533116036424672, -0.09551668985474931, 0.5766128558844512, -0.7172399120156377, 0.7570377601922063, 0.5484721763867239, 0.00989339908679277], [-0.8778014911562196, -1.0110813711266091, -0.5355690503666323, -0.41888069429999486, -0.8244150669255967, 0.7128575017348536, 0.5027165952918337, -0.8207192355765842, 0.48900864937418126, -0.7994282087783847, 0.8886579216634044, 0.7179653142284539, -0.945454722495015], [-0.8901541408064522, 0.09304429795643696, -0.49901564125418674, 0.4519457833385771, -0.8595217372396533, 0.41642616530186016, 0.33204225249444963, -0.05522765953686933, 0.2612377124474784, -1.0416673992370074, -0.42754369304857526, 0.654405387537805, -1.0202903253522568], [-0.4948693519989688, -0.8943851621991327, -1.6321713237400224, -0.7491941858180745, -0.19249500127257954, -0.4408212130313899, -0.6217261337262275, -0.5789850536693061, -1.1229087504147919, -0.5874689171270897, 0.7131643730351411, -0.214246943901061, -0.5887914237711401]]}