{"clusters": [[83, 118, 131, 132, 133, 134, 135, 136, 137, 138, 139, 140, 141, 142, 143, 144, 145, 146, 147, 148, 149, 150, 151, 152, 153, 154, 155, 156, 157, 158, 159, 160, 161, 162, 163, 164, 165, 166, 167, 168, 169, 170, 171, 172, 173, 174, 175, 176, 177], [0, 1, 2, 3, 5, 6, 7, 8, 9, 10, 11, 12, 13, 14, 15, 16, 17, 18, 19, 20, 21, 22, 23, 24, 26, 27, 28, 29, 30, 31, 32, 34, 35, 36, 37, 39, 40, 41, 42, 44, 45, 46, 47, 48, 49, 50, 51, 52, 53, 54, 55, 56, 57, 58], [64, 70, 72, 82, 86, 87, 88, 89, 90, 91, 92, 105, 106, 107, 112, 113, 114, 115, 117, 127], [4, 25, 33, 69, 73, 78, 95, 96, 121], [63, 65, 66, 71, 74, 80, 81, 84, 85, 93, 94, 97, 98, 99, 109], [43, 79, 102, 103, 104, 108, 110, 111, 116, 119, 120, 122, 123, 124, 125, 126, 128, 129], [38, 59, 60, 61, 62, 67, 68, 75, 76, 77, 100, 101, 130]], "centers": [[0.19687902841412117, 0.8650346031689728, 0.04928549543251149, 0.45194578333857693, -0.2627083419006926, -1.033683885897376, -1.3445821738092678, 0.8714200377743646, -0.8425752895819248, 1.0562970181278508, -1.2611380490328297, -1.3159523398723079, -0.4040907869319906], [0.9812722812039725, -0.5128783253208449, 0.2503292455509667, -0.8092511842759064, 0.2638917128101551, 0.889113972046363, 0.9695611211787959, -0.6595631143050646, 0.6466962210926688, 0.23441405050038058, 0.4718607436712764, 0.8097740972260554, 1.124466207598902], [-1.137207133811138, -0.6520161128882205, -0.1883116637983892, 0.7522307756277398, -0.9297350778677662, -0.6571359720500605, -0.27535761451977203, 0.6296858558670864, -0.24686668531208755, -0.9227106539225047, 0.4279873565142104, 0.10355268955218065, -0.8371819353824101], [-0.655453797452016, -0.5981563241524622, 1.2189945870307939, 0.45194578333857693, 2.4053986019676024, 0.5366010314233439, 0.6533116036424662, -0.0955166898547489, 0.5766128558844525, -0.7172399120156373, 0.7570377601922045, 0.5484721763867217, 0.00989339908679284], [-0.8778014911562277, -1.0110813711266096, -0.535569050366628, -0.41888069429999464, -0.8244150669255967, 0.7128575017348538, 0.5027165952918327, -0.8207192355765838, 0.4890086493741826, -0.7994282087783843, 0.8886579216634025, 0.7179653142284518, -0.9454547224950149], [-0.8901541408064603, 0.09304429795643672, -0.4990156412541826, 0.45194578333857693, -0.8595217372396533, 0.4164261653018604, 0.33204225249444863, -0.055227659536868916, 0.2612377124474798, -1.041667399237007, -0.4275436930485765, 0.6544053875378029, -1.0202903253522566], [-0.49486935199897675, -0.8943851621991331, -1.632171323740018, -0.7491941858180741, -0.1924950012725795, -0.44082121303138966, -0.6217261337262285, -0.5789850536693056, -1.1229087504147899, -0.5874689171270893, 0.7131643730351394, -0.21424694390106314, -0.58879142377114]]}