{"clusters": [[60, 61, 68, 70, 77, 83, 118, 130, 131, 132, 133, 134, 135, 136, 137, 138, 139, 140, 141, 142, 143, 145, 146, 154, 161, 162, 163, 165, 170], [0, 1, 2, 3, 5, 6, 7, 8, 9, 10, 11, 12, 13, 14, 15, 16, 17, 18, 19, 20, 22, 23, 24, 26, 27, 28, 29, 30, 31, 32, 34, 35, 36, 37, 39, 40, 42, 44, 45, 46, 47, 48, 49, 50, 51, 52, 53, 54, 55, 56, 57, 58], [64, 72, 82, 86, 87, 88, 89, 90, 91, 92, 105, 106, 107, 112, 113, 114, 115, 117, 127, 128], [4, 25, 33, 69, 73, 78, 95, 96, 121], [63, 65, 66, 71, 74, 81, 84, 93, 94, 98, 99, 109], [21, 41, 43, 79, 102, 110, 111, 119, 120, 122, 123, 124, 125, 126, 129], [38, 59, 62, 67, 75, 76, 80, 85, 97, 100, 101, 103, 104, 108, 116], [144, 147, 148, 149, 150, 151, 152, 153, 155, 156, 157, 158, 159, 160, 164, 166, 167, 168, 169, 171, 172, 173, 174, 175, 176, 177]], "centers": [[-0.18605311074312975, 0.6226655538580602, -0.17003495924216647, 0.15166079104941424, -0.12228166064446651, -1.081753832345969, -1.4349391788196475, 1.113154219681643, -1.3156380047373841, -0.025127939276715094, -0.7785307903051042, -1.2170813427979654, -0.49962559909017135], [1.0183302301546744, -0.5218549567768045, 0.2503292455509667, -0.8242654338903648, 0.33410505343826813, 0.889113972046363, 0.9745809547904836, -0.6192740839871851, 0.6466962210926688, 0.2430654501596171, 0.4937974372498094, 0.8097740972260554, 1.1642723793314773], [-1.137207133811138, -0.6430394814322609, -0.1883116637983892, 0.8273020237000304, -0.9297350778677662, -0.6250893410843315, -0.23017911201458202, 0.6296858558670864, -0.15926247880181724, -0.9551534026446418, 0.4279873565142104, 0.1741748303195682, -0.8626578852912583], [-0.655453797452016, -0.5981563241524622, 1.2189945870307939, 0.45194578333857693, 2.4053986019676024, 0.5366010314233439, 0.6533116036424662, -0.0955166898547489, 0.5766128558844525, -0.7172399120156373, 0.7570377601922045, 0.5484721763867217, 0.00989339908679284], [-0.8283908925552922, -0.9482449509348915, -0.4259088230292899, -0.35882369584216234, -0.8244150669255967, 0.9692305494606855, 0.7286091078177825, -0.941586326530223, 0.6642170623947228, -0.7540083605673925, 0.8667212280848695, 0.6967786719982354, -0.7512006044400473], [-0.7172170457031862, 1.313866175966959, -0.27969518657950465, 0.45194578333857693, -0.6839883856693707, 0.48853108497475084, 0.5529149314087106, -0.337250871762027, 0.31380023635364196, -0.9767819017927332, -0.6030372416768406, 0.6897164579214968, -0.9040563038931366], [-0.7789802939543566, -0.8943851621991331, -1.632171323740018, -0.4489091935289113, -0.8244150669255967, -0.15240153433982864, -0.08962377088732444, -0.4984069930335461, -0.2994292092182497, -0.9335249034965505, 0.9764046959775345, 0.22361032885673932, -0.8021525042577438], [0.36363979869227836, 0.896452813264832, 0.35998947288830563, 0.6771595275554492, -0.157388330958523, -0.9535673084830535, -1.2642648360222632, 0.6699748861849661, -0.5885230907021413, 1.750571840781582, -1.568251759132292, -1.393636694716434, -0.29263350608077965]]}