{"clusters": [[83, 118, 131, 132, 133, 135, 136, 137, 138, 139, 140, 141, 142, 143, 145, 146, 147, 155, 157, 160, 161, 162, 163, 165, 170, 171, 173], [0, 1, 2, 3, 5, 6, 7, 8, 9, 10, 11, 12, 13, 14, 15, 16, 17, 18, 19, 20, 22, 23, 24, 26, 27, 28, 29, 30, 31, 32, 34, 35, 36, 37, 39, 40, 42, 44, 45, 46, 47, 48, 49, 50, 51, 52, 53, 54, 55, 56, 57, 58], [72, 82, 86, 87, 88, 89, 90, 91, 92, 105, 106, 107, 113, 114, 115, 117, 127, 128], [4, 25, 33, 69, 73, 78, 95, 96, 121], [63, 65, 66, 71, 74, 81, 84, 93, 94, 98, 99, 109], [21, 41, 43, 79, 102, 110, 111, 119, 120, 122, 123, 124, 125, 126, 129], [38, 59, 62, 67, 75, 76, 80, 85, 97, 100, 101, 103, 104, 108, 116], [144, 148, 149, 150, 151, 152, 153, 154, 156, 158, 159, 164, 166, 167, 168, 169, 172, 174, 175, 176, 177], [60, 61, 64, 68, 70, 77, 112, 130, 134]], "centers": [[-0.1489951617924188, 0.999684075008369, -0.023821322792385226, 0.4519457833385771, -0.3329216825288056, -1.0817538323459692, -1.4349391788196466, 1.1131542196816426, -1.2805963221332781, 0.19115705220419768, -0.9978977260904333, -1.2170813427979632, -0.5314705364762317], [1.018330230154682, -0.5218549567768043, 0.2503292455509627, -0.8242654338903652, 0.33410505343826813, 0.8891139720463628, 0.9745809547904846, -0.6192740839871855, 0.6466962210926674, 0.2430654501596167, 0.493797437249811, 0.8097740972260576, 1.1642723793314773], [-1.13720713381113, -0.6430394814322605, -0.22486507291083965, 0.9023732717723214, -0.9999484184958793, -0.5770193946357383, -0.23017911201458108, 0.5491077952313265, -0.010335327734359277, -0.9984104009408248, 0.29636719504301384, 0.21654811478000255, -0.8626578852912584], [-0.655453797452008, -0.5981563241524619, 1.21899458703079, 0.4519457833385771, 2.4053986019676024, 0.5366010314233437, 0.6533116036424672, -0.09551668985474931, 0.5766128558844512, -0.7172399120156377, 0.7570377601922063, 0.5484721763867239, 0.00989339908679277], [-0.8283908925552841, -0.948244950934891, -0.4259088230292941, -0.3588236958421625, -0.8244150669255967, 0.9692305494606853, 0.7286091078177834, -0.9415863265302234, 0.6642170623947216, -0.754008360567393, 0.8667212280848713, 0.6967786719982375, -0.7512006044400474], [-0.7172170457031782, 1.313866175966959, -0.27969518657950876, 0.4519457833385771, -0.6839883856693707, 0.4885310849747506, 0.5529149314087116, -0.33725087176202745, 0.31380023635364057, -0.9767819017927336, -0.6030372416768394, 0.6897164579214989, -0.9040563038931367], [-0.7789802939543485, -0.8943851621991327, -1.6321713237400224, -0.44890919352891157, -0.8244150669255967, -0.15240153433982884, -0.0896237708873235, -0.4984069930335465, -0.2994292092182514, -0.9335249034965509, 0.9764046959775364, 0.22361032885674145, -0.8021525042577439], [0.49334262001974233, 0.8111748144332148, 0.41481958655697077, 0.75223077562774, 0.22878504249609857, -0.9856139394487826, -1.2040268326820092, 0.5491077952313265, -0.42207509833262946, 1.8349229874591382, -1.5682517591322913, -1.4006989087931705, -0.30855597477380986], [-0.828390892555283, -0.8764318992872132, -0.3162485956919559, -0.44890919352891157, 0.22878504249609857, -0.6491243143086285, -0.7321624731833584, 1.3548884015889213, -1.1229087504147919, -0.7734740098006752, 0.09893695283621669, -1.1182103457236205, -0.3722458495459304]]}