{"clusters": [[0, 1, 6, 7, 8, 10, 11, 14, 15, 18, 28, 30, 33, 35, 36, 37, 38, 49, 51, 53, 55, 56, 57, 58, 59, 61, 65, 66, 67, 79, 82, 83, 84, 86, 87, 89, 96, 99, 100, 103, 106, 111, 113, 117, 119, 120, 121, 122, 123, 125, 126, 132, 133, 134, 135, 136, 141, 142, 146, 148, 150, 154, 155, 156, 158, 160, 161, 163, 168, 171, 173, 188, 190, 191, 195, 197, 204, 206, 207, 211, 214, 217, 223, 224, 225, 228, 229, 230, 231, 233, 235, 239, 240, 242, 247, 250, 251, 253, 256, 257, 266, 273, 276, 278, 279, 282, 283, 295, 296, 300, 302, 303, 304, 305, 306, 308, 310, 313, 314, 315, 316, 324, 325, 327, 330, 335, 339, 340, 343, 345, 346, 347, 349, 353, 356, 357, 359, 369, 372, 374, 375, 377, 378, 379, 388, 390, 392, 399, 400, 401, 403, 404, 405, 407, 409, 410, 412, 427, 430, 432, 433, 434], [9, 12, 17, 19, 21, 22, 23, 24, 25, 26, 27, 29, 31, 32, 34, 39, 40, 41, 42, 43, 44, 45, 46, 47, 48, 50, 52, 60, 62, 63, 64, 68, 69, 70, 72, 90, 91, 93, 105, 108, 109, 110, 114, 116, 124, 130, 139, 147, 149, 169, 170, 174, 176, 178, 179, 180, 182, 185, 187, 189, 193, 199, 200, 201, 203, 208, 210, 212, 218, 220, 222, 227, 236, 237, 238, 241, 244, 245, 246, 249, 252, 254, 255, 258, 259, 260, 262, 263, 264, 265, 267, 268, 269, 270, 272, 274, 301, 309, 312, 317, 318, 319, 321, 326, 328, 331, 332, 333, 337, 338, 348, 355, 360, 371, 376, 389, 391, 395, 408, 414, 418, 419, 426, 428, 429, 431], [2, 3, 4, 5, 16, 73, 75, 76, 77, 78, 85, 88, 94, 95, 97, 101, 102, 151, 162, 164, 167, 215, 216, 221, 275, 288, 289, 292, 320, 322, 323, 363, 364, 365, 373, 381, 382, 383, 384, 385, 386, 387, 394, 396, 397, 398, 406, 413, 416, 420], [54, 80, 81, 104, 107, 129, 131, 138, 140, 144, 145, 166, 183, 196, 205, 234, 248, 261, 277, 280, 281, 286, 290, 291, 294, 307, 329, 351, 358, 361, 366, 393, 402], [13, 20, 71, 74, 92, 98, 112, 115, 118, 127, 128, 137, 143, 152, 153, 157, 159, 165, 172, 175, 177, 181, 184, 186, 192, 194, 198, 202, 209, 213, 219, 226, 232, 243, 271, 284, 285, 287, 293, 297, 298, 299, 311, 334, 336, 341, 342, 344, 350, 352, 354, 362, 367, 368, 370, 380, 411, 415, 417, 421, 422, 423, 424, 425]], "centers": [[-0.16843038421330372, 0.9182702973433554, -0.8683503083805056, -0.352180362530249, -0.8888888888888854, -0.901387818865997, -0.1610695384807916, 1.242521488394789, -1.1790292151214443, -0.1610695384807913, -1.1462241435400158, 1.2073222927802065, -0.18898223650461426, -0.9572353730777872, 1.0256153238192356, -0.16106953848079136, -0.732872753960898, 0.7741218934265786, -0.18235722297072837, 1.1790292151214439, -1.104258916695732, -0.1889822365046142, 1.2015907059889768, -1.119770516830429, -0.23080027108556914, 1.0543483700546503, -0.9528351047490323, -0.1278872166673276, 1.0256153238192354, -0.9931270663228443, -0.22522130823072536, 0.8048150549829887, -0.7254762501100135, -0.27700663036708634, -1.0739950402747, 1.242521488394789, -0.2469323991623966, -0.9268086959962989, 1.0398748544506025, -0.20166768818859027, -0.8009428406336285, 0.8683503083805055, -0.26229004707778764, 0.931102996289654, -0.8164965809277287, -0.5605349193140373, -0.40770067346288574, 0.7855573637534168], [-0.16843038421330372, -1.0890039707187533, 1.1516089651249486, -0.352180362530249, 1.1249999999999956, -0.901387818865997, -0.1610695384807916, -0.8048150549829883, 0.8481554037632525, -0.1610695384807913, 0.8724297124919961, -0.828279247372467, -0.18898223650461426, 1.0446751427339311, -0.9750244334066274, -0.16106953848079136, 1.3644933511245667, -1.2917862270676648, -0.18235722297072837, -0.8481554037632522, 0.905584718294408, -0.1889822365046142, -0.8322301387783576, 0.8930401229267474, -0.23080027108556914, -0.9484531189137902, 1.0494995356656007, -0.1278872166673276, 1.0256153238192354, -0.9931270663228443, -0.22522130823072536, 0.8048150549829887, -0.7254762501100135, -0.27700663036708634, 0.931102996289654, -0.8048150549829883, -0.2469323991623966, 1.0789713177270346, -0.9616541795583003, -0.20166768818859027, 1.2485285456935975, -1.1516089651249486, -0.26229004707778764, -1.0739950402747, 1.224744871391593, -0.5605349193140373, -0.40770067346288574, 0.7855573637534168], [-0.16843038421330372, -1.0890039707187533, 1.1516089651249486, -0.352180362530249, -0.8888888888888854, 1.1094003924504579, -0.1610695384807916, -0.8048150549829883, 0.8481554037632525, -0.1610695384807913, 0.8724297124919961, -0.828279247372467, -0.18898223650461426, -0.9572353730777872, 1.0256153238192356, -0.16106953848079136, -0.732872753960898, 0.7741218934265786, -0.18235722297072837, 1.1790292151214439, -1.104258916695732, -0.1889822365046142, 1.2015907059889768, -1.119770516830429, -0.23080027108556914, 1.0543483700546503, -0.9528351047490323, -0.1278872166673276, -0.9750244334066274, 1.0069204977995505, -0.22522130823072536, -1.2425214883947895, 1.3784048752090254, -0.27700663036708634, 0.931102996289654, -0.8048150549829883, -0.2469323991623966, -0.9268086959962989, 1.0398748544506025, -0.20166768818859027, -0.8009428406336285, 0.8683503083805055, -0.26229004707778764, 0.931102996289654, -0.8164965809277287, -0.5605349193140373, -0.40770067346288574, 0.7855573637534168], [-0.16843038421330372, -1.0890039707187533, -0.8683503083805056, -0.352180362530249, 1.1249999999999956, -0.901387818865997, -0.1610695384807916, -0.8048150549829883, 0.8481554037632525, -0.1610695384807913, 0.8724297124919961, -0.828279247372467, -0.18898223650461426, 1.0446751427339311, -0.9750244334066274, -0.16106953848079136, -0.732872753960898, 0.7741218934265786, -0.18235722297072837, -0.8481554037632522, 0.905584718294408, -0.1889822365046142, -0.8322301387783576, 0.8930401229267474, -0.23080027108556914, -0.9484531189137902, 1.0494995356656007, -0.1278872166673276, -0.9750244334066274, 1.0069204977995505, -0.22522130823072536, 0.8048150549829887, -0.7254762501100135, -0.27700663036708634, -1.0739950402747, -0.8048150549829883, -0.2469323991623966, 1.0789713177270346, -0.9616541795583003, -0.20166768818859027, -0.8009428406336285, 0.8683503083805055, -0.26229004707778764, 0.931102996289654, -0.8164965809277287, 1.7840101758937148, -0.40770067346288574, -1.2729815111425848], [-0.16843038421330372, 0.9182702973433554, -0.8683503083805056, -0.352180362530249, -0.8888888888888854, 1.1094003924504579, -0.1610695384807916, -0.8048150549829883, 0.8481554037632525, -0.1610695384807913, 0.8724297124919961, -0.828279247372467, -0.18898223650461426, 1.0446751427339311, -0.9750244334066274, -0.16106953848079136, -0.732872753960898, 0.7741218934265786, -0.18235722297072837, -0.8481554037632522, 0.905584718294408, -0.1889822365046142, -0.8322301387783576, 0.8930401229267474, -0.23080027108556914, -0.9484531189137902, 1.0494995356656007, -0.1278872166673276, -0.9750244334066274, 1.0069204977995505, -0.22522130823072536, -1.2425214883947895, 1.3784048752090254, -0.27700663036708634, 0.931102996289654, -0.8048150549829883, -0.2469323991623966, 1.0789713177270346, -0.9616541795583003, -0.20166768818859027, 1.2485285456935975, -1.1516089651249486, -0.26229004707778764, -1.0739950402747, 1.224744871391593, -0.5605349193140373, -0.40770067346288574, 0.7855573637534168]]}