{"clusters": [[38, 49, 53, 55, 67, 75, 79, 82, 83, 84, 85, 86, 87, 89, 97, 99, 103, 113, 119, 122, 126, 132, 133, 135, 141, 142, 158, 173, 206, 217, 224, 235, 239, 256, 266, 273, 275, 276, 277, 279, 282, 296, 300, 302, 303, 305, 306, 308, 310, 316, 330, 335, 339, 340, 343, 345, 346, 347, 351, 353, 356, 357, 359, 363, 365, 399, 401, 403, 406, 407, 409, 412, 427, 430, 434], [16, 17, 22, 24, 25, 32, 39, 42, 43, 47, 60, 68, 70, 73, 74, 80, 81, 90, 91, 93, 94, 98, 104, 108, 109, 110, 112, 114, 115, 124, 130, 131, 137, 138, 139, 140, 144, 145, 147, 149, 153, 166, 167, 169, 170, 172, 174, 175, 176, 177, 178, 179, 180, 181, 182, 183, 184, 185, 187, 189, 193, 194, 198, 200, 202, 203, 205, 208, 210, 216, 220, 227, 234, 236, 237, 238, 241, 243, 244, 245, 246, 248, 254, 255, 259, 260, 261, 262, 263, 264, 265, 267, 268, 269, 272, 274, 280, 284, 285, 286, 290, 291, 292, 297, 299, 301, 307, 309, 311, 312, 317, 318, 319, 321, 329, 331, 333, 337, 338, 344, 348, 354, 355, 360, 361, 366, 368, 370, 371, 402, 408, 411, 415, 418, 425, 426, 428, 429, 431], [9, 12, 13, 19, 20, 21, 23, 26, 27, 29, 31, 34, 40, 41, 44, 45, 46, 48, 50, 52, 54, 62, 63, 64, 69, 71, 72, 92, 95, 101, 102, 105, 116, 118, 127, 128, 129, 143, 152, 157, 159, 165, 186, 192, 196, 199, 201, 209, 212, 213, 218, 219, 221, 222, 226, 232, 249, 252, 258, 270, 271, 287, 288, 293, 294, 298, 326, 328, 332, 334, 336, 341, 342, 350, 352, 358, 362, 367, 376, 380, 381, 383, 386, 387, 389, 391, 395, 396, 414, 417, 419, 421, 422, 423, 424], [0, 1, 2, 3, 4, 5, 6, 7, 8, 10, 11, 14, 15, 18, 28, 30, 33, 35, 36, 37, 51, 56, 57, 58, 59, 61, 65, 66, 76, 77, 78, 88, 96, 100, 106, 107, 111, 117, 120, 121, 123, 125, 134, 136, 146, 148, 150, 151, 154, 155, 156, 160, 161, 162, 163, 164, 168, 171, 188, 190, 191, 195, 197, 204, 207, 211, 214, 215, 223, 225, 228, 229, 230, 231, 233, 240, 242, 247, 250, 251, 253, 257, 278, 281, 283, 289, 295, 304, 313, 314, 315, 320, 322, 323, 324, 325, 327, 349, 364, 369, 372, 373, 374, 375, 377, 378, 379, 382, 384, 385, 388, 390, 392, 393, 394, 397, 398, 400, 404, 405, 410, 413, 416, 420, 432, 433]], "centers": [[-0.16843038421330372, 0.9182702973433554, -0.8683503083805056, -0.352180362530249, 1.1249999999999956, -0.901387818865997, -0.1610695384807916, 1.242521488394789, -1.1790292151214443, -0.1610695384807913, -1.1462241435400158, 1.2073222927802065, -0.18898223650461426, -0.9572353730777872, 1.0256153238192356, -0.16106953848079136, -0.732872753960898, 0.7741218934265786, -0.18235722297072837, 1.1790292151214439, -1.104258916695732, -0.1889822365046142, 1.2015907059889768, -1.119770516830429, -0.23080027108556914, 1.0543483700546503, -0.9528351047490323, -0.1278872166673276, -0.9750244334066274, 1.0069204977995505, -0.22522130823072536, 0.8048150549829887, -0.7254762501100135, -0.27700663036708634, -1.0739950402747, 1.242521488394789, -0.2469323991623966, -0.9268086959962989, 1.0398748544506025, -0.20166768818859027, -0.8009428406336285, 0.8683503083805055, -0.26229004707778764, 0.931102996289654, -0.8164965809277287, -0.5605349193140373, 2.452779858091232, -1.2729815111425848], [-0.16843038421330372, -1.0890039707187533, 1.1516089651249486, -0.352180362530249, 1.1249999999999956, -0.901387818865997, -0.1610695384807916, -0.8048150549829883, 0.8481554037632525, -0.1610695384807913, 0.8724297124919961, -0.828279247372467, -0.18898223650461426, 1.0446751427339311, -0.9750244334066274, -0.16106953848079136, 1.3644933511245667, -1.2917862270676648, -0.18235722297072837, -0.8481554037632522, 0.905584718294408, -0.1889822365046142, -0.8322301387783576, 0.8930401229267474, -0.23080027108556914, -0.9484531189137902, 1.0494995356656007, -0.1278872166673276, -0.9750244334066274, 1.0069204977995505, -0.22522130823072536, 0.8048150549829887, -0.7254762501100135, -0.27700663036708634, 0.931102996289654, -0.8048150549829883, -0.2469323991623966, 1.0789713177270346, -0.9616541795583003, -0.20166768818859027, 1.2485285456935975, -1.1516089651249486, -0.26229004707778764, -1.0739950402747, 1.224744871391593, -0.5605349193140373, -0.40770067346288574, 0.7855573637534168], [-0.16843038421330372, -1.0890039707187533, 1.1516089651249486, -0.352180362530249, -0.8888888888888854, 1.1094003924504579, -0.1610695384807916, -0.8048150549829883, 0.8481554037632525, -0.1610695384807913, 0.8724297124919961, -0.828279247372467, -0.18898223650461426, 1.0446751427339311, -0.9750244334066274, -0.16106953848079136, 1.3644933511245667, -1.2917862270676648, -0.18235722297072837, -0.8481554037632522, 0.905584718294408, -0.1889822365046142, -0.8322301387783576, 0.8930401229267474, -0.23080027108556914, -0.9484531189137902, 1.0494995356656007, -0.1278872166673276, 1.0256153238192354, -0.9931270663228443, -0.22522130823072536, -1.2425214883947895, 1.3784048752090254, -0.27700663036708634, 0.931102996289654, -0.8048150549829883, -0.2469323991623966, 1.0789713177270346, -0.9616541795583003, -0.20166768818859027, 1.2485285456935975, -1.1516089651249486, -0.26229004707778764, -1.0739950402747, 1.224744871391593, -0.5605349193140373, -0.40770067346288574, 0.7855573637534168], [-0.16843038421330372, 0.9182702973433554, -0.8683503083805056, -0.352180362530249, -0.8888888888888854, 1.1094003924504579, -0.1610695384807916, 1.242521488394789, -1.1790292151214443, -0.1610695384807913, -1.1462241435400158, 1.2073222927802065, -0.18898223650461426, -0.9572353730777872, 1.0256153238192356, -0.16106953848079136, -0.732872753960898, 0.7741218934265786, -0.18235722297072837, 1.1790292151214439, -1.104258916695732, -0.1889822365046142, 1.2015907059889768, -1.119770516830429, -0.23080027108556914, 1.0543483700546503, -0.9528351047490323, -0.1278872166673276, 1.0256153238192354, -0.9931270663228443, -0.22522130823072536, 0.8048150549829887, -0.7254762501100135, -0.27700663036708634, -1.0739950402747, 1.242521488394789, -0.2469323991623966, -0.9268086959962989, 1.0398748544506025, -0.20166768818859027, -0.8009428406336285, 0.8683503083805055, -0.26229004707778764, 0.931102996289654, -0.8164965809277287, -0.5605349193140373, -0.40770067346288574, 0.7855573637534168]]}