{"clusters": [[2, 3, 4, 5, 16, 54, 75, 76, 77, 78, 85, 88, 94, 95, 97, 100, 101, 102, 104, 151, 153, 162, 164, 167, 215, 216, 221, 288, 289, 290, 292, 294, 320, 322, 323, 342, 358, 361, 363, 364, 365, 373, 381, 382, 383, 384, 385, 386, 387, 394, 396, 397, 398, 406, 413, 420], [38, 49, 53, 55, 67, 79, 82, 83, 84, 86, 87, 89, 99, 103, 113, 119, 122, 126, 132, 133, 135, 141, 142, 158, 173, 206, 217, 224, 235, 239, 256, 266, 273, 275, 276, 277, 279, 282, 296, 300, 302, 303, 305, 306, 308, 310, 316, 330, 335, 339, 340, 343, 345, 346, 347, 351, 353, 356, 357, 359, 399, 401, 403, 407, 409, 412, 427, 430, 434], [9, 12, 13, 19, 20, 21, 23, 26, 27, 29, 31, 34, 40, 41, 44, 45, 46, 48, 50, 52, 62, 63, 64, 69, 71, 72, 92, 105, 116, 118, 127, 128, 129, 143, 152, 157, 159, 165, 186, 192, 196, 199, 201, 209, 212, 213, 218, 219, 222, 226, 232, 249, 252, 258, 270, 271, 287, 293, 298, 326, 328, 332, 334, 336, 341, 350, 352, 362, 367, 376, 380, 389, 391, 395, 414, 417, 419, 421, 422, 423, 424], [0, 1, 6, 7, 8, 10, 11, 14, 15, 18, 28, 30, 33, 35, 36, 37, 51, 56, 57, 58, 59, 61, 65, 66, 96, 106, 111, 117, 120, 121, 123, 125, 134, 136, 146, 148, 150, 154, 155, 156, 160, 161, 163, 168, 171, 188, 190, 191, 195, 197, 204, 207, 211, 214, 223, 225, 228, 229, 230, 231, 233, 240, 242, 247, 250, 251, 253, 257, 278, 281, 283, 295, 304, 313, 314, 315, 324, 325, 327, 349, 369, 372, 374, 375, 377, 378, 379, 388, 390, 392, 393, 400, 404, 405, 410, 416, 432, 433], [107, 183, 248], [17, 22, 24, 25, 32, 39, 42, 43, 47, 60, 68, 70, 73, 74, 80, 81, 90, 91, 93, 98, 108, 109, 110, 112, 114, 115, 124, 130, 131, 137, 138, 139, 140, 144, 145, 147, 149, 166, 169, 170, 172, 174, 175, 176, 177, 178, 179, 180, 181, 182, 184, 185, 187, 189, 193, 194, 198, 200, 202, 203, 205, 208, 210, 220, 227, 234, 236, 237, 238, 241, 243, 244, 245, 246, 254, 255, 259, 260, 261, 262, 263, 264, 265, 267, 268, 269, 272, 274, 280, 284, 285, 286, 291, 297, 299, 301, 307, 309, 311, 312, 317, 318, 319, 321, 329, 331, 333, 337, 338, 344, 348, 354, 355, 360, 366, 368, 370, 371, 402, 408, 411, 415, 418, 425, 426, 428, 429, 431]], "centers": [[-0.16843038421330372, -1.0890039707187533, 1.1516089651249486, -0.352180362530249, -0.8888888888888854, 1.1094003924504579, -0.1610695384807916, -0.8048150549829883, 0.8481554037632525, -0.1610695384807913, 0.8724297124919961, -0.828279247372467, -0.18898223650461426, -0.9572353730777872, 1.0256153238192356, -0.16106953848079136, -0.732872753960898, 0.7741218934265786, -0.18235722297072837, 1.1790292151214439, -1.104258916695732, -0.1889822365046142, 1.2015907059889768, -1.119770516830429, -0.23080027108556914, 1.0543483700546503, -0.9528351047490323, -0.1278872166673276, -0.9750244334066274, 1.0069204977995505, -0.22522130823072536, -1.2425214883947895, 1.3784048752090254, -0.27700663036708634, 0.931102996289654, -0.8048150549829883, -0.2469323991623966, -0.9268086959962989, 1.0398748544506025, -0.20166768818859027, -0.8009428406336285, 0.8683503083805055, -0.26229004707778764, 0.931102996289654, -0.8164965809277287, -0.5605349193140373, -0.40770067346288574, 0.7855573637534168], [-0.16843038421330372, 0.9182702973433554, -0.8683503083805056, -0.352180362530249, 1.1249999999999956, -0.901387818865997, -0.1610695384807916, 1.242521488394789, -1.1790292151214443, -0.1610695384807913, -1.1462241435400158, 1.2073222927802065, -0.18898223650461426, -0.9572353730777872, 1.0256153238192356, -0.16106953848079136, -0.732872753960898, 0.7741218934265786, -0.18235722297072837, 1.1790292151214439, -1.104258916695732, -0.1889822365046142, 1.2015907059889768, -1.119770516830429, -0.23080027108556914, 1.0543483700546503, -0.9528351047490323, -0.1278872166673276, -0.9750244334066274, 1.0069204977995505, -0.22522130823072536, 0.8048150549829887, -0.7254762501100135, -0.27700663036708634, -1.0739950402747, 1.242521488394789, -0.2469323991623966, -0.9268086959962989, 1.0398748544506025, -0.20166768818859027, -0.8009428406336285, 0.8683503083805055, -0.26229004707778764, 0.931102996289654, -0.8164965809277287, -0.5605349193140373, 2.452779858091232, -1.2729815111425848], [-0.16843038421330372, -1.0890039707187533, 1.1516089651249486, -0.352180362530249, -0.8888888888888854, 1.1094003924504579, -0.1610695384807916, -0.8048150549829883, 0.8481554037632525, -0.1610695384807913, 0.8724297124919961, -0.828279247372467, -0.18898223650461426, 1.0446751427339311, -0.9750244334066274, -0.16106953848079136, 1.3644933511245667, -1.2917862270676648, -0.18235722297072837, -0.8481554037632522, 0.905584718294408, -0.1889822365046142, -0.8322301387783576, 0.8930401229267474, -0.23080027108556914, -0.9484531189137902, 1.0494995356656007, -0.1278872166673276, 1.0256153238192354, -0.9931270663228443, -0.22522130823072536, -1.2425214883947895, 1.3784048752090254, -0.27700663036708634, 0.931102996289654, -0.8048150549829883, -0.2469323991623966, 1.0789713177270346, -0.9616541795583003, -0.20166768818859027, 1.2485285456935975, -1.1516089651249486, -0.26229004707778764, -1.0739950402747, 1.224744871391593, -0.5605349193140373, -0.40770067346288574, 0.7855573637534168], [-0.16843038421330372, 0.9182702973433554, -0.8683503083805056, -0.352180362530249, -0.8888888888888854, 1.1094003924504579, -0.1610695384807916, 1.242521488394789, -1.1790292151214443, -0.1610695384807913, -1.1462241435400158, 1.2073222927802065, -0.18898223650461426, -0.9572353730777872, 1.0256153238192356, -0.16106953848079136, -0.732872753960898, 0.7741218934265786, -0.18235722297072837, 1.1790292151214439, -1.104258916695732, -0.1889822365046142, 1.2015907059889768, -1.119770516830429, -0.23080027108556914, 1.0543483700546503, -0.9528351047490323, -0.1278872166673276, 1.0256153238192354, -0.9931270663228443, -0.22522130823072536, 0.8048150549829887, -0.7254762501100135, -0.27700663036708634, -1.0739950402747, 1.242521488394789, -0.2469323991623966, -0.9268086959962989, 1.0398748544506025, -0.20166768818859027, -0.8009428406336285, 0.8683503083805055, -0.26229004707778764, 0.931102996289654, -0.8164965809277287, -0.5605349193140373, -0.40770067346288574, 0.7855573637534168], [5.937171043518956, -1.0890039707187533, -0.8683503083805056, 2.839454172900133, -0.8888888888888854, -0.901387818865997, 6.208498574168695, -0.8048150549829883, -1.1790292151214443, 6.208498574168683, -1.1462241435400158, -0.828279247372467, 5.2915026221292, -0.9572353730777872, -0.9750244334066274, 6.208498574168686, -0.732872753960898, -1.2917862270676648, 5.4837422050483315, -0.8481554037632522, -1.104258916695732, 5.291502622129198, -0.8322301387783576, -1.119770516830429, 4.332750543560912, -0.9484531189137902, -0.9528351047490323, 7.819389819088032, -0.9750244334066274, -0.9931270663228443, 4.440077219405729, -1.2425214883947895, -0.7254762501100135, 3.6100218925258996, -1.0739950402747, -0.8048150549829883, 4.049691346263304, -0.9268086959962989, -0.9616541795583003, 4.958652568401807, -0.8009428406336285, -1.1516089651249486, 3.8125731843092705, -1.0739950402747, -0.8164965809277287, 1.7840101758937148, -0.40770067346288574, -1.2729815111425848], [-0.16843038421330372, -1.0890039707187533, 1.1516089651249486, -0.352180362530249, 1.1249999999999956, -0.901387818865997, -0.1610695384807916, -0.8048150549829883, 0.8481554037632525, -0.1610695384807913, 0.8724297124919961, -0.828279247372467, -0.18898223650461426, 1.0446751427339311, -0.9750244334066274, -0.16106953848079136, 1.3644933511245667, -1.2917862270676648, -0.18235722297072837, -0.8481554037632522, 0.905584718294408, -0.1889822365046142, -0.8322301387783576, 0.8930401229267474, -0.23080027108556914, -0.9484531189137902, 1.0494995356656007, -0.1278872166673276, -0.9750244334066274, 1.0069204977995505, -0.22522130823072536, 0.8048150549829887, -0.7254762501100135, -0.27700663036708634, 0.931102996289654, -0.8048150549829883, -0.2469323991623966, 1.0789713177270346, -0.9616541795583003, -0.20166768818859027, 1.2485285456935975, -1.1516089651249486, -0.26229004707778764, -1.0739950402747, 1.224744871391593, 