{"clusters": [[2, 3, 4, 5, 16, 54, 75, 76, 78, 85, 88, 94, 95, 97, 100, 101, 102, 162, 164, 167, 216, 221, 288, 289, 292, 294, 322, 323, 342, 358, 363, 364, 365, 373, 381, 382, 383, 384, 386, 387, 394, 396, 397, 406, 413, 420], [10, 18, 28, 30, 35, 49, 61, 79, 83, 84, 86, 87, 96, 99, 103, 113, 119, 126, 134, 135, 151, 154, 155, 156, 161, 168, 188, 190, 195, 204, 223, 240, 242, 247, 250, 251, 256, 257, 275, 276, 278, 279, 282, 283, 303, 305, 306, 308, 310, 316, 324, 339, 347, 356, 357, 372, 375, 378, 379, 385, 390, 393, 405, 407, 409, 410], [9, 12, 13, 19, 20, 21, 23, 26, 27, 29, 31, 34, 40, 41, 44, 45, 46, 48, 50, 52, 62, 63, 64, 69, 71, 72, 92, 105, 116, 118, 127, 128, 129, 143, 152, 157, 165, 186, 199, 201, 209, 212, 213, 218, 219, 222, 232, 249, 252, 258, 270, 287, 293, 298, 326, 328, 332, 334, 350, 352, 362, 367, 376, 380, 389, 391, 395, 414, 417, 419, 421, 422, 423, 424], [17, 22, 24, 25, 32, 39, 42, 43, 47, 60, 68, 70, 73, 81, 90, 91, 93, 108, 109, 110, 114, 115, 124, 130, 139, 147, 149, 169, 170, 172, 174, 175, 176, 177, 178, 179, 180, 181, 182, 184, 185, 187, 189, 193, 198, 200, 202, 203, 208, 220, 227, 236, 238, 241, 243, 244, 245, 254, 255, 259, 260, 261, 262, 263, 264, 265, 267, 268, 269, 272, 274, 297, 312, 317, 318, 319, 321, 329, 331, 333, 337, 338, 344, 348, 355, 366, 370, 371, 418, 425, 426, 428, 429, 431], [74, 80, 98, 104, 112, 131, 137, 138, 140, 144, 145, 153, 159, 166, 192, 194, 196, 205, 210, 226, 234, 237, 246, 271, 277, 280, 281, 284, 285, 286, 290, 291, 299, 301, 307, 309, 311, 320, 336, 341, 343, 351, 354, 360, 361, 368, 398, 402, 408, 411, 415], [0, 1, 6, 7, 8, 11, 14, 15, 33, 36, 37, 38, 51, 53, 55, 56, 57, 58, 59, 65, 66, 67, 77, 82, 89, 106, 111, 117, 120, 121, 122, 123, 125, 132, 133, 136, 141, 142, 146, 148, 150, 158, 160, 163, 171, 173, 191, 197, 206, 207, 211, 214, 215, 217, 224, 225, 228, 229, 230, 231, 233, 235, 239, 253, 266, 273, 295, 296, 300, 302, 304, 313, 314, 315, 325, 327, 330, 335, 340, 345, 346, 349, 353, 359, 369, 374, 377, 388, 392, 399, 400, 401, 403, 404, 412, 416, 427, 430, 432, 433, 434], [107, 183, 248]], "centers": [[-0.16843038421330372, -1.0890039707187533, 1.1516089651249486, -0.352180362530249, -0.8888888888888854, 1.1094003924504579, -0.1610695384807916, -0.8048150549829883, 0.8481554037632525, -0.1610695384807913, 0.8724297124919961, -0.828279247372467, -0.18898223650461426, -0.9572353730777872, 1.0256153238192356, -0.16106953848079136, -0.732872753960898, 0.7741218934265786, -0.18235722297072837, 1.1790292151214439, -1.104258916695732, -0.1889822365046142, 1.2015907059889768, -1.119770516830429, -0.23080027108556914, 1.0543483700546503, -0.9528351047490323, -0.1278872166673276, -0.9750244334066274, 1.0069204977995505, -0.22522130823072536, -1.2425214883947895, 1.3784048752090254, -0.27700663036708634, 0.931102996289654, -0.8048150549829883, -0.2469323991623966, -0.9268086959962989, 1.0398748544506025, -0.20166768818859027, -0.8009428406336285, 0.8683503083805055, -0.26229004707778764, 0.931102996289654, -0.8164965809277287, -0.5605349193140373, -0.40770067346288574, 0.7855573637534168], [-0.16843038421330372, 0.9182702973433554, -0.8683503083805056, -0.352180362530249, 1.1249999999999956, -0.901387818865997, -0.1610695384807916, 1.242521488394789, -1.1790292151214443, -0.1610695384807913, -1.1462241435400158, 1.2073222927802065, -0.18898223650461426, -0.9572353730777872, 1.0256153238192356, -0.16106953848079136, -0.732872753960898, 0.7741218934265786, -0.18235722297072837, 1.1790292151214439, -1.104258916695732, -0.1889822365046142, 1.2015907059889768, -1.119770516830429, -0.23080027108556914, 1.0543483700546503, -0.9528351047490323, -0.1278872166673276, 1.0256153238192354, -0.9931270663228443, -0.22522130823072536, 0.8048150549829887, -0.7254762501100135, -0.27700663036708634, -1.0739950402747, 1.242521488394789, -0.2469323991623966, -0.9268086959962989, 1.0398748544506025, -0.20166768818859027, -0.8009428406336285, 0.8683503083805055, -0.26229004707778764, 0.931102996289654, -0.8164965809277287, -0.5605349193140373, 2.452779858091232, -1.2729815111425848], [-0.16843038421330372, -1.0890039707187533, 1.1516089651249486, -0.352180362530249, -0.8888888888888854, 1.1094003924504579, -0.1610695384807916, -0.8048150549829883, 0.8481554037632525, -0.1610695384807913, 0.8724297124919961, -0.828279247372467, -0.18898223650461426, 1.0446751427339311, -0.9750244334066274, -0.16106953848079136, 1.3644933511245667, -1.2917862270676648, -0.18235722297072837, -0.8481554037632522, 0.905584718294408, -0.1889822365046142, -0.8322301387783576, 0.8930401229267474, -0.23080027108556914, -0.9484531189137902, 1.0494995356656007, -0.1278872166673276, 1.0256153238192354, -0.9931270663228443, -0.22522130823072536, -1.2425214883947895, 1.3784048752090254, -0.27700663036708634, 0.931102996289654, -0.8048150549829883, -0.2469323991623966, 1.0789713177270346, -0.9616541795583003, -0.20166768818859027, 1.2485285456935975, -1.1516089651249486, -0.26229004707778764, -1.0739950402747, 1.224744871391593, -0.5605349193140373, -0.40770067346288574, 0.7855573637534168], [-0.16843038421330372, -1.0890039707187533, 1.1516089651249486, -0.352180362530249, 1.1249999999999956, -0.901387818865997, -0.1610695384807916, -0.8048150549829883, 0.8481554037632525, -0.1610695384807913, 0.8724297124919961, -0.828279247372467, -0.18898223650461426, 1.0446751427339311, -0.9750244334066274, -0.16106953848079136, 1.3644933511245667, -1.2917862270676648, -0.18235722297072837, -0.8481554037632522, 0.905584718294408, -0.1889822365046142, -0.8322301387783576, 0.8930401229267474, -0.23080027108556914, -0.9484531189137902, 1.0494995356656007, -0.1278872166673276, -0.9750244334066274, 1.0069204977995505, -0.22522130823072536, 0.8048150549829887, -0.7254762501100135, -0.27700663036708634, 0.931102996289654, -0.8048150549829883, -0.2469323991623966, 1.0789713177270346, -0.9616541795583003, -0.20166768818859027, 1.2485285456935975, -1.1516089651249486, -0.26229004707778764, -1.0739950402747, 1.224744871391593, -0.5605349193140373, -0.40770067346288574, 0.7855573637534168], [-0.16843038421330372, 0.9182702973433554, -0.8683503083805056, -0.352180362530249, 1.1249999999999956, -0.901387818865997, -0.1610695384807916, -0.8048150549829883, 0.8481554037632525, -0.1610695384807913, 0.8724297124919961, -0.828279247372467, -0.18898223650461426, 1.0446751427339311, -0.9750244334066274, -0.16106953848079136, -0.732872753960898, 0.7741218934265786, -0.18235722297072837, -0.8481554037632522, 0.905584718294408, -0.1889822365046142, -0.8322301387783576, 0.8930401229267474, -0.23080027108556914, -0.9484531189137902, 1.0494995356656007, -0.1278872166673276, -0.9750244334066274, 1.0069204977995505, -0.22522130823072536, 0.8048150549829887, -0.7254762501100135, -0.27700663036708634, 0.931102996289654, -0.8048150549829883, -0.2469323991623966, 1.0789713177270346, -0.9616541795583003, -0.20166768818859027, -0.8009428406336285, 0.8683503083805055, -0.26229004707778764, 0.931102996289654, -0.8164965809277287, -0.5605349193140373, -0.40770067346288574, 0.7855573637534168], [-0.16843038421330372, 0.9182702973433554, -0.8683503083805056, -0.352180362530249, -0.8888888888888854, 1.1094003924504579, -0.1610695384807916, 1.242521488394789, -1.1790292151214443, -0.1610695384807913, -1.1462241435400158, 1.2073222927802065, -0.18898223650461426, -0.9572353730777872, 1.0256153238192356, -0.16106953848079136, -0.732872753960898, 0.7741218934265786, -0.18235722297072837, 1.1790292151214439, -1.104258916695732, -0.1889822365046142, 1.2015907059889768, -1.119770516830429, -0.23080027108556914, 1.0543483700546503, -0.9528351047490323, -0.1278872166673276, -0.9750244334066274, 1.0069204977995505, -0.22522130823072536, 0.8048150549829887, -0.7254762501100135, -0.27700663036708634, -1.0739950402747, 1.242521488394789, -0.2469323991623966, -0.9268086959962989, 1.0398748544506025, -0.20166768818859027, -0.8009428406336285, 0.8683503083805055, -0.26229004707778764, 0.931102996289654, 