{"clusters": [[50, 51, 52, 56, 58, 65, 70, 74, 75, 76, 77, 85, 86, 100, 102, 104, 105, 107, 109, 110, 112, 115, 116, 117, 118, 120, 122, 124, 125, 129, 130, 131, 135, 136, 137, 139, 140, 141, 143, 144, 145, 147, 148], [0, 1, 2, 3, 4, 5, 6, 7, 8, 9, 10, 11, 12, 13, 14, 15, 16, 17, 18, 19, 20, 21, 22, 23, 24, 25, 26, 27, 28, 29, 30, 31, 32, 33, 34, 35, 36, 37, 38, 39, 40, 42, 43, 44, 45, 46, 47, 48, 49], [41, 53, 55, 57, 59, 60, 62, 64, 67, 68, 69, 79, 80, 81, 82, 87, 88, 89, 90, 92, 93, 94, 95, 96, 98, 99, 106, 119], [54, 61, 63, 66, 71, 72, 73, 78, 83, 84, 91, 97, 101, 103, 108, 111, 113, 114, 121, 123, 126, 127, 128, 132, 133, 134, 138, 142, 146, 149]], "centers": [[1.2803404976879142, 0.09821728693702086, 0.9332705499213622, 1.1855672065079756], [-1.0218490407414607, 0.7888075857129598, -1.2833890997091604, -1.3154442950077407], [-0.4160096885232043, -1.282963310614858, 0.13754657313091806, 0.13250973218556866], [0.18982966369505214, -0.36217624558027245, 0.42173370769893376, 0.3957741007661703]]}