{"clusters": [[54, 58, 74, 75, 76, 77, 91, 97, 102, 105, 107, 118, 122, 129, 130, 135], [0, 1, 2, 3, 4, 6, 7, 8, 9, 11, 12, 13, 17, 20, 22, 23, 24, 25, 26, 27, 28, 29, 30, 31, 34, 35, 36, 37, 38, 39, 40, 42, 43, 45, 47, 49], [41, 53, 55, 57, 59, 60, 62, 64, 67, 68, 69, 79, 80, 81, 82, 87, 88, 89, 90, 92, 93, 94, 95, 96, 98, 99, 106, 119], [61, 63, 66, 71, 72, 73, 78, 83, 84, 101, 103, 108, 111, 113, 114, 121, 123, 126, 128, 132, 133, 134, 138, 142, 146, 149], [5, 10, 14, 15, 16, 18, 19, 21, 32, 33, 44, 46, 48], [50, 51, 52, 56, 65, 70, 85, 86, 100, 104, 109, 110, 112, 115, 116, 117, 120, 124, 125, 127, 131, 136, 137, 139, 140, 141, 143, 144, 145, 147, 148]], "centers": [[1.8861798499061706, -0.5923730118389191, 1.3311325383165837, 0.9223028379273737], [-1.0218490407414607, 0.5586108194543131, -1.3402265266227635, -1.3154442950077407], [-0.4160096885232043, -1.282963310614858, 0.13754657313091806, 0.13250973218556866], [0.18982966369505214, -0.36217624558027245, 0.42173370769893376, 0.3957741007661703], [-0.5371775589668552, 1.939791417006192, -1.169714245881954, -1.052179926427139], [1.1591726272442622, 0.3284140531956675, 1.2174576844893779, 1.448831575088577]]}