{"clusters": [[54, 58, 74, 75, 76, 77, 91, 97, 102, 105, 107, 118, 122, 129, 130, 135], [1, 2, 3, 8, 9, 12, 13, 25, 29, 30, 34, 35, 38, 41, 42, 45, 47], [62, 68, 71, 72, 73, 87, 119], [5, 10, 14, 15, 16, 18, 19, 32, 33, 44, 46], [53, 55, 57, 59, 60, 64, 67, 69, 79, 80, 81, 82, 89, 90, 92, 93, 94, 96, 98, 99, 106], [50, 51, 52, 56, 65, 70, 85, 86, 100, 104, 109, 110, 112, 115, 116, 117, 120, 124, 125, 127, 131, 136, 137, 139, 140, 141, 143, 144, 145, 147, 148], [66, 84, 88, 95], [0, 4, 6, 7, 11, 17, 20, 21, 22, 23, 24, 26, 27, 28, 31, 36, 37, 39, 40, 43, 48, 49], [61, 63, 78, 83, 101, 103, 108, 111, 113, 114, 121, 123, 126, 128, 132, 133, 134, 138, 142, 146, 149]], "centers": [[1.8861798499061706, -0.5923730118389191, 1.3311325383165837, 0.9223028379273737], [-1.2641847816287635, 0.09821728693702086, -1.2265516727955572, -1.3154442950077407], [0.5533332750260058, -1.7433568431321513, 0.3648962807853308, 0.13250973218556866], [-0.5371775589668552, 1.939791417006192, -1.169714245881954, -1.052179926427139], [-0.4160096885232043, -1.282963310614858, 0.13754657313091806, 0.13250973218556866], [1.1591726272442622, 0.3284140531956675, 1.2174576844893779, 1.448831575088577], [-0.5371775589668552, -0.1319794793216258, 0.42173370769893376, 0.3957741007661703], [-0.9006811702978099, 1.0190043519716065, -1.3402265266227635, -1.3154442950077407], [0.18982966369505214, -0.36217624558027245, 0.42173370769893376, 0.3957741007661703]]}